0.000000000000000e+00,1.213685832594495e-03
9.999999939225290e-09,1.213686637454560e-03
1.075818001710428e-08,1.213686714383534e-03
1.227454017286227e-08,1.213686911208708e-03
1.530726048437825e-08,1.213687266864494e-03
2.137270110741021e-08,1.213685995269502e-03
3.350358235347411e-08,1.213663409808910e-03
4.945483825160370e-08,1.213572392501195e-03
6.652525228160802e-08,1.213474830398766e-03
8.759148065595521e-08,1.213943826610379e-03
1.079221439749025e-07,1.216681360285185e-03
1.287062156777470e-07,1.225974711592743e-03
1.537722545992785e-07,1.256781566711061e-03
1.888645518368010e-07,1.360768379089859e-03
2.345768751512487e-07,1.648020834733603e-03
2.901175640152358e-07,2.276478853355877e-03
3.447824653196197e-07,3.251809479954489e-03
4.081941260639907e-07,4.845519581408071e-03
4.850414066672928e-07,7.295103206967180e-03
5.585399066591140e-07,1.006629294756324e-02
6.525090775092174e-07,1.402599199558778e-02
7.413356934928400e-07,1.803312853893037e-02
8.449025075135692e-07,2.291331712523099e-02
9.625452172242904e-07,2.859293377600791e-02
1.069382692387143e-06,3.382723152987632e-02
1.283057642712847e-06,4.438245175305430e-02
1.507409373348063e-06,5.550324024357345e-02
1.540493001440461e-06,5.714556418804731e-02
1.545275804375531e-06,5.738309454456383e-02
1.546692724134427e-06,5.745347423506114e-02
1.547262555256477e-06,5.748174724794772e-02
1.547608332936445e-06,5.749889557609333e-02
1.548156475894005e-06,5.752612197314652e-02
1.548693420352224e-06,5.755278614958520e-02
1.549058034613763e-06,5.757089711691060e-02
1.549365805873560e-06,5.758619586548369e-02
1.549652183625759e-06,5.760044853026675e-02
1.549883447631536e-06,5.761199941808348e-02
1.550137383834206e-06,5.762462494369264e-02
1.550390364816964e-06,5.763714949308157e-02
1.550793760757382e-06,5.765715744228622e-02
1.551241351495919e-06,5.767932921546701e-02
1.551900998645060e-06,5.771208317681753e-02
1.552258315937516e-06,5.772986657856841e-02
1.552595743393150e-06,5.774662085946056e-02
1.552897437278846e-06,5.776162454008621e-02
1.553145952576727e-06,5.777401319602937e-02
1.553370340283978e-06,5.778514773161891e-02
1.553575355635337e-06,5.779528357372288e-02
1.553937360340601e-06,5.781321409995960e-02
1.554333445596907e-06,5.783289121074275e-02
1.554903236463547e-06,5.786122146047287e-02
1.555613686582023e-06,5.789646675035645e-02
1.556001037956943e-06,5.791570552390374e-02
1.556293363085328e-06,5.793024401155078e-02
1.556558766044823e-06,5.794347913139489e-02
1.556763245340540e-06,5.795366977724647e-02
1.557044150161306e-06,5.796760562089748e-02
1.557317832974371e-06,5.798118837886140e-02
1.557756365669849e-06,5.800291133703292e-02
1.558228396482428e-06,5.802632809153205e-02
1.558997174520974e-06,5.806451787029887e-02
1.559390396210131e-06,5.808403609033197e-02
1.559660249675256e-06,5.809748443787885e-02
1.559888659997379e-06,5.810887487058439e-02
1.560113458842420e-06,5.812003005599378e-02
1.560320731499471e-06,5.813029069074846e-02
1.560685641993369e-06,5.814840557987722e-02
1.561079443117805e-06,5.816797610752103e-02
1.561643295094949e-06,5.819598906363332e-02
1.562319125066773e-06,5.822956571326185e-02
1.562670790149218e-06,5.824701167892865e-02
1.562995725233445e-06,5.826316351308763e-02
1.563302455857253e-06,5.827846925702315e-02
1.563556923930659e-06,5.829102102326547e-02
1.563782657756589e-06,5.830208987370961e-02
1.563991512967675e-06,5.831247856627053e-02
1.564359013639642e-06,5.833083116118781e-02
1.564771427511350e-06,5.835133168916204e-02
1.565389688430273e-06,5.838192098778822e-02
1.565715923513021e-06,5.839809566291981e-02
1.566059789352405e-06,5.841522035579619e-02
1.566350784735178e-06,5.842960712132658e-02
1.566574376416481e-06,5.844077332633546e-02
1.566817331532655e-06,5.845302377677383e-02
1.567056623710712e-06,5.846488766945571e-02
1.567440959214311e-06,5.848385636637815e-02
1.567856757716183e-06,5.850450788581218e-02
1.568431499129237e-06,5.853305513275642e-02
1.569132084344768e-06,5.856787959523177e-02
1.569498374494425e-06,5.858605146353879e-02
1.569843626186056e-06,5.860314446932272e-02
1.570177855651166e-06,5.861971364898741e-02
1.570470412694424e-06,5.863429801181608e-02
1.570683510242479e-06,5.864499165497550e-02
1.570965536171398e-06,5.865897244328583e-02
1.571238195346202e-06,5.867241230366119e-02
1.571696321347852e-06,5.869522897573645e-02
1.572235448383457e-06,5.872210334105618e-02
1.572505546383476e-06,5.873547280037139e-02
1.572790114981649e-06,5.874949602080706e-02
1.573015931173178e-06,5.876074595362396e-02
1.573253273646520e-06,5.877261806003301e-02
1.573483135132208e-06,5.878400673295453e-02
1.573852464028742e-06,5.880229315068317e-02
1.574246576781921e-06,5.882186767209630e-02
1.574775690681769e-06,5.884815811025251e-02
1.575354120928610e-06,5.887690661067674e-02
1.576136119613287e-06,5.891569717610920e-02
1.576594555413376e-06,5.893846120760207e-02
1.576967952443733e-06,5.895702274453560e-02
1.577339430794634e-06,5.897542994162572e-02
1.577699692304123e-06,5.899327943357258e-02
1.578026123445043e-06,5.900954908299119e-02
1.578330769640197e-06,5.902478644503345e-02
1.578657102875704e-06,5.904103410878345e-02
1.578966072586850e-06,5.905627438973376e-02
1.579269099902432e-06,5.907124154001817e-02
1.579626186214387e-06,5.908907369356656e-02
1.580008723605324e-06,5.910811555609649e-02
1.580454425195990e-06,5.913018414094001e-02
1.580938971190542e-06,5.915423783409415e-02
1.581502421367875e-06,5.918222156049555e-02
1.582153970778270e-06,5.921458739467891e-02
1.583075820961124e-06,5.926039615788892e-02
1.583616369215140e-06,5.928724591582182e-02
1.584077086591893e-06,5.931011187503318e-02
1.584581062045550e-06,5.933510744974918e-02
1.585147794581506e-06,5.936324580854094e-02
1.585739266777589e-06,5.939266094340365e-02
1.586464565762501e-06,5.942870945377510e-02
1.587066478020548e-06,5.945862740509353e-02
1.587693257020198e-06,5.948979368804808e-02
1.588364628886519e-06,5.952311759156559e-02
1.589124128680151e-06,5.956081269384675e-02
1.590159040852231e-06,5.961218409209829e-02
1.590804616044204e-06,5.964422097069050e-02
1.591421393682413e-06,5.967485924894281e-02
1.592217867915700e-06,5.971442873368102e-02
1.593002088013472e-06,5.975341287031982e-02
1.593789387486585e-06,5.979254089304517e-02
1.594524586438050e-06,5.982905352165493e-02
1.595495145007826e-06,5.987725841830288e-02
1.596370221800008e-06,5.992071801562068e-02
1.597792669546921e-06,5.999136587088480e-02
1.598764561723246e-06,6.003964268315676e-02
1.599789218814756e-06,6.009055795756094e-02
1.600861768831032e-06,6.014382593476866e-02
1.601799078651678e-06,6.019036204314171e-02
1.602891086093623e-06,6.024461180494281e-02
1.604106802982972e-06,6.030500031061309e-02
1.605470593932980e-06,6.037272277270719e-02
1.606728340787403e-06,6.043518514219975e-02
1.608171362955536e-06,6.050685980854650e-02
1.609757852725135e-06,6.058565626119405e-02
1.611430532362827e-06,6.066873359617447e-02
1.613159578492861e-06,6.075463281018531e-02
1.614735496646190e-06,6.083291226908336e-02
1.616776664651993e-06,6.093428250273611e-02
1.618791201138295e-06,6.103433800243785e-02
1.621207990573123e-06,6.115437958093614e-02
1.623861456821890e-06,6.128617611107534e-02
1.626675353411318e-06,6.142593570895349e-02
1.629665014842683e-06,6.157443344650934e-02
1.632990816287908e-06,6.173963384182371e-02
1.637057712849213e-06,6.194164176551956e-02
1.641257818727464e-06,6.215026589590597e-02
1.646391184057727e-06,6.240524778629064e-02
1.653571447335416e-06,6.276190808211018e-02
1.660775519551999e-06,6.311975359814725e-02
1.668948282000249e-06,6.352571514080635e-02
1.679306157527208e-06,6.404022132587467e-02
1.694190083815146e-06,6.477956748849806e-02
1.723957936391022e-06,6.625828610798612e-02
1.756347093887638e-06,6.786725072469196e-02
1.799654862195857e-06,7.001865837316285e-02
1.851814479496308e-06,7.260985195785152e-02
1.913874143651077e-06,7.569291224219915e-02
1.986366715490455e-06,7.929431593942482e-02
2.074246778218034e-06,8.366020589462780e-02
2.166957875890715e-06,8.826612715967125e-02
2.285538278993681e-06,9.415725533579672e-02
2.397193000990864e-06,9.970430792740415e-02
2.543288358134887e-06,1.069623671749841e-01
2.675498835334459e-06,1.135305955085942e-01
2.833563424866853e-06,1.213832217261188e-01
2.998482514927666e-06,1.295763382653545e-01
3.156865093714228e-06,1.374446698457255e-01
3.326208211858256e-06,1.458574580123581e-01
3.501777749111884e-06,1.545795449198953e-01
3.700525082524079e-06,1.644530393802747e-01
3.901546823127766e-06,1.744394700657723e-01
4.141856826697518e-06,1.863775996421186e-01
4.397043069459427e-06,1.990546054118316e-01
4.656841002499357e-06,2.119605580398791e-01
4.951275299321108e-06,2.265870485094518e-01
5.250868656907513e-06,2.414698001624137e-01
5.602647274124206e-06,2.589447433205327e-01
5.981529015630484e-06,2.777657257022315e-01
6.370277973846286e-06,2.970766623136016e-01
6.848990078470679e-06,3.208561921318895e-01
7.327817787915660e-06,3.446410093603685e-01
7.867097368823539e-06,3.714270968949038e-01
8.478901048242616e-06,4.017984400355672e-01
9.130347501349935e-06,4.340781820885049e-01
9.690499998082476e-06,4.618097259895357e-01
1.000000000000000e-05,4.771800731057185e-01
1.000394189755714e-05,4.773677358041217e-01
1.001182569267143e-05,4.777539058588884e-01
1.002759328290001e-05,4.785364834563088e-01
1.004471633230371e-05,4.793865062734832e-01
1.007183915084776e-05,4.807324290453163e-01
1.010032477313881e-05,4.821419669396172e-01
1.014114339651391e-05,4.841304049853796e-01
1.019330126929889e-05,4.865600666046122e-01
1.024904092195616e-05,4.889369508298795e-01
1.029942931555947e-05,4.907938607237210e-01
1.035625373313177e-05,4.924999757667878e-01
1.041859407402465e-05,4.939320088562262e-01
1.049547312255227e-05,4.951867209206871e-01
1.058240548633595e-05,4.961343438439043e-01
1.066685443845862e-05,4.967215888809124e-01
1.074342955973229e-05,4.970543893117556e-01
1.082622909862071e-05,4.972777450219883e-01
1.092168668791974e-05,4.974366009328617e-01
1.101250258232941e-05,4.975288002959759e-01
1.108682256176041e-05,4.975743937459032e-01
1.117402129037815e-05,4.976060017992525e-01
1.131033965379693e-05,4.976340961798025e-01
1.144109715176162e-05,4.976472347891387e-01
1.170261214769098e-05,4.976572906542083e-01
1.187776803049636e-05,4.976597713894624e-01
1.203454996593689e-05,4.976603250717537e-01
1.219522979732710e-05,4.976605854489333e-01
1.237367873293788e-05,4.976607562029425e-01
1.257019325934841e-05,4.976608898611588e-01
1.278295874453908e-05,4.976610121328240e-01
1.296096669941815e-05,4.976611117497007e-01
1.313366616692770e-05,4.976612079584235e-01
1.336560105602026e-05,4.976613350090240e-01
1.359739956988031e-05,4.976614623273790e-01
1.388116898542293e-05,4.976616183616964e-01
1.429905222990632e-05,4.976618484371946e-01
1.462303002751969e-05,4.976620261558109e-01
1.502629402553469e-05,4.976622482936299e-01
1.545116258142623e-05,4.976624832828855e-01
1.601315065720455e-05,4.976627937261846e-01
1.669592242024457e-05,4.976631695614766e-01
1.744706610709450e-05,4.976635825695204e-01
1.850392799318346e-05,4.976641639046293e-01
1.964554786778170e-05,4.976647923341002e-01
2.192878761697817e-05,4.976660492468672e-01
2.427231258139342e-05,4.976673394488547e-01
2.807282334228227e-05,4.976694316918981e-01
3.530674741910519e-05,4.976734141713755e-01
4.977459557275105e-05,4.976813791953187e-01
7.871029188004277e-05,4.976973092200589e-01
1.365816844946262e-04,4.977291691167858e-01
2.523244697237930e-04,4.977928886761542e-01
4.838100401821267e-04,4.979203267504293e-01
9.467811810987941e-04,4.981751986437988e-01
1.872723462932129e-03,4.986849254091519e-01
3.724608026598799e-03,4.997043108857324e-01
7.428377153932138e-03,5.017428097171301e-01
1.483591540859882e-02,5.058187196439765e-01
2.965099191793217e-02,5.139661945559706e-01
5.928114493659889e-02,5.302452515797633e-01
1.092811449365989e-01,5.576777571413263e-01
1.592811449365989e-01,5.850632967772207e-01
2.092811449365989e-01,6.123967805434414e-01
2.592811449365989e-01,6.396784799304780e-01
3.092811449365989e-01,6.669086641946300e-01
3.592811449365989e-01,6.940876003736831e-01
4.092811449365988e-01,7.212155533053455e-01
4.592811449365988e-01,7.482927856524437e-01
5.092811449365988e-01,7.753195579277854e-01
5.592811449365989e-01,8.022961285185843e-01
6.092811449365989e-01,8.292227537105776e-01
6.592811449365990e-01,8.560996877117686e-01
7.092811449365990e-01,8.829271826758067e-01
7.592811449365990e-01,9.097054887250482e-01
8.092811449365991e-01,9.364348539733134e-01
8.592811449365991e-01,9.631155245482173e-01
9.092811449365992e-01,9.897477446132563e-01
9.592811449365992e-01,1.016331756389607e+00
1.009281144936599e+00,1.042867800177538e+00
1.059281144936599e+00,1.069356114377549e+00
1.109281144936599e+00,1.095796935511225e+00
1.159281144936599e+00,1.122190498241764e+00
1.209281144936599e+00,1.148537035394255e+00
1.259281144936599e+00,1.174836777975657e+00
1.309281144936600e+00,1.201089955194508e+00
1.359281144936600e+00,1.227296794480317e+00
1.409281144936600e+00,1.253457521502712e+00
1.459281144936600e+00,1.279572360190359e+00
1.509281144936600e+00,1.305641532749599e+00
1.559281144936600e+00,1.331665259682787e+00
1.609281144936600e+00,1.357643759806430e+00
1.659281144936600e+00,1.383577250269062e+00
1.709281144936600e+00,1.409465946568887e+00
1.759281144936600e+00,1.435310062571134e+00
1.809281144936600e+00,1.461109810525252e+00
1.859281144936600e+00,1.486865401081818e+00
1.909281144936600e+00,1.512577043309234e+00
1.959281144936600e+00,1.538244944710223e+00
2.009281144936600e+00,1.563869311238037e+00
2.059281144936600e+00,1.589450347312535e+00
2.109281144936600e+00,1.614988255836008e+00
2.159281144936600e+00,1.640483238208759e+00
2.209281144936599e+00,1.665935494344556e+00
2.259281144936599e+00,1.691345222685809e+00
2.309281144936599e+00,1.716712620218554e+00
2.359281144936599e+00,1.742037882487304e+00
2.409281144936599e+00,1.767321203609695e+00
2.459281144936599e+00,1.792562776290856e+00
2.509281144936598e+00,1.817762791837625e+00
2.559281144936598e+00,1.842921440172690e+00
2.609281144936598e+00,1.868038909848403e+00
2.659281144936598e+00,1.893115388060445e+00
2.709281144936598e+00,1.918151060661418e+00
2.759281144936597e+00,1.943146112174201e+00
2.809281144936597e+00,1.968100725805072e+00
2.859281144936597e+00,1.993015083456708e+00
2.909281144936597e+00,2.017889365741062e+00
2.959281144936597e+00,2.042723751992046e+00
3.009281144936597e+00,2.067518420278062e+00
3.059281144936596e+00,2.092273547414349e+00
3.109281144936596e+00,2.116989308975175e+00
3.159281144936596e+00,2.141665879305897e+00
3.209281144936596e+00,2.166303431534918e+00
3.259281144936596e+00,2.190902137585444e+00
3.309281144936596e+00,2.215462168187015e+00
3.359281144936595e+00,2.239983692887016e+00
3.409281144936595e+00,2.264466880062026e+00
3.459281144936595e+00,2.288911896929017e+00
3.509281144936595e+00,2.313318909556374e+00
3.559281144936595e+00,2.337688082874809e+00
3.609281144936594e+00,2.362019580688166e+00
3.659281144936594e+00,2.386313565684044e+00
3.709281144936594e+00,2.410570199444351e+00
3.759281144936594e+00,2.434789642455680e+00
3.809281144936594e+00,2.458972054119605e+00
3.859281144936594e+00,2.483117592762820e+00
3.909281144936593e+00,2.507226415647117e+00
3.959281144936593e+00,2.531298678979321e+00
4.009281144936593e+00,2.555334537921109e+00
4.059281144936593e+00,2.579334146598661e+00
4.109281144936593e+00,2.603297658112196e+00
4.159281144936593e+00,2.627225224545409e+00
4.209281144936592e+00,2.651116996974825e+00
4.259281144936592e+00,2.674973125479029e+00
4.309281144936592e+00,2.698793759147747e+00
4.359281144936592e+00,2.722579046090904e+00
4.409281144936592e+00,2.746329133447492e+00
4.459281144936591e+00,2.770044167394304e+00
4.509281144936591e+00,2.793724293154706e+00
4.559281144936591e+00,2.817369655007250e+00
4.609281144936591e+00,2.840980396294128e+00
4.659281144936591e+00,2.864556659429514e+00
4.709281144936591e+00,2.888098585907983e+00
4.759281144936590e+00,2.911606316312682e+00
4.809281144936590e+00,2.935079990323327e+00
4.859281144936590e+00,2.958519746724357e+00
4.909281144936590e+00,2.981925723412820e+00
4.959281144936590e+00,3.005298057406179e+00
5.009281144936589e+00,3.028636884850064e+00
5.059281144936589e+00,3.051942341025963e+00
5.109281144936589e+00,3.075214560358813e+00
5.159281144936589e+00,3.098453676424482e+00
5.209281144936589e+00,3.121659821957116e+00
5.259281144936589e+00,3.144833128856444e+00
5.309281144936588e+00,3.167973728195133e+00
5.359281144936588e+00,3.191081750225893e+00
5.409281144936588e+00,3.214157324388501e+00
5.459281144936588e+00,3.237200579316877e+00
5.509281144936588e+00,3.260211642846031e+00
5.559281144936588e+00,3.283190642018801e+00
5.609281144936587e+00,3.306137703092654e+00
5.659281144936587e+00,3.329052951546481e+00
5.709281144936587e+00,3.351936512087156e+00
5.759281144936587e+00,3.374788508656099e+00
5.809281144936587e+00,3.397609064435759e+00
5.859281144936586e+00,3.420398301855947e+00
5.909281144936586e+00,3.443156342600264e+00
5.959281144936586e+00,3.465883307612399e+00
6.009281144936586e+00,3.488579317102277e+00
6.059281144936586e+00,3.511244490552242e+00
6.109281144936586e+00,3.533878946723061e+00
6.159281144936585e+00,3.556482803659941e+00
6.209281144936585e+00,3.579056178698591e+00
6.259281144936585e+00,3.601599188470981e+00
6.309281144936585e+00,3.624111948911125e+00
6.359281144936585e+00,3.646594575260958e+00
6.409281144936585e+00,3.669047182076008e+00
6.459281144936584e+00,3.691469883230979e+00
6.509281144936584e+00,3.713862791925354e+00
6.559281144936584e+00,3.736226020688861e+00
6.609281144936584e+00,3.758559681387016e+00
6.659281144936584e+00,3.780863885226522e+00
6.709281144936583e+00,3.803138742760510e+00
6.759281144936583e+00,3.825384363893915e+00
6.809281144936583e+00,3.847600857888713e+00
6.859281144936583e+00,3.869788333369101e+00
6.909281144936583e+00,3.891946898326623e+00
6.959281144936583e+00,3.914076660125168e+00
7.009281144936582e+00,3.936177725506048e+00
7.059281144936582e+00,3.958250200593042e+00
7.109281144936582e+00,3.980294190897216e+00
7.159281144936582e+00,4.002309801321812e+00
7.209281144936582e+00,4.024297136167103e+00
7.259281144936581e+00,4.046256299135104e+00
7.309281144936581e+00,4.068187393334389e+00
7.359281144936581e+00,4.090090521284692e+00
7.409281144936581e+00,4.111965784921521e+00
7.459281144936581e+00,4.133813285600771e+00
7.509281144936581e+00,4.155633124103256e+00
7.559281144936580e+00,4.177425400639255e+00
7.609281144936580e+00,4.199190214852880e+00
7.659281144936580e+00,4.220927665826435e+00
7.709281144936580e+00,4.242637852084903e+00
7.759281144936580e+00,4.264320871600161e+00
7.809281144936580e+00,4.285976821795225e+00
7.859281144936579e+00,4.307605799548603e+00
7.909281144936579e+00,4.329207901198423e+00
7.959281144936579e+00,4.350783222546498e+00
8.009281144936580e+00,4.372331858862486e+00
8.059281144936580e+00,4.393853904888035e+00
8.109281144936581e+00,4.415349454840700e+00
8.159281144936582e+00,4.436818602417967e+00
8.209281144936583e+00,4.458261440801150e+00
8.259281144936583e+00,4.479678062659281e+00
8.309281144936584e+00,4.501068560153199e+00
8.359281144936585e+00,4.522433024939200e+00
8.409281144936585e+00,4.543771548172732e+00
8.459281144936586e+00,4.565084220512288e+00
8.509281144936587e+00,4.586371132123177e+00
8.559281144936588e+00,4.607632372681142e+00
8.609281144936588e+00,4.628868031375954e+00
8.659281144936589e+00,4.650078196915167e+00
8.709281144936590e+00,4.671262957527607e+00
8.759281144936590e+00,4.692422400966814e+00
8.809281144936591e+00,4.713556614514729e+00
8.859281144936592e+00,4.734665684985217e+00
8.909281144936593e+00,4.755749698727343e+00
8.959281144936593e+00,4.776808741628754e+00
9.009281144936594e+00,4.797842899119253e+00
9.059281144936595e+00,4.818852256174119e+00
9.109281144936595e+00,4.839836897317250e+00
9.159281144936596e+00,4.860796906624591e+00
9.209281144936597e+00,4.881732367727416e+00
9.259281144936597e+00,4.902643363815495e+00
9.309281144936598e+00,4.923529977640265e+00
9.359281144936599e+00,4.944392291517980e+00
9.409281144936600e+00,4.965230387332946e+00
9.459281144936600e+00,4.986044346540600e+00
9.509281144936601e+00,5.006834250170574e+00
9.559281144936602e+00,5.027600178829687e+00
9.609281144936602e+00,5.048342212704993e+00
9.659281144936603e+00,5.069060431566849e+00
9.709281144936604e+00,5.089754914771827e+00
9.759281144936605e+00,5.110425741265721e+00
9.809281144936605e+00,5.131072989586277e+00
9.859281144936606e+00,5.151696737866187e+00
9.909281144936607e+00,5.172297063836094e+00
9.959281144936607e+00,5.192874044827201e+00
1.000928114493661e+01,5.213427757774152e+00
1.005928114493661e+01,5.233958279217883e+00
1.010928114493661e+01,5.254465685308274e+00
1.015928114493661e+01,5.274950051806910e+00
1.020928114493661e+01,5.295411454089882e+00
1.025928114493661e+01,5.315849967150357e+00
1.030928114493661e+01,5.336265665601183e+00
1.035928114493661e+01,5.356658623677690e+00
1.040928114493661e+01,5.377028915240237e+00
1.045928114493661e+01,5.397376613776721e+00
1.050928114493662e+01,5.417701792405161e+00
1.055928114493662e+01,5.438004523876312e+00
1.060928114493662e+01,5.458284880576169e+00
1.065928114493662e+01,5.478542934528337e+00
1.070928114493662e+01,5.498778757396650e+00
1.075928114493662e+01,5.518992420487567e+00
1.080928114493662e+01,5.539183994752433e+00
1.085928114493662e+01,5.559353550790108e+00
1.090928114493662e+01,5.579501158849371e+00
1.095928114493662e+01,5.599626888831071e+00
1.100928114493662e+01,5.619730810290550e+00
1.105928114493662e+01,5.639812992439987e+00
1.110928114493662e+01,5.659873504150606e+00
1.115928114493662e+01,5.679912413955078e+00
1.120928114493663e+01,5.699929790049749e+00
1.125928114493663e+01,5.719925700296687e+00
1.130928114493663e+01,5.739900212226084e+00
1.135928114493663e+01,5.759853393038473e+00
1.140928114493663e+01,5.779785309606641e+00
1.145928114493663e+01,5.799696028478003e+00
1.150928114493663e+01,5.819585615876711e+00
1.155928114493663e+01,5.839454137705613e+00
1.160928114493663e+01,5.859301659548523e+00
1.165928114493663e+01,5.879128246672242e+00
1.170928114493663e+01,5.898933964028561e+00
1.175928114493663e+01,5.918718876256317e+00
1.180928114493663e+01,5.938483047683515e+00
1.185928114493663e+01,5.958226542329285e+00
1.190928114493664e+01,5.977949423903595e+00
1.195928114493664e+01,5.997653379663729e+00
1.199341618823935e+01,6.011093993730356e+00
1.202064729465561e+01,6.021808503786318e+00
1.204734373336468e+01,6.032305120330859e+00
1.209734373336468e+01,6.051948660646909e+00
1.214734373336468e+01,6.071574262685306e+00
1.219734373336468e+01,6.091179612847141e+00
1.224734373336468e+01,6.110764772820776e+00
1.229734373336468e+01,6.130329804005521e+00
1.234734373336468e+01,6.149874767512917e+00
1.239734373336469e+01,6.169399724167945e+00
1.244734373336469e+01,6.188904734511060e+00
1.249734373336469e+01,6.208389858800315e+00
1.254734373336469e+01,6.227855157013578e+00
1.259734373336469e+01,6.247300688850590e+00
1.264734373336469e+01,6.266726513734843e+00
1.269734373336469e+01,6.286132690815402e+00
1.274734373336469e+01,6.305519278968896e+00
1.279734373336469e+01,6.324886336801059e+00
1.284734373336469e+01,6.344233922648256e+00
1.289734373336469e+01,6.363562094579017e+00
1.294734373336469e+01,6.382870910395471e+00
1.299734373336469e+01,6.402160427634658e+00
1.304734373336469e+01,6.421430703569791e+00
1.309734373336470e+01,6.440681795211575e+00
1.314734373336470e+01,6.459913759309678e+00
1.319734373336470e+01,6.479126652354100e+00
1.324734373336470e+01,6.498320530576359e+00
1.329734373336470e+01,6.517495449950974e+00
1.334734373336470e+01,6.536651466197130e+00
1.339734373336470e+01,6.555788634779997e+00
1.344734373336470e+01,6.574907010912310e+00
1.349734373336470e+01,6.594006649555872e+00
1.354734373336470e+01,6.613087605423050e+00
1.359734373336470e+01,6.632149932978413e+00
1.364734373336470e+01,6.651193686440196e+00
1.369734373336470e+01,6.670218919781677e+00
1.374734373336470e+01,6.689225686732781e+00
1.379734373336471e+01,6.708214040781642e+00
1.384734373336471e+01,6.727184035176038e+00
1.389734373336471e+01,6.746135722924603e+00
1.394734373336471e+01,6.765069156798341e+00
1.399734373336471e+01,6.783984389332192e+00
1.404734373336471e+01,6.802881472826116e+00
1.409734373336471e+01,6.821760459346394e+00
1.414734373336471e+01,6.840621400727091e+00
1.419734373336471e+01,6.859464348571075e+00
1.424734373336471e+01,6.878291799131791e+00
1.427000000000000e+01,6.886817940743782e+00
1.427000010000000e+01,6.884075308258213e+00
1.427000030000000e+01,6.872886727692165e+00
1.427000035528878e+01,6.866909013214582e+00
1.427000037823218e+01,6.862756074459302e+00
1.427000040944619e+01,6.855097923085513e+00
1.427000043950933e+01,6.845978780602126e+00
1.427000046267657e+01,6.837763398161629e+00
1.427000048298801e+01,6.829830506035178e+00
1.427000050434830e+01,6.820992404324070e+00
1.427000051886919e+01,6.814688716944671e+00
1.427000053288942e+01,6.808176320048881e+00
1.427000054020067e+01,6.804280125421953e+00
1.427000055019726e+01,6.798169971045835e+00
1.427000055923722e+01,6.792297558471415e+00
1.427000056916190e+01,6.785798130212030e+00
1.427000057999785e+01,6.778796556873933e+00
1.427000059218125e+01,6.771036094301773e+00
1.427000060388304e+01,6.763645808893471e+00
1.427000061522101e+01,6.756457578822665e+00
1.427000062639495e+01,6.749212263790961e+00
1.427000063760440e+01,6.741601241243202e+00
1.427000064888929e+01,6.733381959193788e+00
1.427000066020816e+01,6.724410227257042e+00
1.427000067164997e+01,6.714618856133986e+00
1.427000068322338e+01,6.704260571965666e+00
1.427000069508937e+01,6.693599398543450e+00
1.427000070728870e+01,6.682937604359691e+00
1.427000072000684e+01,6.672275251526471e+00
1.427000073327368e+01,6.661616756016077e+00
1.427000074739440e+01,6.650670241950142e+00
1.427000075678705e+01,6.643586816816724e+00
1.427000076337789e+01,6.638717082373615e+00
1.427000076906854e+01,6.634573514333229e+00
1.427000077605218e+01,6.629549596961683e+00
1.427000078396833e+01,6.623919704512469e+00
1.427000079281154e+01,6.617712595892733e+00
1.427000080447577e+01,6.609646300378254e+00
1.427000081657020e+01,6.601428141802470e+00
1.427000082985389e+01,6.592582278266715e+00
1.427000084140158e+01,6.585057352291570e+00
1.427000085084524e+01,6.579043476842735e+00
1.427000085953294e+01,6.573639366834255e+00
1.427000086827187e+01,6.568331191706791e+00
1.427000087672055e+01,6.563337057956162e+00
1.427000088803238e+01,6.556865578702887e+00
1.427000090051180e+01,6.550021166988127e+00
1.427000091556933e+01,6.542218610415993e+00
1.427000093131477e+01,6.534639268640920e+00
1.427000094288953e+01,6.529642268400502e+00
1.427000095220929e+01,6.526241279806118e+00
1.427000096111708e+01,6.523670844992650e+00
1.427000096954992e+01,6.521992236763506e+00
1.427000098268610e+01,6.520501323754134e+00
1.427000099739282e+01,6.519544867542974e+00
1.427000100000000e+01,6.519398537401570e+00
1.427000100149499e+01,6.519293058268218e+00
1.427000100448498e+01,6.519004598521181e+00
1.427000101046495e+01,6.518050479618025e+00
1.427000102242490e+01,6.515143150593397e+00
1.427000103373880e+01,6.511553689876720e+00
1.427000104595894e+01,6.506992396478918e+00
1.427000105630121e+01,6.502852646528542e+00
1.427000106794557e+01,6.498118907407561e+00
1.427000107876570e+01,6.493797376538025e+00
1.427000109802311e+01,6.486358244033179e+00
1.427000111848803e+01,6.478755909895449e+00
1.427000113613609e+01,6.472460046649680e+00
1.427000115346477e+01,6.466498720398295e+00
1.427000117209566e+01,6.460335934165518e+00
1.427000119293167e+01,6.453792827799221e+00
1.427000121142263e+01,6.448351697802102e+00
1.427000122759801e+01,6.443931079857685e+00
1.427000124574104e+01,6.439344861187117e+00
1.427000126502674e+01,6.434870318329479e+00
1.427000128712479e+01,6.430221615792271e+00
1.427000131084464e+01,6.425762381458467e+00
1.427000133849375e+01,6.421201743707356e+00
1.427000136967650e+01,6.416797390733692e+00
1.427000140799293e+01,6.412327840789217e+00
1.427000145530266e+01,6.407971472194365e+00
1.427000151069951e+01,6.404160721292119e+00
1.427000157246245e+01,6.401132265956195e+00
1.427000162930589e+01,6.399218808227682e+00
1.427000169018675e+01,6.397851896722554e+00
1.427000175433355e+01,6.396905560037926e+00
1.427000182757464e+01,6.396207534896094e+00
1.427000189515731e+01,6.395780898304638e+00
1.427000196530615e+01,6.395337472885606e+00
1.427000203166530e+01,6.394652273579286e+00
1.427000210196137e+01,6.393743872604227e+00
1.427000213016178e+01,6.393466022641733e+00
1.427000216299276e+01,6.393262375912971e+00
1.427000219699230e+01,6.393104385014030e+00
1.427000222887070e+01,6.392998144956775e+00
1.427000227577546e+01,6.392887275082846e+00
1.427000233813673e+01,6.392788244770470e+00
1.427000241018453e+01,6.392714477396707e+00
1.427000248705764e+01,6.392665126605548e+00
1.427000257481629e+01,6.392629339039454e+00
1.427000267436318e+01,6.392602402208063e+00
1.427000279305235e+01,6.392579392197193e+00
1.427000293351663e+01,6.392558291173517e+00
1.427000309190279e+01,6.392538929382859e+00
1.427000318317967e+01,6.392529572861300e+00
1.427000322642457e+01,6.392526008425709e+00
1.427000327710854e+01,6.392522267437538e+00
1.427000333091572e+01,6.392518548310795e+00
1.427000337727279e+01,6.392515601880205e+00
1.427000342941600e+01,6.392512469220225e+00
1.427000347678677e+01,6.392509759817331e+00
1.427000352259828e+01,6.392507216081871e+00
1.427000357094618e+01,6.392504629362360e+00
1.427000362350509e+01,6.392501795432095e+00
1.427000367813952e+01,6.392498884077489e+00
1.427000375306954e+01,6.392494756743528e+00
1.427000383260201e+01,6.392490244135233e+00
1.427000395700678e+01,6.392482626172493e+00
1.427000410153896e+01,6.392472536724007e+00
1.427000437796378e+01,6.392448034762358e+00
1.427000467620821e+01,6.392408491347465e+00
1.427000509598309e+01,6.392325098595047e+00
1.427000550073589e+01,6.392231060750181e+00
1.427000598339520e+01,6.392135978799270e+00
1.427000648267044e+01,6.392064267468027e+00
1.427000699527190e+01,6.392002327321590e+00
1.427000751852825e+01,6.391942693734755e+00
1.427000801547674e+01,6.391888349407005e+00
1.427000854648520e+01,6.391832512454185e+00
1.427000913685463e+01,6.391772606767083e+00
1.427000975881217e+01,6.391711901960185e+00
1.427001053819201e+01,6.391639369564481e+00
1.427001138479986e+01,6.391565719986009e+00
1.427001253430834e+01,6.391474078901971e+00
1.427001390201809e+01,6.391376413639706e+00
1.427001599048853e+01,6.391246316714582e+00
1.427001838794758e+01,6.391121046954544e+00
1.427002192879851e+01,6.390972938027592e+00
1.427002594555832e+01,6.390845371784525e+00
1.427003161897868e+01,6.390718552338608e+00
1.427003894837293e+01,6.390612628355272e+00
1.427004941862553e+01,6.390523260131116e+00
1.427005915715305e+01,6.390477433253078e+00
1.427007147432322e+01,6.390447991532105e+00
1.427008461567507e+01,6.390431958963513e+00
1.427010302748249e+01,6.390421053161889e+00
1.427012599545535e+01,6.390413672799123e+00
1.427016544402636e+01,6.390405585599378e+00
1.427023644528320e+01,6.390395067747752e+00
1.427037844779688e+01,6.390380552362303e+00
1.427058225667286e+01,6.390367143152484e+00
1.427086039354902e+01,6.390355217556021e+00
1.427122255175986e+01,6.390343296840757e+00
1.427176629432031e+01,6.390327121340479e+00
1.427265195545355e+01,6.390301353916227e+00
1.427442327772002e+01,6.390249947729921e+00
1.427796592225297e+01,6.390147143122189e+00
1.428505121131887e+01,6.389941573821879e+00
1.429922178945068e+01,6.389530594413109e+00
1.432756294571429e+01,6.388709231166232e+00
1.437756294571429e+01,6.387261669216597e+00
1.442756294571429e+01,6.385815985599411e+00
1.447756294571429e+01,6.384372405965349e+00
1.452756294571429e+01,6.382930927386158e+00
1.457756294571429e+01,6.381491546938221e+00
1.462756294571429e+01,6.380054261700464e+00
1.467756294571429e+01,6.378619068756107e+00
1.472756294571429e+01,6.377185965191423e+00
1.477756294571429e+01,6.375754948096962e+00
1.482756294571429e+01,6.374326014566210e+00
1.487756294571430e+01,6.372899161696878e+00
1.492756294571430e+01,6.371474386589708e+00
1.497756294571430e+01,6.370051686349727e+00
1.502756294571430e+01,6.368631058084988e+00
1.507756294571430e+01,6.367212498907661e+00
1.512756294571430e+01,6.365796005932909e+00
1.517756294571430e+01,6.364381576280128e+00
1.522756294571430e+01,6.362969207071857e+00
1.527756294571430e+01,6.361558895434655e+00
1.532756294571430e+01,6.360150638498115e+00
1.537756294571430e+01,6.358744433395993e+00
1.542756294571430e+01,6.357340277265195e+00
1.547756294571430e+01,6.355938167246584e+00
1.552756294571430e+01,6.354538100484146e+00
1.557756294571431e+01,6.353140074125954e+00
1.562756294571431e+01,6.351744085323220e+00
1.567756294571431e+01,6.350350131231152e+00
1.572756294571431e+01,6.348958209008019e+00
1.577756294571431e+01,6.347568315816142e+00
1.582756294571431e+01,6.346180448821007e+00
1.587756294571431e+01,6.344794605192033e+00
1.592756294571431e+01,6.343410782101754e+00
1.597756294571431e+01,6.342028976726670e+00
1.602756294571431e+01,6.340649186246480e+00
1.607756294571431e+01,6.339271407844801e+00
1.612756294571431e+01,6.337895638708429e+00
1.617756294571431e+01,6.336521876028016e+00
1.622756294571431e+01,6.335150116997411e+00
1.627756294571432e+01,6.333780358814317e+00
1.632756294571432e+01,6.332412598679615e+00
1.637756294571432e+01,6.331046833798122e+00
1.642756294571432e+01,6.329683061377820e+00
1.647756294571432e+01,6.328321278630494e+00
1.652756294571432e+01,6.326961482771113e+00
1.657756294571432e+01,6.325603671018500e+00
1.662756294571432e+01,6.324247840594706e+00
1.667756294571432e+01,6.322893988725530e+00
1.672756294571432e+01,6.321542112640040e+00
1.677756294571432e+01,6.320192209571025e+00
1.682756294571432e+01,6.318844276754432e+00
1.687756294571432e+01,6.317498311430080e+00
1.692756294571432e+01,6.316154310841069e+00
1.697756294571433e+01,6.314812272234118e+00
1.702756294571433e+01,6.313472192859136e+00
1.707756294571433e+01,6.312134069969890e+00
1.712756294571433e+01,6.310797900823347e+00
1.717756294571433e+01,6.309463682680082e+00
1.722756294571433e+01,6.308131412803935e+00
1.727756294571433e+01,6.306801088462524e+00
1.732756294571433e+01,6.305472706926690e+00
1.737756294571433e+01,6.304146265470854e+00
1.742756294571433e+01,6.302821761372746e+00
1.747756294571433e+01,6.301499191913767e+00
1.752756294571433e+01,6.300178554378532e+00
1.757756294571433e+01,6.298859846055309e+00
1.762756294571433e+01,6.297543064235578e+00
1.767756294571434e+01,6.296228206214464e+00
1.772756294571434e+01,6.294915269290363e+00
1.777756294571434e+01,6.293604250765286e+00
1.782756294571434e+01,6.292295147944470e+00
1.787756294571434e+01,6.290987958136712e+00
1.792756294571434e+01,6.289682678654104e+00
1.797756294571434e+01,6.288379306812355e+00
1.802756294571434e+01,6.287077839930416e+00
1.807756294571434e+01,6.285778275330746e+00
1.812756294571434e+01,6.284480610339030e+00
1.817756294571434e+01,6.283184842284560e+00
1.822756294571434e+01,6.281890968499951e+00
1.827756294571434e+01,6.280598986321341e+00
1.832756294571434e+01,6.279308893088013e+00
1.837756294571435e+01,6.278020686142834e+00
1.842756294571435e+01,6.276734362831898e+00
1.847756294571435e+01,6.275449920504791e+00
1.852756294571435e+01,6.274167356514482e+00
1.857756294571435e+01,6.272886668217375e+00
1.862756294571435e+01,6.271607852973064e+00
1.867756294571435e+01,6.270330908144723e+00
1.872756294571435e+01,6.269055831098717e+00
1.877756294571435e+01,6.267782619204851e+00
1.882756294571435e+01,6.266511269836228e+00
1.887756294571435e+01,6.265241780369473e+00
1.892756294571435e+01,6.263974148184427e+00
1.897756294571435e+01,6.262708370664312e+00
1.902756294571435e+01,6.261444445195591e+00
1.907756294571436e+01,6.260182369168287e+00
1.912756294571436e+01,6.258922139975633e+00
1.917756294571436e+01,6.257663755014191e+00
1.922756294571436e+01,6.256407211683817e+00
1.927756294571436e+01,6.255152507387908e+00
1.932756294571436e+01,6.253899639532958e+00
1.937756294571436e+01,6.252648605528853e+00
1.942756294571436e+01,6.251399402788790e+00
1.947756294571436e+01,6.250152028729333e+00
1.952756294571436e+01,6.248906480770302e+00
1.957756294571436e+01,6.247662756334924e+00
1.962756294571436e+01,6.246420852849620e+00
1.967756294571436e+01,6.245180767744205e+00
1.972756294571436e+01,6.243942498451668e+00
1.977756294571437e+01,6.242706042408400e+00
1.982756294571437e+01,6.241471397054059e+00
1.987756294571437e+01,6.240238559831619e+00
1.992756294571437e+01,6.239007528187252e+00
1.997756294571437e+01,6.237778299570531e+00
2.002756294571437e+01,6.236550871434241e+00
2.007756294571437e+01,6.235325241234509e+00
2.012756294571437e+01,6.234101406430653e+00
2.017756294571437e+01,6.232879364485253e+00
2.022756294571437e+01,6.231659112864184e+00
2.027756294571437e+01,6.230440649036685e+00
2.032756294571437e+01,6.229223970475040e+00
2.037756294571437e+01,6.228009074654945e+00
2.042756294571437e+01,6.226795959055401e+00
2.047756294571438e+01,6.225584621158600e+00
2.052756294571438e+01,6.224375058449852e+00
2.057756294571438e+01,6.223167268417860e+00
2.062756294571438e+01,6.221961248554525e+00
2.067756294571438e+01,6.220756996354993e+00
2.072756294571438e+01,6.219554509317639e+00
2.077756294571438e+01,6.218353784944125e+00
2.082756294571438e+01,6.217154820739222e+00
2.087756294571438e+01,6.215957614210933e+00
2.092756294571438e+01,6.214762162870525e+00
2.097756294571438e+01,6.213568464232623e+00
2.102756294571438e+01,6.212376515814916e+00
2.107756294571438e+01,6.211186315138241e+00
2.112756294571438e+01,6.209997859726678e+00
2.117756294571439e+01,6.208811147107680e+00
2.122756294571439e+01,6.207626174811758e+00
2.127756294571439e+01,6.206442940372575e+00
2.132756294571439e+01,6.205261441327087e+00
2.137756294571439e+01,6.204081675215429e+00
2.142756294571439e+01,6.202903639580829e+00
2.147756294571439e+01,6.201727331969870e+00
2.152756294571439e+01,6.200552749932186e+00
2.157756294571439e+01,6.199379891020562e+00
2.162756294571439e+01,6.198208752791067e+00
2.167756294571439e+01,6.197039332802952e+00
2.172756294571439e+01,6.195871628618482e+00
2.177756294571439e+01,6.194705637803189e+00
2.182756294571439e+01,6.193541357925811e+00
2.187756294571439e+01,6.192378786558138e+00
2.192756294571440e+01,6.191217921275173e+00
2.197756294571440e+01,6.190058759655158e+00
2.202756294571440e+01,6.188901299279313e+00
2.207756294571440e+01,6.187745537732066e+00
2.212756294571440e+01,6.186591472600997e+00
2.217756294571440e+01,6.185439101476847e+00
2.222756294571440e+01,6.184288421953488e+00
2.227756294571440e+01,6.183139431627925e+00
2.232756294571440e+01,6.181992128100225e+00
2.237756294571440e+01,6.180846508973646e+00
2.242756294571440e+01,6.179702571854627e+00
2.247756294571440e+01,6.178560314352636e+00
2.252756294571440e+01,6.177419734080181e+00
2.257756294571440e+01,6.176280828653053e+00
2.262756294571441e+01,6.175143595690111e+00
2.267756294571441e+01,6.174008032813216e+00
2.272756294571441e+01,6.172874137647374e+00
2.277756294571441e+01,6.171741907820763e+00
2.282756294571441e+01,6.170611340964579e+00
2.287756294571441e+01,6.169482434713173e+00
2.292756294571441e+01,6.168355186703987e+00
2.297756294571441e+01,6.167229594577502e+00
2.302756294571441e+01,6.166105655977257e+00
2.307756294571441e+01,6.164983368549922e+00
2.312756294571441e+01,6.163862729945234e+00
2.317756294571441e+01,6.162743737816047e+00
2.322756294571441e+01,6.161626389818202e+00
2.327756294571441e+01,6.160510683610619e+00
2.332756294571442e+01,6.159396616855303e+00
2.337756294571442e+01,6.158284187217370e+00
2.342756294571442e+01,6.157173392364986e+00
2.347756294571442e+01,6.156064229969277e+00
2.352756294571442e+01,6.154956697704443e+00
2.357756294571442e+01,6.153850793247798e+00
2.362756294571442e+01,6.152746514279628e+00
2.367756294571442e+01,6.151643858483345e+00
2.372756294571442e+01,6.150542823545376e+00
2.377756294571442e+01,6.149443407155121e+00
2.382756294571442e+01,6.148345607005016e+00
2.387756294571442e+01,6.147249420790582e+00
2.392756294571442e+01,6.146154846210374e+00
2.397756294571442e+01,6.145061880965933e+00
2.402756294571443e+01,6.143970522761729e+00
2.407756294571443e+01,6.142880769305362e+00
2.412756294571443e+01,6.141792618307541e+00
2.417756294571443e+01,6.140706067481820e+00
2.422756294571443e+01,6.139621114544686e+00
2.427756294571443e+01,6.138537757215798e+00
2.432756294571443e+01,6.137455993217810e+00
2.437756294571443e+01,6.136375820276267e+00
2.442756294571443e+01,6.135297236119760e+00
2.447756294571443e+01,6.134220238479878e+00
2.452756294571443e+01,6.133144825091153e+00
2.457756294571443e+01,6.132070993691211e+00
2.462756294571443e+01,6.130998742020592e+00
2.467756294571443e+01,6.129928067822727e+00
2.472756294571444e+01,6.128858968844099e+00
2.477756294571444e+01,6.127791442834199e+00
2.482756294571444e+01,6.126725487545414e+00
2.487756294571444e+01,6.125661100733096e+00
2.492756294571444e+01,6.124598280155594e+00
2.497756294571444e+01,6.123537023574267e+00
2.502756294571444e+01,6.122477328753328e+00
2.507756294571444e+01,6.121419193459936e+00
2.512756294571444e+01,6.120362615464301e+00
2.517756294571444e+01,6.119307592539498e+00
2.522756294571444e+01,6.118254122461561e+00
2.527756294571444e+01,6.117202203009472e+00
2.532756294571444e+01,6.116151831965079e+00
2.537756294571444e+01,6.115103007113257e+00
2.542756294571445e+01,6.114055726241815e+00
2.547756294571445e+01,6.113009987141451e+00
2.552756294571445e+01,6.111965787605746e+00
2.557756294571445e+01,6.110923125431229e+00
2.562756294571445e+01,6.109881998417342e+00
2.567756294571445e+01,6.108842404366428e+00
2.572756294571445e+01,6.107804341083765e+00
2.577756294571445e+01,6.106767806377574e+00
2.582756294571445e+01,6.105732798058967e+00
2.587756294571445e+01,6.104699313941893e+00
2.592756294571445e+01,6.103667351843185e+00
2.597756294571445e+01,6.102636909582603e+00
2.602756294571445e+01,6.101607984982845e+00
2.607756294571445e+01,6.100580575869500e+00
2.612756294571446e+01,6.099554680070953e+00
2.617756294571446e+01,6.098530295418528e+00
2.622756294571446e+01,6.097507419746429e+00
2.627756294571446e+01,6.096486050891701e+00
2.632756294571446e+01,6.095466186694289e+00
2.637756294571446e+01,6.094447824997003e+00
2.642756294571446e+01,6.093430963645507e+00
2.647756294571446e+01,6.092415600488325e+00
2.652756294571446e+01,6.091401733376886e+00
2.657756294571446e+01,6.090389360165422e+00
2.662756294571446e+01,6.089378478710993e+00
2.667756294571446e+01,6.088369086873572e+00
2.672756294571446e+01,6.087361182516000e+00
2.677756294571446e+01,6.086354763503892e+00
2.682756294571447e+01,6.085349827705649e+00
2.687756294571447e+01,6.084346372992655e+00
2.692756294571447e+01,6.083344397239061e+00
2.697756294571447e+01,6.082343898321804e+00
2.702756294571447e+01,6.081344874120746e+00
2.707756294571447e+01,6.080347322518509e+00
2.712756294571447e+01,6.079351241400525e+00
2.717756294571447e+01,6.078356628655051e+00
2.722756294571447e+01,6.077363482173155e+00
2.727756294571447e+01,6.076371799848785e+00
2.732756294571447e+01,6.075381579578647e+00
2.737756294571447e+01,6.074392819262198e+00
2.742756294571447e+01,6.073405516801770e+00
2.747756294571447e+01,6.072419670102491e+00
2.752756294571448e+01,6.071435277072267e+00
2.757756294571448e+01,6.070452335621780e+00
2.762756294571448e+01,6.069470843664492e+00
2.767756294571448e+01,6.068490799116717e+00
2.772756294571448e+01,6.067512199897550e+00
2.777756294571448e+01,6.066535043928813e+00
2.782756294571448e+01,6.065559329135069e+00
2.787756294571448e+01,6.064585053443716e+00
2.792756294571448e+01,6.063612214784957e+00
2.797756294571448e+01,6.062640811091733e+00
2.802756294571448e+01,6.061670840299768e+00
2.807756294571448e+01,6.060702300347464e+00
2.812756294571448e+01,6.059735189175997e+00
2.817756294571448e+01,6.058769504729384e+00
2.822756294571449e+01,6.057805244954380e+00
2.827756294571449e+01,6.056842407800469e+00
2.832756294571449e+01,6.055880991219823e+00
2.837756294571449e+01,6.054920993167372e+00
2.842756294571449e+01,6.053962411600878e+00
2.847756294571449e+01,6.053005244480825e+00
2.852756294571449e+01,6.052049489770327e+00
2.857756294571449e+01,6.051095145435252e+00
2.862756294571449e+01,6.050142209444293e+00
2.867756294571449e+01,6.049190679768810e+00
2.872756294571449e+01,6.048240554382835e+00
2.877756294571449e+01,6.047291831263234e+00
2.882756294571449e+01,6.046344508389543e+00
2.887756294571449e+01,6.045398583743908e+00
2.892756294571450e+01,6.044454055311274e+00
2.897756294571450e+01,6.043510921079330e+00
2.902756294571450e+01,6.042569179038357e+00
2.907756294571450e+01,6.041628827181418e+00
2.912756294571450e+01,6.040689863504309e+00
2.917756294571450e+01,6.039752286005401e+00
2.922756294571450e+01,6.038816092685874e+00
2.927756294571450e+01,6.037881281549574e+00
2.932756294571450e+01,6.036947850602925e+00
2.937756294571450e+01,6.036015797855130e+00
2.942756294571450e+01,6.035085121318075e+00
2.947756294571450e+01,6.034155819006290e+00
2.952756294571450e+01,6.033227888936995e+00
2.957756294571450e+01,6.032301329130076e+00
2.962756294571451e+01,6.031376137608020e+00
2.967756294571451e+01,6.030452312396037e+00
2.972756294571451e+01,6.029529851522061e+00
2.977756294571451e+01,6.028608753016617e+00
2.982756294571451e+01,6.027689014912856e+00
2.987756294571451e+01,6.026770635246622e+00
2.992756294571451e+01,6.025853612056385e+00
2.997756294571451e+01,6.024937943383266e+00
3.002756294571451e+01,6.024023627271081e+00
3.007756294571451e+01,6.023110661766217e+00
3.012756294571451e+01,6.022199044917710e+00
3.017756294571451e+01,6.021288774777258e+00
3.022756294571451e+01,6.020379849399152e+00
3.027756294571451e+01,6.019472266840327e+00
3.032756294571452e+01,6.018566025160329e+00
3.037756294571452e+01,6.017661122421350e+00
3.042756294571452e+01,6.016757556688208e+00
3.047756294571452e+01,6.015855326028281e+00
3.052756294571452e+01,6.014954428511631e+00
3.057756294571452e+01,6.014054862210937e+00
3.062756294571452e+01,6.013156625201352e+00
3.067756294571452e+01,6.012259715560692e+00
3.072756294571452e+01,6.011364131369477e+00
3.077756294571452e+01,6.010469870710784e+00
3.082756294571452e+01,6.009576931670251e+00
3.087756294571452e+01,6.008685312336050e+00
3.092756294571452e+01,6.007795010798961e+00
3.097756294571452e+01,6.006906025152431e+00
3.102756294571453e+01,6.006018353492451e+00
3.107756294571453e+01,6.005131993917565e+00
3.112756294571453e+01,6.004246944528908e+00
3.117756294571453e+01,6.003363203430220e+00
3.122756294571453e+01,6.002480768727782e+00
3.127756294571453e+01,6.001599638530378e+00
3.132756294571453e+01,6.000719810949475e+00
3.137756294571453e+01,5.999841284099464e+00
3.142756294571453e+01,5.998964056096466e+00
3.147756294571453e+01,5.998088125058781e+00
3.152756294571453e+01,5.997213489109161e+00
3.157756294571453e+01,5.996340146372219e+00
3.162756294571453e+01,5.995468094973584e+00
3.167756294571453e+01,5.994597333042483e+00
3.172756294571453e+01,5.993727858711117e+00
3.177756294571454e+01,5.992859670113884e+00
3.182756294571454e+01,5.991992765387667e+00
3.187756294571454e+01,5.991127142671857e+00
3.192756294571454e+01,5.990262800108398e+00
3.197756294571454e+01,5.989399735841405e+00
3.202756294571454e+01,5.988537948017885e+00
3.207756294571453e+01,5.987677434788147e+00
3.212756294571453e+01,5.986818194304248e+00
3.217756294571453e+01,5.985960224720308e+00
3.222756294571452e+01,5.985103524193385e+00
3.227756294571452e+01,5.984248090883056e+00
3.232756294571452e+01,5.983393922951405e+00
3.237756294571452e+01,5.982541018562984e+00
3.242756294571451e+01,5.981689375884877e+00
3.247756294571451e+01,5.980838993086669e+00
3.252756294571451e+01,5.979989868340401e+00
3.257756294571450e+01,5.979141999820674e+00
3.262756294571450e+01,5.978295385704532e+00
3.267756294571450e+01,5.977450024171481e+00
3.272756294571450e+01,5.976605913403521e+00
3.277756294571449e+01,5.975763051585138e+00
3.282756294571449e+01,5.974921436903289e+00
3.287756294571449e+01,5.974081067547449e+00
3.292756294571448e+01,5.973241941709569e+00
3.297756294571448e+01,5.972404057583948e+00
3.302756294571448e+01,5.971567413367413e+00
3.307756294571448e+01,5.970732007259299e+00
3.312756294571447e+01,5.969897837461370e+00
3.317756294571447e+01,5.969064902177833e+00
3.322756294571447e+01,5.968233199615333e+00
3.327756294571446e+01,5.967402727983004e+00
3.332756294571446e+01,5.966573485492422e+00
3.337756294571446e+01,5.965745470357560e+00
3.342756294571446e+01,5.964918680794869e+00
3.347756294571445e+01,5.964093115023274e+00
3.352756294571445e+01,5.963268771264089e+00
3.357756294571445e+01,5.962445647741047e+00
3.362756294571444e+01,5.961623742680346e+00
3.367756294571444e+01,5.960803054310584e+00
3.372756294571444e+01,5.959983580862778e+00
3.377756294571444e+01,5.959165320570410e+00
3.382756294571443e+01,5.958348271669366e+00
3.387756294571443e+01,5.957532432397903e+00
3.392756294571443e+01,5.956717800996710e+00
3.397756294571442e+01,5.955904375708893e+00
3.402756294571442e+01,5.955092154779986e+00
3.407756294571442e+01,5.954281136457928e+00
3.412756294571442e+01,5.953471318993035e+00
3.417756294571441e+01,5.952662700637993e+00
3.422756294571441e+01,5.951855279647884e+00
3.427756294571441e+01,5.951049054280273e+00
3.432756294571440e+01,5.950244022795073e+00
3.437756294571440e+01,5.949440183454515e+00
3.442756294571440e+01,5.948637534523233e+00
3.447756294571440e+01,5.947836074268324e+00
3.452756294571439e+01,5.947035800959253e+00
3.457756294571439e+01,5.946236712867721e+00
3.462756294571439e+01,5.945438808267921e+00
3.467756294571439e+01,5.944642085436437e+00
3.472756294571438e+01,5.943846542652127e+00
3.477756294571438e+01,5.943052178196308e+00
3.482756294571438e+01,5.942258990352566e+00
3.487756294571437e+01,5.941466977406876e+00
3.492756294571437e+01,5.940676137647659e+00
3.497756294571437e+01,5.939886469365543e+00
3.502756294571437e+01,5.939097970853538e+00
3.507756294571436e+01,5.938310640407117e+00
3.512756294571436e+01,5.937524476324016e+00
3.517756294571436e+01,5.936739476904294e+00
3.522756294571435e+01,5.935955640450389e+00
3.527756294571435e+01,5.935172965266971e+00
3.532756294571435e+01,5.934391449661144e+00
3.537756294571435e+01,5.933611091942381e+00
3.542756294571434e+01,5.932831890422388e+00
3.547756294571434e+01,5.932053843415206e+00
3.552756294571434e+01,5.931276949237239e+00
3.557756294571433e+01,5.930501206207235e+00
3.562756294571433e+01,5.929726612646217e+00
3.567756294571433e+01,5.928953166877452e+00
3.572756294571433e+01,5.928180867226576e+00
3.577756294571432e+01,5.927409712021587e+00
3.582756294571432e+01,5.926639699592743e+00
3.587756294571432e+01,5.925870828272576e+00
3.592756294571431e+01,5.925103096395966e+00
3.597756294571431e+01,5.924336502300087e+00
3.602756294571431e+01,5.923571044324353e+00
3.607756294571431e+01,5.922806720810494e+00
3.612756294571430e+01,5.922043530102582e+00
3.617756294571430e+01,5.921281470546883e+00
3.622756294571430e+01,5.920520540491982e+00
3.627756294571429e+01,5.919760738288789e+00
3.632756294571429e+01,5.919002062290432e+00
3.637756294571429e+01,5.918244510852344e+00
3.642756294571429e+01,5.917488082332238e+00
3.647756294571428e+01,5.916732775090072e+00
3.652756294571428e+01,5.915978587488064e+00
3.657756294571428e+01,5.915225517890713e+00
3.662756294571427e+01,5.914473564664751e+00
3.667756294571427e+01,5.913722726179190e+00
3.672756294571427e+01,5.912973000805342e+00
3.677756294571427e+01,5.912224386916713e+00
3.682756294571426e+01,5.911476882889060e+00
3.687756294571426e+01,5.910730487100416e+00
3.692756294571426e+01,5.909985197931020e+00
3.697756294571425e+01,5.909241013763355e+00
3.702756294571425e+01,5.908497932982179e+00
3.707756294571425e+01,5.907755953974492e+00
3.712756294571425e+01,5.907015075129459e+00
3.717756294571424e+01,5.906275294838501e+00
3.722756294571424e+01,5.905536611495386e+00
3.727756294571424e+01,5.904799023495969e+00
3.732756294571423e+01,5.904062529238265e+00
3.737756294571423e+01,5.903327127122667e+00
3.742756294571423e+01,5.902592815551758e+00
3.747756294571423e+01,5.901859592930265e+00
3.752756294571422e+01,5.901127457665197e+00
3.757756294571422e+01,5.900396408165700e+00
3.762756294571422e+01,5.899666442843148e+00
3.767756294571421e+01,5.898937560111218e+00
3.772756294571421e+01,5.898209758385640e+00
3.777756294571421e+01,5.897483036084338e+00
3.782756294571421e+01,5.896757391627559e+00
3.787756294571420e+01,5.896032823437735e+00
3.792756294571420e+01,5.895309329939376e+00
3.797756294571420e+01,5.894586909559191e+00
3.802756294571419e+01,5.893865560726185e+00
3.807756294571419e+01,5.893145281871480e+00
3.812756294571419e+01,5.892426071428381e+00
3.817756294571419e+01,5.891707927832359e+00
3.822756294571418e+01,5.890990849521062e+00
3.827756294571418e+01,5.890274834934292e+00
3.832756294571418e+01,5.889559882513971e+00
3.837756294571417e+01,5.888845990704299e+00
3.842756294571417e+01,5.888133157951656e+00
3.847756294571417e+01,5.887421382704462e+00
3.852756294571417e+01,5.886710663413355e+00
3.857756294571416e+01,5.886000998531127e+00
3.862756294571416e+01,5.885292386512724e+00
3.867756294571416e+01,5.884584825815256e+00
3.872756294571415e+01,5.883878314897933e+00
3.877756294571415e+01,5.883172852222129e+00
3.882756294571415e+01,5.882468436251393e+00
3.887756294571415e+01,5.881765065451382e+00
3.892756294571414e+01,5.881062738289848e+00
3.897756294571414e+01,5.880361453236756e+00
3.902756294571414e+01,5.879661208764215e+00
3.907756294571413e+01,5.878962003346398e+00
3.912756294571413e+01,5.878263835459605e+00
3.917756294571413e+01,5.877566703582221e+00
3.922756294571413e+01,5.876870606194844e+00
3.927756294571412e+01,5.876175541780214e+00
3.932756294571412e+01,5.875481508823084e+00
3.937756294571412e+01,5.874788505810320e+00
3.942756294571412e+01,5.874096531230974e+00
3.947756294571411e+01,5.873405583576174e+00
3.952756294571411e+01,5.872715661339135e+00
3.957756294571411e+01,5.872026763015206e+00
3.962756294571410e+01,5.871338887101818e+00
3.967756294571410e+01,5.870652032098466e+00
3.972756294571410e+01,5.869966196506762e+00
3.977756294571410e+01,5.869281378830491e+00
3.982756294571409e+01,5.868597577575443e+00
3.987756294571409e+01,5.867914791249445e+00
3.992756294571409e+01,5.867233018362481e+00
3.997756294571408e+01,5.866552257426615e+00
4.002756294571408e+01,5.865872506956007e+00
4.007756294571408e+01,5.865193765466832e+00
4.012756294571408e+01,5.864516031477359e+00
4.017756294571407e+01,5.863839303508011e+00
4.022756294571407e+01,5.863163580081172e+00
4.027756294571407e+01,5.862488859721260e+00
4.032756294571406e+01,5.861815140954881e+00
4.037756294571406e+01,5.861142422310696e+00
4.042756294571406e+01,5.860470702319327e+00
4.047756294571406e+01,5.859799979513479e+00
4.052756294571405e+01,5.859130252427940e+00
4.057756294571405e+01,5.858461519599563e+00
4.062756294571405e+01,5.857793779567216e+00
4.067756294571404e+01,5.857127030871768e+00
4.072756294571404e+01,5.856461272056185e+00
4.077756294571404e+01,5.855796501665530e+00
4.082756294571404e+01,5.855132718246855e+00
4.087756294571403e+01,5.854469920349141e+00
4.092756294571403e+01,5.853808106523516e+00
4.097756294571403e+01,5.853147275323213e+00
4.102756294571402e+01,5.852487425303335e+00
4.107756294571402e+01,5.851828555021026e+00
4.112756294571402e+01,5.851170663035529e+00
4.117756294571402e+01,5.850513747908095e+00
4.122756294571401e+01,5.849857808201962e+00
4.127756294571401e+01,5.849202842482377e+00
4.132756294571401e+01,5.848548849316617e+00
4.137756294571400e+01,5.847895827273964e+00
4.142756294571400e+01,5.847243774925699e+00
4.147756294571400e+01,5.846592690845113e+00
4.152756294571400e+01,5.845942573607561e+00
4.157756294571399e+01,5.845293421790322e+00
4.162756294571399e+01,5.844645233972628e+00
4.167756294571399e+01,5.843998008735808e+00
4.172756294571398e+01,5.843351744663154e+00
4.177756294571398e+01,5.842706440339885e+00
4.182756294571398e+01,5.842062094353272e+00
4.187756294571398e+01,5.841418705292607e+00
4.192756294571397e+01,5.840776271749051e+00
4.197756294571397e+01,5.840134792315770e+00
4.202756294571397e+01,5.839494265588042e+00
4.207756294571396e+01,5.838854690163003e+00
4.212756294571396e+01,5.838216064639697e+00
4.217756294571396e+01,5.837578387619249e+00
4.222756294571396e+01,5.836941657704743e+00
4.227756294571395e+01,5.836305873501183e+00
4.232756294571395e+01,5.835671033615541e+00
4.237756294571395e+01,5.835037136656783e+00
4.242756294571394e+01,5.834404181235810e+00
4.247756294571394e+01,5.833772165965456e+00
4.252756294571394e+01,5.833141089460564e+00
4.257756294571394e+01,5.832510950337859e+00
4.262756294571393e+01,5.831881747216038e+00
4.267756294571393e+01,5.831253478715779e+00
4.272756294571393e+01,5.830626143459657e+00
4.277756294571392e+01,5.829999740072195e+00
4.282756294571392e+01,5.829374267179816e+00
4.287756294571392e+01,5.828749723410948e+00
4.292756294571392e+01,5.828126107396011e+00
4.297756294571391e+01,5.827503417767234e+00
4.302756294571391e+01,5.826881653158741e+00
4.307756294571391e+01,5.826260812206649e+00
4.312756294571390e+01,5.825640893549006e+00
4.317756294571390e+01,5.825021895825813e+00
4.322756294571390e+01,5.824403817678951e+00
4.327756294571390e+01,5.823786657752124e+00
4.332756294571389e+01,5.823170414691027e+00
4.337756294571389e+01,5.822555087143342e+00
4.342756294571389e+01,5.821940673758614e+00
4.347756294571388e+01,5.821327173188227e+00
4.352756294571388e+01,5.820714584085491e+00
4.357756294571388e+01,5.820102905105661e+00
4.362756294571388e+01,5.819492134905820e+00
4.367756294571387e+01,5.818882272144973e+00
4.372756294571387e+01,5.818273315484094e+00
4.377756294571387e+01,5.817665263585961e+00
4.382756294571386e+01,5.817058115115247e+00
4.387756294571386e+01,5.816451868738600e+00
4.392756294571386e+01,5.815846523124472e+00
4.397756294571386e+01,5.815242076943139e+00
4.402756294571385e+01,5.814638528866819e+00
4.407756294571385e+01,5.814035877569636e+00
4.412756294571385e+01,5.813434121727576e+00
4.417756294571385e+01,5.812833260018487e+00
4.422756294571384e+01,5.812233291122078e+00
4.427756294571384e+01,5.811634213719907e+00
4.432756294571384e+01,5.811036026495400e+00
4.437756294571383e+01,5.810438728133875e+00
4.442756294571383e+01,5.809842317322494e+00
4.447756294571383e+01,5.809246792750296e+00
4.452756294571383e+01,5.808652153108170e+00
4.457756294571382e+01,5.808058397088818e+00
4.462756294571382e+01,5.807465523386799e+00
4.467756294571382e+01,5.806873530698546e+00
4.472756294571381e+01,5.806282417722353e+00
4.477756294571381e+01,5.805692183158333e+00
4.482756294571381e+01,5.805102825708416e+00
4.487756294571381e+01,5.804514344076376e+00
4.492756294571380e+01,5.803926736967832e+00
4.497756294571380e+01,5.803340003090274e+00
4.502756294571380e+01,5.802754141153016e+00
4.507756294571379e+01,5.802169149867145e+00
4.512756294571379e+01,5.801585027945599e+00
4.517756294571379e+01,5.801001774103168e+00
4.522756294571379e+01,5.800419387056425e+00
4.527756294571378e+01,5.799837865523762e+00
4.532756294571378e+01,5.799257208225448e+00
4.537756294571378e+01,5.798677413883532e+00
4.542756294571377e+01,5.798098481221817e+00
4.547756294571377e+01,5.797520408965946e+00
4.552756294571377e+01,5.796943195843446e+00
4.557756294571377e+01,5.796366840583618e+00
4.562756294571376e+01,5.795791341917479e+00
4.567756294571376e+01,5.795216698577908e+00
4.572756294571376e+01,5.794642909299609e+00
4.577756294571375e+01,5.794069972819031e+00
4.582756294571375e+01,5.793497887874429e+00
4.587756294571375e+01,5.792926653205893e+00
4.592756294571375e+01,5.792356267555284e+00
4.597756294571374e+01,5.791786729666193e+00
4.602756294571374e+01,5.791218038284013e+00
4.607756294571374e+01,5.790650192155981e+00
4.612756294571373e+01,5.790083190031082e+00
4.617756294571373e+01,5.789517030660021e+00
4.622756294571373e+01,5.788951712795391e+00
4.627756294571373e+01,5.788387235191493e+00
4.632756294571372e+01,5.787823596604333e+00
4.637756294571372e+01,5.787260795791772e+00
4.642756294571372e+01,5.786698831513450e+00
4.647756294571371e+01,5.786137702530760e+00
4.652756294571371e+01,5.785577407606771e+00
4.657756294571371e+01,5.785017945506338e+00
4.662756294571371e+01,5.784459314996178e+00
4.667756294571370e+01,5.783901514844712e+00
4.672756294571370e+01,5.783344543822024e+00
4.677756294571370e+01,5.782788400700031e+00
4.682756294571369e+01,5.782233084252432e+00
4.687756294571369e+01,5.781678593254571e+00
4.692756294571369e+01,5.781124926483573e+00
4.697756294571369e+01,5.780572082718359e+00
4.702756294571368e+01,5.780020060739537e+00
4.707756294571368e+01,5.779468859329442e+00
4.712756294571368e+01,5.778918477272176e+00
4.717756294571367e+01,5.778368913353540e+00
4.722756294571367e+01,5.777820166361090e+00
4.727756294571367e+01,5.777272235084106e+00
4.732756294571367e+01,5.776725118313569e+00
4.737756294571366e+01,5.776178814842201e+00
4.742756294571366e+01,5.775633323464442e+00
4.747756294571366e+01,5.775088642976517e+00
4.752756294571365e+01,5.774544772176287e+00
4.757756294571365e+01,5.774001709863224e+00
4.762756294571365e+01,5.773459454838687e+00
4.767756294571365e+01,5.772918005905784e+00
4.772756294571364e+01,5.772377361869175e+00
4.777756294571364e+01,5.771837521535218e+00
4.782756294571364e+01,5.771298483712039e+00
4.787756294571363e+01,5.770760247209510e+00
4.792756294571363e+01,5.770222810839182e+00
4.797756294571363e+01,5.769686173414216e+00
4.802756294571363e+01,5.769150333749519e+00
4.807756294571362e+01,5.768615290661744e+00
4.812756294571362e+01,5.768081042969156e+00
4.817756294571362e+01,5.767547589491721e+00
4.822756294571361e+01,5.767014929051101e+00
4.827756294571361e+01,5.766483060470641e+00
4.832756294571361e+01,5.765951982575411e+00
4.837756294571361e+01,5.765421694192080e+00
4.842756294571360e+01,5.764892194148989e+00
4.847756294571360e+01,5.764363481276212e+00
4.852756294571360e+01,5.763835554405503e+00
4.857756294571359e+01,5.763308412370262e+00
4.862756294571359e+01,5.762782054005510e+00
4.867756294571359e+01,5.762256478147965e+00
4.872756294571359e+01,5.761731683636041e+00
4.877756294571358e+01,5.761207669309834e+00
4.882756294571358e+01,5.760684434011016e+00
4.887756294571358e+01,5.760161976582886e+00
4.892756294571358e+01,5.759640295870499e+00
4.897756294571357e+01,5.759119390720556e+00
4.902756294571357e+01,5.758599259981329e+00
4.907756294571357e+01,5.758079902502804e+00
4.912756294571356e+01,5.757561317136634e+00
4.917756294571356e+01,5.757043502736012e+00
4.922756294571356e+01,5.756526458155816e+00
4.927756294571356e+01,5.756010182252624e+00
4.932756294571355e+01,5.755494673884608e+00
4.937756294571355e+01,5.754979931911552e+00
4.942756294571355e+01,5.754465955194889e+00
4.947756294571354e+01,5.753952742597718e+00
4.952756294571354e+01,5.753440292984715e+00
4.957756294571354e+01,5.752928605222156e+00
4.962756294571354e+01,5.752417678178047e+00
4.967756294571353e+01,5.751907510721960e+00
4.972756294571353e+01,5.751398101725010e+00
4.977756294571353e+01,5.750889450060032e+00
4.982756294571352e+01,5.750381554601471e+00
4.987756294571352e+01,5.749874414225313e+00
4.992756294571352e+01,5.749368027809211e+00
4.997756294571352e+01,5.748862394232411e+00
5.002756294571351e+01,5.748357512375790e+00
5.007756294571351e+01,5.747853381121827e+00
5.012756294571351e+01,5.747349999354541e+00
5.017756294571350e+01,5.746847365959596e+00
5.022756294571350e+01,5.746345479824276e+00
5.027756294571350e+01,5.745844339837430e+00
5.032756294571350e+01,5.745343944889504e+00
5.037756294571349e+01,5.744844293872558e+00
5.042756294571349e+01,5.744345385680208e+00
5.047756294571349e+01,5.743847219207654e+00
5.052756294571348e+01,5.743349793351705e+00
5.057756294571348e+01,5.742853107010741e+00
5.062756294571348e+01,5.742357159084753e+00
5.067756294571348e+01,5.741861948475317e+00
5.072756294571347e+01,5.741367474085535e+00
5.077756294571347e+01,5.740873734820081e+00
5.082756294571347e+01,5.740380729585256e+00
5.087756294571346e+01,5.739888457288878e+00
5.092756294571346e+01,5.739396916840356e+00
5.097756294571346e+01,5.738906107150713e+00
5.102756294571346e+01,5.738416027132466e+00
5.107756294571345e+01,5.737926675699691e+00
5.112756294571345e+01,5.737438051768089e+00
5.117756294571345e+01,5.736950154254906e+00
5.122756294571344e+01,5.736462982078899e+00
5.127756294571344e+01,5.735976534160380e+00
5.132756294571344e+01,5.735490809421226e+00
5.137756294571344e+01,5.735005806784891e+00
5.142756294571343e+01,5.734521525176375e+00
5.147756294571343e+01,5.734037963522210e+00
5.152756294571343e+01,5.733555120750466e+00
5.157756294571342e+01,5.733072995790721e+00
5.162756294571342e+01,5.732591587574176e+00
5.167756294571342e+01,5.732110895033544e+00
5.172756294571342e+01,5.731630917102985e+00
5.177756294571341e+01,5.731151652718246e+00
5.182756294571341e+01,5.730673100816666e+00
5.187756294571341e+01,5.730195260337063e+00
5.192756294571340e+01,5.729718130219786e+00
5.197756294571340e+01,5.729241709406728e+00
5.202756294571340e+01,5.728765996841288e+00
5.207756294571340e+01,5.728290991468375e+00
5.212756294571339e+01,5.727816692234406e+00
5.217756294571339e+01,5.727343098087320e+00
5.222756294571339e+01,5.726870207976599e+00
5.227756294571338e+01,5.726398020853259e+00
5.232756294571338e+01,5.725926535669807e+00
5.237756294571338e+01,5.725455751380233e+00
5.242756294571338e+01,5.724985666939996e+00
5.247756294571337e+01,5.724516281306124e+00
5.252756294571337e+01,5.724047593437184e+00
5.257756294571337e+01,5.723579602293166e+00
5.262756294571336e+01,5.723112306835610e+00
5.267756294571336e+01,5.722645706027516e+00
5.272756294571336e+01,5.722179798833371e+00
5.277756294571336e+01,5.721714584219209e+00
5.282756294571335e+01,5.721250061152518e+00
5.287756294571335e+01,5.720786228602273e+00
5.292756294571335e+01,5.720323085538956e+00
5.297756294571334e+01,5.719860630934523e+00
5.302756294571334e+01,5.719398863762427e+00
5.307756294571334e+01,5.718937782997568e+00
5.312756294571334e+01,5.718477387616337e+00
5.317756294571333e+01,5.718017676596633e+00
5.322756294571333e+01,5.717558648917786e+00
5.327756294571333e+01,5.717100303560643e+00
5.332756294571332e+01,5.716642639507461e+00
5.337756294571332e+01,5.716185655741977e+00
5.342756294571332e+01,5.715729351249492e+00
5.347756294571332e+01,5.715273725016706e+00
5.352756294571331e+01,5.714818776031755e+00
5.357756294571331e+01,5.714364503284240e+00
5.362756294571331e+01,5.713910905765237e+00
5.367756294571330e+01,5.713457982467339e+00
5.372756294571330e+01,5.713005732384498e+00
5.377756294571330e+01,5.712554154512130e+00
5.382756294571330e+01,5.712103247847170e+00
5.387756294571329e+01,5.711653011387971e+00
5.392756294571329e+01,5.711203444134285e+00
5.397756294571329e+01,5.710754545087376e+00
5.402756294571329e+01,5.710306313249979e+00
5.407756294571328e+01,5.709858747626154e+00
5.412756294571328e+01,5.709411847221443e+00
5.417756294571328e+01,5.708965611042908e+00
5.422756294571327e+01,5.708520038098978e+00
5.427756294571327e+01,5.708075127399489e+00
5.432756294571327e+01,5.707630877955742e+00
5.437756294571327e+01,5.707187288780505e+00
5.442756294571326e+01,5.706744358887957e+00
5.447756294571326e+01,5.706302087293683e+00
5.452756294571326e+01,5.705860473014681e+00
5.457756294571325e+01,5.705419515069336e+00
5.462756294571325e+01,5.704979212477514e+00
5.467756294571325e+01,5.704539564260506e+00
5.472756294571325e+01,5.704100569441005e+00
5.477756294571324e+01,5.703662227043133e+00
5.482756294571324e+01,5.703224536092433e+00
5.487756294571324e+01,5.702787495615801e+00
5.492756294571323e+01,5.702351104641507e+00
5.497756294571323e+01,5.701915362199362e+00
5.502756294571323e+01,5.701480267320523e+00
5.507756294571323e+01,5.701045819037494e+00
5.512756294571322e+01,5.700612016384269e+00
5.517756294571322e+01,5.700178858396227e+00
5.522756294571322e+01,5.699746344110106e+00
5.527756294571321e+01,5.699314472564007e+00
5.532756294571321e+01,5.698883242797472e+00
5.537756294571321e+01,5.698452653851459e+00
5.542756294571321e+01,5.698022704768247e+00
5.547756294571320e+01,5.697593394591546e+00
5.552756294571320e+01,5.697164722366507e+00
5.557756294571320e+01,5.696736687139614e+00
5.562756294571319e+01,5.696309287958690e+00
5.567756294571319e+01,5.695882523872962e+00
5.572756294571319e+01,5.695456393933075e+00
5.577756294571319e+01,5.695030897191037e+00
5.582756294571318e+01,5.694606032700218e+00
5.587756294571318e+01,5.694181799515353e+00
5.592756294571318e+01,5.693758196692552e+00
5.597756294571317e+01,5.693335223289296e+00
5.602756294571317e+01,5.692912878364443e+00
5.607756294571317e+01,5.692491160978255e+00
5.612756294571317e+01,5.692070070192290e+00
5.617756294571316e+01,5.691649605069435e+00
5.622756294571316e+01,5.691229764674020e+00
5.627756294571316e+01,5.690810548071752e+00
5.632756294571315e+01,5.690391954329669e+00
5.637756294571315e+01,5.689973982516095e+00
5.642756294571315e+01,5.689556631700738e+00
5.647756294571315e+01,5.689139900954698e+00
5.652756294571314e+01,5.688723789350370e+00
5.657756294571314e+01,5.688308295961551e+00
5.662756294571314e+01,5.687893419863403e+00
5.667756294571313e+01,5.687479160132379e+00
5.672756294571313e+01,5.687065515846258e+00
5.677756294571313e+01,5.686652486084163e+00
5.682756294571313e+01,5.686240069926580e+00
5.687756294571312e+01,5.685828266455362e+00
5.692756294571312e+01,5.685417074753619e+00
5.697756294571312e+01,5.685006493905819e+00
5.702756294571311e+01,5.684596522997810e+00
5.707756294571311e+01,5.684187161116742e+00
5.712756294571311e+01,5.683778407351097e+00
5.717756294571311e+01,5.683370260790650e+00
5.722756294571310e+01,5.682962720526513e+00
5.727756294571310e+01,5.682555785651148e+00
5.732756294571310e+01,5.682149455258295e+00
5.737756294571309e+01,5.681743728443025e+00
5.742756294571309e+01,5.681338604301779e+00
5.747756294571309e+01,5.680934081932236e+00
5.752756294571309e+01,5.680530160433370e+00
5.757756294571308e+01,5.680126838905546e+00
5.762756294571308e+01,5.679724116450420e+00
5.767756294571308e+01,5.679321992170962e+00
5.772756294571307e+01,5.678920465171437e+00
5.777756294571307e+01,5.678519534557350e+00
5.782756294571307e+01,5.678119199435570e+00
5.787756294571307e+01,5.677719458914264e+00
5.792756294571306e+01,5.677320312102869e+00
5.797756294571306e+01,5.676921758112156e+00
5.802756294571306e+01,5.676523796054179e+00
5.807756294571305e+01,5.676126425042296e+00
5.812756294571305e+01,5.675729644191124e+00
5.817756294571305e+01,5.675333452616556e+00
5.822756294571305e+01,5.674937849435850e+00
5.827756294571304e+01,5.674542833767509e+00
5.832756294571304e+01,5.674148404731272e+00
5.837756294571304e+01,5.673754561448174e+00
5.842756294571303e+01,5.673361303040594e+00
5.847756294571303e+01,5.672968628632203e+00
5.852756294571303e+01,5.672576537347882e+00
5.857756294571303e+01,5.672185028313762e+00
5.862756294571302e+01,5.671794100657294e+00
5.867756294571302e+01,5.671403753507204e+00
5.872756294571302e+01,5.671013985993470e+00
5.877756294571302e+01,5.670624797247373e+00
5.882756294571301e+01,5.670236186401469e+00
5.887756294571301e+01,5.669848152589545e+00
5.892756294571301e+01,5.669460694946602e+00
5.897756294571300e+01,5.669073812608941e+00
5.902756294571300e+01,5.668687504714182e+00
5.907756294571300e+01,5.668301770401152e+00
5.912756294571300e+01,5.667916608809941e+00
5.917756294571299e+01,5.667532019081930e+00
5.922756294571299e+01,5.667148000359666e+00
5.927756294571299e+01,5.666764551786928e+00
5.932756294571298e+01,5.666381672508829e+00
5.937756294571298e+01,5.665999361671805e+00
5.942756294571298e+01,5.665617618423462e+00
5.947756294571298e+01,5.665236441912557e+00
5.952756294571297e+01,5.664855831289173e+00
5.957756294571297e+01,5.664475785704661e+00
5.962756294571297e+01,5.664096304311554e+00
5.967756294571296e+01,5.663717386263620e+00
5.972756294571296e+01,5.663339030715894e+00
5.977756294571296e+01,5.662961236824669e+00
5.982756294571296e+01,5.662584003747404e+00
5.987756294571295e+01,5.662207330642808e+00
5.992756294571295e+01,5.661831216670911e+00
5.997756294571295e+01,5.661455660992881e+00
6.002756294571294e+01,5.661080662771087e+00
6.007756294571294e+01,5.660706221169184e+00
6.012756294571294e+01,5.660332335351976e+00
6.017756294571294e+01,5.659959004485524e+00
6.022756294571293e+01,5.659586227737189e+00
6.027756294571293e+01,5.659214004275468e+00
6.032756294571293e+01,5.658842333270051e+00
6.037756294571292e+01,5.658471213891903e+00
6.042756294571292e+01,5.658100645313153e+00
6.047756294571292e+01,5.657730626707136e+00
6.052756294571292e+01,5.657361157248458e+00
6.057756294571291e+01,5.656992236112882e+00
6.062756294571291e+01,5.656623862477365e+00
6.067756294571291e+01,5.656256035520119e+00
6.072756294571290e+01,5.655888754420561e+00
6.077756294571290e+01,5.655522018359246e+00
6.082756294571290e+01,5.655155826517929e+00
6.087756294571290e+01,5.654790178079606e+00
6.092756294571289e+01,5.654425072228449e+00
6.097756294571289e+01,5.654060508149827e+00
6.102756294571289e+01,5.653696485030325e+00
6.107756294571288e+01,5.653333002057703e+00
6.112756294571288e+01,5.652970058420886e+00
6.117756294571288e+01,5.652607653309980e+00
6.122756294571288e+01,5.652245785916265e+00
6.127756294571287e+01,5.651884455432280e+00
6.132756294571287e+01,5.651523661051737e+00
6.137756294571287e+01,5.651163401969460e+00
6.142756294571286e+01,5.650803677381499e+00
6.147756294571286e+01,5.650444486485105e+00
6.152756294571286e+01,5.650085828478630e+00
6.157756294571286e+01,5.649727702561590e+00
6.162756294571285e+01,5.649370107934756e+00
6.167756294571285e+01,5.649013043800055e+00
6.172756294571285e+01,5.648656509360564e+00
6.177756294571284e+01,5.648300503820487e+00
6.182756294571284e+01,5.647945026385240e+00
6.187756294571284e+01,5.647590076261443e+00
6.192756294571284e+01,5.647235652656846e+00
6.197756294571283e+01,5.646881754780321e+00
6.202756294571283e+01,5.646528381841890e+00
6.207756294571283e+01,5.646175533052767e+00
6.212756294571282e+01,5.645823207625334e+00
6.217756294571282e+01,5.645471404773160e+00
6.222756294571282e+01,5.645120123710907e+00
6.227756294571282e+01,5.644769363654365e+00
6.232756294571281e+01,5.644419123820522e+00
6.237756294571281e+01,5.644069403427529e+00
6.242756294571281e+01,5.643720201694649e+00
6.247756294571280e+01,5.643371517842283e+00
6.252756294571280e+01,5.643023351092027e+00
6.257756294571280e+01,5.642675700666556e+00
6.262756294571280e+01,5.642328565789716e+00
6.267756294571279e+01,5.641981945686537e+00
6.272756294571279e+01,5.641635839583068e+00
6.277756294571279e+01,5.641290246706558e+00
6.282756294571278e+01,5.640945166285445e+00
6.287756294571278e+01,5.640600597549223e+00
6.292756294571278e+01,5.640256539728563e+00
6.297756294571278e+01,5.639912992055248e+00
6.302756294571277e+01,5.639569953762186e+00
6.307756294571277e+01,5.639227424083401e+00
6.312756294571277e+01,5.638885402254010e+00
6.317756294571276e+01,5.638543887510314e+00
6.322756294571276e+01,5.638202879089733e+00
6.327756294571276e+01,5.637862376230800e+00
6.332756294571276e+01,5.637522378173158e+00
6.337756294571275e+01,5.637182884157526e+00
6.342756294571275e+01,5.636843893425787e+00
6.347756294571275e+01,5.636505405220918e+00
6.352756294571275e+01,5.636167418787037e+00
6.357756294571274e+01,5.635829933369360e+00
6.362756294571274e+01,5.635492948214161e+00
6.367756294571274e+01,5.635156462568881e+00
6.372756294571273e+01,5.634820475682075e+00
6.377756294571273e+01,5.634484986803343e+00
6.382756294571273e+01,5.634149995183423e+00
6.387756294571273e+01,5.633815500074152e+00
6.392756294571272e+01,5.633481500728455e+00
6.397756294571272e+01,5.633147996400382e+00
6.402756294571272e+01,5.632814986345037e+00
6.407756294571271e+01,5.632482469818680e+00
6.412756294571271e+01,5.632150446078660e+00
6.417756294571271e+01,5.631818914383304e+00
6.422756294571271e+01,5.631487873992100e+00
6.427756294571270e+01,5.631157324165699e+00
6.432756294571270e+01,5.630827264165792e+00
6.437756294571270e+01,5.630497693255102e+00
6.442756294571269e+01,5.630168610697483e+00
6.447756294571269e+01,5.629840015757852e+00
6.452756294571269e+01,5.629511907702185e+00
6.457756294571269e+01,5.629184285797642e+00
6.462756294571268e+01,5.628857149312408e+00
6.467756294571268e+01,5.628530497515642e+00
6.472756294571268e+01,5.628204329677684e+00
6.477756294571267e+01,5.627878645069982e+00
6.482756294571267e+01,5.627553442964972e+00
6.487756294571267e+01,5.627228722636159e+00
6.492756294571267e+01,5.626904483358146e+00
6.497756294571266e+01,5.626580724406639e+00
6.502756294571266e+01,5.626257445058390e+00
6.507756294571266e+01,5.625934644591168e+00
6.512756294571265e+01,5.625612322283845e+00
6.517756294571265e+01,5.625290477416343e+00
6.522756294571265e+01,5.624969109269637e+00
6.527756294571265e+01,5.624648217125814e+00
6.532756294571264e+01,5.624327800267991e+00
6.537756294571264e+01,5.624007857980268e+00
6.542756294571264e+01,5.623688389547847e+00
6.547756294571263e+01,5.623369394257035e+00
6.552756294571263e+01,5.623050871395181e+00
6.557756294571263e+01,5.622732820250615e+00
6.562756294571263e+01,5.622415240112736e+00
6.567756294571262e+01,5.622098130272040e+00
6.572756294571262e+01,5.621781490020004e+00
6.577756294571262e+01,5.621465318649162e+00
6.582756294571261e+01,5.621149615453145e+00
6.587756294571261e+01,5.620834379726586e+00
6.592756294571261e+01,5.620519610765156e+00
6.597756294571261e+01,5.620205307865564e+00
6.602756294571260e+01,5.619891470325545e+00
6.607756294571260e+01,5.619578097443898e+00
6.612756294571260e+01,5.619265188520463e+00
6.617756294571259e+01,5.618952742856062e+00
6.622756294571259e+01,5.618640759752544e+00
6.627756294571259e+01,5.618329238512873e+00
6.632756294571259e+01,5.618018178440976e+00
6.637756294571258e+01,5.617707578841786e+00
6.642756294571258e+01,5.617397439021329e+00
6.647756294571258e+01,5.617087758286590e+00
6.652756294571257e+01,5.616778535945602e+00
6.657756294571257e+01,5.616469771307453e+00
6.662756294571257e+01,5.616161463682220e+00
6.667756294571257e+01,5.615853612380941e+00
6.672756294571256e+01,5.615546216715711e+00
6.677756294571256e+01,5.615239275999702e+00
6.682756294571256e+01,5.614932789547057e+00
6.687756294571255e+01,5.614626756672902e+00
6.692756294571255e+01,5.614321176693416e+00
6.697756294571255e+01,5.614016048925780e+00
6.702756294571255e+01,5.613711372688122e+00
6.707756294571254e+01,5.613407147299620e+00
6.712756294571254e+01,5.613103372080523e+00
6.717756294571254e+01,5.612800046352016e+00
6.722756294571253e+01,5.612497169436238e+00
6.727756294571253e+01,5.612194740656389e+00
6.732756294571253e+01,5.611892759336707e+00
6.737756294571253e+01,5.611591224802320e+00
6.742756294571252e+01,5.611290136379426e+00
6.747756294571252e+01,5.610989493395276e+00
6.752756294571252e+01,5.610689295177996e+00
6.757756294571251e+01,5.610389541056736e+00
6.762756294571251e+01,5.610090230361678e+00
6.767756294571251e+01,5.609791362423937e+00
6.772756294571251e+01,5.609492936575657e+00
6.777756294571250e+01,5.609194952150028e+00
6.782756294571250e+01,5.608897408481156e+00
6.787756294571250e+01,5.608600304904070e+00
6.792756294571249e+01,5.608303640754822e+00
6.797756294571249e+01,5.608007415370510e+00
6.802756294571249e+01,5.607711628089198e+00
6.807756294571249e+01,5.607416278249847e+00
6.812756294571248e+01,5.607121365192429e+00
6.817756294571248e+01,5.606826888257969e+00
6.822756294571248e+01,5.606532846788405e+00
6.827756294571248e+01,5.606239240126605e+00
6.832756294571247e+01,5.605946067616465e+00
6.837756294571247e+01,5.605653328602829e+00
6.842756294571247e+01,5.605361022431516e+00
6.847756294571246e+01,5.605069148449366e+00
6.852756294571246e+01,5.604777706004112e+00
6.857756294571246e+01,5.604486694444449e+00
6.862756294571246e+01,5.604196113120064e+00
6.867756294571245e+01,5.603905961381614e+00
6.872756294571245e+01,5.603616238580747e+00
6.877756294571245e+01,5.603326944069980e+00
6.882756294571244e+01,5.603038077202781e+00
6.887756294571244e+01,5.602749637333670e+00
6.892756294571244e+01,5.602461623818131e+00
6.897756294571244e+01,5.602174036012531e+00
6.902756294571243e+01,5.601886873274171e+00
6.907756294571243e+01,5.601600134961354e+00
6.912756294571243e+01,5.601313820433316e+00
6.917756294571242e+01,5.601027929050210e+00
6.922756294571242e+01,5.600742460173221e+00
6.927756294571242e+01,5.600457413164468e+00
6.932756294571242e+01,5.600172787386908e+00
6.937756294571241e+01,5.599888582204507e+00
6.942756294571241e+01,5.599604796982207e+00
6.947756294571241e+01,5.599321431085819e+00
6.952756294571240e+01,5.599038483882164e+00
6.957756294571240e+01,5.598755954739007e+00
6.962756294571240e+01,5.598473843024959e+00
6.967756294571240e+01,5.598192148109575e+00
6.972756294571239e+01,5.597910869363395e+00
6.977756294571239e+01,5.597630006157891e+00
6.982756294571239e+01,5.597349557865524e+00
6.987756294571238e+01,5.597069523859587e+00
6.992756294571238e+01,5.596789903514271e+00
6.997756294571238e+01,5.596510696204774e+00
7.002756294571238e+01,5.596231901307213e+00
7.007756294571237e+01,5.595953518198632e+00
7.012756294571237e+01,5.595675546256962e+00
7.017756294571237e+01,5.595397984861064e+00
7.022756294571236e+01,5.595120833390755e+00
7.027756294571236e+01,5.594844091226747e+00
7.032756294571236e+01,5.594567757750652e+00
7.037756294571236e+01,5.594291832345017e+00
7.042756294571235e+01,5.594016314393314e+00
7.047756294571235e+01,5.593741203279921e+00
7.052756294571235e+01,5.593466498390104e+00
7.057756294571234e+01,5.593192199110021e+00
7.062756294571234e+01,5.592918304826783e+00
7.067756294571234e+01,5.592644814928490e+00
7.072756294571234e+01,5.592371728804070e+00
7.077756294571233e+01,5.592099045843255e+00
7.082756294571233e+01,5.591826765436800e+00
7.087756294571233e+01,5.591554886976406e+00
7.092756294571232e+01,5.591283409854597e+00
7.097756294571232e+01,5.591012333464799e+00
7.102756294571232e+01,5.590741657201344e+00
7.107756294571232e+01,5.590471380459437e+00
7.112756294571231e+01,5.590201502635231e+00
7.117756294571231e+01,5.589932023125784e+00
7.122756294571231e+01,5.589662941329022e+00
7.127756294571230e+01,5.589394256643758e+00
7.132756294571230e+01,5.589125968469697e+00
7.137756294571230e+01,5.588858076207436e+00
7.142756294571230e+01,5.588590579258465e+00
7.147756294571229e+01,5.588323477025170e+00
7.152756294571229e+01,5.588056768910810e+00
7.157756294571229e+01,5.587790454319551e+00
7.162756294571228e+01,5.587524532656442e+00
7.167756294571228e+01,5.587259003327365e+00
7.172756294571228e+01,5.586993865739149e+00
7.177756294571228e+01,5.586729119299453e+00
7.182756294571227e+01,5.586464763416780e+00
7.187756294571227e+01,5.586200797500632e+00
7.192756294571227e+01,5.585937220961359e+00
7.197756294571226e+01,5.585674033210141e+00
7.202756294571226e+01,5.585411233659021e+00
7.207756294571226e+01,5.585148821720899e+00
7.212756294571226e+01,5.584886796809628e+00
7.217756294571225e+01,5.584625158339889e+00
7.222756294571225e+01,5.584363905727182e+00
7.227756294571225e+01,5.584103038387969e+00
7.232756294571224e+01,5.583842555739531e+00
7.237756294571224e+01,5.583582457199993e+00
7.242756294571224e+01,5.583322742188368e+00
7.247756294571224e+01,5.583063410124564e+00
7.252756294571223e+01,5.582804460429342e+00
7.257756294571223e+01,5.582545892524259e+00
7.262756294571223e+01,5.582287705831768e+00
7.267756294571222e+01,5.582029899775187e+00
7.272756294571222e+01,5.581772473778695e+00
7.277756294571222e+01,5.581515427267352e+00
7.282756294571222e+01,5.581258759666992e+00
7.287756294571221e+01,5.581002470404356e+00
7.292756294571221e+01,5.580746558907089e+00
7.297756294571221e+01,5.580491024603591e+00
7.302756294571221e+01,5.580235866923157e+00
7.307756294571220e+01,5.579981085295924e+00
7.312756294571220e+01,5.579726679152853e+00
7.317756294571220e+01,5.579472647925814e+00
7.322756294571219e+01,5.579218991047451e+00
7.327756294571219e+01,5.578965707951280e+00
7.332756294571219e+01,5.578712798071696e+00
7.337756294571219e+01,5.578460260843872e+00
7.342756294571218e+01,5.578208095703856e+00
7.347756294571218e+01,5.577956302088577e+00
7.352756294571218e+01,5.577704879435741e+00
7.357756294571217e+01,5.577453827183818e+00
7.362756294571217e+01,5.577203144772196e+00
7.367756294571217e+01,5.576952831641176e+00
7.372756294571217e+01,5.576702887231831e+00
7.377756294571216e+01,5.576453310986011e+00
7.382756294571216e+01,5.576204102346386e+00
7.387756294571216e+01,5.575955260756537e+00
7.392756294571215e+01,5.575706785660882e+00
7.397756294571215e+01,5.575458676504618e+00
7.402756294571215e+01,5.575210932733745e+00
7.407756294571215e+01,5.574963553795088e+00
7.412756294571214e+01,5.574716539136372e+00
7.417756294571214e+01,5.574469888206065e+00
7.422756294571214e+01,5.574223600453447e+00
7.427756294571213e+01,5.573977675328718e+00
7.432756294571213e+01,5.573732112282828e+00
7.437756294571213e+01,5.573486910767518e+00
7.442756294571213e+01,5.573242070235411e+00
7.447756294571212e+01,5.572997590139902e+00
7.452756294571212e+01,5.572753469935148e+00
7.457756294571212e+01,5.572509709076235e+00
7.462756294571211e+01,5.572266307019064e+00
7.467756294571211e+01,5.572023263220216e+00
7.472756294571211e+01,5.571780577137129e+00
7.477756294571211e+01,5.571538248228092e+00
7.482756294571210e+01,5.571296275952202e+00
7.487756294571210e+01,5.571054659769339e+00
7.492756294571210e+01,5.570813399140147e+00
7.497756294571209e+01,5.570572493526158e+00
7.502756294571209e+01,5.570331942389687e+00
7.507756294571209e+01,5.570091745193769e+00
7.512756294571209e+01,5.569851901402312e+00
7.517756294571208e+01,5.569612410480016e+00
7.522756294571208e+01,5.569373271892371e+00
7.527756294571208e+01,5.569134485105641e+00
7.532756294571207e+01,5.568896049586912e+00
7.537756294571207e+01,5.568657964804081e+00
7.542756294571207e+01,5.568420230225799e+00
7.547756294571207e+01,5.568182845321528e+00
7.552756294571206e+01,5.567945809561547e+00
7.557756294571206e+01,5.567709122416855e+00
7.562756294571206e+01,5.567472783359246e+00
7.567756294571205e+01,5.567236791861384e+00
7.572756294571205e+01,5.567001147396668e+00
7.577756294571205e+01,5.566765849439263e+00
7.582756294571205e+01,5.566530897464166e+00
7.587756294571204e+01,5.566296290947114e+00
7.592756294571204e+01,5.566062029364613e+00
7.597756294571204e+01,5.565828112194016e+00
7.602756294571203e+01,5.565594538913420e+00
7.607756294571203e+01,5.565361309001667e+00
7.612756294571203e+01,5.565128421938434e+00
7.617756294571203e+01,5.564895877204156e+00
7.622756294571202e+01,5.564663674279971e+00
7.627756294571202e+01,5.564431812647849e+00
7.632756294571202e+01,5.564200291790596e+00
7.637756294571201e+01,5.563969111191757e+00
7.642756294571201e+01,5.563738270335590e+00
7.647756294571201e+01,5.563507768707116e+00
7.652756294571201e+01,5.563277605792120e+00
7.657756294571200e+01,5.563047781077248e+00
7.662756294571200e+01,5.562818294049909e+00
7.667756294571200e+01,5.562589144198203e+00
7.672756294571199e+01,5.562360331010980e+00
7.677756294571199e+01,5.562131853977878e+00
7.682756294571199e+01,5.561903712589337e+00
7.687756294571199e+01,5.561675906336522e+00
7.692756294571198e+01,5.561448434711338e+00
7.697756294571198e+01,5.561221297206517e+00
7.702756294571198e+01,5.560994493315531e+00
7.707756294571197e+01,5.560768022532541e+00
7.712756294571197e+01,5.560541884352504e+00
7.717756294571197e+01,5.560316078271132e+00
7.722756294571197e+01,5.560090603784886e+00
7.727756294571196e+01,5.559865460390961e+00
7.732756294571196e+01,5.559640647587338e+00
7.737756294571196e+01,5.559416164872778e+00
7.742756294571195e+01,5.559192011746722e+00
7.747756294571195e+01,5.558968187709348e+00
7.752756294571195e+01,5.558744692261619e+00
7.757756294571195e+01,5.558521524905262e+00
7.762756294571194e+01,5.558298685142733e+00
7.767756294571194e+01,5.558076172477207e+00
7.772756294571194e+01,5.557853986412619e+00
7.777756294571194e+01,5.557632126453612e+00
7.782756294571193e+01,5.557410592105601e+00
7.787756294571193e+01,5.557189382874776e+00
7.792756294571193e+01,5.556968498268031e+00
7.797756294571192e+01,5.556747937792991e+00
7.802756294571192e+01,5.556527700958029e+00
7.807756294571192e+01,5.556307787272178e+00
7.812756294571192e+01,5.556088196245248e+00
7.817756294571191e+01,5.555868927387881e+00
7.822756294571191e+01,5.555649980211375e+00
7.827756294571191e+01,5.555431354227699e+00
7.832756294571190e+01,5.555213048949629e+00
7.837756294571190e+01,5.554995063890661e+00
7.842756294571190e+01,5.554777398564976e+00
7.847756294571190e+01,5.554560052487533e+00
7.852756294571189e+01,5.554343025173966e+00
7.857756294571189e+01,5.554126316140621e+00
7.862756294571189e+01,5.553909924904661e+00
7.867756294571188e+01,5.553693850983929e+00
7.872756294571188e+01,5.553478093896952e+00
7.877756294571188e+01,5.553262653162978e+00
7.882756294571188e+01,5.553047528301997e+00
7.887756294571187e+01,5.552832718834758e+00
7.892756294571187e+01,5.552618224282658e+00
7.897756294571187e+01,5.552404044167813e+00
7.902756294571186e+01,5.552190178013078e+00
7.907756294571186e+01,5.551976625342004e+00
7.912756294571186e+01,5.551763385678890e+00
7.917756294571186e+01,5.551550458548729e+00
7.922756294571185e+01,5.551337843477192e+00
7.927756294571185e+01,5.551125539990721e+00
7.932756294571185e+01,5.550913547616449e+00
7.937756294571184e+01,5.550701865882161e+00
7.942756294571184e+01,5.550490494316398e+00
7.947756294571184e+01,5.550279432448409e+00
7.952756294571184e+01,5.550068679808106e+00
7.957756294571183e+01,5.549858235926118e+00
7.962756294571183e+01,5.549648100333810e+00
7.967756294571183e+01,5.549438272563249e+00
7.972756294571182e+01,5.549228752147194e+00
7.977756294571182e+01,5.549019538619056e+00
7.982756294571182e+01,5.548810631512984e+00
7.987756294571182e+01,5.548602030363827e+00
7.992756294571181e+01,5.548393734707084e+00
7.997756294571181e+01,5.548185744079019e+00
8.002756294571181e+01,5.547978058016555e+00
8.007756294571180e+01,5.547770676057297e+00
8.012756294571180e+01,5.547563597739605e+00
8.017756294571180e+01,5.547356822602470e+00
8.022756294571180e+01,5.547150350185531e+00
8.027756294571179e+01,5.546944180029194e+00
8.032756294571179e+01,5.546738311674543e+00
8.037756294571179e+01,5.546532744663311e+00
8.042756294571178e+01,5.546327478537968e+00
8.047756294571178e+01,5.546122512841615e+00
8.052756294571178e+01,5.545917847118061e+00
8.057756294571178e+01,5.545713480911833e+00
8.062756294571177e+01,5.545509413768085e+00
8.067756294571177e+01,5.545305645232682e+00
8.072756294571177e+01,5.545102174852151e+00
8.077756294571176e+01,5.544899002173715e+00
8.082756294571176e+01,5.544696126745322e+00
8.087756294571176e+01,5.544493548115470e+00
8.092756294571176e+01,5.544291265833368e+00
8.097756294571175e+01,5.544089279449031e+00
8.102756294571175e+01,5.543887588513047e+00
8.107756294571175e+01,5.543686192576653e+00
8.112756294571174e+01,5.543485091191806e+00
8.117756294571174e+01,5.543284283911108e+00
8.122756294571174e+01,5.543083770287883e+00
8.127756294571174e+01,5.542883549876038e+00
8.132756294571173e+01,5.542683622230155e+00
8.137756294571173e+01,5.542483986905624e+00
8.142756294571173e+01,5.542284643458391e+00
8.147756294571172e+01,5.542085591445001e+00
8.152756294571172e+01,5.541886830422760e+00
8.157756294571172e+01,5.541688359949651e+00
8.162756294571172e+01,5.541490179584305e+00
8.167756294571171e+01,5.541292288885961e+00
8.172756294571171e+01,5.541094687414492e+00
8.177756294571171e+01,5.540897374730547e+00
8.182756294571170e+01,5.540700350395428e+00
8.187756294571170e+01,5.540503613971017e+00
8.192756294571170e+01,5.540307165019835e+00
8.197756294571170e+01,5.540111003105077e+00
8.202756294571169e+01,5.539915127790692e+00
8.207756294571169e+01,5.539719538641216e+00
8.212756294571169e+01,5.539524235221767e+00
8.217756294571168e+01,5.539329217098206e+00
8.222756294571168e+01,5.539134483837073e+00
8.227756294571168e+01,5.538940035005480e+00
8.232756294571168e+01,5.538745870171191e+00
8.237756294571167e+01,5.538551988902612e+00
8.242756294571167e+01,5.538358390768836e+00
8.247756294571167e+01,5.538165075339636e+00
8.252756294571167e+01,5.537972042185347e+00
8.257756294571166e+01,5.537779290876963e+00
8.262756294571166e+01,5.537586820986176e+00
8.267756294571166e+01,5.537394632085311e+00
8.272756294571165e+01,5.537202723747289e+00
8.277756294571165e+01,5.537011095545673e+00
8.282756294571165e+01,5.536819747054708e+00
8.287756294571165e+01,5.536628677849259e+00
8.292756294571164e+01,5.536437887504816e+00
8.297756294571164e+01,5.536247375597505e+00
8.302756294571164e+01,5.536057141704143e+00
8.307756294571163e+01,5.535867185402134e+00
8.312756294571163e+01,5.535677506269429e+00
8.317756294571163e+01,5.535488103884739e+00
8.322756294571163e+01,5.535298977827433e+00
8.327756294571162e+01,5.535110127677461e+00
8.332756294571162e+01,5.534921553015364e+00
8.337756294571162e+01,5.534733253422309e+00
8.342756294571161e+01,5.534545228480161e+00
8.347756294571161e+01,5.534357477771351e+00
8.352756294571161e+01,5.534170000878927e+00
8.357756294571161e+01,5.533982797386630e+00
8.362756294571160e+01,5.533795866878825e+00
8.367756294571160e+01,5.533609208940460e+00
8.372756294571160e+01,5.533422823157101e+00
8.377756294571159e+01,5.533236709114977e+00
8.382756294571159e+01,5.533050866400864e+00
8.387756294571159e+01,5.532865294602183e+00
8.392756294571159e+01,5.532679993307019e+00
8.397756294571158e+01,5.532494962104096e+00
8.402756294571158e+01,5.532310200582707e+00
8.407756294571158e+01,5.532125708332734e+00
8.412756294571157e+01,5.531941484944731e+00
8.417756294571157e+01,5.531757530009841e+00
8.422756294571157e+01,5.531573843119790e+00
8.427756294571157e+01,5.531390423866957e+00
8.432756294571156e+01,5.531207271844356e+00
8.437756294571156e+01,5.531024386645599e+00
8.442756294571156e+01,5.530841767864898e+00
8.447756294571155e+01,5.530659415097025e+00
8.452756294571155e+01,5.530477327937402e+00
8.457756294571155e+01,5.530295505982087e+00
8.462756294571155e+01,5.530113948827722e+00
8.467756294571154e+01,5.529932656071578e+00
8.472756294571154e+01,5.529751627311481e+00
8.477756294571154e+01,5.529570862145831e+00
8.482756294571153e+01,5.529390360173717e+00
8.487756294571153e+01,5.529210120994851e+00
8.492756294571153e+01,5.529030144209480e+00
8.497756294571153e+01,5.528850429418437e+00
8.502756294571152e+01,5.528670976223183e+00
8.507756294571152e+01,5.528491784225804e+00
8.512756294571152e+01,5.528312853028966e+00
8.517756294571151e+01,5.528134182235894e+00
8.522756294571151e+01,5.527955771450466e+00
8.527756294571151e+01,5.527777620277145e+00
8.532756294571151e+01,5.527599728320924e+00
8.537756294571150e+01,5.527422095187443e+00
8.542756294571150e+01,5.527244720482959e+00
8.547756294571150e+01,5.527067603814301e+00
8.552756294571149e+01,5.526890744788870e+00
8.557756294571149e+01,5.526714143014680e+00
8.562756294571149e+01,5.526537798100327e+00
8.567756294571149e+01,5.526361709654949e+00
8.572756294571148e+01,5.526185877288339e+00
8.577756294571148e+01,5.526010300610877e+00
8.582756294571148e+01,5.525834979233479e+00
8.587756294571147e+01,5.525659912767668e+00
8.592756294571147e+01,5.525485100825550e+00
8.597756294571147e+01,5.525310543019813e+00
8.602756294571147e+01,5.525136238963711e+00
8.607756294571146e+01,5.524962188271153e+00
8.612756294571146e+01,5.524788390556610e+00
8.617756294571146e+01,5.524614845435026e+00
8.622756294571145e+01,5.524441552521972e+00
8.627756294571145e+01,5.524268511433689e+00
8.632756294571145e+01,5.524095721786927e+00
8.637756294571145e+01,5.523923183198972e+00
8.642756294571144e+01,5.523750895287772e+00
8.647756294571144e+01,5.523578857671791e+00
8.652756294571144e+01,5.523407069970049e+00
8.657756294571143e+01,5.523235531802215e+00
8.662756294571143e+01,5.523064242788495e+00
8.667756294571143e+01,5.522893202549637e+00
8.672756294571143e+01,5.522722410706956e+00
8.677756294571142e+01,5.522551866882364e+00
8.682756294571142e+01,5.522381570698377e+00
8.687756294571142e+01,5.522211521778030e+00
8.692756294571141e+01,5.522041719744923e+00
8.697756294571141e+01,5.521872164223242e+00
8.702756294571141e+01,5.521702854837763e+00
8.707756294571141e+01,5.521533791213768e+00
8.712756294571140e+01,5.521364972977094e+00
8.717756294571140e+01,5.521196399754240e+00
8.722756294571140e+01,5.521028071172227e+00
8.727756294571140e+01,5.520859986858540e+00
8.732756294571139e+01,5.520692146441314e+00
8.737756294571139e+01,5.520524549549269e+00
8.742756294571139e+01,5.520357195811624e+00
8.747756294571138e+01,5.520190084858164e+00
8.752756294571138e+01,5.520023216319280e+00
8.757756294571138e+01,5.519856589825899e+00
8.762756294571138e+01,5.519690205009452e+00
8.767756294571137e+01,5.519524061501934e+00
8.772756294571137e+01,5.519358158935950e+00
8.777756294571137e+01,5.519192496944633e+00
8.782756294571136e+01,5.519027075161660e+00
8.787756294571136e+01,5.518861893221296e+00
8.792756294571136e+01,5.518696950758308e+00
8.797756294571136e+01,5.518532247407991e+00
8.802756294571135e+01,5.518367782806262e+00
8.807756294571135e+01,5.518203556589590e+00
8.812756294571135e+01,5.518039568394940e+00
8.817756294571134e+01,5.517875817859776e+00
8.822756294571134e+01,5.517712304622181e+00
8.827756294571134e+01,5.517549028320845e+00
8.832756294571134e+01,5.517385988594898e+00
8.837756294571133e+01,5.517223185084013e+00
8.842756294571133e+01,5.517060617428477e+00
8.847756294571133e+01,5.516898285269074e+00
8.852756294571132e+01,5.516736188247110e+00
8.857756294571132e+01,5.516574326004468e+00
8.862756294571132e+01,5.516412698183560e+00
8.867756294571132e+01,5.516251304427342e+00
8.872756294571131e+01,5.516090144379324e+00
8.877756294571131e+01,5.515929217683493e+00
8.882756294571131e+01,5.515768523984406e+00
8.887756294571130e+01,5.515608062927203e+00
8.892756294571130e+01,5.515447834157483e+00
8.897756294571130e+01,5.515287837321370e+00
8.902756294571130e+01,5.515128072065650e+00
8.907756294571129e+01,5.514968538037572e+00
8.912756294571129e+01,5.514809234884788e+00
8.917756294571129e+01,5.514650162255609e+00
8.922756294571128e+01,5.514491319798931e+00
8.927756294571128e+01,5.514332707164101e+00
8.932756294571128e+01,5.514174324000952e+00
8.937756294571128e+01,5.514016169959874e+00
8.942756294571127e+01,5.513858244691851e+00
8.947756294571127e+01,5.513700547848353e+00
8.952756294571127e+01,5.513543079081351e+00
8.957756294571126e+01,5.513385838043363e+00
8.962756294571126e+01,5.513228824387395e+00
8.967756294571126e+01,5.513072037767023e+00
8.972756294571126e+01,5.512915477836374e+00
8.977756294571125e+01,5.512759144250025e+00
8.982756294571125e+01,5.512603036663067e+00
8.987756294571125e+01,5.512447154731142e+00
8.992756294571124e+01,5.512291498110469e+00
8.997756294571124e+01,5.512136066457734e+00
9.002756294571124e+01,5.511980859430070e+00
9.007756294571124e+01,5.511825876685180e+00
9.012756294571123e+01,5.511671117881328e+00
9.017756294571123e+01,5.511516582677285e+00
9.022756294571123e+01,5.511362270732335e+00
9.027756294571122e+01,5.511208181706237e+00
9.032756294571122e+01,5.511054315259226e+00
9.037756294571122e+01,5.510900671052135e+00
9.042756294571122e+01,5.510747248746307e+00
9.047756294571121e+01,5.510594048003519e+00
9.052756294571121e+01,5.510441068486107e+00
9.057756294571121e+01,5.510288309856954e+00
9.062756294571120e+01,5.510135771779433e+00
9.067756294571120e+01,5.509983453917363e+00
9.072756294571120e+01,5.509831355935100e+00
9.077756294571120e+01,5.509679477497543e+00
9.082756294571119e+01,5.509527818270038e+00
9.087756294571119e+01,5.509376377918478e+00
9.092756294571119e+01,5.509225156109306e+00
9.097756294571118e+01,5.509074152509373e+00
9.102756294571118e+01,5.508923366786010e+00
9.107756294571118e+01,5.508772798607196e+00
9.112756294571118e+01,5.508622447641352e+00
9.117756294571117e+01,5.508472313557284e+00
9.122756294571117e+01,5.508322396024425e+00
9.127756294571117e+01,5.508172694712688e+00
9.132756294571116e+01,5.508023209292437e+00
9.137756294571116e+01,5.507873939434616e+00
9.142756294571116e+01,5.507724884810594e+00
9.147756294571116e+01,5.507576045092251e+00
9.152756294571115e+01,5.507427419951975e+00
9.157756294571115e+01,5.507279009062594e+00
9.162756294571115e+01,5.507130812097511e+00
9.167756294571114e+01,5.506982828730607e+00
9.172756294571114e+01,5.506835058636197e+00
9.177756294571114e+01,5.506687501489116e+00
9.182756294571114e+01,5.506540156964709e+00
9.187756294571113e+01,5.506393024738831e+00
9.192756294571113e+01,5.506246104487819e+00
9.197756294571113e+01,5.506099395888434e+00
9.202756294571113e+01,5.505952898617954e+00
9.207756294571112e+01,5.505806612354188e+00
9.212756294571112e+01,5.505660536775382e+00
9.217756294571112e+01,5.505514671560282e+00
9.222756294571111e+01,5.505369016388142e+00
9.227756294571111e+01,5.505223570938674e+00
9.232756294571111e+01,5.505078334892105e+00
9.237756294571111e+01,5.504933307929128e+00
9.242756294571110e+01,5.504788489730860e+00
9.247756294571110e+01,5.504643879978986e+00
9.252756294571110e+01,5.504499478355656e+00
9.257756294571109e+01,5.504355284543419e+00
9.262756294571109e+01,5.504211298225402e+00
9.267756294571109e+01,5.504067519085207e+00
9.272756294571109e+01,5.503923946806886e+00
9.277756294571108e+01,5.503780581074916e+00
9.282756294571108e+01,5.503637421574251e+00
9.287756294571108e+01,5.503494467990466e+00
9.292756294571107e+01,5.503351720009515e+00
9.297756294571107e+01,5.503209177317760e+00
9.302756294571107e+01,5.503066839602159e+00
9.307756294571107e+01,5.502924706550071e+00
9.312756294571106e+01,5.502782777849289e+00
9.317756294571106e+01,5.502641053188148e+00
9.322756294571106e+01,5.502499532255460e+00
9.327756294571105e+01,5.502358214740499e+00
9.332756294571105e+01,5.502217100332972e+00
9.337756294571105e+01,5.502076188723060e+00
9.342756294571105e+01,5.501935479601476e+00
9.347756294571104e+01,5.501794972659360e+00
9.352756294571104e+01,5.501654667588253e+00
9.357756294571104e+01,5.501514564080233e+00
9.362756294571103e+01,5.501374661827860e+00
9.367756294571103e+01,5.501234960524104e+00
9.372756294571103e+01,5.501095459862430e+00
9.377756294571103e+01,5.500956159536766e+00
9.382756294571102e+01,5.500817059241488e+00
9.387756294571102e+01,5.500678158671451e+00
9.392756294571102e+01,5.500539457521938e+00
9.397756294571101e+01,5.500400955488725e+00
9.402756294571101e+01,5.500262652268079e+00
9.407756294571101e+01,5.500124547556671e+00
9.412756294571101e+01,5.499986641051665e+00
9.417756294571100e+01,5.499848932450627e+00
9.422756294571100e+01,5.499711421451598e+00
9.427756294571100e+01,5.499574107753153e+00
9.432756294571099e+01,5.499436991054258e+00
9.437756294571099e+01,5.499300071054341e+00
9.442756294571099e+01,5.499163347453277e+00
9.447756294571099e+01,5.499026819951387e+00
9.452756294571098e+01,5.498890488249467e+00
9.457756294571098e+01,5.498754352048715e+00
9.462756294571098e+01,5.498618411050877e+00
9.467756294571097e+01,5.498482664958150e+00
9.472756294571097e+01,5.498347113473118e+00
9.477756294571097e+01,5.498211756298761e+00
9.482756294571097e+01,5.498076593138525e+00
9.487756294571096e+01,5.497941623696435e+00
9.492756294571096e+01,5.497806847676926e+00
9.497756294571096e+01,5.497672264784777e+00
9.502756294571095e+01,5.497537874725234e+00
9.507756294571095e+01,5.497403677204066e+00
9.512756294571095e+01,5.497269671927460e+00
9.517756294571095e+01,5.497135858602033e+00
9.522756294571094e+01,5.497002236934870e+00
9.527756294571094e+01,5.496868806633458e+00
9.532756294571094e+01,5.496735567405702e+00
9.537756294571093e+01,5.496602518959997e+00
9.542756294571093e+01,5.496469661005221e+00
9.547756294571093e+01,5.496336993250655e+00
9.552756294571093e+01,5.496204515406000e+00
9.557756294571092e+01,5.496072227181384e+00
9.562756294571092e+01,5.495940128287370e+00
9.567756294571092e+01,5.495808218435022e+00
9.572756294571091e+01,5.495676497335823e+00
9.577756294571091e+01,5.495544964701654e+00
9.582756294571091e+01,5.495413620244865e+00
9.587756294571091e+01,5.495282463678228e+00
9.592756294571090e+01,5.495151494714917e+00
9.597756294571090e+01,5.495020713068582e+00
9.602756294571090e+01,5.494890118453318e+00
9.607756294571089e+01,5.494759710583620e+00
9.612756294571089e+01,5.494629489174435e+00
9.617756294571089e+01,5.494499453941121e+00
9.622756294571089e+01,5.494369604599458e+00
9.627756294571088e+01,5.494239940865711e+00
9.632756294571088e+01,5.494110462456565e+00
9.637756294571088e+01,5.493981169089093e+00
9.642756294571087e+01,5.493852060480799e+00
9.647756294571087e+01,5.493723136349602e+00
9.652756294571087e+01,5.493594396413885e+00
9.657756294571087e+01,5.493465840392470e+00
9.662756294571086e+01,5.493337468004592e+00
9.667756294571086e+01,5.493209278969895e+00
9.672756294571086e+01,5.493081273008427e+00
9.677756294571086e+01,5.492953449840667e+00
9.682756294571085e+01,5.492825809187583e+00
9.687756294571085e+01,5.492698350770543e+00
9.692756294571085e+01,5.492571074311254e+00
9.697756294571084e+01,5.492443979531885e+00
9.702756294571084e+01,5.492317066155085e+00
9.707756294571084e+01,5.492190333903888e+00
9.712756294571084e+01,5.492063782501726e+00
9.717756294571083e+01,5.491937411672439e+00
9.722756294571083e+01,5.491811221140325e+00
9.727756294571083e+01,5.491685210630124e+00
9.732756294571082e+01,5.491559379866928e+00
9.737756294571082e+01,5.491433728576244e+00
9.742756294571082e+01,5.491308256484050e+00
9.747756294571082e+01,5.491182963316692e+00
9.752756294571081e+01,5.491057848800936e+00
9.757756294571081e+01,5.490932912664043e+00
9.762756294571081e+01,5.490808154633583e+00
9.767756294571080e+01,5.490683574437511e+00
9.772756294571080e+01,5.490559171804317e+00
9.777756294571080e+01,5.490434946462853e+00
9.782756294571080e+01,5.490310898142344e+00
9.787756294571079e+01,5.490187026572474e+00
9.792756294571079e+01,5.490063331483309e+00
9.797756294571079e+01,5.489939812605305e+00
9.802756294571078e+01,5.489816469669353e+00
9.807756294571078e+01,5.489693302406764e+00
9.812756294571078e+01,5.489570310549280e+00
9.817756294571078e+01,5.489447493828986e+00
9.822756294571077e+01,5.489324851978376e+00
9.827756294571077e+01,5.489202384730366e+00
9.832756294571077e+01,5.489080091818277e+00
9.837756294571076e+01,5.488957972975886e+00
9.842756294571076e+01,5.488836027937312e+00
9.847756294571076e+01,5.488714256437038e+00
9.852756294571076e+01,5.488592658210029e+00
9.857756294571075e+01,5.488471232991665e+00
9.862756294571075e+01,5.488349980517659e+00
9.867756294571075e+01,5.488228900524129e+00
9.872756294571074e+01,5.488107992747659e+00
9.877756294571074e+01,5.487987256925196e+00
9.882756294571074e+01,5.487866692794030e+00
9.887756294571074e+01,5.487746300091906e+00
9.892756294571073e+01,5.487626078557010e+00
9.897756294571073e+01,5.487506027927842e+00
9.902756294571073e+01,5.487386147943284e+00
9.907756294571072e+01,5.487266438342695e+00
9.912756294571072e+01,5.487146898865809e+00
9.917756294571072e+01,5.487027529252725e+00
9.922756294571072e+01,5.486908329243941e+00
9.927756294571071e+01,5.486789298580383e+00
9.932756294571071e+01,5.486670437003349e+00
9.937756294571071e+01,5.486551744254501e+00
9.942756294571070e+01,5.486433220075909e+00
9.947756294571070e+01,5.486314864210054e+00
9.952756294571070e+01,5.486196676399782e+00
9.957756294571070e+01,5.486078656388368e+00
9.962756294571069e+01,5.485960803919445e+00
9.967756294571069e+01,5.485843118736994e+00
9.972756294571069e+01,5.485725600585443e+00
9.977756294571068e+01,5.485608249209618e+00
9.982756294571068e+01,5.485491064354689e+00
9.987756294571068e+01,5.485374045766260e+00
9.992756294571068e+01,5.485257193190291e+00
9.997756294571067e+01,5.485140506373090e+00
1.000275629457107e+02,5.485023985061403e+00
1.000775629457107e+02,5.484907629002383e+00
1.001275629457107e+02,5.484791437943485e+00
1.001775629457107e+02,5.484675411632548e+00
1.002275629457107e+02,5.484559549817868e+00
1.002775629457107e+02,5.484443852248121e+00
1.003275629457107e+02,5.484328318672324e+00
1.003775629457107e+02,5.484212948839848e+00
1.004275629457106e+02,5.484097742500523e+00
1.004775629457106e+02,5.483982699404550e+00
1.005275629457106e+02,5.483867819302409e+00
1.005775629457106e+02,5.483753101944994e+00
1.006275629457106e+02,5.483638547083650e+00
1.006775629457106e+02,5.483524154470067e+00
1.007275629457106e+02,5.483409923856258e+00
1.007775629457106e+02,5.483295854994686e+00
1.008275629457106e+02,5.483181947638162e+00
1.008775629457106e+02,5.483068201539842e+00
1.009275629457106e+02,5.482954616453314e+00
1.009775629457106e+02,5.482841192132492e+00
1.010275629457106e+02,5.482727928331657e+00
1.010775629457106e+02,5.482614824805533e+00
1.011275629457106e+02,5.482501881309141e+00
1.011775629457106e+02,5.482389097597857e+00
1.012275629457106e+02,5.482276473427507e+00
1.012775629457106e+02,5.482164008554307e+00
1.013275629457106e+02,5.482051702734768e+00
1.013775629457106e+02,5.481939555725736e+00
1.014275629457106e+02,5.481827567284487e+00
1.014775629457106e+02,5.481715737168654e+00
1.015275629457106e+02,5.481604065136269e+00
1.015775629457106e+02,5.481492550945742e+00
1.016275629457106e+02,5.481381194355740e+00
1.016775629457106e+02,5.481269995125345e+00
1.017275629457106e+02,5.481158953014127e+00
1.017775629457106e+02,5.481048067781916e+00
1.018275629457106e+02,5.480937339188813e+00
1.018775629457106e+02,5.480826766995428e+00
1.019275629457106e+02,5.480716350962774e+00
1.019775629457106e+02,5.480606090852048e+00
1.020275629457106e+02,5.480495986424872e+00
1.020775629457106e+02,5.480386037443347e+00
1.021275629457106e+02,5.480276243669804e+00
1.021775629457105e+02,5.480166604866985e+00
1.022275629457105e+02,5.480057120798010e+00
1.022775629457105e+02,5.479947791226278e+00
1.023275629457105e+02,5.479838615915622e+00
1.023775629457105e+02,5.479729594630259e+00
1.024275629457105e+02,5.479620727134692e+00
1.024775629457105e+02,5.479512013193806e+00
1.025275629457105e+02,5.479403452572886e+00
1.025775629457105e+02,5.479295045037481e+00
1.026275629457105e+02,5.479186790353536e+00
1.026775629457105e+02,5.479078688287403e+00
1.027275629457105e+02,5.478970738605740e+00
1.027775629457105e+02,5.478862941075601e+00
1.028275629457105e+02,5.478755295464321e+00
1.028775629457105e+02,5.478647801539617e+00
1.029275629457105e+02,5.478540459069618e+00
1.029775629457105e+02,5.478433267822734e+00
1.030275629457105e+02,5.478326227567731e+00
1.030775629457105e+02,5.478219338073766e+00
1.031275629457105e+02,5.478112599110317e+00
1.031775629457105e+02,5.478006010447237e+00
1.032275629457105e+02,5.477899571854728e+00
1.032775629457105e+02,5.477793283103289e+00
1.033275629457105e+02,5.477687143963821e+00
1.033775629457105e+02,5.477581154207560e+00
1.034275629457105e+02,5.477475313606032e+00
1.034775629457105e+02,5.477369621931213e+00
1.035275629457105e+02,5.477264078955412e+00
1.035775629457105e+02,5.477158684451196e+00
1.036275629457105e+02,5.477053438191516e+00
1.036775629457105e+02,5.476948339949703e+00
1.037275629457105e+02,5.476843389499425e+00
1.037775629457105e+02,5.476738586614636e+00
1.038275629457105e+02,5.476633931069686e+00
1.038775629457105e+02,5.476529422639292e+00
1.039275629457104e+02,5.476425061098494e+00
1.039775629457104e+02,5.476320846222633e+00
1.040275629457104e+02,5.476216777787375e+00
1.040775629457104e+02,5.476112855568791e+00
1.041275629457104e+02,5.476009079343308e+00
1.041775629457104e+02,5.475905448887638e+00
1.042275629457104e+02,5.475801963978810e+00
1.042775629457104e+02,5.475698624394242e+00
1.043275629457104e+02,5.475595429911708e+00
1.043775629457104e+02,5.475492380309308e+00
1.044275629457104e+02,5.475389475365440e+00
1.044775629457104e+02,5.475286714858804e+00
1.045275629457104e+02,5.475184098568567e+00
1.045775629457104e+02,5.475081626274152e+00
1.046275629457104e+02,5.474979297755244e+00
1.046775629457104e+02,5.474877112791990e+00
1.047275629457104e+02,5.474775071164835e+00
1.047775629457104e+02,5.474673172654533e+00
1.048275629457104e+02,5.474571417042217e+00
1.048775629457104e+02,5.474469804109280e+00
1.049275629457104e+02,5.474368333637480e+00
1.049775629457104e+02,5.474267005408900e+00
1.050275629457104e+02,5.474165819205941e+00
1.050775629457104e+02,5.474064774811440e+00
1.051275629457104e+02,5.473963872008487e+00
1.051775629457104e+02,5.473863110580450e+00
1.052275629457104e+02,5.473762490311085e+00
1.052775629457104e+02,5.473662010984463e+00
1.053275629457104e+02,5.473561672384973e+00
1.053775629457104e+02,5.473461474297346e+00
1.054275629457104e+02,5.473361416506666e+00
1.054775629457104e+02,5.473261498798303e+00
1.055275629457104e+02,5.473161720957949e+00
1.055775629457104e+02,5.473062082771659e+00
1.056275629457104e+02,5.472962584025810e+00
1.056775629457103e+02,5.472863224507056e+00
1.057275629457103e+02,5.472764004002411e+00
1.057775629457103e+02,5.472664922299253e+00
1.058275629457103e+02,5.472565979185203e+00
1.058775629457103e+02,5.472467174448208e+00
1.059275629457103e+02,5.472368507876603e+00
1.059775629457103e+02,5.472269979259027e+00
1.060275629457103e+02,5.472171588384394e+00
1.060775629457103e+02,5.472073335041995e+00
1.061275629457103e+02,5.471975219021431e+00
1.061775629457103e+02,5.471877240112570e+00
1.062275629457103e+02,5.471779398105632e+00
1.062775629457103e+02,5.471681692791183e+00
1.063275629457103e+02,5.471584123960113e+00
1.063775629457103e+02,5.471486691403568e+00
1.064275629457103e+02,5.471389394913015e+00
1.064775629457103e+02,5.471292234280300e+00
1.065275629457103e+02,5.471195209297589e+00
1.065775629457103e+02,5.471098319757315e+00
1.066275629457103e+02,5.471001565452177e+00
1.066775629457103e+02,5.470904946175322e+00
1.067275629457103e+02,5.470808461720186e+00
1.067775629457103e+02,5.470712111880381e+00
1.068275629457103e+02,5.470615896449931e+00
1.068775629457103e+02,5.470519815223239e+00
1.069275629457103e+02,5.470423867994946e+00
1.069775629457103e+02,5.470328054559950e+00
1.070275629457103e+02,5.470232374713541e+00
1.070775629457103e+02,5.470136828251342e+00
1.071275629457103e+02,5.470041414969217e+00
1.071775629457103e+02,5.469946134663346e+00
1.072275629457103e+02,5.469850987130274e+00
1.072775629457103e+02,5.469755972166831e+00
1.073275629457103e+02,5.469661089570129e+00
1.073775629457103e+02,5.469566339137640e+00
1.074275629457102e+02,5.469471720667133e+00
1.074775629457102e+02,5.469377233956600e+00
1.075275629457102e+02,5.469282878804409e+00
1.075775629457102e+02,5.469188655009255e+00
1.076275629457102e+02,5.469094562370085e+00
1.076775629457102e+02,5.469000600686218e+00
1.077275629457102e+02,5.468906769757266e+00
1.077775629457102e+02,5.468813069383071e+00
1.078275629457102e+02,5.468719499363834e+00
1.078775629457102e+02,5.468626059500101e+00
1.079275629457102e+02,5.468532749592658e+00
1.079775629457102e+02,5.468439569442589e+00
1.080275629457102e+02,5.468346518851317e+00
1.080775629457102e+02,5.468253597620562e+00
1.081275629457102e+02,5.468160805552343e+00
1.081775629457102e+02,5.468068142448963e+00
1.082275629457102e+02,5.467975608113007e+00
1.082775629457102e+02,5.467883202347387e+00
1.083275629457102e+02,5.467790924955396e+00
1.083775629457102e+02,5.467698775740553e+00
1.084275629457102e+02,5.467606754506602e+00
1.084775629457102e+02,5.467514861057670e+00
1.085275629457102e+02,5.467423095198185e+00
1.085775629457102e+02,5.467331456732887e+00
1.086275629457102e+02,5.467239945466756e+00
1.086775629457102e+02,5.467148561205030e+00
1.087275629457102e+02,5.467057303753364e+00
1.087775629457102e+02,5.466966172917709e+00
1.088275629457102e+02,5.466875168504196e+00
1.088775629457102e+02,5.466784290319274e+00
1.089275629457102e+02,5.466693538169771e+00
1.089775629457102e+02,5.466602911862791e+00
1.090275629457102e+02,5.466512411205667e+00
1.090775629457102e+02,5.466422036006050e+00
1.091275629457102e+02,5.466331786071898e+00
1.091775629457102e+02,5.466241661211440e+00
1.092275629457101e+02,5.466151661233235e+00
1.092775629457101e+02,5.466061785946156e+00
1.093275629457101e+02,5.465972035159294e+00
1.093775629457101e+02,5.465882408682030e+00
1.094275629457101e+02,5.465792906324075e+00
1.094775629457101e+02,5.465703527895428e+00
1.095275629457101e+02,5.465614273206359e+00
1.095775629457101e+02,5.465525142067445e+00
1.096275629457101e+02,5.465436134289544e+00
1.096775629457101e+02,5.465347249683795e+00
1.097275629457101e+02,5.465258488061619e+00
1.097775629457101e+02,5.465169849234733e+00
1.098275629457101e+02,5.465081333015172e+00
1.098775629457101e+02,5.464992939215239e+00
1.099275629457101e+02,5.464904667647483e+00
1.099775629457101e+02,5.464816518124781e+00
1.100275629457101e+02,5.464728490460271e+00
1.100775629457101e+02,5.464640584467379e+00
1.101275629457101e+02,5.464552799959841e+00
1.101775629457101e+02,5.464465136751627e+00
1.102275629457101e+02,5.464377594657059e+00
1.102775629457101e+02,5.464290173490723e+00
1.103275629457101e+02,5.464202873067398e+00
1.103775629457101e+02,5.464115693202220e+00
1.104275629457101e+02,5.464028633710632e+00
1.104775629457101e+02,5.463941694408321e+00
1.105275629457101e+02,5.463854875111288e+00
1.105775629457101e+02,5.463768175635773e+00
1.106275629457101e+02,5.463681595798295e+00
1.106775629457101e+02,5.463595135415670e+00
1.107275629457101e+02,5.463508794304951e+00
1.107775629457101e+02,5.463422572283561e+00
1.108275629457101e+02,5.463336469169160e+00
1.108775629457101e+02,5.463250484779652e+00
1.109275629457101e+02,5.463164618933253e+00
1.109775629457100e+02,5.463078871448404e+00
1.110275629457100e+02,5.462993242143872e+00
1.110775629457100e+02,5.462907730838720e+00
1.111275629457100e+02,5.462822337352253e+00
1.111775629457100e+02,5.462737061504077e+00
1.112275629457100e+02,5.462651903114009e+00
1.112775629457100e+02,5.462566862002142e+00
1.113275629457100e+02,5.462481937988948e+00
1.113775629457100e+02,5.462397130895148e+00
1.114275629457100e+02,5.462312440541620e+00
1.114775629457100e+02,5.462227866749579e+00
1.115275629457100e+02,5.462143409340577e+00
1.115775629457100e+02,5.462059068136358e+00
1.116275629457100e+02,5.461974842958977e+00
1.116775629457100e+02,5.461890733630772e+00
1.117275629457100e+02,5.461806739974277e+00
1.117775629457100e+02,5.461722861812341e+00
1.118275629457100e+02,5.461639098968144e+00
1.118775629457100e+02,5.461555451265067e+00
1.119275629457100e+02,5.461471918526727e+00
1.119775629457100e+02,5.461388500577064e+00
1.120275629457100e+02,5.461305197240281e+00
1.120775629457100e+02,5.461222008340894e+00
1.121275629457100e+02,5.461138933703659e+00
1.121775629457100e+02,5.461055973153482e+00
1.122275629457100e+02,5.460973126515626e+00
1.122775629457100e+02,5.460890393615699e+00
1.123275629457100e+02,5.460807774279493e+00
1.123775629457100e+02,5.460725268333062e+00
1.124275629457100e+02,5.460642875602747e+00
1.124775629457100e+02,5.460560595915111e+00
1.125275629457100e+02,5.460478429097013e+00
1.125775629457100e+02,5.460396374975607e+00
1.126275629457100e+02,5.460314433378255e+00
1.126775629457100e+02,5.460232604132615e+00
1.127275629457099e+02,5.460150887066638e+00
1.127775629457099e+02,5.460069282008472e+00
1.128275629457099e+02,5.459987788786552e+00
1.128775629457099e+02,5.459906407229570e+00
1.129275629457099e+02,5.459825137166460e+00
1.129775629457099e+02,5.459743978426472e+00
1.130275629457099e+02,5.459662930839100e+00
1.130775629457099e+02,5.459581994234068e+00
1.131275629457099e+02,5.459501168441363e+00
1.131775629457099e+02,5.459420453291248e+00
1.132275629457099e+02,5.459339848614262e+00
1.132775629457099e+02,5.459259354241166e+00
1.133275629457099e+02,5.459178970002997e+00
1.133775629457099e+02,5.459098695731056e+00
1.134275629457099e+02,5.459018531256875e+00
1.134775629457099e+02,5.458938476412246e+00
1.135275629457099e+02,5.458858531029265e+00
1.135775629457099e+02,5.458778694940240e+00
1.136275629457099e+02,5.458698967977727e+00
1.136775629457099e+02,5.458619349974570e+00
1.137275629457099e+02,5.458539840763817e+00
1.137775629457099e+02,5.458460440178838e+00
1.138275629457099e+02,5.458381148053255e+00
1.138775629457099e+02,5.458301964220879e+00
1.139275629457099e+02,5.458222888515798e+00
1.139775629457099e+02,5.458143920772365e+00
1.140275629457099e+02,5.458065060825192e+00
1.140775629457099e+02,5.457986308509128e+00
1.141275629457099e+02,5.457907663659314e+00
1.141775629457099e+02,5.457829126111111e+00
1.142275629457099e+02,5.457750695700094e+00
1.142775629457099e+02,5.457672372262116e+00
1.143275629457099e+02,5.457594155633296e+00
1.143775629457099e+02,5.457516045650015e+00
1.144275629457099e+02,5.457438042148872e+00
1.144775629457098e+02,5.457360144966731e+00
1.145275629457098e+02,5.457282353940694e+00
1.145775629457098e+02,5.457204668908097e+00
1.146275629457098e+02,5.457127089706579e+00
1.146775629457098e+02,5.457049616173983e+00
1.147275629457098e+02,5.456972248148381e+00
1.147775629457098e+02,5.456894985468153e+00
1.148275629457098e+02,5.456817827971926e+00
1.148775629457098e+02,5.456740775498500e+00
1.149275629457098e+02,5.456663827886935e+00
1.149775629457098e+02,5.456586984976604e+00
1.150275629457098e+02,5.456510246607040e+00
1.150775629457098e+02,5.456433612618065e+00
1.151275629457098e+02,5.456357082849826e+00
1.151775629457098e+02,5.456280657142560e+00
1.152275629457098e+02,5.456204335336766e+00
1.152775629457098e+02,5.456128117273301e+00
1.153275629457098e+02,5.456052002793234e+00
1.153775629457098e+02,5.455975991737818e+00
1.154275629457098e+02,5.455900083948540e+00
1.154775629457098e+02,5.455824279267208e+00
1.155275629457098e+02,5.455748577535827e+00
1.155775629457098e+02,5.455672978596602e+00
1.156275629457098e+02,5.455597482292049e+00
1.156775629457098e+02,5.455522088464870e+00
1.157275629457098e+02,5.455446796958038e+00
1.157775629457098e+02,5.455371607614818e+00
1.158275629457098e+02,5.455296520278619e+00
1.158775629457098e+02,5.455221534793104e+00
1.159275629457098e+02,5.455146651002197e+00
1.159775629457098e+02,5.455071868750061e+00
1.160275629457098e+02,5.454997187881125e+00
1.160775629457098e+02,5.454922608239979e+00
1.161275629457098e+02,5.454848129671504e+00
1.161775629457098e+02,5.454773752020850e+00
1.162275629457097e+02,5.454699475133348e+00
1.162775629457097e+02,5.454625298854570e+00
1.163275629457097e+02,5.454551223030336e+00
1.163775629457097e+02,5.454477247506690e+00
1.164275629457097e+02,5.454403372129930e+00
1.164775629457097e+02,5.454329596746567e+00
1.165275629457097e+02,5.454255921203358e+00
1.165775629457097e+02,5.454182345347297e+00
1.166275629457097e+02,5.454108869025580e+00
1.166775629457097e+02,5.454035492085707e+00
1.167275629457097e+02,5.453962214375392e+00
1.167775629457097e+02,5.453889035742507e+00
1.168275629457097e+02,5.453815956035193e+00
1.168775629457097e+02,5.453742975101834e+00
1.169275629457097e+02,5.453670092791073e+00
1.169775629457097e+02,5.453597308951751e+00
1.170275629457097e+02,5.453524623432949e+00
1.170775629457097e+02,5.453452036084009e+00
1.171275629457097e+02,5.453379546754419e+00
1.171775629457097e+02,5.453307155293934e+00
1.172275629457097e+02,5.453234861552586e+00
1.172775629457097e+02,5.453162665380612e+00
1.173275629457097e+02,5.453090566628429e+00
1.173775629457097e+02,5.453018565146712e+00
1.174275629457097e+02,5.452946660786415e+00
1.174775629457097e+02,5.452874853398665e+00
1.175275629457097e+02,5.452803142834815e+00
1.175775629457097e+02,5.452731528946468e+00
1.176275629457097e+02,5.452660011585437e+00
1.176775629457097e+02,5.452588590603770e+00
1.177275629457097e+02,5.452517265853763e+00
1.177775629457097e+02,5.452446037187888e+00
1.178275629457097e+02,5.452374904458810e+00
1.178775629457097e+02,5.452303867519523e+00
1.179275629457097e+02,5.452232926223245e+00
1.179775629457096e+02,5.452162080423313e+00
1.180275629457096e+02,5.452091329973309e+00
1.180775629457096e+02,5.452020674727135e+00
1.181275629457096e+02,5.451950114538882e+00
1.181775629457096e+02,5.451879649262799e+00
1.182275629457096e+02,5.451809278753371e+00
1.182775629457096e+02,5.451739002865332e+00
1.183275629457096e+02,5.451668821453668e+00
1.183775629457096e+02,5.451598734373545e+00
1.184275629457096e+02,5.451528741480357e+00
1.184775629457096e+02,5.451458842629745e+00
1.185275629457096e+02,5.451389037677501e+00
1.185775629457096e+02,5.451319326479688e+00
1.186275629457096e+02,5.451249708892612e+00
1.186775629457096e+02,5.451180184772765e+00
1.187275629457096e+02,5.451110753976860e+00
1.187775629457096e+02,5.451041416361805e+00
1.188275629457096e+02,5.450972171784766e+00
1.188775629457096e+02,5.450903020103157e+00
1.189275629457096e+02,5.450833961174490e+00
1.189775629457096e+02,5.450764994856545e+00
1.190275629457096e+02,5.450696121007458e+00
1.190775629457096e+02,5.450627339485469e+00
1.191275629457096e+02,5.450558650148959e+00
1.191775629457096e+02,5.450490052856619e+00
1.192275629457096e+02,5.450421547467370e+00
1.192775629457096e+02,5.450353133840256e+00
1.193275629457096e+02,5.450284811834592e+00
1.193775629457096e+02,5.450216581309963e+00
1.194275629457096e+02,5.450148442126094e+00
1.194775629457096e+02,5.450080394142949e+00
1.195275629457096e+02,5.450012437220734e+00
1.195775629457096e+02,5.449944571219815e+00
1.196275629457096e+02,5.449876796000754e+00
1.196775629457096e+02,5.449809111424394e+00
1.197275629457096e+02,5.449741517351814e+00
1.197775629457095e+02,5.449674013644223e+00
1.198275629457095e+02,5.449606600163011e+00
1.198775629457095e+02,5.449539276769888e+00
1.199275629457095e+02,5.449472043326747e+00
1.199775629457095e+02,5.449404899695642e+00
1.200275629457095e+02,5.449314166445059e+00
