0.000000000000000e+00,1.188218652149460e-01,4.816992552787404e-06
9.999999717180685e-10,1.188218645966076e-01,4.817417961680694e-06
1.999999943436137e-09,1.188218643979855e-01,4.817563277393330e-06
3.999999886872274e-09,1.188218638810838e-01,4.817890208291944e-06
7.999999773744548e-09,1.188218633805480e-01,4.818712150149265e-06
1.599999954748910e-08,1.188218669764959e-01,4.819503960628527e-06
2.898228063712422e-08,1.188218660311917e-01,4.817820488246297e-06
4.339681496949167e-08,1.188218171744218e-01,4.794190006556768e-06
5.986506045900486e-08,1.188216689318598e-01,4.723433997051926e-06
7.829402258637187e-08,1.188215715728176e-01,4.677096347738435e-06
9.735697748167389e-08,1.188224171268629e-01,5.078552256682435e-06
1.182915283649247e-07,1.188265586467410e-01,7.046866397441746e-06
1.386182933581065e-07,1.188393151082470e-01,1.311113672283954e-05
1.689931957434259e-07,1.188891738503214e-01,3.681766794412010e-05
2.092983596127232e-07,1.190392184936726e-01,1.081684318369606e-04
2.590974552711302e-07,1.194038028968684e-01,2.815527768991735e-04
3.160573356948040e-07,1.201018453950324e-01,6.135368703748161e-04
3.719292817613012e-07,1.211175785552964e-01,1.096631337348836e-03
4.417304833702337e-07,1.228046504788710e-01,1.899044820226709e-03
5.152104409301257e-07,1.249686962992078e-01,2.928338915923327e-03
5.964367920246738e-07,1.277204465179536e-01,4.237182377780336e-03
6.992647826532560e-07,1.315500083058836e-01,6.058692296085868e-03
8.460886054007665e-07,1.373415820223769e-01,8.813436320102317e-03
9.483921578145600e-07,1.415097927413774e-01,1.079603794942524e-02
1.066853883745476e-06,1.464208869570984e-01,1.313199386466404e-02
1.181566551610666e-06,1.512112212998252e-01,1.541051155457300e-02
1.333231426864470e-06,1.575703932339116e-01,1.843524562602003e-02
1.512766173017004e-06,1.651133499505708e-01,2.202304571052226e-02
1.787444174467470e-06,1.766645607930213e-01,2.751736734586809e-02
1.988827996364167e-06,1.851361889703334e-01,3.154688800574735e-02
2.176557719411144e-06,1.930342082860498e-01,3.530357115624169e-02
2.399048206369299e-06,2.023947440167572e-01,3.975589685787597e-02
2.620950062671848e-06,2.117304851894645e-01,4.419642813102750e-02
2.929019799119528e-06,2.246913597364345e-01,5.036124694842013e-02
3.158516635488351e-06,2.343465184949532e-01,5.495370577935487e-02
3.423414041095260e-06,2.454909214855417e-01,6.025451934845019e-02
3.740048234405039e-06,2.588118326389286e-01,6.659058266853571e-02
4.118564367888946e-06,2.747360452823688e-01,7.416489767548166e-02
4.609620421828377e-06,2.953945958721722e-01,8.399108459417756e-02
5.135776939087123e-06,3.175295788880631e-01,9.451952662696331e-02
5.692098877618957e-06,3.409333204128644e-01,1.056514423659238e-01
6.513703693699697e-06,3.754966212356581e-01,1.220913536260958e-01
7.398133004084660e-06,4.127021587806576e-01,1.397880164783485e-01
8.734907952424789e-06,4.689353779502778e-01,1.665350850707253e-01
1.000000000000000e-05,5.221520225311524e-01,1.918473076135945e-01
1.000633012131509e-05,5.224178311139795e-01,1.919737256993301e-01
1.001899036394527e-05,5.229506617003337e-01,1.922271730003831e-01
1.004431084920562e-05,5.240163075474995e-01,1.927340430550589e-01
1.006688484062433e-05,5.249655895164651e-01,1.931855574577297e-01
1.009812498573149e-05,5.262761921712833e-01,1.938089473700575e-01
1.013050019683860e-05,5.276140772682525e-01,1.944453143800040e-01
1.018799942155713e-05,5.298806750926102e-01,1.955234239245758e-01
1.025430527454615e-05,5.322577887744806e-01,1.966541155749920e-01
1.030709881688960e-05,5.338679431941944e-01,1.974200059155115e-01
1.036387690766718e-05,5.352505967018395e-01,1.980776901410992e-01
1.042564900160809e-05,5.363856916678358e-01,1.986176244230760e-01
1.050179327297632e-05,5.373707590802435e-01,1.990861918469521e-01
1.058675540964760e-05,5.381080307424448e-01,1.994368822640220e-01
1.065852267496441e-05,5.385089992632144e-01,1.996276021312703e-01
1.073672658238747e-05,5.387852966683564e-01,1.997590158965106e-01
1.081659016692460e-05,5.389630616449410e-01,1.998435571090847e-01
1.091737706778696e-05,5.390999809865031e-01,1.999086633728058e-01
1.099932919159545e-05,5.391665506008125e-01,1.999403102321598e-01
1.109555646824822e-05,5.392112403470652e-01,1.999615476834428e-01
1.119152889747404e-05,5.392368823579885e-01,1.999737239345127e-01
1.131409972541592e-05,5.392537064416996e-01,1.999816972813558e-01
1.149916115698240e-05,5.392649838704275e-01,1.999870170457834e-01
1.174302460137339e-05,5.392703592500447e-01,1.999895165607512e-01
1.192791353239973e-05,5.392715351770623e-01,1.999900329241192e-01
1.208665097183872e-05,5.392717928006661e-01,1.999901182933318e-01
1.228022071497533e-05,5.392719400127464e-01,1.999901423933876e-01
1.246254677414618e-05,5.392720386919683e-01,1.999901453102952e-01
1.266908664811220e-05,5.392721377871585e-01,1.999901430439499e-01
1.299071288365499e-05,5.392722889331774e-01,1.999901394754184e-01
1.321261622120319e-05,5.392723949821325e-01,1.999901379105608e-01
1.347565520094947e-05,5.392725239248115e-01,1.999901369693332e-01
1.371763731214798e-05,5.392726441381237e-01,1.999901365822663e-01
1.403864360437516e-05,5.392728034058303e-01,1.999901364167698e-01
1.441772494693177e-05,5.392729912345398e-01,1.999901363159724e-01
1.477043738688001e-05,5.392731662107602e-01,1.999901362777850e-01
1.519705537703858e-05,5.392733784412393e-01,1.999901362567676e-01
1.575738664866274e-05,5.392736568024317e-01,1.999901362764049e-01
1.630913509923480e-05,5.392739304154879e-01,1.999901362785133e-01
1.700666356444866e-05,5.392742770140979e-01,1.999901362416152e-01
1.823799609081913e-05,5.392748886971170e-01,1.999901362676857e-01
1.945899416821053e-05,5.392754947782339e-01,1.999901362628175e-01
2.135569667969062e-05,5.392764367779415e-01,1.999901362611226e-01
2.331789999193983e-05,5.392774113031056e-01,1.999901362608475e-01
2.707851658482824e-05,5.392792789421854e-01,1.999901362602102e-01
3.459974977060506e-05,5.392830142788538e-01,1.999901362573520e-01
4.716049889516882e-05,5.392892522963808e-01,1.999901362538824e-01
6.708503571661116e-05,5.392991474107645e-01,1.999901362473514e-01
1.069341093594958e-04,5.393189376063425e-01,1.999901362351883e-01
1.866322566452652e-04,5.393585177503897e-01,1.999901362103191e-01
3.460285512168039e-04,5.394376770567288e-01,1.999901361608436e-01
6.648211403598814e-04,5.395959917244602e-01,1.999901360617612e-01
1.302406318646036e-03,5.399126052898957e-01,1.999901358636828e-01
2.577576675218346e-03,5.405457693722620e-01,1.999901354675260e-01
5.127917388362966e-03,5.418118454858987e-01,1.999901346753954e-01
1.022859881465221e-02,5.443429906074404e-01,1.999901330917943e-01
2.042996166723068e-02,5.494012612047907e-01,1.999901299271995e-01
4.083268737238764e-02,5.595017935802271e-01,1.999901236084195e-01
8.163813878270156e-02,5.796523603073120e-01,1.999901110037181e-01
1.316381387827016e-01,6.042618874887553e-01,1.999900956118512e-01
1.816381387827016e-01,6.287758804299730e-01,1.999900802821235e-01
2.316381387827016e-01,6.531908503043953e-01,1.999900650167971e-01
2.816381387827016e-01,6.775079631178391e-01,1.999900498151066e-01
3.316381387827015e-01,7.017283623561088e-01,1.999900346763085e-01
3.816381387827015e-01,7.258531694854193e-01,1.999900195996705e-01
4.316381387827015e-01,7.498834845069808e-01,1.999900045844611e-01
4.816381387827015e-01,7.738203865278528e-01,1.999899896299691e-01
5.316381387827015e-01,7.976649343124105e-01,1.999899747355063e-01
5.816381387827015e-01,8.214181668152265e-01,1.999899599003870e-01
6.316381387827016e-01,8.450811036961425e-01,1.999899451239421e-01
6.816381387827016e-01,8.686547458182676e-01,1.999899304055266e-01
7.316381387827017e-01,8.921400757295608e-01,1.999899157444894e-01
7.816381387827017e-01,9.155380581286559e-01,1.999899011401881e-01
8.316381387827018e-01,9.388496403155628e-01,1.999898865920129e-01
8.816381387827018e-01,9.620757526278405e-01,1.999898720993543e-01
9.316381387827019e-01,9.852173088628375e-01,1.999898576616045e-01
9.816381387827019e-01,1.008275206686479e+00,1.999898432781800e-01
1.031638138782702e+00,1.031250328029140e+00,1.999898289485060e-01
1.081638138782702e+00,1.054143539469146e+00,1.999898146720058e-01
1.131638138782702e+00,1.076955692604393e+00,1.999898004481221e-01
1.181638138782702e+00,1.099687624412389e+00,1.999897862763130e-01
1.231638138782702e+00,1.122340157599189e+00,1.999897721560320e-01
1.281638138782702e+00,1.144914100937897e+00,1.999897580867481e-01
1.331638138782702e+00,1.167410249596806e+00,1.999897440679518e-01
1.381638138782702e+00,1.189829385457562e+00,1.999897300991259e-01
1.431638138782702e+00,1.212172277423943e+00,1.999897161797556e-01
1.481638138782702e+00,1.234439681721497e+00,1.999897023093524e-01
1.531638138782702e+00,1.256632342188320e+00,1.999896884874333e-01
1.581638138782702e+00,1.278750990557238e+00,1.999896747135163e-01
1.631638138782702e+00,1.300796346729799e+00,1.999896609871288e-01
1.681638138782702e+00,1.322769119042441e+00,1.999896473078017e-01
1.731638138782702e+00,1.344670004524956e+00,1.999896336750771e-01
1.781638138782702e+00,1.366499689151496e+00,1.999896200885092e-01
1.831638138782703e+00,1.388258848084553e+00,1.999896065476531e-01
1.881638138782703e+00,1.409948145912032e+00,1.999895930520648e-01
1.931638138782703e+00,1.431568236877671e+00,1.999895796013079e-01
1.981638138782703e+00,1.453119765105066e+00,1.999895661949495e-01
2.031638138782703e+00,1.474603364815449e+00,1.999895528325515e-01
2.081638138782703e+00,1.496019660539511e+00,1.999895395136696e-01
2.131638138782702e+00,1.517369267323405e+00,1.999895262378352e-01
2.181638138782702e+00,1.538652790929113e+00,1.999895130045310e-01
2.231638138782702e+00,1.559870828029439e+00,1.999894998131869e-01
2.281638138782702e+00,1.581023966397659e+00,1.999894866631139e-01
2.331638138782702e+00,1.602112785092024e+00,1.999894735534079e-01
2.381638138782701e+00,1.623137854635313e+00,1.999894604828218e-01
2.431638138782701e+00,1.644099737189314e+00,1.999894474495335e-01
2.481638138782701e+00,1.664998986724526e+00,1.999894344508087e-01
2.531638138782701e+00,1.685836149184974e+00,1.999894214824656e-01
2.581638138782701e+00,1.706611762648142e+00,1.999894085381270e-01
2.631638138782701e+00,1.727326357480594e+00,1.999893956083749e-01
2.681638138782700e+00,1.747980456489689e+00,1.999893826800622e-01
2.731638138782700e+00,1.768574575072941e+00,1.999893697364049e-01
2.781638138782700e+00,1.789109221366948e+00,1.999893567585734e-01
2.831638138782700e+00,1.809584896396462e+00,1.999893437289667e-01
2.881638138782700e+00,1.830002094221618e+00,1.999893306351682e-01
2.931638138782700e+00,1.850361302079366e+00,1.999893174726050e-01
2.981638138782699e+00,1.870663000516160e+00,1.999893042445821e-01
3.031638138782699e+00,1.890907663512595e+00,1.999892909601303e-01
3.081638138782699e+00,1.911095758603201e+00,1.999892776311207e-01
3.131638138782699e+00,1.931227746993846e+00,1.999892642698457e-01
3.181638138782699e+00,1.951304083678094e+00,1.999892508876166e-01
3.231638138782698e+00,1.971325217552402e+00,1.999892374942033e-01
3.281638138782698e+00,1.991291591529387e+00,1.999892240977333e-01
3.331638138782698e+00,2.011203642648989e+00,1.999892107048434e-01
3.381638138782698e+00,2.031061802187166e+00,1.999891973209143e-01
3.431638138782698e+00,2.050866495762032e+00,1.999891839502939e-01
3.481638138782698e+00,2.070618143437495e+00,1.999891705964936e-01
3.531638138782697e+00,2.090317159824350e+00,1.999891572623505e-01
3.581638138782697e+00,2.109963954179099e+00,1.999891439501763e-01
3.631638138782697e+00,2.129558930500427e+00,1.999891306618502e-01
3.681638138782697e+00,2.149102487623332e+00,1.999891173989007e-01
3.731638138782697e+00,2.168595019311158e+00,1.999891041625863e-01
3.781638138782697e+00,2.188036914345473e+00,1.999890909539341e-01
3.831638138782696e+00,2.207428556613967e+00,1.999890777737844e-01
3.881638138782696e+00,2.226770325196256e+00,1.999890646228228e-01
3.931638138782696e+00,2.246062594447732e+00,1.999890515016036e-01
3.981638138782696e+00,2.265305734081696e+00,1.999890384105778e-01
4.031638138782696e+00,2.284500109249537e+00,1.999890253501193e-01
4.081638138782695e+00,2.303646080619158e+00,1.999890123205272e-01
4.131638138782695e+00,2.322744004451623e+00,1.999889993220139e-01
4.181638138782695e+00,2.341794232676239e+00,1.999889863547441e-01
4.231638138782695e+00,2.360797112963984e+00,1.999889734188587e-01
4.281638138782695e+00,2.379752988799174e+00,1.999889605144533e-01
4.331638138782695e+00,2.398662199549752e+00,1.999889476415747e-01
4.381638138782694e+00,2.417525080536005e+00,1.999889348002387e-01
4.431638138782694e+00,2.436341963097905e+00,1.999889219904526e-01
4.481638138782694e+00,2.455113174660936e+00,1.999889092122097e-01
4.531638138782694e+00,2.473839038800377e+00,1.999888964654632e-01
4.581638138782694e+00,2.492519875304537e+00,1.999888837501503e-01
4.631638138782693e+00,2.511156000236501e+00,1.999888710662059e-01
4.681638138782693e+00,2.529747725994447e+00,1.999888584135449e-01
4.731638138782693e+00,2.548295361371015e+00,1.999888457920815e-01
4.781638138782693e+00,2.566799211611283e+00,1.999888332017150e-01
4.831638138782693e+00,2.585259578469505e+00,1.999888206423285e-01
4.881638138782693e+00,2.603676760264757e+00,1.999888081138126e-01
4.931638138782692e+00,2.622051051935403e+00,1.999887956160401e-01
4.981638138782692e+00,2.640382745092497e+00,1.999887831488719e-01
5.031638138782692e+00,2.658672128072100e+00,1.999887707121822e-01
5.081638138782692e+00,2.676919485986608e+00,1.999887583058402e-01
5.131638138782692e+00,2.695125100774864e+00,1.999887459297000e-01
5.181638138782692e+00,2.713289251251402e+00,1.999887335836209e-01
5.231638138782691e+00,2.731412213154745e+00,1.999887212674507e-01
5.281638138782691e+00,2.749494259194645e+00,1.999887089810344e-01
5.331638138782691e+00,2.767535659098534e+00,1.999886967242316e-01
5.381638138782691e+00,2.785536679656920e+00,1.999886844968892e-01
5.431638138782691e+00,2.803497584767921e+00,1.999886722988502e-01
5.481638138782690e+00,2.821418635481039e+00,1.999886601299601e-01
5.531638138782690e+00,2.839300090039963e+00,1.999886479900645e-01
5.581638138782690e+00,2.857142203924639e+00,1.999886358790077e-01
5.631638138782690e+00,2.874945229892477e+00,1.999886237966307e-01
5.681638138782690e+00,2.892709418018765e+00,1.999886117427818e-01
5.731638138782690e+00,2.910435015736378e+00,1.999885997173018e-01
5.781638138782689e+00,2.928122267874695e+00,1.999885877200268e-01
5.831638138782689e+00,2.945771416697770e+00,1.999885757508040e-01
5.881638138782689e+00,2.963382701941781e+00,1.999885638094805e-01
5.931638138782689e+00,2.980956360851804e+00,1.999885518958969e-01
5.981638138782689e+00,2.998492628197948e+00,1.999885400098995e-01
6.031638138782689e+00,3.015991736330787e+00,1.999885281513319e-01
6.081638138782688e+00,3.033453915275991e+00,1.999885163200338e-01
6.131638138782688e+00,3.050879392708390e+00,1.999885045158532e-01
6.181638138782688e+00,3.068268393925620e+00,1.999884927386383e-01
6.231638138782688e+00,3.085621141940992e+00,1.999884809882352e-01
6.281638138782688e+00,3.102937857535755e+00,1.999884692644889e-01
6.331638138782687e+00,3.120218759270839e+00,1.999884575672486e-01
6.381638138782687e+00,3.137464063517961e+00,1.999884458963669e-01
6.431638138782687e+00,3.154673984490145e+00,1.999884342516942e-01
6.481638138782687e+00,3.171848734271745e+00,1.999884226330771e-01
6.531638138782687e+00,3.188988522847975e+00,1.999884110403644e-01
6.581638138782687e+00,3.206093558133889e+00,1.999883994734112e-01
6.631638138782686e+00,3.223164046002785e+00,1.999883879320686e-01
6.681638138782686e+00,3.240200190314207e+00,1.999883764161927e-01
6.731638138782686e+00,3.257202192941390e+00,1.999883649256409e-01
6.781638138782686e+00,3.274170253798207e+00,1.999883534602711e-01
6.831638138782686e+00,3.291104570865705e+00,1.999883420199410e-01
6.881638138782685e+00,3.308005340218164e+00,1.999883306044970e-01
6.931638138782685e+00,3.324872756048749e+00,1.999883192137994e-01
6.981638138782685e+00,3.341707010694622e+00,1.999883078477186e-01
7.031638138782685e+00,3.358508294661608e+00,1.999882965061148e-01
7.081638138782685e+00,3.375276796648631e+00,1.999882851888463e-01
7.131638138782685e+00,3.392012703571566e+00,1.999882738957788e-01
7.181638138782684e+00,3.408716200586710e+00,1.999882626267814e-01
7.231638138782684e+00,3.425387471113853e+00,1.999882513817098e-01
7.281638138782684e+00,3.442026696859017e+00,1.999882401604235e-01
7.331638138782684e+00,3.458634057836835e+00,1.999882289627980e-01
7.381638138782684e+00,3.475209732392477e+00,1.999882177887015e-01
7.431638138782684e+00,3.491753897223177e+00,1.999882066380043e-01
7.481638138782683e+00,3.508266727399469e+00,1.999881955105812e-01
7.531638138782683e+00,3.524748396386189e+00,1.999881844062982e-01
7.581638138782683e+00,3.541199076062879e+00,1.999881733250212e-01
7.631638138782683e+00,3.557618936743989e+00,1.999881622666258e-01
7.681638138782683e+00,3.574008147198909e+00,1.999881512309904e-01
7.731638138782682e+00,3.590366874671372e+00,1.999881402179844e-01
7.781638138782682e+00,3.606695284898642e+00,1.999881292274797e-01
7.831638138782682e+00,3.622993542130595e+00,1.999881182593669e-01
7.881638138782682e+00,3.639261809148278e+00,1.999881073135287e-01
7.931638138782682e+00,3.655500247282117e+00,1.999880963898297e-01
7.981638138782682e+00,3.671709016430021e+00,1.999880854881435e-01
8.031638138782682e+00,3.687888275075164e+00,1.999880746083570e-01
8.081638138782683e+00,3.704038180303430e+00,1.999880637503567e-01
8.131638138782684e+00,3.720158887820542e+00,1.999880529140224e-01
8.181638138782684e+00,3.736250551969007e+00,1.999880420992382e-01
8.231638138782685e+00,3.752313325744747e+00,1.999880313058888e-01
8.281638138782686e+00,3.768347360813459e+00,1.999880205338569e-01
8.331638138782687e+00,3.784352807526767e+00,1.999880097830327e-01
8.381638138782687e+00,3.800329814938116e+00,1.999879990533024e-01
8.431638138782688e+00,3.816278530818429e+00,1.999879883445491e-01
8.481638138782689e+00,3.832199101671413e+00,1.999879776566620e-01
8.531638138782689e+00,3.848091672748750e+00,1.999879669895328e-01
8.581638138782690e+00,3.863956388065130e+00,1.999879563430559e-01
8.631638138782691e+00,3.879793390412779e+00,1.999879457171183e-01
8.681638138782692e+00,3.895602821375924e+00,1.999879351116102e-01
8.731638138782692e+00,3.911384821345218e+00,1.999879245264262e-01
8.781638138782693e+00,3.927139529531651e+00,1.999879139614555e-01
8.831638138782694e+00,3.942867083980364e+00,1.999879034166002e-01
8.881638138782694e+00,3.958567621584336e+00,1.999878928917618e-01
8.931638138782695e+00,3.974241278097763e+00,1.999878823868287e-01
8.981638138782696e+00,3.989888188149251e+00,1.999878719016924e-01
9.031638138782697e+00,4.005508485254818e+00,1.999878614362545e-01
9.081638138782697e+00,4.021102301830788e+00,1.999878509904220e-01
9.131638138782698e+00,4.036669769206389e+00,1.999878405640877e-01
9.181638138782699e+00,4.052211017636166e+00,1.999878301571418e-01
9.231638138782699e+00,4.067726176312297e+00,1.999878197694924e-01
9.281638138782700e+00,4.083215373376630e+00,1.999878094010481e-01
9.331638138782701e+00,4.098678735932629e+00,1.999877990517110e-01
9.381638138782701e+00,4.114116390057170e+00,1.999877887213862e-01
9.431638138782702e+00,4.129528460811946e+00,1.999877784099686e-01
9.481638138782703e+00,4.144915072254979e+00,1.999877681173575e-01
9.531638138782704e+00,4.160276347451885e+00,1.999877578434696e-01
9.581638138782704e+00,4.175612408486832e+00,1.999877475882112e-01
9.631638138782705e+00,4.190923376473553e+00,1.999877373514840e-01
9.681638138782706e+00,4.206209371566097e+00,1.999877271331948e-01
9.731638138782706e+00,4.221470512969425e+00,1.999877169332548e-01
9.781638138782707e+00,4.236706918949803e+00,1.999877067515775e-01
9.831638138782708e+00,4.251918706845163e+00,1.999876965880673e-01
9.881638138782709e+00,4.267105993075329e+00,1.999876864426312e-01
9.931638138782709e+00,4.282268893151930e+00,1.999876763151815e-01
9.981638138782710e+00,4.297407521688331e+00,1.999876662056325e-01
1.003163813878271e+01,4.312521992409435e+00,1.999876561138971e-01
1.008163813878271e+01,4.327612418161197e+00,1.999876460398874e-01
1.013163813878271e+01,4.342678910920107e+00,1.999876359835176e-01
1.018163813878271e+01,4.357721581802574e+00,1.999876259446998e-01
1.023163813878271e+01,4.372740541074144e+00,1.999876159233483e-01
1.028163813878271e+01,4.387735898158539e+00,1.999876059193803e-01
1.033163813878271e+01,4.402707761646675e+00,1.999875959327131e-01
1.038163813878272e+01,4.417656239305497e+00,1.999875859632567e-01
1.043163813878272e+01,4.432581438086680e+00,1.999875760109305e-01
1.048163813878272e+01,4.447483464135241e+00,1.999875660756620e-01
1.053163813878272e+01,4.462362422797976e+00,1.999875561573617e-01
1.058163813878272e+01,4.477218418631933e+00,1.999875462559465e-01
1.063163813878272e+01,4.492051555412628e+00,1.999875363713396e-01
1.068163813878272e+01,4.506861936142150e+00,1.999875265034551e-01
1.073163813878272e+01,4.521649663057270e+00,1.999875166522204e-01
1.078163813878272e+01,4.536414837637281e+00,1.999875068175608e-01
1.083163813878272e+01,4.551157560611883e+00,1.999874969993906e-01
1.088163813878272e+01,4.565877931968991e+00,1.999874871976295e-01
1.093163813878272e+01,4.580576050962252e+00,1.999874774122051e-01
1.098163813878272e+01,4.595252016118532e+00,1.999874676430456e-01
1.103163813878272e+01,4.609905925245422e+00,1.999874578900711e-01
1.108163813878273e+01,4.624537875438533e+00,1.999874481532000e-01
1.113163813878273e+01,4.639147963088736e+00,1.999874384323618e-01
1.118163813878273e+01,4.653736283889337e+00,1.999874287274886e-01
1.123163813878273e+01,4.668302932842955e+00,1.999874190384979e-01
1.128163813878273e+01,4.682848004268644e+00,1.999874093653145e-01
1.133163813878273e+01,4.697371591808836e+00,1.999873997078732e-01
1.138163813878273e+01,4.711873788435794e+00,1.999873900660989e-01
1.143163813878273e+01,4.726354686458512e+00,1.999873804399194e-01
1.148163813878273e+01,4.740814377529427e+00,1.999873708292654e-01
1.153163813878273e+01,4.755252952650656e+00,1.999873612340666e-01
1.158163813878273e+01,4.769670502180611e+00,1.999873516542483e-01
1.163163813878273e+01,4.784067115840366e+00,1.999873420897397e-01
1.168163813878273e+01,4.798442882719823e+00,1.999873325404723e-01
1.173163813878273e+01,4.812797891284015e+00,1.999873230063794e-01
1.178163813878274e+01,4.827132229379159e+00,1.999873134873982e-01
1.183163813878274e+01,4.841445984238618e+00,1.999873039834496e-01
1.188163813878274e+01,4.855739242488982e+00,1.999872944944668e-01
1.193163813878274e+01,4.870012090155983e+00,1.999872850203903e-01
1.198163813878274e+01,4.884264612670203e+00,1.999872755611484e-01
1.203163813878274e+01,4.898496894872888e+00,1.999872661166791e-01
1.208163813878274e+01,4.912709021021583e+00,1.999872566869188e-01
1.213163813878274e+01,4.926901074795683e+00,1.999872472717932e-01
1.218163813878274e+01,4.941073139302128e+00,1.999872378712352e-01
1.223163813878274e+01,4.955225297080728e+00,1.999872284851845e-01
1.228163813878274e+01,4.969357630109506e+00,1.999872191135756e-01
1.233163813878274e+01,4.983470219810286e+00,1.999872097563484e-01
1.238163813878274e+01,4.997563147053770e+00,1.999872004134407e-01
1.243163813878274e+01,5.011636492164683e+00,1.999871910847884e-01
1.248163813878275e+01,5.025690334927075e+00,1.999871817703323e-01
1.253163813878275e+01,5.039724754589287e+00,1.999871724700063e-01
1.258163813878275e+01,5.053739829868992e+00,1.999871631837451e-01
1.263163813878275e+01,5.067735638958258e+00,1.999871539114921e-01
1.268163813878275e+01,5.081712259528270e+00,1.999871446531876e-01
1.273163813878275e+01,5.095669768734222e+00,1.999871354087681e-01
1.278163813878275e+01,5.109608243220263e+00,1.999871261781756e-01
1.283163813878275e+01,5.123527759124029e+00,1.999871169613462e-01
1.288163813878275e+01,5.137428392081314e+00,1.999871077582157e-01
1.293163813878275e+01,5.151310217230786e+00,1.999870985687330e-01
1.298163813878275e+01,5.165173309218544e+00,1.999870893928461e-01
1.303163813878275e+01,5.179017742202524e+00,1.999870802304906e-01
1.308163813878275e+01,5.192843589856999e+00,1.999870710816024e-01
1.313163813878275e+01,5.206650925377026e+00,1.999870619461320e-01
1.318163813878276e+01,5.220439821482739e+00,1.999870528240209e-01
1.323163813878276e+01,5.234210350423647e+00,1.999870437152073e-01
1.328163813878276e+01,5.247962583982896e+00,1.999870346196386e-01
1.333163813878276e+01,5.261696593481550e+00,1.999870255372569e-01
1.338163813878276e+01,5.275412449782610e+00,1.999870164680059e-01
1.343163813878276e+01,5.289110223295181e+00,1.999870074118292e-01
1.348163813878276e+01,5.302789983978520e+00,1.999869983686735e-01
1.353163813878276e+01,5.316451801346043e+00,1.999869893384904e-01
1.358163813878276e+01,5.330095744469389e+00,1.999869803212219e-01
1.363163813878276e+01,5.343721881982082e+00,1.999869713168112e-01
1.368163813878276e+01,5.357330282083510e+00,1.999869623252018e-01
1.373163813878276e+01,5.370921012543048e+00,1.999869533463396e-01
1.378163813878276e+01,5.384494140703488e+00,1.999869443801768e-01
1.383163813878276e+01,5.398049733484793e+00,1.999869354266596e-01
1.388163813878277e+01,5.411587857388083e+00,1.999869264857354e-01
1.393163813878277e+01,5.425108578499084e+00,1.999869175573492e-01
1.398163813878277e+01,5.438611962491682e+00,1.999869086414502e-01
1.403163813878277e+01,5.452098074631603e+00,1.999868997379873e-01
1.408163813878277e+01,5.465566979780049e+00,1.999868908469051e-01
1.413163813878277e+01,5.479018742397132e+00,1.999868819681578e-01
1.418163813878277e+01,5.492453426545145e+00,1.999868731016988e-01
1.423163813878277e+01,5.505872081355147e+00,1.999868642467608e-01
1.427000000000000e+01,5.516158325585058e+00,1.999868387356165e-01
1.427000001000000e+01,5.516158277268318e+00,1.999868849483055e-01
1.427000003000000e+01,5.516158519132410e+00,1.999869106261529e-01
1.427000004051728e+01,5.516158916738580e+00,1.999870094893801e-01
1.427000004984515e+01,5.516159523725514e+00,1.999873116659673e-01
1.427000006217224e+01,5.516160504602204e+00,1.999878874060045e-01
1.427000007783853e+01,5.516160749314772e+00,1.999880054369940e-01
1.427000009329580e+01,5.516157732273070e+00,1.999865577827443e-01
1.427000010000000e+01,5.516154281478297e+00,1.999850902961668e-01
1.427000010187593e+01,5.516152096726001e+00,1.999842073992060e-01
1.427000010562781e+01,5.516147007323044e+00,1.999816655007150e-01
1.427000011313155e+01,5.516131062513361e+00,1.999739859670540e-01
1.427000012456240e+01,5.516082849060783e+00,1.999510680524911e-01
1.427000014575015e+01,5.515897146504962e+00,1.998627264065211e-01
1.427000017039056e+01,5.515469447570560e+00,1.996593064528338e-01
1.427000019644699e+01,5.514631800649699e+00,1.992609874766967e-01
1.427000022673470e+01,5.513033201506749e+00,1.985008205945808e-01
1.427000025484725e+01,5.510737397683431e+00,1.974090116672832e-01
1.427000029445631e+01,5.506141874923754e+00,1.952234530502091e-01
1.427000032922997e+01,5.500856660844250e+00,1.927097893305278e-01
1.427000035986090e+01,5.495060124306507e+00,1.899528556589468e-01
1.427000039567956e+01,5.487051798800543e+00,1.861439265567249e-01
1.427000043437842e+01,5.477282418074848e+00,1.814973546758127e-01
1.427000045898767e+01,5.470482467725689e+00,1.782630426559634e-01
1.427000047908729e+01,5.464534552461632e+00,1.754339512538225e-01
1.427000050117616e+01,5.457640137420993e+00,1.721547309245585e-01
1.427000052139156e+01,5.450911218069475e+00,1.689543281335475e-01
1.427000054757098e+01,5.440957435700941e+00,1.642210210938523e-01
1.427000055672588e+01,5.436363515264167e+00,1.620364147450186e-01
1.427000056499828e+01,5.431343710965645e+00,1.596489867730606e-01
1.427000057180778e+01,5.427130407054946e+00,1.576449025653923e-01
1.427000057921889e+01,5.422675033247789e+00,1.555256797545651e-01
1.427000058557353e+01,5.418978844073094e+00,1.537674335279346e-01
1.427000059182738e+01,5.415446198450161e+00,1.520868685185209e-01
1.427000060210450e+01,5.409799178724955e+00,1.494007068952859e-01
1.427000061231033e+01,5.404338861123980e+00,1.468033205719338e-01
1.427000062312018e+01,5.398713701035215e+00,1.441276121693346e-01
1.427000063441134e+01,5.392984164491065e+00,1.414023563157164e-01
1.427000064646955e+01,5.386998746810448e+00,1.385554063707330e-01
1.427000065759771e+01,5.381576267432102e+00,1.359762121002415e-01
1.427000066894747e+01,5.376131383997500e+00,1.333863901881408e-01
1.427000068005384e+01,5.370876631024147e+00,1.308869228135203e-01
1.427000069133078e+01,5.365620611844362e+00,1.283867514393395e-01
1.427000070254089e+01,5.360491102411993e+00,1.259468202115783e-01
1.427000071400269e+01,5.355371035944249e+00,1.235114211981306e-01
1.427000072557458e+01,5.350368124435402e+00,1.211316835767144e-01
1.427000073757069e+01,5.345412080185814e+00,1.187741851538847e-01
1.427000074996217e+01,5.340605005305960e+00,1.164874601737290e-01
1.427000076316246e+01,5.335857135095044e+00,1.142288241327518e-01
1.427000077118655e+01,5.333205563913631e+00,1.129675194582264e-01
1.427000077721822e+01,5.331369783140174e+00,1.120942793196271e-01
1.427000078349015e+01,5.329573594866239e+00,1.112396774382741e-01
1.427000079011874e+01,5.327747953848542e+00,1.103711248220880e-01
1.427000079802185e+01,5.325616395592993e+00,1.093573296492448e-01
1.427000080685712e+01,5.323261060024097e+00,1.082371158435776e-01
1.427000081857541e+01,5.320156047875562e+00,1.067602606081598e-01
1.427000083138320e+01,5.316758730688706e+00,1.051443155046223e-01
1.427000084378079e+01,5.313439137265463e+00,1.035652879156445e-01
1.427000085471243e+01,5.310431086325607e+00,1.021346337906244e-01
1.427000086383457e+01,5.307736636582431e+00,1.008532188798936e-01
1.427000087232758e+01,5.304949629785412e+00,9.952775653432186e-02
1.427000088085057e+01,5.301879942461646e+00,9.806788903072378e-02
1.427000088929934e+01,5.298621236971425e+00,9.651807225213953e-02
1.427000090086393e+01,5.293924468400142e+00,9.428413645091772e-02
1.427000091333599e+01,5.288650345062365e+00,9.177552220400186e-02
1.427000092852441e+01,5.282016070919976e+00,8.862002233222885e-02
1.427000094419730e+01,5.275001901974498e+00,8.528385508223819e-02
1.427000096285270e+01,5.266499440822326e+00,8.123969002422751e-02
1.427000098270999e+01,5.257350081337773e+00,7.688778536725004e-02
1.427000100000000e+01,5.249360797398322e+00,7.308409639793630e-02
1.427000100234708e+01,5.248281752466010e+00,7.257338584071264e-02
1.427000100704126e+01,5.246135988516927e+00,7.155377228450517e-02
1.427000101642960e+01,5.241907022199499e+00,6.954216398616926e-02
1.427000103520628e+01,5.233727308474353e+00,6.565142614031950e-02
1.427000106065400e+01,5.223236891634066e+00,6.066144063640091e-02
1.427000108486466e+01,5.213920695892806e+00,5.623002307048337e-02
1.427000110566265e+01,5.206435542414334e+00,5.266958043102102e-02
1.427000112504169e+01,5.199831659171084e+00,4.952832574120203e-02
1.427000114347199e+01,5.193821254795899e+00,4.666933762813151e-02
1.427000116055598e+01,5.188461613045527e+00,4.411996259266057e-02
1.427000117906015e+01,5.182865080445593e+00,4.145797548891149e-02
1.427000119907613e+01,5.177021654740368e+00,3.867845205361545e-02
1.427000121805428e+01,5.171668250315650e+00,3.613199401602978e-02
1.427000123497646e+01,5.167052396107528e+00,3.393644296549917e-02
1.427000125384732e+01,5.162065645582542e+00,3.156445591324897e-02
1.427000127221501e+01,5.157369066480101e+00,2.933044992273990e-02
1.427000129430352e+01,5.151943738575191e+00,2.674979213014290e-02
1.427000131707009e+01,5.146652650136424e+00,2.423298194572059e-02
1.427000134451079e+01,5.140730674773534e+00,2.141607129090439e-02
1.427000137423930e+01,5.134905144040855e+00,1.864501845732808e-02
1.427000141154119e+01,5.128452100884959e+00,1.557548338541453e-02
1.427000145567160e+01,5.121986381779602e+00,1.249991467056159e-02
1.427000151787610e+01,5.114589640798268e+00,8.981441469245040e-03
1.427000157610097e+01,5.109213802434907e+00,6.424249783709503e-03
1.427000163757689e+01,5.105001472956400e+00,4.420504589050283e-03
1.427000169464407e+01,5.102204279543150e+00,3.089903464537849e-03
1.427000176396073e+01,5.099900497583672e+00,1.994003264856321e-03
1.427000183311862e+01,5.098378054832031e+00,1.269773898366843e-03
1.427000188151305e+01,5.097715880315101e+00,9.547663242931094e-04
1.427000193612806e+01,5.097307923138544e+00,7.606880128665559e-04
1.427000197740214e+01,5.097214651663750e+00,7.162984560551380e-04
1.427000202467545e+01,5.097302941918996e+00,7.582697911408016e-04
1.427000205926989e+01,5.097439603091537e+00,8.232751784079637e-04
1.427000208692619e+01,5.097562773447211e+00,8.818781638984699e-04
1.427000212012996e+01,5.097687526272783e+00,9.412287161939431e-04
1.427000215437455e+01,5.097771033819866e+00,9.809472089841818e-04
1.427000218886106e+01,5.097811071950828e+00,9.999660528137836e-04
1.427000221140557e+01,5.097817984167953e+00,1.003238597693261e-03
1.427000223889805e+01,5.097815230084624e+00,1.001947957819056e-03
1.427000227949914e+01,5.097810467703665e+00,9.997016178346766e-04
1.427000233242985e+01,5.097807071927878e+00,9.980799513811969e-04
1.427000238535295e+01,5.097799968071904e+00,9.947085454531910e-04
1.427000244490138e+01,5.097776211723961e+00,9.834138503867500e-04
1.427000253831713e+01,5.097704668793704e+00,9.493865500011687e-04
1.427000262699389e+01,5.097602688875509e+00,9.008865251404019e-04
1.427000274540812e+01,5.097427129289703e+00,8.173923636282280e-04
1.427000286595390e+01,5.097220365926820e+00,7.190443015637360e-04
1.427000299668587e+01,5.096975775537835e+00,6.026939750335653e-04
1.427000312502541e+01,5.096725932233655e+00,4.838571512219273e-04
1.427000324469139e+01,5.096499276646001e+00,3.760609050720525e-04
1.427000330596470e+01,5.096401152857773e+00,3.293784386901101e-04
1.427000336920802e+01,5.096321232015145e+00,2.913545533723381e-04
1.427000341595046e+01,5.096272461317425e+00,2.681771244022285e-04
1.427000346955102e+01,5.096226047662853e+00,2.461148219385306e-04
1.427000352675850e+01,5.096184580268283e+00,2.263776453050109e-04
1.427000357844987e+01,5.096153332947837e+00,2.114964967766836e-04
1.427000362826334e+01,5.096128035704654e+00,1.994495935867397e-04
1.427000367615115e+01,5.096107374849440e+00,1.896219676626039e-04
1.427000372591006e+01,5.096089007590044e+00,1.808932758320105e-04
1.427000377524649e+01,5.096073366556610e+00,1.734601593596174e-04
1.427000382826627e+01,5.096058915038631e+00,1.665766438651719e-04
1.427000388147892e+01,5.096046452909988e+00,1.606459383833140e-04
1.427000394250775e+01,5.096034209087037e+00,1.548322516737878e-04
1.427000400425768e+01,5.096023666831945e+00,1.498136311287750e-04
1.427000408224786e+01,5.096012437861139e+00,1.444668603595234e-04
1.427000416051950e+01,5.096003005544469e+00,1.399850623181216e-04
1.427000425427310e+01,5.095993672838496e+00,1.355562501846840e-04
1.427000435744917e+01,5.095985175976357e+00,1.315203344974040e-04
1.427000445635324e+01,5.095978482761407e+00,1.283380635119549e-04
1.427000457211154e+01,5.095972122412110e+00,1.253121721451996e-04
1.427000473829027e+01,5.095964937377267e+00,1.218895740352119e-04
1.427000500290645e+01,5.095956018010078e+00,1.176433824488941e-04
1.427000518554636e+01,5.095951144104512e+00,1.153263816292092e-04
1.427000534466404e+01,5.095947676857561e+00,1.136771783985206e-04
1.427000551791953e+01,5.095944389499545e+00,1.121125063006413e-04
1.427000570466798e+01,5.095941229078907e+00,1.106099217245832e-04
1.427000590693561e+01,5.095938140810762e+00,1.091424076151142e-04
1.427000616426707e+01,5.095934522922225e+00,1.074251727078992e-04
1.427000634128225e+01,5.095932190499847e+00,1.063180057579410e-04
1.427000654271208e+01,5.095929675060933e+00,1.051211830589064e-04
1.427000679314779e+01,5.095926675762057e+00,1.036927155379489e-04
1.427000706137745e+01,5.095923589770440e+00,1.022255261163003e-04
1.427000743352323e+01,5.095919470275611e+00,1.002707395953316e-04
1.427000778037675e+01,5.095915763699931e+00,9.850859628771625e-05
1.427000817186654e+01,5.095911722932022e+00,9.658499691460554e-05
1.427000860335154e+01,5.095907416606438e+00,9.453756632016223e-05
1.427000909915034e+01,5.095902640281648e+00,9.226708504980488e-05
1.427000963686119e+01,5.095897645685953e+00,8.989271210474798e-05
1.427001018479211e+01,5.095892742991231e+00,8.756243059988530e-05
1.427001072448897e+01,5.095888087398013e+00,8.534955647158107e-05
1.427001124340696e+01,5.095883765080504e+00,8.329584176920341e-05
1.427001173882029e+01,5.095879774809389e+00,8.140016792914982e-05
1.427001221057552e+01,5.095876095214307e+00,7.965113928918686e-05
1.427001267861619e+01,5.095872557692264e+00,7.797022515107675e-05
1.427001316714913e+01,5.095868982580027e+00,7.627342684317927e-05
1.427001372334096e+01,5.095865050062556e+00,7.440626864659822e-05
1.427001434483361e+01,5.095860821278617e+00,7.239562370548856e-05
1.427001505548808e+01,5.095856192719444e+00,7.019491193047395e-05
1.427001590766751e+01,5.095850916730567e+00,6.768872281056171e-05
1.427001691518611e+01,5.095845051801593e+00,6.490272119608012e-05
1.427001827409026e+01,5.095837730527984e+00,6.142451325587717e-05
1.427002003323594e+01,5.095829208410616e+00,5.737647182276203e-05
1.427002292203853e+01,5.095817230373400e+00,5.168817587574507e-05
1.427002750976618e+01,5.095802423332238e+00,4.466038447528946e-05
1.427003668522149e+01,5.095782462286683e+00,3.519631181405125e-05
1.427005103024942e+01,5.095764441334265e+00,2.667195642451635e-05
1.427006855423739e+01,5.095753423566564e+00,2.148932927068715e-05
1.427008880491664e+01,5.095747167106636e+00,1.858049834484001e-05
1.427011585054282e+01,5.095742222450564e+00,1.631803505402749e-05
1.427015679337821e+01,5.095736818205736e+00,1.388297945055367e-05
1.427022092174737e+01,5.095730577574022e+00,1.112703168989384e-05
1.427034917848568e+01,5.095722250013094e+00,7.591123337011576e-06
1.427053427841132e+01,5.095715194816701e+00,4.849116525088116e-06
1.427076731264282e+01,5.095710512623883e+00,3.395054373656354e-06
1.427106723361281e+01,5.095707133376700e+00,2.782797467788434e-06
1.427150812010147e+01,5.095703604786068e+00,2.567297935695637e-06
1.427226182506295e+01,5.095698240689567e+00,2.516708905916640e-06
1.427356393443590e+01,5.095689152801309e+00,2.514484691033204e-06
1.427616815318179e+01,5.095670987790375e+00,2.514884370700347e-06
1.428137659067359e+01,5.095634657969932e+00,2.514689506397881e-06
1.429179346565718e+01,5.095562008536973e+00,2.514798639026751e-06
1.431262721562435e+01,5.095416745892883e+00,2.514826551750755e-06
1.435429471555871e+01,5.095126335973945e+00,2.514962651439888e-06
1.440429471555871e+01,5.094778033684141e+00,2.515109102304133e-06
1.445429471555871e+01,5.094429946758344e+00,2.515257473086464e-06
1.450429471555871e+01,5.094082084420508e+00,2.515405402066640e-06
1.455429471555871e+01,5.093734446529554e+00,2.515553546829764e-06
1.460429471555871e+01,5.093387032941836e+00,2.515701285850780e-06
1.465429471555871e+01,5.093039843516419e+00,2.515849235192447e-06
1.470429471555871e+01,5.092692878109882e+00,2.515996788428743e-06
1.475429471555871e+01,5.092346136581316e+00,2.516144539973076e-06
1.480429471555872e+01,5.091999618787430e+00,2.516291910733116e-06
1.485429471555872e+01,5.091653324587543e+00,2.516439466367494e-06
1.490429471555872e+01,5.091307253838642e+00,2.516586651653675e-06
1.495429471555872e+01,5.090961406400051e+00,2.516734013798383e-06
1.500429471555872e+01,5.090615782128972e+00,2.516881016985785e-06
1.505429471555872e+01,5.090270380884855e+00,2.517028181199933e-06
1.510429471555872e+01,5.089925202525025e+00,2.517174994650218e-06
1.515429471555872e+01,5.089580246909161e+00,2.517321964819586e-06
1.520429471555872e+01,5.089235513894874e+00,2.517468598169493e-06
1.525429471555872e+01,5.088891003341822e+00,2.517615375426508e-06
1.530429471555872e+01,5.088546715107824e+00,2.517761821370768e-06
1.535429471555872e+01,5.088202649052747e+00,2.517908403295145e-06
1.540429471555872e+01,5.087858805034544e+00,2.518054666363468e-06
1.545429471555872e+01,5.087515182913142e+00,2.518201056197057e-06
1.550429471555872e+01,5.087171782546737e+00,2.518347135456857e-06
1.555429471555873e+01,5.086828603795449e+00,2.518493332400296e-06
1.560429471555873e+01,5.086485646517644e+00,2.518639227451892e-06
1.565429471555873e+01,5.086142910573522e+00,2.518785231105504e-06
1.570429471555873e+01,5.085800395821654e+00,2.518930940216947e-06
1.575429471555873e+01,5.085458102122339e+00,2.519076750758365e-06
1.580429471555873e+01,5.085116029334376e+00,2.519222275084288e-06
1.585429471555873e+01,5.084774177318259e+00,2.519367893890190e-06
1.590429471555873e+01,5.084432545932939e+00,2.519513234296567e-06
1.595429471555873e+01,5.084091135038979e+00,2.519658661633407e-06
1.600429471555873e+01,5.083749944495511e+00,2.519803818453304e-06
1.605429471555873e+01,5.083408974163269e+00,2.519949055253668e-06
1.610429471555873e+01,5.083068223901635e+00,2.520094028886767e-06
1.615429471555873e+01,5.082727693571464e+00,2.520239077193466e-06
1.620429471555873e+01,5.082387383032195e+00,2.520383869305099e-06
1.625429471555874e+01,5.082047292144811e+00,2.520528724854877e-06
1.630429471555874e+01,5.081707420769142e+00,2.520673327917734e-06
1.635429471555874e+01,5.081367768766264e+00,2.520817993352920e-06
1.640429471555874e+01,5.081028335996002e+00,2.520962415560447e-06
1.645429471555874e+01,5.080689122319651e+00,2.521106892701809e-06
1.650429471555874e+01,5.080350127597286e+00,2.521251132655123e-06
1.655429471555874e+01,5.080011351690291e+00,2.521395419704099e-06
1.660429471555874e+01,5.079672794458910e+00,2.521539475005120e-06
1.665429471555874e+01,5.079334455764625e+00,2.521683574715062e-06
1.670429471555874e+01,5.078996335467968e+00,2.521827447162351e-06
1.675429471555874e+01,5.078658433430592e+00,2.521971356624476e-06
1.680429471555874e+01,5.078320749513054e+00,2.522115045995988e-06
1.685429471555874e+01,5.077983283577185e+00,2.522258770073072e-06
1.690429471555874e+01,5.077646035483826e+00,2.522402277701076e-06
1.695429471555875e+01,5.077309005094840e+00,2.522545811752387e-06
1.700429471555875e+01,5.076972192271229e+00,2.522689133906531e-06
1.705429471555875e+01,5.076635596875066e+00,2.522832479530791e-06
1.710429471555875e+01,5.076299218767480e+00,2.522975620296698e-06
1.715429471555875e+01,5.075963057810689e+00,2.523118781446299e-06
1.720429471555875e+01,5.075627113866087e+00,2.523261740646333e-06
1.725429471555875e+01,5.075291386796007e+00,2.523404713990608e-06
1.730429471555875e+01,5.074955876461941e+00,2.523547489315504e-06
1.735429471555875e+01,5.074620582726340e+00,2.523690275720426e-06
1.740429471555875e+01,5.074285505450908e+00,2.523832868302612e-06
1.745429471555875e+01,5.073950644498318e+00,2.523975466946617e-06
1.750429471555875e+01,5.073615999730400e+00,2.524117878295996e-06
1.755429471555875e+01,5.073281571009897e+00,2.524260293753201e-06
1.760429471555875e+01,5.072947358198862e+00,2.524402524602522e-06
1.765429471555876e+01,5.072613361160233e+00,2.524544754608072e-06
1.770429471555876e+01,5.072279579756214e+00,2.524686803380817e-06
1.775429471555876e+01,5.071946013849784e+00,2.524828847535033e-06
1.780429471555876e+01,5.071612663303375e+00,2.524970713809317e-06
1.785429471555876e+01,5.071279527980212e+00,2.525112572267630e-06
1.790429471555876e+01,5.070946607742855e+00,2.525254256420929e-06
1.795429471555876e+01,5.070613902454624e+00,2.525395931070719e-06
1.800429471555876e+01,5.070281411978178e+00,2.525537434879389e-06
1.805429471555876e+01,5.069949136177043e+00,2.525678923833276e-06
1.810429471555876e+01,5.069617074914117e+00,2.525820246475753e-06
1.815429471555876e+01,5.069285228052973e+00,2.525961551376866e-06
1.820429471555876e+01,5.068953595456748e+00,2.526102691409860e-06
1.825429471555876e+01,5.068622176989197e+00,2.526243814412033e-06
1.830429471555876e+01,5.068290972513535e+00,2.526384775965574e-06
1.835429471555877e+01,5.067959981893675e+00,2.526525713893569e-06
1.840429471555877e+01,5.067629204993017e+00,2.526666494258712e-06
1.845429471555877e+01,5.067298641675592e+00,2.526807251731057e-06
1.850429471555877e+01,5.066968291804978e+00,2.526947853505724e-06
1.855429471555877e+01,5.066638155245382e+00,2.527088425259961e-06
1.860429471555877e+01,5.066308231860585e+00,2.527228843092878e-06
1.865429471555877e+01,5.065978521514898e+00,2.527369234058398e-06
1.870429471555877e+01,5.065649024072194e+00,2.527509474899560e-06
1.875429471555877e+01,5.065319739396999e+00,2.527649680790901e-06
1.880429471555877e+01,5.064990667353328e+00,2.527789739866349e-06
1.885429471555877e+01,5.064661807805840e+00,2.527929765857152e-06
1.890429471555877e+01,5.064333160618861e+00,2.528069644721199e-06
1.895429471555877e+01,5.064004725657092e+00,2.528209487747247e-06
1.900429471555877e+01,5.063676502784917e+00,2.528349188531521e-06
1.905429471555878e+01,5.063348491867291e+00,2.528488851457190e-06
1.910429471555878e+01,5.063020692768784e+00,2.528628372118881e-06
1.915429471555878e+01,5.062693105354465e+00,2.528767852412862e-06
1.920429471555878e+01,5.062365729489009e+00,2.528907195039188e-06
1.925429471555878e+01,5.062038565037664e+00,2.529046495610267e-06
1.930429471555878e+01,5.061711611865369e+00,2.529185658824552e-06
1.935429471555878e+01,5.061384869837488e+00,2.529324777629916e-06
1.940429471555878e+01,5.061058338819055e+00,2.529463762497975e-06
1.945429471555878e+01,5.060732018675559e+00,2.529602702068935e-06
1.950429471555878e+01,5.060405909272220e+00,2.529741507258500e-06
1.955429471555878e+01,5.060080010474720e+00,2.529880265330199e-06
1.960429471555878e+01,5.059754322148500e+00,2.530018893416986e-06
1.965429471555878e+01,5.059428844159331e+00,2.530157472698370e-06
1.970429471555878e+01,5.059103576372689e+00,2.530295921284299e-06
1.975429471555879e+01,5.058778518654537e+00,2.530434318733355e-06
1.980429471555879e+01,5.058453670870597e+00,2.530572588107084e-06
1.985429471555879e+01,5.058129032886985e+00,2.530710808564386e-06
1.990429471555879e+01,5.057804604569592e+00,2.530848905120798e-06
1.995429471555879e+01,5.057480385784722e+00,2.530986947098646e-06
2.000429471555879e+01,5.057156376398333e+00,2.531124862733115e-06
2.005429471555879e+01,5.056832576276704e+00,2.531262724410745e-06
2.010429471555879e+01,5.056508985286101e+00,2.531400463830614e-06
2.015429471555879e+01,5.056185603293148e+00,2.531538146118407e-06
2.020429471555879e+01,5.055862430164178e+00,2.531675706525916e-06
2.025429471555879e+01,5.055539465765870e+00,2.531813212887769e-06
2.030429471555879e+01,5.055216709964678e+00,2.531950598257516e-06
2.035429471555879e+01,5.054894162627479e+00,2.532087923009086e-06
2.040429471555879e+01,5.054571823620948e+00,2.532225129921585e-06
2.045429471555880e+01,5.054249692812028e+00,2.532362279146895e-06
2.050429471555880e+01,5.053927770067543e+00,2.532499310910608e-06
2.055429471555880e+01,5.053606055254731e+00,2.532636283121959e-06
2.060429471555880e+01,5.053284548240545e+00,2.532773140047752e-06
2.065429471555880e+01,5.052963248892183e+00,2.532909936310958e-06
2.070429471555880e+01,5.052642157076834e+00,2.533046613447232e-06
2.075429471555880e+01,5.052321272661954e+00,2.533183227189773e-06
2.080429471555880e+01,5.052000595514797e+00,2.533319729887807e-06
2.085429471555880e+01,5.051680125502987e+00,2.533456170479965e-06
2.090429471555880e+01,5.051359862493982e+00,2.533592498717553e-06
2.095429471555880e+01,5.051039806355492e+00,2.533728762495592e-06
2.100429471555880e+01,5.050719956955145e+00,2.533864912786633e-06
2.105429471555880e+01,5.050400314160802e+00,2.534000998018605e-06
2.110429471555880e+01,5.050080877840219e+00,2.534136974803992e-06
2.115429471555881e+01,5.049761647861443e+00,2.534272886707946e-06
2.120429471555881e+01,5.049442624092409e+00,2.534408688788638e-06
2.125429471555881e+01,5.049123806401300e+00,2.534544424677832e-06
2.130429471555881e+01,5.048805194656202e+00,2.534680050832584e-06
2.135429471555881e+01,5.048486788725457e+00,2.534815609929865e-06
2.140429471555881e+01,5.048168588477247e+00,2.534951060847014e-06
2.145429471555881e+01,5.047850593780081e+00,2.535086444751101e-06
2.150429471555881e+01,5.047532804502369e+00,2.535221722184801e-06
2.155429471555881e+01,5.047215220512681e+00,2.535356930007516e-06
2.160429471555881e+01,5.046897841679599e+00,2.535492031359844e-06
2.165429471555881e+01,5.046580667871938e+00,2.535627065099589e-06
2.170429471555881e+01,5.046263698958356e+00,2.535761994900255e-06
2.175429471555881e+01,5.045946934807742e+00,2.535896852958309e-06
2.180429471555881e+01,5.045630375289005e+00,2.536031607388146e-06
2.185429471555882e+01,5.045314020271223e+00,2.536166294272014e-06
2.190429471555882e+01,5.044997869623367e+00,2.536300876417442e-06
2.195429471555882e+01,5.044681923214687e+00,2.536435385510195e-06
2.200429471555882e+01,5.044366180914348e+00,2.536569791907318e-06
2.205429471555882e+01,5.044050642591709e+00,2.536704129470614e-06
2.210429471555882e+01,5.043735308116080e+00,2.536838365093231e-06
2.215429471555882e+01,5.043420177356974e+00,2.536972528085059e-06
2.220429471555882e+01,5.043105250183888e+00,2.537106589313843e-06
2.225429471555882e+01,5.042790526466514e+00,2.537240576623979e-06
2.230429471555882e+01,5.042476006074447e+00,2.537374464213883e-06
2.235429471555882e+01,5.042161688877486e+00,2.537508281415647e-06
2.240429471555882e+01,5.041847574745422e+00,2.537641997076413e-06
2.245429471555882e+01,5.041533663548246e+00,2.537775638463259e-06
2.250429471555882e+01,5.041219955155903e+00,2.537909182927634e-06
2.255429471555883e+01,5.040906449438449e+00,2.538042654272722e-06
2.260429471555883e+01,5.040593146265973e+00,2.538176026164031e-06
2.265429471555883e+01,5.040280045508806e+00,2.538309324225508e-06
2.270429471555883e+01,5.039967147037173e+00,2.538442523232888e-06
2.275429471555883e+01,5.039654450721402e+00,2.538575648188391e-06
2.280429471555883e+01,5.039341956431917e+00,2.538708675377656e-06
2.285429471555883e+01,5.039029664039358e+00,2.538841627249390e-06
2.290429471555883e+01,5.038717573414168e+00,2.538974484019419e-06
2.295429471555883e+01,5.038405684427059e+00,2.539107265338692e-06
2.300429471555883e+01,5.038093996948811e+00,2.539239948403228e-06
2.305429471555883e+01,5.037782510850208e+00,2.539372558281862e-06
2.310429471555883e+01,5.037471226002078e+00,2.539505073214222e-06
2.315429471555883e+01,5.037160142275502e+00,2.539637509964677e-06
2.320429471555883e+01,5.036849259541423e+00,2.539769851791064e-06
2.325429471555884e+01,5.036538577671002e+00,2.539902119410143e-06
2.330429471555884e+01,5.036228096535432e+00,2.540034291483430e-06
2.335429471555884e+01,5.035917816005976e+00,2.540166387528643e-06
2.340429471555884e+01,5.035607735953920e+00,2.540298388694197e-06
2.345429471555884e+01,5.035297856250716e+00,2.540430311766663e-06
2.350429471555884e+01,5.034988176767782e+00,2.540562142712822e-06
2.355429471555884e+01,5.034678697376780e+00,2.540693899185222e-06
2.360429471555884e+01,5.034369417949340e+00,2.540825560666938e-06
2.365429471555884e+01,5.034060338357122e+00,2.540957143589274e-06
2.370429471555884e+01,5.033751458471893e+00,2.541088635473322e-06
2.375429471555884e+01,5.033442778165580e+00,2.541220051884408e-06
2.380429471555884e+01,5.033134297310100e+00,2.541351373415835e-06
2.385429471555884e+01,5.032826015777485e+00,2.541482615144431e-06
2.390429471555884e+01,5.032517933439728e+00,2.541613766212215e-06
2.395429471555885e+01,5.032210050169026e+00,2.541744842140105e-06
2.400429471555885e+01,5.031902365837678e+00,2.541875824609420e-06
2.405429471555885e+01,5.031594880317952e+00,2.542006729673986e-06
2.410429471555885e+01,5.031287593482141e+00,2.542137545232372e-06
2.415429471555885e+01,5.030980505202821e+00,2.542268280521632e-06
2.420429471555885e+01,5.030673615352495e+00,2.542398924039858e-06
2.425429471555885e+01,5.030366923803734e+00,2.542529491219149e-06
2.430429471555885e+01,5.030060430429167e+00,2.542659967604400e-06
2.435429471555885e+01,5.029754135101633e+00,2.542790365408066e-06
2.440429471555885e+01,5.029448037693967e+00,2.542920673705552e-06
2.445429471555885e+01,5.029142138079032e+00,2.543050905397649e-06
2.450429471555885e+01,5.028836436129789e+00,2.543181045896026e-06
2.455429471555885e+01,5.028530931719329e+00,2.543311106058666e-06
2.460429471555885e+01,5.028225624720712e+00,2.543441076626308e-06
2.465429471555885e+01,5.027920515007165e+00,2.543570970544152e-06
2.470429471555886e+01,5.027615602451969e+00,2.543700775955016e-06
2.475429471555886e+01,5.027310886928491e+00,2.543830501007938e-06
2.480429471555886e+01,5.027006368310125e+00,2.543960137176406e-06
2.485429471555886e+01,5.026702046470362e+00,2.544089695273989e-06
2.490429471555886e+01,5.026397921282723e+00,2.544219163687757e-06
2.495429471555886e+01,5.026093992620884e+00,2.544348552987031e-06
2.500429471555886e+01,5.025790260358548e+00,2.544477854401051e-06
2.505429471555886e+01,5.025486724369553e+00,2.544607078921025e-06
2.510429471555886e+01,5.025183384527740e+00,2.544736216177469e-06
2.515429471555886e+01,5.024880240707025e+00,2.544865271876929e-06
2.520429471555886e+01,5.024577292781390e+00,2.544994240135224e-06
2.525429471555886e+01,5.024274540624926e+00,2.545123130833339e-06
2.530429471555886e+01,5.023971984111800e+00,2.545251931914251e-06
2.535429471555886e+01,5.023669623116295e+00,2.545380653947284e-06
2.540429471555887e+01,5.023367457512619e+00,2.545509289871418e-06
2.545429471555887e+01,5.023065487175134e+00,2.545637844771477e-06
2.550429471555887e+01,5.022763711978371e+00,2.545766313895704e-06
2.555429471555887e+01,5.022462131796848e+00,2.545894705082275e-06
2.560429471555887e+01,5.022160746505108e+00,2.546023008383592e-06
2.565429471555887e+01,5.021859555977858e+00,2.546151233947093e-06
2.570429471555887e+01,5.021558560089840e+00,2.546279373246264e-06
2.575429471555887e+01,5.021257758715885e+00,2.546407432054267e-06
2.580429471555887e+01,5.020957151730815e+00,2.546535403954010e-06
2.585429471555887e+01,5.020656739009598e+00,2.546663296961306e-06
2.590429471555887e+01,5.020356520427286e+00,2.546791105414016e-06
2.595429471555887e+01,5.020056495858990e+00,2.546918833175717e-06
2.600429471555887e+01,5.019756665179925e+00,2.547046474562066e-06
2.605429471555887e+01,5.019457028265356e+00,2.547174037300217e-06
2.610429471555888e+01,5.019157584990531e+00,2.547301515061896e-06
2.615429471555888e+01,5.018858335230877e+00,2.547428914575057e-06
2.620429471555888e+01,5.018559278861890e+00,2.547556227912708e-06
2.625429471555888e+01,5.018260415759104e+00,2.547683460603757e-06
2.630429471555888e+01,5.017961745798100e+00,2.547810609739422e-06
2.635429471555888e+01,5.017663268854621e+00,2.547937679693981e-06
2.640429471555888e+01,5.017364984804429e+00,2.548064662940121e-06
2.645429471555888e+01,5.017066893523320e+00,2.548191567471448e-06
2.650429471555888e+01,5.016768994887244e+00,2.548318388336370e-06
2.655429471555888e+01,5.016471288772181e+00,2.548445129398459e-06
2.660429471555888e+01,5.016173775054114e+00,2.548571786838551e-06
2.665429471555888e+01,5.015876453609220e+00,2.548698365030923e-06
2.670429471555888e+01,5.015579324313733e+00,2.548824858024780e-06
2.675429471555888e+01,5.015282387043921e+00,2.548951271726509e-06
2.680429471555889e+01,5.014985641676065e+00,2.549077601784034e-06
2.685429471555889e+01,5.014689088086583e+00,2.549203852149752e-06
2.690429471555889e+01,5.014392726152026e+00,2.549330018738040e-06
2.695429471555889e+01,5.014096555748942e+00,2.549456105146021e-06
2.700429471555889e+01,5.013800576753913e+00,2.549582106644145e-06
2.705429471555889e+01,5.013504789043709e+00,2.549708031292632e-06
2.710429471555889e+01,5.013209192495089e+00,2.549833874894837e-06
2.715429471555889e+01,5.012913786984869e+00,2.549959637583989e-06
2.720429471555889e+01,5.012618572389989e+00,2.550085315762964e-06
2.725429471555889e+01,5.012323548587496e+00,2.550210914094698e-06
2.730429471555889e+01,5.012028715454423e+00,2.550336429381752e-06
2.735429471555889e+01,5.011734072867911e+00,2.550461866065014e-06
2.740429471555889e+01,5.011439620705151e+00,2.550587220169888e-06
2.745429471555889e+01,5.011145358843404e+00,2.550712496603559e-06
2.750429471555890e+01,5.010851287160057e+00,2.550837690814113e-06
2.755429471555890e+01,5.010557405532560e+00,2.550962804133818e-06
2.760429471555890e+01,5.010263713838420e+00,2.551087832610278e-06
2.765429471555890e+01,5.009970211955197e+00,2.551212782016655e-06
2.770429471555890e+01,5.009676899760471e+00,2.551337651709019e-06
2.775429471555890e+01,5.009383777131999e+00,2.551462441509735e-06
2.780429471555890e+01,5.009090843947621e+00,2.551587147666247e-06
2.785429471555890e+01,5.008798100085186e+00,2.551711777417211e-06
2.790429471555890e+01,5.008505545422563e+00,2.551836326366143e-06
2.795429471555890e+01,5.008213179837778e+00,2.551960793469434e-06
2.800429471555890e+01,5.007921003208917e+00,2.552085177994336e-06
2.805429471555890e+01,5.007629015414111e+00,2.552209485114489e-06
2.810429471555890e+01,5.007337216331573e+00,2.552333710966317e-06
2.815429471555890e+01,5.007045605839654e+00,2.552457857859082e-06
2.820429471555891e+01,5.006754183816659e+00,2.552581922706367e-06
2.825429471555891e+01,5.006462950140994e+00,2.552705908217114e-06
2.830429471555891e+01,5.006171904691244e+00,2.552829813547554e-06
2.835429471555891e+01,5.005881047345937e+00,2.552953639541457e-06
2.840429471555891e+01,5.005590377983671e+00,2.553077383334448e-06
2.845429471555891e+01,5.005299896483240e+00,2.553201049211986e-06
2.850429471555891e+01,5.005009602723394e+00,2.553324632067046e-06
2.855429471555891e+01,5.004719496583012e+00,2.553448136074067e-06
2.860429471555891e+01,5.004429577941054e+00,2.553571563298064e-06
2.865429471555891e+01,5.004139846676492e+00,2.553694912162520e-06
2.870429471555891e+01,5.003850302668406e+00,2.553818176983093e-06
2.875429471555891e+01,5.003560945795925e+00,2.553941362444924e-06
2.880429471555891e+01,5.003271775938239e+00,2.554064469014307e-06
2.885429471555891e+01,5.002982792974698e+00,2.554187498956097e-06
2.890429471555892e+01,5.002693996784670e+00,2.554310447651766e-06
2.895429471555892e+01,5.002405387247566e+00,2.554433316833262e-06
2.900429471555892e+01,5.002116964242887e+00,2.554556106544994e-06
2.905429471555892e+01,5.001828727650202e+00,2.554678816431689e-06
2.910429471555892e+01,5.001540677349113e+00,2.554801445982648e-06
2.915429471555892e+01,5.001252813219350e+00,2.554923998373106e-06
2.920429471555892e+01,5.000965135140732e+00,2.555046469139967e-06
2.925429471555892e+01,5.000677642993125e+00,2.555168861591696e-06
2.930429471555892e+01,5.000390336656428e+00,2.555291175217590e-06
2.935429471555892e+01,5.000103216010620e+00,2.555413410106468e-06
2.940429471555892e+01,4.999816280935814e+00,2.555535565747626e-06
2.945429471555892e+01,4.999529531312136e+00,2.555657642896016e-06
2.950429471555892e+01,4.999242967019789e+00,2.555779639864099e-06
2.955429471555892e+01,4.998956587939087e+00,2.555901560093567e-06
2.960429471555893e+01,4.998670393950343e+00,2.556023400009501e-06
2.965429471555893e+01,4.998384384933994e+00,2.556145163120207e-06
2.970429471555893e+01,4.998098560770524e+00,2.556266846938783e-06
2.975429471555893e+01,4.997812921340489e+00,2.556388450021942e-06
2.980429471555893e+01,4.997527466524501e+00,2.556509974412493e-06
2.985429471555893e+01,4.997242196203262e+00,2.556631422286472e-06
2.990429471555893e+01,4.996957110257651e+00,2.556752791578866e-06
2.995429471555893e+01,4.996672208568452e+00,2.556874082245265e-06
3.000429471555893e+01,4.996387491016486e+00,2.556995291288068e-06
3.005429471555893e+01,4.996102957482875e+00,2.557116424369411e-06
3.010429471555893e+01,4.995818607848706e+00,2.557237481800158e-06
3.015429471555893e+01,4.995534441994982e+00,2.557358460227434e-06
3.020429471555893e+01,4.995250459802879e+00,2.557479358541017e-06
3.025429471555893e+01,4.994966661153763e+00,2.557600180515664e-06
3.030429471555894e+01,4.994683045928942e+00,2.557720924796904e-06
3.035429471555894e+01,4.994399614009820e+00,2.557841591473555e-06
3.040429471555894e+01,4.994116365277898e+00,2.557962176704244e-06
3.045429471555894e+01,4.993833299614671e+00,2.558082682753828e-06
3.050429471555894e+01,4.993550416901749e+00,2.558203115262238e-06
3.055429471555894e+01,4.993267717020888e+00,2.558323471675962e-06
3.060429471555894e+01,4.992985199853822e+00,2.558443744933982e-06
3.065429471555894e+01,4.992702865282330e+00,2.558563941941884e-06
3.070429471555894e+01,4.992420713188366e+00,2.558684064054141e-06
3.075429471555894e+01,4.992138743453897e+00,2.558804105364366e-06
3.080429471555894e+01,4.991856955960911e+00,2.558924067804348e-06
3.085429471555894e+01,4.991575350591527e+00,2.559043956969611e-06
3.090429471555894e+01,4.991293927227947e+00,2.559163767753127e-06
3.095429471555894e+01,4.991012685752428e+00,2.559283500421352e-06
3.100429471555895e+01,4.990731626047213e+00,2.559403154530195e-06
3.105429471555895e+01,4.990450747994725e+00,2.559522730568155e-06
3.110429471555895e+01,4.990170051477514e+00,2.559642231399608e-06
3.115429471555895e+01,4.989889536378033e+00,2.559761658601069e-06
3.120429471555895e+01,4.989609202578842e+00,2.559881006155131e-06
3.125429471555895e+01,4.989329049962653e+00,2.560000274594700e-06
3.130429471555895e+01,4.989049078412203e+00,2.560119465540702e-06
3.135429471555895e+01,4.988769287810294e+00,2.560238580214382e-06
3.140429471555895e+01,4.988489678039749e+00,2.560357617572130e-06
3.145429471555895e+01,4.988210248983549e+00,2.560476578146854e-06
3.150429471555895e+01,4.987931000524688e+00,2.560595464203409e-06
3.155429471555895e+01,4.987651932546200e+00,2.560714274209687e-06
3.160429471555895e+01,4.987373044931324e+00,2.560833002881026e-06
3.165429471555895e+01,4.987094337563302e+00,2.560951654169820e-06
3.170429471555896e+01,4.986815810325338e+00,2.561070231073672e-06
3.175429471555896e+01,4.986537463100803e+00,2.561188733814624e-06
3.180429471555896e+01,4.986259295773173e+00,2.561307157374472e-06
3.185429471555896e+01,4.985981308225907e+00,2.561425503263116e-06
3.190429471555896e+01,4.985703500342546e+00,2.561543775099885e-06
3.195429471555896e+01,4.985425872006784e+00,2.561661971330466e-06
3.200429471555896e+01,4.985148423102332e+00,2.561780090245115e-06
3.205429471555895e+01,4.984871153512904e+00,2.561898133886644e-06
3.210429471555895e+01,4.984594063122298e+00,2.562016100634125e-06
3.215429471555895e+01,4.984317151814496e+00,2.562133989954653e-06
3.220429471555894e+01,4.984040419473529e+00,2.562251802381134e-06
3.225429471555894e+01,4.983763865983406e+00,2.562369538757338e-06
3.230429471555894e+01,4.983487491228218e+00,2.562487199105469e-06
3.235429471555894e+01,4.983211295092160e+00,2.562604784735591e-06
3.240429471555893e+01,4.982935277459501e+00,2.562722296424859e-06
3.245429471555893e+01,4.982659438214515e+00,2.562839730864810e-06
3.250429471555893e+01,4.982383777241602e+00,2.562957087056241e-06
3.255429471555892e+01,4.982108294425297e+00,2.563074370350429e-06
3.260429471555892e+01,4.981832989650115e+00,2.563191577660952e-06
3.265429471555892e+01,4.981557862800590e+00,2.563308707744362e-06
3.270429471555892e+01,4.981282913761410e+00,2.563425760978134e-06
3.275429471555891e+01,4.981008142417354e+00,2.563542736762749e-06
3.280429471555891e+01,4.980733548653158e+00,2.563659638983986e-06
3.285429471555891e+01,4.980459132353742e+00,2.563776470039926e-06
3.290429471555890e+01,4.980184893404081e+00,2.563893224179616e-06
3.295429471555890e+01,4.979910831689100e+00,2.564009900337240e-06
3.300429471555890e+01,4.979636947093893e+00,2.564126499800658e-06
3.305429471555890e+01,4.979363239503648e+00,2.564243024901338e-06
3.310429471555889e+01,4.979089708803595e+00,2.564359476194390e-06
3.315429471555889e+01,4.978816354879003e+00,2.564475853124705e-06
3.320429471555889e+01,4.978543177615170e+00,2.564592153827107e-06
3.325429471555888e+01,4.978270176897550e+00,2.564708377990733e-06
3.330429471555888e+01,4.977997352611673e+00,2.564824528080280e-06
3.335429471555888e+01,4.977724704643083e+00,2.564940603807088e-06
3.340429471555888e+01,4.977452232877306e+00,2.565056605171158e-06
3.345429471555887e+01,4.977179937200065e+00,2.565172532683193e-06
3.350429471555887e+01,4.976907817497224e+00,2.565288381835686e-06
3.355429471555887e+01,4.976635873654524e+00,2.565404155293173e-06
3.360429471555886e+01,4.976364105557873e+00,2.565519855320510e-06
3.365429471555886e+01,4.976092513093310e+00,2.565635481673447e-06
3.370429471555886e+01,4.975821096146794e+00,2.565751034263165e-06
3.375429471555886e+01,4.975549854604407e+00,2.565866511668581e-06
3.380429471555885e+01,4.975278788352362e+00,2.565981912601835e-06
3.385429471555885e+01,4.975007897276886e+00,2.566097240771072e-06
3.390429471555885e+01,4.974737181264236e+00,2.566212494555366e-06
3.395429471555885e+01,4.974466640200802e+00,2.566327671312387e-06
3.400429471555884e+01,4.974196273973070e+00,2.566442775260981e-06
3.405429471555884e+01,4.973926082467511e+00,2.566557807045080e-06
3.410429471555884e+01,4.973656065570674e+00,2.566672760913726e-06
3.415429471555883e+01,4.973386223169295e+00,2.566787639420433e-06
3.420429471555883e+01,4.973116555150033e+00,2.566902446295552e-06
3.425429471555883e+01,4.972847061399595e+00,2.567017180206812e-06
3.430429471555883e+01,4.972577741804908e+00,2.567131840266037e-06
3.435429471555882e+01,4.972308596252887e+00,2.567246425696070e-06
3.440429471555882e+01,4.972039624630487e+00,2.567360936297072e-06
3.445429471555882e+01,4.971770826824765e+00,2.567475372957219e-06
3.450429471555881e+01,4.971502202722798e+00,2.567589736697919e-06
3.455429471555881e+01,4.971233752211759e+00,2.567704027030672e-06
3.460429471555881e+01,4.970965475178970e+00,2.567818240336153e-06
3.465429471555881e+01,4.970697371511735e+00,2.567932378523942e-06
3.470429471555880e+01,4.970429441097371e+00,2.568046446168161e-06
3.475429471555880e+01,4.970161683823386e+00,2.568160442513858e-06
3.480429471555880e+01,4.969894099577346e+00,2.568274364741065e-06
3.485429471555879e+01,4.969626688246797e+00,2.568388211317675e-06
3.490429471555879e+01,4.969359449719362e+00,2.568501980955831e-06
3.495429471555879e+01,4.969092383882736e+00,2.568615676675336e-06
3.500429471555879e+01,4.968825490624751e+00,2.568729302073315e-06
3.505429471555878e+01,4.968558769833288e+00,2.568842857394017e-06
3.510429471555878e+01,4.968292221396175e+00,2.568956338152141e-06
3.515429471555878e+01,4.968025845201441e+00,2.569069742216058e-06
3.520429471555877e+01,4.967759641137218e+00,2.569183073849026e-06
3.525429471555877e+01,4.967493609091554e+00,2.569296334161266e-06
3.530429471555877e+01,4.967227748952629e+00,2.569409520044154e-06
3.535429471555877e+01,4.966962060608760e+00,2.569522632807754e-06
3.540429471555876e+01,4.966696543948254e+00,2.569635673895356e-06
3.545429471555876e+01,4.966431198859427e+00,2.569748642263349e-06
3.550429471555876e+01,4.966166025230786e+00,2.569861536246400e-06
3.555429471555875e+01,4.965901022950908e+00,2.569974356555051e-06
3.560429471555875e+01,4.965636191908306e+00,2.570087104099685e-06
3.565429471555875e+01,4.965371531991631e+00,2.570199780812089e-06
3.570429471555875e+01,4.965107043089649e+00,2.570312384427411e-06
3.575429471555874e+01,4.964842725091184e+00,2.570424913568971e-06
3.580429471555874e+01,4.964578577885081e+00,2.570537370301786e-06
3.585429471555874e+01,4.964314601360199e+00,2.570649754181766e-06
3.590429471555873e+01,4.964050795405532e+00,2.570762067051881e-06
3.595429471555873e+01,4.963787159910133e+00,2.570874308512451e-06
3.600429471555873e+01,4.963523694763124e+00,2.570986474611083e-06
3.605429471555873e+01,4.963260399853788e+00,2.571098568523013e-06
3.610429471555872e+01,4.962997275071348e+00,2.571210592690733e-06
3.615429471555872e+01,4.962734320305044e+00,2.571322543184053e-06
3.620429471555872e+01,4.962471535444269e+00,2.571434417960163e-06
3.625429471555871e+01,4.962208920378537e+00,2.571546222525769e-06
3.630429471555871e+01,4.961946474997429e+00,2.571657957480391e-06
3.635429471555871e+01,4.961684199190453e+00,2.571769617517163e-06
3.640429471555871e+01,4.961422092847172e+00,2.571881205700301e-06
3.645429471555870e+01,4.961160155857384e+00,2.571992723939388e-06
3.650429471555870e+01,4.960898388110938e+00,2.572104166683311e-06
3.655429471555870e+01,4.960636789497646e+00,2.572215537529190e-06
3.660429471555869e+01,4.960375359907392e+00,2.572326839607854e-06
3.665429471555869e+01,4.960114099230179e+00,2.572438068411800e-06
3.670429471555869e+01,4.959853007356052e+00,2.572549224296296e-06
3.675429471555869e+01,4.959592084175118e+00,2.572660309903676e-06
3.680429471555868e+01,4.959331329577585e+00,2.572771323724034e-06
3.685429471555868e+01,4.959070743453688e+00,2.572882265779576e-06
3.690429471555868e+01,4.958810325693711e+00,2.572993135270942e-06
3.695429471555867e+01,4.958550076188055e+00,2.573103932597811e-06
3.700429471555867e+01,4.958289994827189e+00,2.573214659381109e-06
3.705429471555867e+01,4.958030081501604e+00,2.573325314377385e-06
3.710429471555867e+01,4.957770336101867e+00,2.573435897608846e-06
3.715429471555866e+01,4.957510758518653e+00,2.573546409186513e-06
3.720429471555866e+01,4.957251348642649e+00,2.573656848732910e-06
3.725429471555866e+01,4.956992106364590e+00,2.573767218512892e-06
3.730429471555865e+01,4.956733031575332e+00,2.573877518148983e-06
3.735429471555865e+01,4.956474124165798e+00,2.573987745442942e-06
3.740429471555865e+01,4.956215384026962e+00,2.574097900394769e-06
3.745429471555865e+01,4.955956811049846e+00,2.574207984847434e-06
3.750429471555864e+01,4.955698405125515e+00,2.574318000355249e-06
3.755429471555864e+01,4.955440166145146e+00,2.574427943942816e-06
3.760429471555864e+01,4.955182094000060e+00,2.574537814877388e-06
3.765429471555863e+01,4.954924188581519e+00,2.574647616423022e-06
3.770429471555863e+01,4.954666449780822e+00,2.574757345737546e-06
3.775429471555863e+01,4.954408877489450e+00,2.574867002598915e-06
3.780429471555863e+01,4.954151471598869e+00,2.574976591403612e-06
3.785429471555862e+01,4.953894232000617e+00,2.575086110508508e-06
3.790429471555862e+01,4.953637158586351e+00,2.575195556871592e-06
3.795429471555862e+01,4.953380251247769e+00,2.575304932047175e-06
3.800429471555861e+01,4.953123509876640e+00,2.575414236146280e-06
3.805429471555861e+01,4.952866934364765e+00,2.575523469879450e-06
3.810429471555861e+01,4.952610524604006e+00,2.575632635600357e-06
3.815429471555861e+01,4.952354280486276e+00,2.575741731155170e-06
3.820429471555860e+01,4.952098201903596e+00,2.575850754856348e-06
3.825429471555860e+01,4.951842288748143e+00,2.575959706548460e-06
3.830429471555860e+01,4.951586540912029e+00,2.576068586831028e-06
3.835429471555859e+01,4.951330958287403e+00,2.576177397902292e-06
3.840429471555859e+01,4.951075540766573e+00,2.576286139518004e-06
3.845429471555859e+01,4.950820288241861e+00,2.576394810012829e-06
3.850429471555859e+01,4.950565200605681e+00,2.576503411052102e-06
3.855429471555858e+01,4.950310277750527e+00,2.576611943479592e-06
3.860429471555858e+01,4.950055519568896e+00,2.576720405296897e-06
3.865429471555858e+01,4.949800925953400e+00,2.576828796259768e-06
3.870429471555858e+01,4.949546496796722e+00,2.576937116368207e-06
3.875429471555857e+01,4.949292231991532e+00,2.577045367176524e-06
3.880429471555857e+01,4.949038131430622e+00,2.577153549128809e-06
3.885429471555857e+01,4.948784195006932e+00,2.577261662669152e-06
3.890429471555856e+01,4.948530422613365e+00,2.577369704866563e-06
3.895429471555856e+01,4.948276814142859e+00,2.577477674788455e-06
3.900429471555856e+01,4.948023369488476e+00,2.577585575232590e-06
3.905429471555856e+01,4.947770088543357e+00,2.577693408108552e-06
3.910429471555855e+01,4.947516971200651e+00,2.577801173238705e-06
3.915429471555855e+01,4.947264017353557e+00,2.577908866803881e-06
3.920429471555855e+01,4.947011226895389e+00,2.578016488049130e-06
3.925429471555854e+01,4.946758599719588e+00,2.578124039638986e-06
3.930429471555854e+01,4.946506135719607e+00,2.578231523793897e-06
3.935429471555854e+01,4.946253834788909e+00,2.578338939359228e-06
3.940429471555854e+01,4.946001696821061e+00,2.578446285757664e-06
3.945429471555853e+01,4.945749721709679e+00,2.578553564077226e-06
3.950429471555853e+01,4.945497909348454e+00,2.578660773474141e-06
3.955429471555853e+01,4.945246259631160e+00,2.578767912571735e-06
3.960429471555852e+01,4.944994772451574e+00,2.578874980170966e-06
3.965429471555852e+01,4.944743447703616e+00,2.578981978692121e-06
3.970429471555852e+01,4.944492285281298e+00,2.579088910178009e-06
3.975429471555852e+01,4.944241285078556e+00,2.579195773207546e-06
3.980429471555851e+01,4.943990446989457e+00,2.579302566848142e-06
3.985429471555851e+01,4.943739770908182e+00,2.579409290233828e-06
3.990429471555851e+01,4.943489256728932e+00,2.579515943075941e-06
3.995429471555850e+01,4.943238904345969e+00,2.579622527439498e-06
4.000429471555850e+01,4.942988713653615e+00,2.579729044035042e-06
4.005429471555850e+01,4.942738684546280e+00,2.579835492596119e-06
4.010429471555850e+01,4.942488816918416e+00,2.579941871768256e-06
4.015429471555849e+01,4.942239110664580e+00,2.580048181462637e-06
4.020429471555849e+01,4.941989565679356e+00,2.580154424099548e-06
4.025429471555849e+01,4.941740181857330e+00,2.580260598790809e-06
4.030429471555848e+01,4.941490959093283e+00,2.580366702672046e-06
4.035429471555848e+01,4.941241897281989e+00,2.580472738096930e-06
4.040429471555848e+01,4.940992996318238e+00,2.580578708929040e-06
4.045429471555848e+01,4.940744256097004e+00,2.580684610150166e-06
4.050429471555847e+01,4.940495676513276e+00,2.580790439806315e-06
4.055429471555847e+01,4.940247257462002e+00,2.580896203692853e-06
4.060429471555847e+01,4.939998998838259e+00,2.581001898789972e-06
4.065429471555846e+01,4.939750900537295e+00,2.581107522921635e-06
4.070429471555846e+01,4.939502962454327e+00,2.581213081638958e-06
4.075429471555846e+01,4.939255184484615e+00,2.581318573032356e-06
4.080429471555846e+01,4.939007566523558e+00,2.581423995436496e-06
4.085429471555845e+01,4.938760108466541e+00,2.581529349406488e-06
4.090429471555845e+01,4.938512810209006e+00,2.581634633521248e-06
4.095429471555845e+01,4.938265671646511e+00,2.581739850800582e-06
4.100429471555844e+01,4.938018692674621e+00,2.581845002265895e-06
4.105429471555844e+01,4.937771873189035e+00,2.581950086207443e-06
4.110429471555844e+01,4.937525213085541e+00,2.582055101914685e-06
4.115429471555844e+01,4.937278712259889e+00,2.582160050075957e-06
4.120429471555843e+01,4.937032370607922e+00,2.582264928337588e-06
4.125429471555843e+01,4.936786188025611e+00,2.582369735811398e-06
4.130429471555843e+01,4.936540164408907e+00,2.582474478092913e-06
4.135429471555842e+01,4.936294299653825e+00,2.582579155515199e-06
4.140429471555842e+01,4.936048593656509e+00,2.582683763282092e-06
4.145429471555842e+01,4.935803046313112e+00,2.582788303414199e-06
4.150429471555842e+01,4.935557657519835e+00,2.582892777887715e-06
4.155429471555841e+01,4.935312427173030e+00,2.582997183438587e-06
4.160429471555841e+01,4.935067355169092e+00,2.583101520777355e-06
4.165429471555841e+01,4.934822441404385e+00,2.583205791991241e-06
4.170429471555840e+01,4.934577685775375e+00,2.583309996058838e-06
4.175429471555840e+01,4.934333088178646e+00,2.583414134090369e-06
4.180429471555840e+01,4.934088648510817e+00,2.583518205153248e-06
4.185429471555840e+01,4.933844366668540e+00,2.583622206649552e-06
4.190429471555839e+01,4.933600242548586e+00,2.583726140044775e-06
4.195429471555839e+01,4.933356276047741e+00,2.583830007381729e-06
4.200429471555839e+01,4.933112467062815e+00,2.583933808416164e-06
4.205429471555838e+01,4.932868815490768e+00,2.584037542926034e-06
4.210429471555838e+01,4.932625321228622e+00,2.584141210134186e-06
4.215429471555838e+01,4.932381984173429e+00,2.584244810928795e-06
4.220429471555838e+01,4.932138804222256e+00,2.584348345132228e-06
4.225429471555837e+01,4.931895781272264e+00,2.584451809436020e-06
4.230429471555837e+01,4.931652915220738e+00,2.584555205971796e-06
4.235429471555837e+01,4.931410205964975e+00,2.584658537803777e-06
4.240429471555836e+01,4.931167653402311e+00,2.584761805087390e-06
4.245429471555836e+01,4.930925257430155e+00,2.584865006246120e-06
4.250429471555836e+01,4.930683017946021e+00,2.584968139903290e-06
4.255429471555836e+01,4.930440934847453e+00,2.585071205725833e-06
4.260429471555835e+01,4.930199008032073e+00,2.585174202070619e-06
4.265429471555835e+01,4.929957237397566e+00,2.585277132623590e-06
4.270429471555835e+01,4.929715622841627e+00,2.585380001425955e-06
4.275429471555834e+01,4.929474164262028e+00,2.585482803392894e-06
4.280429471555834e+01,4.929232861556661e+00,2.585585537103321e-06
4.285429471555834e+01,4.928991714623512e+00,2.585688204866501e-06
4.290429471555834e+01,4.928750723360517e+00,2.585790806504798e-06
4.295429471555833e+01,4.928509887665658e+00,2.585893341996006e-06
4.300429471555833e+01,4.928269207437116e+00,2.585995811961852e-06
4.305429471555833e+01,4.928028682573082e+00,2.586098217623580e-06
4.310429471555832e+01,4.927788312971742e+00,2.586200555361864e-06
4.315429471555832e+01,4.927548098531362e+00,2.586302824044275e-06
4.320429471555832e+01,4.927308039150322e+00,2.586405027423368e-06
4.325429471555832e+01,4.927068134727087e+00,2.586507167475340e-06
4.330429471555831e+01,4.926828385160117e+00,2.586609242068563e-06
4.335429471555831e+01,4.926588790347910e+00,2.586711247805753e-06
4.340429471555831e+01,4.926349350189086e+00,2.586813187773331e-06
4.345429471555831e+01,4.926110064582319e+00,2.586915063236952e-06
4.350429471555830e+01,4.925870933426307e+00,2.587016871287831e-06
4.355429471555830e+01,4.925631956619861e+00,2.587118614768138e-06
4.360429471555830e+01,4.925393134061872e+00,2.587220295032347e-06
4.365429471555829e+01,4.925154465651150e+00,2.587321909216080e-06
4.370429471555829e+01,4.924915951286655e+00,2.587423456675411e-06
4.375429471555829e+01,4.924677590867555e+00,2.587524936944043e-06
4.380429471555829e+01,4.924439384292917e+00,2.587626353197217e-06
4.385429471555828e+01,4.924201331461805e+00,2.587727705679179e-06
4.390429471555828e+01,4.923963432273469e+00,2.587828989971244e-06
4.395429471555828e+01,4.923725686627244e+00,2.587930208427083e-06
4.400429471555827e+01,4.923488094422442e+00,2.588031363666823e-06
4.405429471555827e+01,4.923250655558423e+00,2.588132455357397e-06
4.410429471555827e+01,4.923013369934725e+00,2.588233480678839e-06
4.415429471555827e+01,4.922776237450843e+00,2.588334438099041e-06
4.420429471555826e+01,4.922539258006275e+00,2.588435328439567e-06
4.425429471555826e+01,4.922302431500783e+00,2.588536154453771e-06
4.430429471555826e+01,4.922065757834083e+00,2.588636920271683e-06
4.435429471555825e+01,4.921829236905800e+00,2.588737621940909e-06
4.440429471555825e+01,4.921592868615811e+00,2.588838254798511e-06
4.445429471555825e+01,4.921356652864133e+00,2.588938822663658e-06
4.450429471555825e+01,4.921120589550664e+00,2.589039328800404e-06
4.455429471555824e+01,4.920884678575344e+00,2.589139769700446e-06
4.460429471555824e+01,4.920648919838277e+00,2.589240142788065e-06
4.465429471555824e+01,4.920413313239647e+00,2.589340450838820e-06
4.470429471555823e+01,4.920177858679663e+00,2.589440695118364e-06
4.475429471555823e+01,4.919942556058537e+00,2.589540875249221e-06
4.480429471555823e+01,4.919707405276567e+00,2.589640991986343e-06
4.485429471555823e+01,4.919472406234132e+00,2.589741043997464e-06
4.490429471555822e+01,4.919237558831645e+00,2.589841030749676e-06
4.495429471555822e+01,4.919002862969630e+00,2.589940954019334e-06
4.500429471555822e+01,4.918768318548693e+00,2.590040811719221e-06
4.505429471555821e+01,4.918533925469473e+00,2.590140603627291e-06
4.510429471555821e+01,4.918299683632640e+00,2.590240332119422e-06
4.515429471555821e+01,4.918065592938864e+00,2.590339996129800e-06
4.520429471555821e+01,4.917831653288932e+00,2.590439595791651e-06
4.525429471555820e+01,4.917597864583803e+00,2.590539131904337e-06
4.530429471555820e+01,4.917364226724398e+00,2.590638603868336e-06
4.535429471555820e+01,4.917130739611657e+00,2.590738011261764e-06
4.540429471555819e+01,4.916897403146619e+00,2.590837353174238e-06
4.545429471555819e+01,4.916664217230395e+00,2.590936631271093e-06
4.550429471555819e+01,4.916431181764152e+00,2.591035846396097e-06
4.555429471555819e+01,4.916198296649139e+00,2.591134997216984e-06
4.560429471555818e+01,4.915965561786645e+00,2.591234084977203e-06
4.565429471555818e+01,4.915732977077998e+00,2.591333109121643e-06
4.570429471555818e+01,4.915500542424614e+00,2.591432068051583e-06
4.575429471555817e+01,4.915268257727947e+00,2.591530963498970e-06
4.580429471555817e+01,4.915036122889509e+00,2.591629796884889e-06
4.585429471555817e+01,4.914804137810926e+00,2.591728566366371e-06
4.590429471555817e+01,4.914572302393839e+00,2.591827269900606e-06
4.595429471555816e+01,4.914340616539911e+00,2.591925909086315e-06
4.600429471555816e+01,4.914109080150957e+00,2.592024486032920e-06
4.605429471555816e+01,4.913877693128833e+00,2.592123000074289e-06
4.610429471555815e+01,4.913646455375372e+00,2.592221450544288e-06
4.615429471555815e+01,4.913415366792536e+00,2.592319836599146e-06
4.620429471555815e+01,4.913184427282363e+00,2.592418159149248e-06
4.625429471555815e+01,4.912953636746916e+00,2.592516418394433e-06
4.630429471555814e+01,4.912722995088277e+00,2.592614613513135e-06
4.635429471555814e+01,4.912492502208601e+00,2.592712746392736e-06
4.640429471555814e+01,4.912262158010242e+00,2.592810817654958e-06
4.645429471555813e+01,4.912031962395520e+00,2.592908825789899e-06
4.650429471555813e+01,4.911801915266685e+00,2.593006768466091e-06
4.655429471555813e+01,4.911572016526230e+00,2.593104647015801e-06
4.660429471555813e+01,4.911342266076691e+00,2.593202464747493e-06
4.665429471555812e+01,4.911112663820565e+00,2.593300219485131e-06
4.670429471555812e+01,4.910883209660437e+00,2.593397909363539e-06
4.675429471555812e+01,4.910653903498933e+00,2.593495537158277e-06
4.680429471555811e+01,4.910424745238829e+00,2.593593103224615e-06
4.685429471555811e+01,4.910195734782962e+00,2.593690606030443e-06
4.690429471555811e+01,4.909966872034151e+00,2.593788044820813e-06
4.695429471555811e+01,4.909738156895269e+00,2.593885418618727e-06
4.700429471555810e+01,4.909509589269257e+00,2.593982730843671e-06
4.705429471555810e+01,4.909281169059177e+00,2.594079983294209e-06
4.710429471555810e+01,4.909052896168123e+00,2.594177172373215e-06
4.715429471555809e+01,4.908824770499237e+00,2.594274297037082e-06
4.720429471555809e+01,4.908596791955732e+00,2.594371358840122e-06
4.725429471555809e+01,4.908368960440843e+00,2.594468358048787e-06
4.730429471555809e+01,4.908141275857879e+00,2.594565294862918e-06
4.735429471555808e+01,4.907913738110190e+00,2.594662171347530e-06
4.740429471555808e+01,4.907686347101246e+00,2.594758986392400e-06
4.745429471555808e+01,4.907459102734615e+00,2.594855737155357e-06
4.750429471555807e+01,4.907232004913780e+00,2.594952423680810e-06
4.755429471555807e+01,4.907005053542332e+00,2.595049047301026e-06
4.760429471555807e+01,4.906778248523987e+00,2.595145609570318e-06
4.765429471555807e+01,4.906551589762496e+00,2.595242110755138e-06
4.770429471555806e+01,4.906325077161631e+00,2.595338550255968e-06
4.775429471555806e+01,4.906098710625244e+00,2.595434927495490e-06
4.780429471555806e+01,4.905872490057217e+00,2.595531242473705e-06
4.785429471555805e+01,4.905646415361541e+00,2.595627495612498e-06
4.790429471555805e+01,4.905420486442302e+00,2.595723686023690e-06
4.795429471555805e+01,4.905194703203535e+00,2.595819813662872e-06
4.800429471555805e+01,4.904969065549377e+00,2.595915879995538e-06
4.805429471555804e+01,4.904743573384086e+00,2.596011883978080e-06
4.810429471555804e+01,4.904518226611906e+00,2.596107826365448e-06
4.815429471555804e+01,4.904293025137169e+00,2.596203707179847e-06
4.820429471555804e+01,4.904067968864235e+00,2.596299524689329e-06
4.825429471555803e+01,4.903843057697468e+00,2.596395282180155e-06
4.830429471555803e+01,4.903618291541441e+00,2.596490978209034e-06
4.835429471555803e+01,4.903393670300771e+00,2.596586610888587e-06
4.840429471555802e+01,4.903169193880000e+00,2.596682182483669e-06
4.845429471555802e+01,4.902944862183827e+00,2.596777693349552e-06
4.850429471555802e+01,4.902720675116971e+00,2.596873143441827e-06
4.855429471555802e+01,4.902496632584197e+00,2.596968531827906e-06
4.860429471555801e+01,4.902272734490426e+00,2.597063858441175e-06
4.865429471555801e+01,4.902048980740576e+00,2.597159123170614e-06
4.870429471555801e+01,4.901825371239559e+00,2.597254324683953e-06
4.875429471555800e+01,4.901601905892388e+00,2.597349464246847e-06
4.880429471555800e+01,4.901378584604164e+00,2.597444544323992e-06
4.885429471555800e+01,4.901155407280064e+00,2.597539564982001e-06
4.890429471555800e+01,4.900932373825284e+00,2.597634523400907e-06
4.895429471555799e+01,4.900709484145058e+00,2.597729420202435e-06
4.900429471555799e+01,4.900486738144682e+00,2.597824256341377e-06
4.905429471555799e+01,4.900264135729551e+00,2.597919030396647e-06
4.910429471555798e+01,4.900041676805156e+00,2.598013742967767e-06
4.915429471555798e+01,4.899819361276967e+00,2.598108393921507e-06
4.920429471555798e+01,4.899597189050483e+00,2.598202985278477e-06
4.925429471555798e+01,4.899375160031354e+00,2.598297517460559e-06
4.930429471555797e+01,4.899153274125245e+00,2.598391987647788e-06
4.935429471555797e+01,4.898931531237837e+00,2.598486395662527e-06
4.940429471555797e+01,4.898709931274954e+00,2.598580743081294e-06
4.945429471555796e+01,4.898488474142416e+00,2.598675030481404e-06
4.950429471555796e+01,4.898267159746143e+00,2.598769256197522e-06
4.955429471555796e+01,4.898045987992137e+00,2.598863420118627e-06
4.960429471555796e+01,4.897824958786339e+00,2.598957524420756e-06
4.965429471555795e+01,4.897604072034823e+00,2.599051569414770e-06
4.970429471555795e+01,4.897383327643764e+00,2.599145552347318e-06
4.975429471555795e+01,4.897162725519312e+00,2.599239473462647e-06
4.980429471555794e+01,4.896942265567696e+00,2.599333335736156e-06
4.985429471555794e+01,4.896721947695260e+00,2.599427137702351e-06
4.990429471555794e+01,4.896501771808391e+00,2.599520878672892e-06
4.995429471555794e+01,4.896281737813494e+00,2.599614558892030e-06
5.000429471555793e+01,4.896061845617006e+00,2.599708178515194e-06
5.005429471555793e+01,4.895842095125439e+00,2.599801740873056e-06
5.010429471555793e+01,4.895622486245408e+00,2.599895244144848e-06
5.015429471555792e+01,4.895403018883592e+00,2.599988684022905e-06
5.020429471555792e+01,4.895183692946701e+00,2.600082061883904e-06
5.025429471555792e+01,4.894964508341488e+00,2.600175379548611e-06
5.030429471555792e+01,4.894745464974765e+00,2.600268638082839e-06
5.035429471555791e+01,4.894526562753433e+00,2.600361838752244e-06
5.040429471555791e+01,4.894307801584407e+00,2.600454980579827e-06
5.045429471555791e+01,4.894089181374671e+00,2.600548060368149e-06
5.050429471555790e+01,4.893870702031322e+00,2.600641078983181e-06
5.055429471555790e+01,4.893652363461415e+00,2.600734039067257e-06
5.060429471555790e+01,4.893434165572135e+00,2.600826939088266e-06
5.065429471555790e+01,4.893216108270738e+00,2.600919779135027e-06
5.070429471555789e+01,4.892998191464471e+00,2.601012558763452e-06
5.075429471555789e+01,4.892780415060700e+00,2.601105276774498e-06
5.080429471555789e+01,4.892562778966793e+00,2.601197935588453e-06
5.085429471555788e+01,4.892345283090133e+00,2.601290536981673e-06
5.090429471555788e+01,4.892127927338278e+00,2.601383079244415e-06
5.095429471555788e+01,4.891910711618910e+00,2.601475561022206e-06
5.100429471555788e+01,4.891693635839588e+00,2.601567982759137e-06
5.105429471555787e+01,4.891476699907888e+00,2.601660344877090e-06
5.110429471555787e+01,4.891259903731629e+00,2.601752647709135e-06
5.115429471555787e+01,4.891043247218673e+00,2.601844891366291e-06
5.120429471555786e+01,4.890826730276802e+00,2.601937075626517e-06
5.125429471555786e+01,4.890610352813895e+00,2.602029200156743e-06
5.130429471555786e+01,4.890394114737918e+00,2.602121265623105e-06
5.135429471555786e+01,4.890178015956929e+00,2.602213271181833e-06
5.140429471555785e+01,4.889962056379010e+00,2.602305216855130e-06
5.145429471555785e+01,4.889746235912238e+00,2.602397104352741e-06
5.150429471555785e+01,4.889530554464880e+00,2.602488932830895e-06
5.155429471555784e+01,4.889315011945202e+00,2.602580702955728e-06
5.160429471555784e+01,4.889099608261425e+00,2.602672414083309e-06
5.165429471555784e+01,4.888884343321931e+00,2.602764064059806e-06
5.170429471555784e+01,4.888669217035158e+00,2.602855655571959e-06
5.175429471555783e+01,4.888454229309568e+00,2.602947189241492e-06
5.180429471555783e+01,4.888239380053712e+00,2.603038662781345e-06
5.185429471555783e+01,4.888024669176201e+00,2.603130077057494e-06
5.190429471555782e+01,4.887810096585623e+00,2.603221435023131e-06
5.195429471555782e+01,4.887595662190707e+00,2.603312734124743e-06
5.200429471555782e+01,4.887381365900283e+00,2.603403970854026e-06
5.205429471555782e+01,4.887167207623047e+00,2.603495150340210e-06
5.210429471555781e+01,4.886953187267854e+00,2.603586273382654e-06
5.215429471555781e+01,4.886739304743729e+00,2.603677336295420e-06
5.220429471555781e+01,4.886525559959636e+00,2.603768340988091e-06
5.225429471555780e+01,4.886311952824606e+00,2.603859287949164e-06
5.230429471555780e+01,4.886098483247744e+00,2.603950175246852e-06
5.235429471555780e+01,4.885885151138186e+00,2.604041002903359e-06
5.240429471555780e+01,4.885671956405118e+00,2.604131771051912e-06
5.245429471555779e+01,4.885458898957784e+00,2.604222480869347e-06
5.250429471555779e+01,4.885245978705564e+00,2.604313134398475e-06
5.255429471555779e+01,4.885033195557868e+00,2.604403729973961e-06
5.260429471555778e+01,4.884820549424081e+00,2.604494264842452e-06
5.265429471555778e+01,4.884608040213645e+00,2.604584741335416e-06
5.270429471555778e+01,4.884395667836091e+00,2.604675161939754e-06
5.275429471555778e+01,4.884183432201116e+00,2.604765524879107e-06
5.280429471555777e+01,4.883971333218424e+00,2.604855829465138e-06
5.285429471555777e+01,4.883759370797646e+00,2.604946075320371e-06
5.290429471555777e+01,4.883547544848492e+00,2.605036262777874e-06
5.295429471555777e+01,4.883335855280850e+00,2.605126392037485e-06
5.300429471555776e+01,4.883124302004625e+00,2.605216462122209e-06
5.305429471555776e+01,4.882912884929693e+00,2.605306474919424e-06
5.310429471555776e+01,4.882701603966066e+00,2.605396431605969e-06
5.315429471555775e+01,4.882490459023789e+00,2.605486329339671e-06
5.320429471555775e+01,4.882279450012962e+00,2.605576167276760e-06
5.325429471555775e+01,4.882068576843798e+00,2.605665948947746e-06
5.330429471555775e+01,4.881857839426485e+00,2.605755674308221e-06
5.335429471555774e+01,4.881647237671295e+00,2.605845340249559e-06
5.340429471555774e+01,4.881436771488540e+00,2.605934948148438e-06
5.345429471555774e+01,4.881226440788563e+00,2.606024499670192e-06
5.350429471555773e+01,4.881016245481867e+00,2.606113993171691e-06
5.355429471555773e+01,4.880806185478924e+00,2.606203428719547e-06
5.360429471555773e+01,4.880596260690239e+00,2.606292805780855e-06
5.365429471555773e+01,4.880386471026481e+00,2.606382124200182e-06
5.370429471555772e+01,4.880176816398328e+00,2.606471387330403e-06
5.375429471555772e+01,4.879967296716446e+00,2.606560593817045e-06
5.380429471555772e+01,4.879757911891607e+00,2.606649742105795e-06
5.385429471555771e+01,4.879548661834636e+00,2.606738834616942e-06
5.390429471555771e+01,4.879339546456391e+00,2.606827868397290e-06
5.395429471555771e+01,4.879130565667810e+00,2.606916842847320e-06
5.400429471555771e+01,4.878921719379922e+00,2.607005761963834e-06
5.405429471555770e+01,4.878713007503794e+00,2.607094624703224e-06
5.410429471555770e+01,4.878504429950486e+00,2.607183429377949e-06
5.415429471555770e+01,4.878295986631166e+00,2.607272176343281e-06
5.420429471555769e+01,4.878087677457086e+00,2.607360865243948e-06
5.425429471555769e+01,4.877879502339490e+00,2.607449497301198e-06
5.430429471555769e+01,4.877671461189649e+00,2.607538073603047e-06
5.435429471555769e+01,4.877463553918922e+00,2.607626593083681e-06
5.440429471555768e+01,4.877255780438776e+00,2.607715055032558e-06
5.445429471555768e+01,4.877048140660721e+00,2.607803460537697e-06
5.450429471555768e+01,4.876840634496331e+00,2.607891809266030e-06
5.455429471555767e+01,4.876633261857203e+00,2.607980101128740e-06
5.460429471555767e+01,4.876426022654915e+00,2.608068337991001e-06
5.465429471555767e+01,4.876218916801182e+00,2.608156517654572e-06
5.470429471555767e+01,4.876011944207844e+00,2.608244638365301e-06
5.475429471555766e+01,4.875805104786671e+00,2.608332701943952e-06
5.480429471555766e+01,4.875598398449488e+00,2.608420709767203e-06
5.485429471555766e+01,4.875391825108270e+00,2.608508660636013e-06
5.490429471555765e+01,4.875185384675013e+00,2.608596554683609e-06
5.495429471555765e+01,4.874979077061754e+00,2.608684393286667e-06
5.500429471555765e+01,4.874772902180585e+00,2.608772173603016e-06
5.505429471555765e+01,4.874566859943587e+00,2.608859897386808e-06
5.510429471555764e+01,4.874360950262961e+00,2.608947568546030e-06
5.515429471555764e+01,4.874155173051019e+00,2.609035183483557e-06
5.520429471555764e+01,4.873949528220090e+00,2.609122738602268e-06
5.525429471555763e+01,4.873744015682490e+00,2.609210238054396e-06
5.530429471555763e+01,4.873538635350620e+00,2.609297683061187e-06
5.535429471555763e+01,4.873333387136989e+00,2.609385069825678e-06
5.540429471555763e+01,4.873128270954131e+00,2.609472399857773e-06
5.545429471555762e+01,4.872923286714612e+00,2.609559674067855e-06
5.550429471555762e+01,4.872718434331037e+00,2.609646891900810e-06
5.555429471555762e+01,4.872513713716139e+00,2.609734055466064e-06
5.560429471555761e+01,4.872309124782689e+00,2.609821163453554e-06
5.565429471555761e+01,4.872104667443409e+00,2.609908214597625e-06
5.570429471555761e+01,4.871900341611147e+00,2.609995208232143e-06
5.575429471555761e+01,4.871696147198859e+00,2.610082144890016e-06
5.580429471555760e+01,4.871492084119501e+00,2.610169027213574e-06
5.585429471555760e+01,4.871288152286096e+00,2.610255853248824e-06
5.590429471555760e+01,4.871084351611693e+00,2.610342624217013e-06
5.595429471555759e+01,4.870880682009426e+00,2.610429341472612e-06
5.600429471555759e+01,4.870677143392499e+00,2.610516002151245e-06
5.605429471555759e+01,4.870473735674104e+00,2.610602606541571e-06
5.610429471555759e+01,4.870270458767527e+00,2.610689155709403e-06
5.615429471555758e+01,4.870067312586080e+00,2.610775649010813e-06
5.620429471555758e+01,4.869864297043167e+00,2.610862086001712e-06
5.625429471555758e+01,4.869661412052296e+00,2.610948467192800e-06
5.630429471555757e+01,4.869458657526964e+00,2.611034793028169e-06
5.635429471555757e+01,4.869256033380726e+00,2.611121064284974e-06
5.640429471555757e+01,4.869053539527173e+00,2.611207278143249e-06
5.645429471555757e+01,4.868851175879950e+00,2.611293434158904e-06
5.650429471555756e+01,4.868648942352757e+00,2.611379538105099e-06
5.655429471555756e+01,4.868446838859370e+00,2.611465588205477e-06
5.660429471555756e+01,4.868244865313650e+00,2.611551580174578e-06
5.665429471555755e+01,4.868043021629459e+00,2.611637518519908e-06
5.670429471555755e+01,4.867841307720714e+00,2.611723403952007e-06
5.675429471555755e+01,4.867639723501406e+00,2.611809230941967e-06
5.680429471555755e+01,4.867438268885578e+00,2.611895002465184e-06
5.685429471555754e+01,4.867236943787349e+00,2.611980722429644e-06
5.690429471555754e+01,4.867035748120865e+00,2.612066387082792e-06
5.695429471555754e+01,4.866834681800285e+00,2.612151992561054e-06
5.700429471555753e+01,4.866633744739878e+00,2.612237542150689e-06
5.705429471555753e+01,4.866432936853943e+00,2.612323039715273e-06
5.710429471555753e+01,4.866232258056823e+00,2.612408483167586e-06
5.715429471555753e+01,4.866031708262987e+00,2.612493871819291e-06
5.720429471555752e+01,4.865831287386906e+00,2.612579204249302e-06
5.725429471555752e+01,4.865630995343061e+00,2.612664480124552e-06
5.730429471555752e+01,4.865430832046004e+00,2.612749702109576e-06
5.735429471555751e+01,4.865230797410399e+00,2.612834870248784e-06
5.740429471555751e+01,4.865030891350970e+00,2.612919982477161e-06
5.745429471555751e+01,4.864831113782366e+00,2.613005039172181e-06
5.750429471555751e+01,4.864631464619366e+00,2.613090043686720e-06
5.755429471555750e+01,4.864431943776871e+00,2.613174993733717e-06
5.760429471555750e+01,4.864232551169769e+00,2.613259888536015e-06
5.765429471555750e+01,4.864033286713001e+00,2.613344730180836e-06
5.770429471555750e+01,4.863834150321545e+00,2.613429516425528e-06
5.775429471555749e+01,4.863635141910470e+00,2.613514247070251e-06
5.780429471555749e+01,4.863436261394878e+00,2.613598923180819e-06
5.785429471555749e+01,4.863237508689888e+00,2.613683545156912e-06
5.790429471555748e+01,4.863038883710738e+00,2.613768114064344e-06
5.795429471555748e+01,4.862840386372725e+00,2.613852629725480e-06
5.800429471555748e+01,4.862642016591155e+00,2.613937090097510e-06
5.805429471555748e+01,4.862443774281399e+00,2.614021494758548e-06
5.810429471555747e+01,4.862245659358863e+00,2.614105845484951e-06
5.815429471555747e+01,4.862047671739008e+00,2.614190141899245e-06
5.820429471555747e+01,4.861849811337398e+00,2.614274383690565e-06
5.825429471555746e+01,4.861652078069608e+00,2.614358572879519e-06
5.830429471555746e+01,4.861454471851273e+00,2.614442707889589e-06
5.835429471555746e+01,4.861256992598062e+00,2.614526786278285e-06
5.840429471555746e+01,4.861059640225668e+00,2.614610811065413e-06
5.845429471555745e+01,4.860862414649976e+00,2.614694784249375e-06
5.850429471555745e+01,4.860665315786821e+00,2.614778702988000e-06
5.855429471555745e+01,4.860468343552037e+00,2.614862567325696e-06
5.860429471555744e+01,4.860271497861615e+00,2.614946378061825e-06
5.865429471555744e+01,4.860074778631571e+00,2.615030134663479e-06
5.870429471555744e+01,4.859878185777971e+00,2.615113838396313e-06
5.875429471555744e+01,4.859681719216858e+00,2.615197488505375e-06
5.880429471555743e+01,4.859485378864370e+00,2.615281084213508e-06
5.885429471555743e+01,4.859289164636812e+00,2.615364625320873e-06
5.890429471555743e+01,4.859093076450455e+00,2.615448111405586e-06
5.895429471555742e+01,4.858897114221619e+00,2.615531543866525e-06
5.900429471555742e+01,4.858701277866627e+00,2.615614925390434e-06
5.905429471555742e+01,4.858505567301813e+00,2.615698256376989e-06
5.910429471555742e+01,4.858309982443728e+00,2.615781532185460e-06
5.915429471555741e+01,4.858114523208970e+00,2.615864751372557e-06
5.920429471555741e+01,4.857919189514063e+00,2.615947918356967e-06
5.925429471555741e+01,4.857723981275607e+00,2.616031031406743e-06
5.930429471555740e+01,4.857528898410337e+00,2.616114088567892e-06
5.935429471555740e+01,4.857333940834986e+00,2.616197094836417e-06
5.940429471555740e+01,4.857139108466309e+00,2.616280050878453e-06
5.945429471555740e+01,4.856944401221158e+00,2.616362952430742e-06
5.950429471555739e+01,4.856749819016418e+00,2.616445798538494e-06
5.955429471555739e+01,4.856555361769031e+00,2.616528593087489e-06
5.960429471555739e+01,4.856361029395989e+00,2.616611334878685e-06
5.965429471555738e+01,4.856166821814371e+00,2.616694020825664e-06
5.970429471555738e+01,4.855972738941317e+00,2.616776654680978e-06
5.975429471555738e+01,4.855778780693920e+00,2.616859236933125e-06
5.980429471555738e+01,4.855584946989369e+00,2.616941764362460e-06
5.985429471555737e+01,4.855391237744914e+00,2.617024238212431e-06
5.990429471555737e+01,4.855197652877854e+00,2.617106661591665e-06
5.995429471555737e+01,4.855004192305572e+00,2.617189032734904e-06
6.000429471555736e+01,4.854810855945494e+00,2.617271348955411e-06
6.005429471555736e+01,4.854617643715100e+00,2.617353612906617e-06
6.010429471555736e+01,4.854424555531894e+00,2.617435825043715e-06
6.015429471555736e+01,4.854231591313440e+00,2.617517984234277e-06
6.020429471555735e+01,4.854038750977300e+00,2.617600089978703e-06
6.025429471555735e+01,4.853846034441177e+00,2.617682141932823e-06
6.030429471555735e+01,4.853653441622806e+00,2.617764143338489e-06
6.035429471555734e+01,4.853460972439914e+00,2.617846092030765e-06
6.040429471555734e+01,4.853268626810418e+00,2.617927984778903e-06
6.045429471555734e+01,4.853076404652194e+00,2.618009825535297e-06
6.050429471555734e+01,4.852884305883065e+00,2.618091616298349e-06
6.055429471555733e+01,4.852692330421014e+00,2.618173355147372e-06
6.060429471555733e+01,4.852500478184147e+00,2.618255041283005e-06
6.065429471555733e+01,4.852308749090522e+00,2.618336674527613e-06
6.070429471555732e+01,4.852117143058242e+00,2.618418253726565e-06
6.075429471555732e+01,4.851925660005566e+00,2.618499779523790e-06
6.080429471555732e+01,4.851734299850711e+00,2.618581254528310e-06
6.085429471555732e+01,4.851543062511901e+00,2.618662678196118e-06
6.090429471555731e+01,4.851351947907479e+00,2.618744048184643e-06
6.095429471555731e+01,4.851160955955853e+00,2.618825366270241e-06
6.100429471555731e+01,4.850970086575479e+00,2.618906634295884e-06
6.105429471555730e+01,4.850779339684852e+00,2.618987850018920e-06
6.110429471555730e+01,4.850588715202510e+00,2.619069012984157e-06
6.115429471555730e+01,4.850398213047057e+00,2.619150124046468e-06
6.120429471555730e+01,4.850207833137121e+00,2.619231181584927e-06
6.125429471555729e+01,4.850017575391369e+00,2.619312187431402e-06
6.130429471555729e+01,4.849827439728568e+00,2.619393142096596e-06
6.135429471555729e+01,4.849637426067559e+00,2.619474044281548e-06
6.140429471555728e+01,4.849447534327170e+00,2.619554894719003e-06
6.145429471555728e+01,4.849257764426286e+00,2.619635693153613e-06
6.150429471555728e+01,4.849068116283874e+00,2.619716440062773e-06
6.155429471555728e+01,4.848878589818924e+00,2.619797134613814e-06
6.160429471555727e+01,4.848689184950470e+00,2.619877776540283e-06
6.165429471555727e+01,4.848499901597645e+00,2.619958367374289e-06
6.170429471555727e+01,4.848310739679594e+00,2.620038907559921e-06
6.175429471555726e+01,4.848121699115498e+00,2.620119395631684e-06
6.180429471555726e+01,4.847932779824672e+00,2.620199832322326e-06
6.185429471555726e+01,4.847743981726405e+00,2.620280217432006e-06
6.190429471555726e+01,4.847555304740033e+00,2.620360549961523e-06
6.195429471555725e+01,4.847366748784992e+00,2.620440833052809e-06
6.200429471555725e+01,4.847178313780705e+00,2.620521064374396e-06
6.205429471555725e+01,4.846989999646687e+00,2.620601242105517e-06
6.210429471555724e+01,4.846801806302555e+00,2.620681369710068e-06
6.215429471555724e+01,4.846613733667897e+00,2.620761445500511e-06
6.220429471555724e+01,4.846425781662322e+00,2.620841470154081e-06
6.225429471555724e+01,4.846237950205535e+00,2.620921445535954e-06
6.230429471555723e+01,4.846050239217346e+00,2.621001367949086e-06
6.235429471555723e+01,4.845862648617619e+00,2.621081236838366e-06
6.240429471555723e+01,4.845675178326164e+00,2.621161055634383e-06
6.245429471555723e+01,4.845487828262835e+00,2.621240825813734e-06
6.250429471555722e+01,4.845300598347619e+00,2.621320543379616e-06
6.255429471555722e+01,4.845113488500594e+00,2.621400208132188e-06
6.260429471555722e+01,4.844926498641826e+00,2.621479823613063e-06
6.265429471555721e+01,4.844739628691384e+00,2.621559388578790e-06
6.270429471555721e+01,4.844552878569434e+00,2.621638902007964e-06
6.275429471555721e+01,4.844366248196198e+00,2.621718364144834e-06
6.280429471555721e+01,4.844179737491981e+00,2.621797775011606e-06
6.285429471555720e+01,4.843993346377123e+00,2.621877134463949e-06
6.290429471555720e+01,4.843807074771927e+00,2.621956443112486e-06
6.295429471555720e+01,4.843620922596754e+00,2.622035702611450e-06
6.300429471555719e+01,4.843434889772099e+00,2.622114912183685e-06
6.305429471555719e+01,4.843248976218542e+00,2.622194068964814e-06
6.310429471555719e+01,4.843063181856686e+00,2.622273173909631e-06
6.315429471555719e+01,4.842877506607093e+00,2.622352230248884e-06
6.320429471555718e+01,4.842691950390370e+00,2.622431235562287e-06
6.325429471555718e+01,4.842506513127282e+00,2.622510188040176e-06
6.330429471555718e+01,4.842321194738589e+00,2.622589092267771e-06
6.335429471555717e+01,4.842135995145114e+00,2.622667947512328e-06
6.340429471555717e+01,4.841950914267779e+00,2.622746748511387e-06
6.345429471555717e+01,4.841765952027457e+00,2.622825497718542e-06
6.350429471555717e+01,4.841581108345061e+00,2.622904199186108e-06
6.355429471555716e+01,4.841396383141618e+00,2.622982851215441e-06
6.360429471555716e+01,4.841211776338242e+00,2.623061452574196e-06
6.365429471555716e+01,4.841027287856059e+00,2.623140003528826e-06
6.370429471555715e+01,4.840842917616226e+00,2.623218504379090e-06
6.375429471555715e+01,4.840658665539927e+00,2.623296953903745e-06
6.380429471555715e+01,4.840474531548405e+00,2.623375352580184e-06
6.385429471555715e+01,4.840290515563019e+00,2.623453701229975e-06
6.390429471555714e+01,4.840106617505131e+00,2.623531998898324e-06
6.395429471555714e+01,4.839922837296156e+00,2.623610246884192e-06
6.400429471555714e+01,4.839739174857572e+00,2.623688446764097e-06
6.405429471555713e+01,4.839555630110843e+00,2.623766596839397e-06
6.410429471555713e+01,4.839372202977544e+00,2.623844694401148e-06
6.415429471555713e+01,4.839188893379300e+00,2.623922741736409e-06
6.420429471555713e+01,4.839005701237785e+00,2.624000741221058e-06
6.425429471555712e+01,4.838822626474735e+00,2.624078690634649e-06
6.430429471555712e+01,4.838639669011845e+00,2.624156589144513e-06
6.435429471555712e+01,4.838456828770904e+00,2.624234437150333e-06
6.440429471555711e+01,4.838274105673825e+00,2.624312235662410e-06
6.445429471555711e+01,4.838091499642516e+00,2.624389986523715e-06
6.450429471555711e+01,4.837909010598897e+00,2.624467687891278e-06
6.455429471555711e+01,4.837726638464989e+00,2.624545336967335e-06
6.460429471555710e+01,4.837544383162917e+00,2.624622935406121e-06
6.465429471555710e+01,4.837362244614742e+00,2.624700485339263e-06
6.470429471555710e+01,4.837180222742548e+00,2.624777986011809e-06
6.475429471555709e+01,4.836998317468574e+00,2.624855436879750e-06
6.480429471555709e+01,4.836816528715103e+00,2.624932837587815e-06
6.485429471555709e+01,4.836634856404450e+00,2.625010188524582e-06
6.490429471555709e+01,4.836453300458962e+00,2.625087491399794e-06
6.495429471555708e+01,4.836271860800992e+00,2.625164744181744e-06
6.500429471555708e+01,4.836090537352987e+00,2.625241945671389e-06
6.505429471555708e+01,4.835909330037508e+00,2.625319099410342e-06
6.510429471555707e+01,4.835728238777078e+00,2.625396204399402e-06
6.515429471555707e+01,4.835547263494217e+00,2.625473259284098e-06
6.520429471555707e+01,4.835366404111614e+00,2.625550264874890e-06
6.525429471555707e+01,4.835185660552006e+00,2.625627220416829e-06
6.530429471555706e+01,4.835005032738129e+00,2.625704127364306e-06
6.535429471555706e+01,4.834824520592761e+00,2.625780985306539e-06
6.540429471555706e+01,4.834644124038692e+00,2.625857792511580e-06
6.545429471555705e+01,4.834463842998813e+00,2.625934552298995e-06
6.550429471555705e+01,4.834283677396115e+00,2.626011264224695e-06
6.555429471555705e+01,4.834103627153594e+00,2.626087923725665e-06
6.560429471555705e+01,4.833923692194229e+00,2.626164533866118e-06
6.565429471555704e+01,4.833743872441092e+00,2.626241098109953e-06
6.570429471555704e+01,4.833564167817348e+00,2.626317613293031e-06
6.575429471555704e+01,4.833384578246210e+00,2.626394078871345e-06
6.580429471555703e+01,4.833205103650895e+00,2.626470495766378e-06
6.585429471555703e+01,4.833025743954689e+00,2.626546860880611e-06
6.590429471555703e+01,4.832846499080888e+00,2.626623177122825e-06
6.595429471555703e+01,4.832667368952815e+00,2.626699447013228e-06
6.600429471555702e+01,4.832488353493949e+00,2.626775666999107e-06
6.605429471555702e+01,4.832309452627769e+00,2.626851838446035e-06
6.610429471555702e+01,4.832130666277755e+00,2.626927962442030e-06
6.615429471555701e+01,4.831951994367484e+00,2.627004037133021e-06
6.620429471555701e+01,4.831773436820635e+00,2.627080061764056e-06
6.625429471555701e+01,4.831594993560863e+00,2.627156038355741e-06
6.630429471555701e+01,4.831416664511786e+00,2.627231966996894e-06
6.635429471555700e+01,4.831238449597225e+00,2.627307846976970e-06
6.640429471555700e+01,4.831060348741025e+00,2.627383679439502e-06
6.645429471555700e+01,4.830882361866999e+00,2.627459462474905e-06
6.650429471555699e+01,4.830704488899053e+00,2.627535195128386e-06
6.655429471555699e+01,4.830526729761156e+00,2.627610879653700e-06
6.660429471555699e+01,4.830349084377281e+00,2.627686518271291e-06
6.665429471555699e+01,4.830171552671463e+00,2.627762108460954e-06
6.670429471555698e+01,4.829994134567861e+00,2.627837648257595e-06
6.675429471555698e+01,4.829816829990644e+00,2.627913140292440e-06
6.680429471555698e+01,4.829639638863944e+00,2.627988584743127e-06
6.685429471555697e+01,4.829462561112007e+00,2.628063979833298e-06
6.690429471555697e+01,4.829285596659135e+00,2.628139326351212e-06
6.695429471555697e+01,4.829108745429640e+00,2.628214625107331e-06
6.700429471555697e+01,4.828932007347940e+00,2.628289875646464e-06
6.705429471555696e+01,4.828755382338472e+00,2.628365080078035e-06
6.710429471555696e+01,4.828578870325725e+00,2.628440236603483e-06
6.715429471555696e+01,4.828402471234215e+00,2.628515343413143e-06
6.720429471555695e+01,4.828226184988489e+00,2.628590402516521e-06
6.725429471555695e+01,4.828050011513183e+00,2.628665412692368e-06
6.730429471555695e+01,4.827873950733034e+00,2.628740374029506e-06
6.735429471555695e+01,4.827698002572733e+00,2.628815288404210e-06
6.740429471555694e+01,4.827522166956965e+00,2.628890155105937e-06
6.745429471555694e+01,4.827346443810629e+00,2.628964973468554e-06
6.750429471555694e+01,4.827170833058611e+00,2.629039744802123e-06
6.755429471555694e+01,4.826995334625764e+00,2.629114469073338e-06
6.760429471555693e+01,4.826819948437056e+00,2.629189144417025e-06
6.765429471555693e+01,4.826644674417494e+00,2.629263770955307e-06
6.770429471555693e+01,4.826469512492174e+00,2.629338349543057e-06
6.775429471555692e+01,4.826294462586208e+00,2.629412882100960e-06
6.780429471555692e+01,4.826119524624659e+00,2.629487368662323e-06
6.785429471555692e+01,4.825944698532720e+00,2.629561806440487e-06
6.790429471555692e+01,4.825769984235699e+00,2.629636196334731e-06
6.795429471555691e+01,4.825595381658886e+00,2.629710538589306e-06
6.800429471555691e+01,4.825420890727598e+00,2.629784832726815e-06
6.805429471555691e+01,4.825246511367263e+00,2.629859080479205e-06
6.810429471555690e+01,4.825072243503289e+00,2.629933279925793e-06
6.815429471555690e+01,4.824898087061098e+00,2.630007431122087e-06
6.820429471555690e+01,4.824724041966283e+00,2.630081535200516e-06
6.825429471555690e+01,4.824550108144432e+00,2.630155590817710e-06
6.830429471555689e+01,4.824376285521127e+00,2.630229600849147e-06
6.835429471555689e+01,4.824202574022044e+00,2.630303564195705e-06
6.840429471555689e+01,4.824028973572888e+00,2.630377478592531e-06
6.845429471555688e+01,4.823855484099441e+00,2.630451348458310e-06
6.850429471555688e+01,4.823682105527539e+00,2.630525171361656e-06
6.855429471555688e+01,4.823508837783040e+00,2.630598942950494e-06
6.860429471555688e+01,4.823335680791810e+00,2.630672668487280e-06
6.865429471555687e+01,4.823162634479787e+00,2.630746348238469e-06
6.870429471555687e+01,4.822989698773007e+00,2.630819980227864e-06
6.875429471555687e+01,4.822816873597532e+00,2.630893566031981e-06
6.880429471555686e+01,4.822644158879443e+00,2.630967104862562e-06
6.885429471555686e+01,4.822471554544874e+00,2.631040596764015e-06
6.890429471555686e+01,4.822299060519985e+00,2.631114041958385e-06
6.895429471555686e+01,4.822126676731025e+00,2.631187439257735e-06
6.900429471555685e+01,4.821954403104289e+00,2.631260788895210e-06
6.905429471555685e+01,4.821782239566108e+00,2.631334091103957e-06
6.910429471555685e+01,4.821610186042854e+00,2.631407346983098e-06
6.915429471555684e+01,4.821438242460947e+00,2.631480558686464e-06
6.920429471555684e+01,4.821266408746846e+00,2.631553724137939e-06
6.925429471555684e+01,4.821094684827036e+00,2.631626840584170e-06
6.930429471555684e+01,4.820923070628131e+00,2.631699908546961e-06
6.935429471555683e+01,4.820751566076779e+00,2.631772930768564e-06
6.940429471555683e+01,4.820580171099563e+00,2.631845907770783e-06
6.945429471555683e+01,4.820408885623150e+00,2.631918837444195e-06
6.950429471555682e+01,4.820237709574335e+00,2.631991721032249e-06
6.955429471555682e+01,4.820066642879942e+00,2.632064558546047e-06
6.960429471555682e+01,4.819895685466773e+00,2.632137348253641e-06
6.965429471555682e+01,4.819724837261746e+00,2.632210092386580e-06
6.970429471555681e+01,4.819554098191791e+00,2.632282791322341e-06
6.975429471555681e+01,4.819383468183827e+00,2.632355441652537e-06
6.980429471555681e+01,4.819212947164950e+00,2.632428044687233e-06
6.985429471555680e+01,4.819042535062246e+00,2.632500602813407e-06
6.990429471555680e+01,4.818872231802752e+00,2.632573113344320e-06
6.995429471555680e+01,4.818702037313659e+00,2.632645578278373e-06
7.000429471555680e+01,4.818531951522244e+00,2.632718000135772e-06
7.005429471555679e+01,4.818361974355745e+00,2.632790374786490e-06
7.010429471555679e+01,4.818192105741412e+00,2.632862700420860e-06
7.015429471555679e+01,4.818022345606633e+00,2.632934979681215e-06
7.020429471555678e+01,4.817852693878821e+00,2.633007215687280e-06
7.025429471555678e+01,4.817683150485411e+00,2.633079405052877e-06
7.030429471555678e+01,4.817513715353866e+00,2.633151546578963e-06
7.035429471555678e+01,4.817344388411708e+00,2.633223643918173e-06
7.040429471555677e+01,4.817175169586550e+00,2.633295693895269e-06
7.045429471555677e+01,4.817006058806055e+00,2.633367695921832e-06
7.050429471555677e+01,4.816837055997896e+00,2.633439653084283e-06
7.055429471555676e+01,4.816668161089719e+00,2.633511565682381e-06
7.060429471555676e+01,4.816499374009307e+00,2.633583431628908e-06
7.065429471555676e+01,4.816330694684534e+00,2.633655250746228e-06
7.070429471555676e+01,4.816162123043236e+00,2.633727025932023e-06
7.075429471555675e+01,4.815993659013300e+00,2.633798756386933e-06
7.080429471555675e+01,4.815825302522656e+00,2.633870439546341e-06
7.085429471555675e+01,4.815657053499332e+00,2.633942076653698e-06
7.090429471555674e+01,4.815488911871382e+00,2.634013667986560e-06
7.095429471555674e+01,4.815320877566863e+00,2.634085212978712e-06
7.100429471555674e+01,4.815152950513894e+00,2.634156714028238e-06
7.105429471555674e+01,4.814985130640660e+00,2.634228169669642e-06
7.110429471555673e+01,4.814817417875441e+00,2.634299578093261e-06
7.115429471555673e+01,4.814649812146506e+00,2.634370941375211e-06
7.120429471555673e+01,4.814482313382122e+00,2.634442259748640e-06
7.125429471555672e+01,4.814314921510626e+00,2.634513532469699e-06
7.130429471555672e+01,4.814147636460468e+00,2.634584759938067e-06
7.135429471555672e+01,4.813980458160120e+00,2.634655941676348e-06
7.140429471555672e+01,4.813813386538039e+00,2.634727076385582e-06
7.145429471555671e+01,4.813646421522785e+00,2.634798165953148e-06
7.150429471555671e+01,4.813479563042984e+00,2.634869211089589e-06
7.155429471555671e+01,4.813312811027243e+00,2.634940210595863e-06
7.160429471555670e+01,4.813146165404206e+00,2.635011164749527e-06
7.165429471555670e+01,4.812979626102634e+00,2.635082073561682e-06
7.170429471555670e+01,4.812813193051322e+00,2.635152938575539e-06
7.175429471555670e+01,4.812646866179073e+00,2.635223757914820e-06
7.180429471555669e+01,4.812480645414769e+00,2.635294531357482e-06
7.185429471555669e+01,4.812314530687294e+00,2.635365260158077e-06
7.190429471555669e+01,4.812148521925528e+00,2.635435943839207e-06
7.195429471555668e+01,4.811982619058507e+00,2.635506584032901e-06
7.200429471555668e+01,4.811816822015333e+00,2.635577177885887e-06
7.205429471555668e+01,4.811651130725115e+00,2.635647724609905e-06
7.210429471555668e+01,4.811485545116981e+00,2.635718229156550e-06
7.215429471555667e+01,4.811320065120038e+00,2.635788689915999e-06
7.220429471555667e+01,4.811154690663530e+00,2.635859101503671e-06
7.225429471555667e+01,4.810989421676771e+00,2.635929467627710e-06
7.230429471555667e+01,4.810824258089034e+00,2.635999790586277e-06
7.235429471555666e+01,4.810659199829700e+00,2.636070068913879e-06
7.240429471555666e+01,4.810494246828144e+00,2.636140304409076e-06
7.245429471555666e+01,4.810329399013805e+00,2.636210495672989e-06
7.250429471555665e+01,4.810164656316252e+00,2.636280639608094e-06
7.255429471555665e+01,4.810000018665043e+00,2.636350738046259e-06
7.260429471555665e+01,4.809835485989656e+00,2.636420793507691e-06
7.265429471555665e+01,4.809671058219716e+00,2.636490803916273e-06
7.270429471555664e+01,4.809506735285011e+00,2.636560770315613e-06
7.275429471555664e+01,4.809342517115239e+00,2.636630693649403e-06
7.280429471555664e+01,4.809178403640129e+00,2.636700570487053e-06
7.285429471555663e+01,4.809014394789481e+00,2.636770401672332e-06
7.290429471555663e+01,4.808850490493130e+00,2.636840189825366e-06
7.295429471555663e+01,4.808686690681023e+00,2.636909932947754e-06
7.300429471555663e+01,4.808522995283105e+00,2.636979629074401e-06
7.305429471555662e+01,4.808359404229331e+00,2.637049282557383e-06
7.310429471555662e+01,4.808195917449750e+00,2.637118895128646e-06
7.315429471555662e+01,4.808032534874459e+00,2.637188460892907e-06
7.320429471555661e+01,4.807869256433590e+00,2.637257979783551e-06
7.325429471555661e+01,4.807706082057254e+00,2.637327457229569e-06
7.330429471555661e+01,4.807543011675670e+00,2.637396893131042e-06
7.335429471555661e+01,4.807380045219152e+00,2.637466281970161e-06
7.340429471555660e+01,4.807217182617983e+00,2.637535624235424e-06
7.345429471555660e+01,4.807054423802477e+00,2.637604924079065e-06
7.350429471555660e+01,4.806891768703022e+00,2.637674180290942e-06
7.355429471555659e+01,4.806729217250104e+00,2.637743391438866e-06
7.360429471555659e+01,4.806566769374198e+00,2.637812558044642e-06
7.365429471555659e+01,4.806404425005786e+00,2.637881682173285e-06
7.370429471555659e+01,4.806242184075446e+00,2.637950763458422e-06
7.375429471555658e+01,4.806080046513784e+00,2.638019799180006e-06
7.380429471555658e+01,4.805918012251471e+00,2.638088790426055e-06
7.385429471555658e+01,4.805756081219244e+00,2.638157737507433e-06
7.390429471555657e+01,4.805594253347831e+00,2.638226639902333e-06
7.395429471555657e+01,4.805432528567976e+00,2.638295497954927e-06
7.400429471555657e+01,4.805270906810508e+00,2.638364314585099e-06
7.405429471555657e+01,4.805109388006355e+00,2.638433090747642e-06
7.410429471555656e+01,4.804947972086462e+00,2.638501819703501e-06
7.415429471555656e+01,4.804786658981728e+00,2.638570502895968e-06
7.420429471555656e+01,4.804625448623176e+00,2.638639144399560e-06
7.425429471555655e+01,4.804464340941924e+00,2.638707741816196e-06
7.430429471555655e+01,4.804303335869004e+00,2.638776294868320e-06
7.435429471555655e+01,4.804142433335566e+00,2.638844803433807e-06
7.440429471555655e+01,4.803981633272868e+00,2.638913267346125e-06
7.445429471555654e+01,4.803820935612086e+00,2.638981689303113e-06
7.450429471555654e+01,4.803660340284445e+00,2.639050071125540e-06
7.455429471555654e+01,4.803499847221333e+00,2.639118408872113e-06
7.460429471555653e+01,4.803339456354108e+00,2.639186699856092e-06
7.465429471555653e+01,4.803179167614164e+00,2.639254946186900e-06
7.470429471555653e+01,4.803018980933008e+00,2.639323151161902e-06
7.475429471555653e+01,4.802858896242062e+00,2.639391314647869e-06
7.480429471555652e+01,4.802698913472844e+00,2.639459433025474e-06
7.485429471555652e+01,4.802539032557005e+00,2.639527506217002e-06
7.490429471555652e+01,4.802379253426136e+00,2.639595536154241e-06
7.495429471555651e+01,4.802219576011905e+00,2.639663524968819e-06
7.500429471555651e+01,4.802060000246033e+00,2.639731471128629e-06
7.505429471555651e+01,4.801900526060296e+00,2.639799371691579e-06
7.510429471555651e+01,4.801741153386517e+00,2.639867230365814e-06
7.515429471555650e+01,4.801581882156464e+00,2.639935048372580e-06
7.520429471555650e+01,4.801422712302048e+00,2.640002821626256e-06
7.525429471555650e+01,4.801263643755280e+00,2.640070548727961e-06
7.530429471555649e+01,4.801104676448094e+00,2.640138232342229e-06
7.535429471555649e+01,4.800945810312463e+00,2.640205875211313e-06
7.540429471555649e+01,4.800787045280451e+00,2.640273476435931e-06
7.545429471555649e+01,4.800628381284200e+00,2.640341033973273e-06
7.550429471555648e+01,4.800469818255869e+00,2.640408547312636e-06
7.555429471555648e+01,4.800311356127650e+00,2.640476017730779e-06
7.560429471555648e+01,4.800152994831778e+00,2.640543445782809e-06
7.565429471555647e+01,4.799994734300532e+00,2.640610830713778e-06
7.570429471555647e+01,4.799836574466205e+00,2.640678172257230e-06
7.575429471555647e+01,4.799678515261155e+00,2.640745471578901e-06
7.580429471555647e+01,4.799520556617843e+00,2.640812729367129e-06
7.585429471555646e+01,4.799362698468725e+00,2.640879943312649e-06
7.590429471555646e+01,4.799204940746291e+00,2.640947112760432e-06
7.595429471555646e+01,4.799047283383096e+00,2.641014241407517e-06
7.600429471555645e+01,4.798889726311679e+00,2.641081329709097e-06
7.605429471555645e+01,4.798732269464642e+00,2.641148374079153e-06
7.610429471555645e+01,4.798574912774685e+00,2.641215374084697e-06
7.615429471555645e+01,4.798417656174556e+00,2.641282331191223e-06
7.620429471555644e+01,4.798260499597018e+00,2.641349245731798e-06
7.625429471555644e+01,4.798103442974859e+00,2.641416116873755e-06
7.630429471555644e+01,4.797946486240921e+00,2.641482946615496e-06
7.635429471555643e+01,4.797789629328070e+00,2.641549736089447e-06
7.640429471555643e+01,4.797632872169226e+00,2.641616481798407e-06
7.645429471555643e+01,4.797476214697360e+00,2.641683183487024e-06
7.650429471555643e+01,4.797319656845508e+00,2.641749843442357e-06
7.655429471555642e+01,4.797163198546714e+00,2.641816460953864e-06
7.660429471555642e+01,4.797006839734089e+00,2.641883036176976e-06
7.665429471555642e+01,4.796850580340825e+00,2.641949569189409e-06
7.670429471555641e+01,4.796694420300065e+00,2.642016060857136e-06
7.675429471555641e+01,4.796538359545003e+00,2.642082511346692e-06
7.680429471555641e+01,4.796382398008935e+00,2.642148917538349e-06
7.685429471555641e+01,4.796226535625166e+00,2.642215280442409e-06
7.690429471555640e+01,4.796070772327093e+00,2.642281601468857e-06
7.695429471555640e+01,4.795915108048137e+00,2.642347880850840e-06
7.700429471555640e+01,4.795759542721677e+00,2.642414119554252e-06
7.705429471555640e+01,4.795604076281188e+00,2.642480314570387e-06
7.710429471555639e+01,4.795448708660261e+00,2.642546465321930e-06
7.715429471555639e+01,4.795293439792475e+00,2.642612576505124e-06
7.720429471555639e+01,4.795138269611408e+00,2.642678649008149e-06
7.725429471555638e+01,4.794983198050693e+00,2.642744678379009e-06
7.730429471555638e+01,4.794828225044054e+00,2.642810662530485e-06
7.735429471555638e+01,4.794673350525234e+00,2.642876605037495e-06
7.740429471555638e+01,4.794518574428020e+00,2.642942506788218e-06
7.745429471555637e+01,4.794363896686267e+00,2.643008366539205e-06
7.750429471555637e+01,4.794209317233807e+00,2.643074185667130e-06
7.755429471555637e+01,4.794054836004542e+00,2.643139964271916e-06
7.760429471555636e+01,4.793900452932476e+00,2.643205698789745e-06
7.765429471555636e+01,4.793746167951584e+00,2.643271388776528e-06
7.770429471555636e+01,4.793591980995902e+00,2.643337038950714e-06
7.775429471555636e+01,4.793437891999514e+00,2.643402649745289e-06
7.780429471555635e+01,4.793283900896542e+00,2.643468217407700e-06
7.785429471555635e+01,4.793130007621130e+00,2.643533742626284e-06
7.790429471555635e+01,4.792976212107486e+00,2.643599226655594e-06
7.795429471555634e+01,4.792822514289933e+00,2.643664667819193e-06
7.800429471555634e+01,4.792668914102740e+00,2.643730069292319e-06
7.805429471555634e+01,4.792515411480172e+00,2.643795431596777e-06
7.810429471555634e+01,4.792362006356649e+00,2.643860749536723e-06
7.815429471555633e+01,4.792208698666620e+00,2.643926025321500e-06
7.820429471555633e+01,4.792055488344490e+00,2.643991261138249e-06
7.825429471555633e+01,4.791902375324806e+00,2.644056455410452e-06
7.830429471555632e+01,4.791749359542179e+00,2.644121607782838e-06
7.835429471555632e+01,4.791596440931111e+00,2.644186717833522e-06
7.840429471555632e+01,4.791443619426198e+00,2.644251786039901e-06
7.845429471555632e+01,4.791290894962203e+00,2.644316812901574e-06
7.850429471555631e+01,4.791138267473805e+00,2.644381801560473e-06
7.855429471555631e+01,4.790985736895682e+00,2.644446750673227e-06
7.860429471555631e+01,4.790833303162721e+00,2.644511654932972e-06
7.865429471555630e+01,4.790680966209809e+00,2.644576516526846e-06
7.870429471555630e+01,4.790528725971741e+00,2.644641338097179e-06
7.875429471555630e+01,4.790376582383455e+00,2.644706118122967e-06
7.880429471555630e+01,4.790224535379969e+00,2.644770856815152e-06
7.885429471555629e+01,4.790072584896243e+00,2.644835556516304e-06
7.890429471555629e+01,4.789920730867321e+00,2.644900216360450e-06
7.895429471555629e+01,4.789768973228319e+00,2.644964832861489e-06
7.900429471555628e+01,4.789617311914348e+00,2.645029408517422e-06
7.905429471555628e+01,4.789465746860589e+00,2.645093943938873e-06
7.910429471555628e+01,4.789314278002283e+00,2.645158436316978e-06
7.915429471555628e+01,4.789162905274684e+00,2.645222886328972e-06
7.920429471555627e+01,4.789011628613130e+00,2.645287295540270e-06
7.925429471555627e+01,4.788860447952901e+00,2.645351668214128e-06
7.930429471555627e+01,4.788709363229323e+00,2.645416002429860e-06
7.935429471555626e+01,4.788558374377899e+00,2.645480293391304e-06
7.940429471555626e+01,4.788407481334118e+00,2.645544542230886e-06
7.945429471555626e+01,4.788256684033490e+00,2.645608749648047e-06
7.950429471555626e+01,4.788105982411592e+00,2.645672915942547e-06
7.955429471555625e+01,4.787955376403966e+00,2.645737042135791e-06
7.960429471555625e+01,4.787804865946169e+00,2.645801128094553e-06
7.965429471555625e+01,4.787654450973908e+00,2.645865173430254e-06
7.970429471555624e+01,4.787504131422955e+00,2.645929178564781e-06
7.975429471555624e+01,4.787353907229059e+00,2.645993142054840e-06
7.980429471555624e+01,4.787203778328047e+00,2.646057064544364e-06
7.985429471555624e+01,4.787053744655726e+00,2.646120948142775e-06
7.990429471555623e+01,4.786903806147947e+00,2.646184790773957e-06
7.995429471555623e+01,4.786753962740672e+00,2.646248590883597e-06
8.000429471555623e+01,4.786604214369857e+00,2.646312351547013e-06
8.005429471555622e+01,4.786454560971524e+00,2.646376073097271e-06
8.010429471555622e+01,4.786305002481710e+00,2.646439753147393e-06
8.015429471555622e+01,4.786155538836425e+00,2.646503394206482e-06
8.020429471555622e+01,4.786006169971845e+00,2.646566995985881e-06
8.025429471555621e+01,4.785856895824229e+00,2.646630555188227e-06
8.030429471555621e+01,4.785707716329738e+00,2.646694072912640e-06
8.035429471555621e+01,4.785558631424607e+00,2.646757550213833e-06
8.040429471555620e+01,4.785409641045134e+00,2.646820988945878e-06
8.045429471555620e+01,4.785260745127601e+00,2.646884389519559e-06
8.050429471555620e+01,4.785111943608387e+00,2.646947748559795e-06
8.055429471555620e+01,4.784963236423990e+00,2.647011064856445e-06
8.060429471555619e+01,4.784814623510885e+00,2.647074342650561e-06
8.065429471555619e+01,4.784666104805480e+00,2.647137581242702e-06
8.070429471555619e+01,4.784517680244338e+00,2.647200778068252e-06
8.075429471555618e+01,4.784369349764074e+00,2.647263935214431e-06
8.080429471555618e+01,4.784221113301282e+00,2.647327052714547e-06
8.085429471555618e+01,4.784072970792618e+00,2.647390131678821e-06
8.090429471555618e+01,4.783924922174810e+00,2.647453169564843e-06
8.095429471555617e+01,4.783776967384590e+00,2.647516165795298e-06
8.100429471555617e+01,4.783629106358719e+00,2.647579123745262e-06
8.105429471555617e+01,4.783481339034063e+00,2.647642040794610e-06
8.110429471555616e+01,4.783333665347471e+00,2.647704916421538e-06
8.115429471555616e+01,4.783186085235831e+00,2.647767754711664e-06
8.120429471555616e+01,4.783038598636113e+00,2.647830554665790e-06
8.125429471555616e+01,4.782891205485313e+00,2.647893313863629e-06
8.130429471555615e+01,4.782743905720450e+00,2.647956032804780e-06
8.135429471555615e+01,4.782596699278555e+00,2.648018711988845e-06
8.140429471555615e+01,4.782449586096766e+00,2.648081352648172e-06
8.145429471555614e+01,4.782302566112299e+00,2.648143953994501e-06
8.150429471555614e+01,4.782155639262309e+00,2.648206513185662e-06
8.155429471555614e+01,4.782008805483999e+00,2.648269032097931e-06
8.160429471555614e+01,4.781862064714599e+00,2.648331513218209e-06
8.165429471555613e+01,4.781715416891472e+00,2.648393955103205e-06
8.170429471555613e+01,4.781568861952037e+00,2.648456356920252e-06
8.175429471555613e+01,4.781422399833608e+00,2.648518717903296e-06
8.180429471555613e+01,4.781276030473616e+00,2.648581040128454e-06
8.185429471555612e+01,4.781129753809589e+00,2.648643325671844e-06
8.190429471555612e+01,4.780983569779035e+00,2.648705570647684e-06
8.195429471555612e+01,4.780837478319445e+00,2.648767773546072e-06
8.200429471555611e+01,4.780691479368398e+00,2.648829938130663e-06
8.205429471555611e+01,4.780545572863610e+00,2.648892064856649e-06
8.210429471555611e+01,4.780399758742766e+00,2.648954150892961e-06
8.215429471555611e+01,4.780254036943558e+00,2.649016197216595e-06
8.220429471555610e+01,4.780108407403747e+00,2.649078206303349e-06
8.225429471555610e+01,4.779962870061112e+00,2.649140176021595e-06
8.230429471555610e+01,4.779817424853508e+00,2.649202104450647e-06
8.235429471555609e+01,4.779672071718798e+00,2.649263994521493e-06
8.240429471555609e+01,4.779526810594871e+00,2.649325846289644e-06
8.245429471555609e+01,4.779381641419703e+00,2.649387658089767e-06
8.250429471555609e+01,4.779236564131307e+00,2.649449431531684e-06
8.255429471555608e+01,4.779091578667765e+00,2.649511165771627e-06
8.260429471555608e+01,4.778946684967128e+00,2.649572859166464e-06
8.265429471555608e+01,4.778801882967468e+00,2.649634513403735e-06
8.270429471555607e+01,4.778657172606994e+00,2.649696130270899e-06
8.275429471555607e+01,4.778512553823878e+00,2.649757709035209e-06
8.280429471555607e+01,4.778368026556318e+00,2.649819245888600e-06
8.285429471555607e+01,4.778223590742658e+00,2.649880743684344e-06
8.290429471555606e+01,4.778079246321186e+00,2.649942205320125e-06
8.295429471555606e+01,4.777934993230232e+00,2.650003627054490e-06
8.300429471555606e+01,4.777790831408259e+00,2.650065010053174e-06
8.305429471555605e+01,4.777646760793716e+00,2.650126355570729e-06
8.310429471555605e+01,4.777502781325061e+00,2.650187661975127e-06
8.315429471555605e+01,4.777358892940732e+00,2.650248928289371e-06
8.320429471555605e+01,4.777215095579299e+00,2.650310154902039e-06
8.325429471555604e+01,4.777071389179453e+00,2.650371344333339e-06
8.330429471555604e+01,4.776927773679805e+00,2.650432495872727e-06
8.335429471555604e+01,4.776784249019003e+00,2.650493607632824e-06
8.340429471555603e+01,4.776640815135766e+00,2.650554680956999e-06
8.345429471555603e+01,4.776497471968838e+00,2.650615713746933e-06
8.350429471555603e+01,4.776354219457057e+00,2.650676707345993e-06
8.355429471555603e+01,4.776211057539208e+00,2.650737665728779e-06
8.360429471555602e+01,4.776067986154120e+00,2.650798585997608e-06
8.365429471555602e+01,4.775925005240807e+00,2.650859467264303e-06
8.370429471555602e+01,4.775782114738213e+00,2.650920309950748e-06
8.375429471555601e+01,4.775639314585274e+00,2.650981112280585e-06
8.380429471555601e+01,4.775496604721059e+00,2.651041876030173e-06
8.385429471555601e+01,4.775353985084601e+00,2.651102602875947e-06
8.390429471555601e+01,4.775211455615016e+00,2.651163290353212e-06
8.395429471555600e+01,4.775069016251546e+00,2.651223938850548e-06
8.400429471555600e+01,4.774926666933353e+00,2.651284550388559e-06
8.405429471555600e+01,4.774784407599569e+00,2.651345124445440e-06
8.410429471555599e+01,4.774642238189475e+00,2.651405659378063e-06
8.415429471555599e+01,4.774500158642470e+00,2.651466155575003e-06
8.420429471555599e+01,4.774358168897875e+00,2.651526615134584e-06
8.425429471555599e+01,4.774216268895001e+00,2.651587036979889e-06
8.430429471555598e+01,4.774074458573332e+00,2.651647419456685e-06
8.435429471555598e+01,4.773932737872363e+00,2.651707762509462e-06
8.440429471555598e+01,4.773791106731581e+00,2.651768067315056e-06
8.445429471555597e+01,4.773649565090531e+00,2.651828334162124e-06
8.450429471555597e+01,4.773508112888767e+00,2.651888562906339e-06
8.455429471555597e+01,4.773366750065913e+00,2.651948754458081e-06
8.460429471555597e+01,4.773225476561630e+00,2.652008908417673e-06
8.465429471555596e+01,4.773084292315607e+00,2.652069023574969e-06
8.470429471555596e+01,4.772943197267603e+00,2.652129100185322e-06
8.475429471555596e+01,4.772802191357417e+00,2.652189140735632e-06
8.480429471555595e+01,4.772661274524862e+00,2.652249143382927e-06
8.485429471555595e+01,4.772520446709762e+00,2.652309106439669e-06
8.490429471555595e+01,4.772379707852026e+00,2.652369031804340e-06
8.495429471555595e+01,4.772239057891617e+00,2.652428918888520e-06
8.500429471555594e+01,4.772098496768456e+00,2.652488769035580e-06
8.505429471555594e+01,4.771958024422553e+00,2.652548581723716e-06
8.510429471555594e+01,4.771817640794018e+00,2.652608355443024e-06
8.515429471555593e+01,4.771677345822896e+00,2.652668092680403e-06
8.520429471555593e+01,4.771537139449313e+00,2.652727792303425e-06
8.525429471555593e+01,4.771397021613475e+00,2.652787453557141e-06
8.530429471555593e+01,4.771256992255545e+00,2.652847078229007e-06
8.535429471555592e+01,4.771117051315767e+00,2.652906664742509e-06
8.540429471555592e+01,4.770977198734467e+00,2.652966212287182e-06
8.545429471555592e+01,4.770837434451973e+00,2.653025722206396e-06
8.550429471555591e+01,4.770697758408582e+00,2.653085195699193e-06
8.555429471555591e+01,4.770558170544723e+00,2.653144631277874e-06
8.560429471555591e+01,4.770418670800868e+00,2.653204028553861e-06
8.565429471555591e+01,4.770279259117422e+00,2.653263389148079e-06
8.570429471555590e+01,4.770139935434936e+00,2.653322712816279e-06
8.575429471555590e+01,4.770000699694021e+00,2.653381999103270e-06
8.580429471555590e+01,4.769861551835211e+00,2.653441247975745e-06
8.585429471555589e+01,4.769722491799103e+00,2.653500459966610e-06
8.590429471555589e+01,4.769583519526426e+00,2.653559634420836e-06
8.595429471555589e+01,4.769444634957912e+00,2.653618769828518e-06
8.600429471555589e+01,4.769305838034261e+00,2.653677867399799e-06
8.605429471555588e+01,4.769167128696242e+00,2.653736929166387e-06
8.610429471555588e+01,4.769028506884658e+00,2.653795954995056e-06
8.615429471555588e+01,4.768889972540418e+00,2.653854942465520e-06
8.620429471555587e+01,4.768751525604462e+00,2.653913891555574e-06
8.625429471555587e+01,4.768613166017678e+00,2.653972804308028e-06
8.630429471555587e+01,4.768474893721035e+00,2.654031679779193e-06
8.635429471555587e+01,4.768336708655598e+00,2.654090518046784e-06
8.640429471555586e+01,4.768198610762369e+00,2.654149320620706e-06
8.645429471555586e+01,4.768060599982404e+00,2.654208085102875e-06
8.650429471555586e+01,4.767922676256903e+00,2.654266811459986e-06
8.655429471555586e+01,4.767784839527072e+00,2.654325502090120e-06
8.660429471555585e+01,4.767647089734087e+00,2.654384155982973e-06
8.665429471555585e+01,4.767509426819127e+00,2.654442772050528e-06
8.670429471555585e+01,4.767371850723468e+00,2.654501350581443e-06
8.675429471555584e+01,4.767234361388489e+00,2.654559892119727e-06
8.680429471555584e+01,4.767096958755572e+00,2.654618398097568e-06
8.685429471555584e+01,4.766959642766078e+00,2.654676867415843e-06
8.690429471555584e+01,4.766822413361452e+00,2.654735297221281e-06
8.695429471555583e+01,4.766685270483187e+00,2.654793690844552e-06
8.700429471555583e+01,4.766548214072725e+00,2.654852050894677e-06
8.705429471555583e+01,4.766411244071633e+00,2.654910374285239e-06
8.710429471555582e+01,4.766274360421556e+00,2.654968658018634e-06
8.715429471555582e+01,4.766137563064119e+00,2.655026906158279e-06
8.720429471555582e+01,4.766000851940927e+00,2.655085119559045e-06
8.725429471555582e+01,4.765864226993664e+00,2.655143292125809e-06
8.730429471555581e+01,4.765727688164120e+00,2.655201427666635e-06
8.735429471555581e+01,4.765591235394075e+00,2.655259530089508e-06
8.740429471555581e+01,4.765454868625334e+00,2.655317596474542e-06
8.745429471555580e+01,4.765318587799737e+00,2.655375624268223e-06
8.750429471555580e+01,4.765182392859174e+00,2.655433612715600e-06
8.755429471555580e+01,4.765046283745616e+00,2.655491564903094e-06
8.760429471555580e+01,4.764910260400986e+00,2.655549483606260e-06
8.765429471555579e+01,4.764774322767279e+00,2.655607368480931e-06
8.770429471555579e+01,4.764638470786587e+00,2.655665215241646e-06
8.775429471555579e+01,4.764502704400960e+00,2.655723021568039e-06
8.780429471555578e+01,4.764367023552480e+00,2.655780793111144e-06
8.785429471555578e+01,4.764231428183322e+00,2.655838530303948e-06
8.790429471555578e+01,4.764095918235719e+00,2.655896229882397e-06
8.795429471555578e+01,4.763960493651874e+00,2.655953893423006e-06
8.800429471555577e+01,4.763825154374025e+00,2.656011520748140e-06
8.805429471555577e+01,4.763689900344496e+00,2.656069110714269e-06
8.810429471555577e+01,4.763554731505644e+00,2.656126663543438e-06
8.815429471555576e+01,4.763419647799839e+00,2.656184180634528e-06
8.820429471555576e+01,4.763284649169490e+00,2.656241664385621e-06
8.825429471555576e+01,4.763149735557066e+00,2.656299111688091e-06
8.830429471555576e+01,4.763014906905071e+00,2.656356520177165e-06
8.835429471555575e+01,4.762880163155998e+00,2.656413892461866e-06
8.840429471555575e+01,4.762745504252415e+00,2.656471228631011e-06
8.845429471555575e+01,4.762610930136937e+00,2.656528530172301e-06
8.850429471555574e+01,4.762476440752205e+00,2.656585797385495e-06
8.855429471555574e+01,4.762342036040902e+00,2.656643027839205e-06
8.860429471555574e+01,4.762207715945746e+00,2.656700221688861e-06
8.865429471555574e+01,4.762073480409499e+00,2.656757379511780e-06
8.870429471555573e+01,4.761939329374935e+00,2.656814499842467e-06
8.875429471555573e+01,4.761805262784893e+00,2.656871583358160e-06
8.880429471555573e+01,4.761671280582245e+00,2.656928631502146e-06
8.885429471555572e+01,4.761537382709845e+00,2.656985645717717e-06
8.890429471555572e+01,4.761403569110648e+00,2.657042625582987e-06
8.895429471555572e+01,4.761269839727666e+00,2.657099567178870e-06
8.900429471555572e+01,4.761136194503902e+00,2.657156471393544e-06
8.905429471555571e+01,4.761002633382411e+00,2.657213341113588e-06
8.910429471555571e+01,4.760869156306267e+00,2.657270174773589e-06
8.915429471555571e+01,4.760735763218565e+00,2.657326973417155e-06
8.920429471555570e+01,4.760602454062492e+00,2.657383738309941e-06
8.925429471555570e+01,4.760469228781299e+00,2.657440465965847e-06
8.930429471555570e+01,4.760336087318167e+00,2.657497156107317e-06
8.935429471555570e+01,4.760203029616363e+00,2.657553811820771e-06
8.940429471555569e+01,4.760070055619250e+00,2.657610432706529e-06
8.945429471555569e+01,4.759937165270126e+00,2.657667016444224e-06
8.950429471555569e+01,4.759804358512342e+00,2.657723564277307e-06
8.955429471555568e+01,4.759671635289370e+00,2.657780077837805e-06
8.960429471555568e+01,4.759538995544692e+00,2.657836555482588e-06
8.965429471555568e+01,4.759406439221776e+00,2.657892996823078e-06
8.970429471555568e+01,4.759273966264137e+00,2.657949403013908e-06
8.975429471555567e+01,4.759141576615323e+00,2.658005774854437e-06
8.980429471555567e+01,4.759009270218964e+00,2.658062110512797e-06
8.985429471555567e+01,4.758877047018724e+00,2.658118409778047e-06
8.990429471555566e+01,4.758744906958245e+00,2.658174676480455e-06
8.995429471555566e+01,4.758612849981263e+00,2.658230907633522e-06
9.000429471555566e+01,4.758480876031529e+00,2.658287101594118e-06
9.005429471555566e+01,4.758348985052828e+00,2.658343261415356e-06
9.010429471555565e+01,4.758217176988998e+00,2.658399385809377e-06
9.015429471555565e+01,4.758085451783858e+00,2.658455472478020e-06
9.020429471555565e+01,4.757953809381299e+00,2.658511522842370e-06
9.025429471555564e+01,4.757822249725298e+00,2.658567540221994e-06
9.030429471555564e+01,4.757690772759865e+00,2.658623523773122e-06
9.035429471555564e+01,4.757559378428930e+00,2.658679472252305e-06
9.040429471555564e+01,4.757428066676545e+00,2.658735384105230e-06
9.045429471555563e+01,4.757296837446888e+00,2.658791259076547e-06
9.050429471555563e+01,4.757165690683976e+00,2.658847101351794e-06
9.055429471555563e+01,4.757034626331940e+00,2.658902910464681e-06
9.060429471555562e+01,4.756903644335027e+00,2.658958683939409e-06
9.065429471555562e+01,4.756772744637439e+00,2.659014421231968e-06
9.070429471555562e+01,4.756641927183447e+00,2.659070123186129e-06
9.075429471555562e+01,4.756511191917318e+00,2.659125790545739e-06
9.080429471555561e+01,4.756380538783423e+00,2.659181422178373e-06
9.085429471555561e+01,4.756249967726208e+00,2.659237017850883e-06
9.090429471555561e+01,4.756119478690035e+00,2.659292580138987e-06
9.095429471555560e+01,4.755989071619291e+00,2.659348110019681e-06
9.100429471555560e+01,4.755858746458459e+00,2.659403602852232e-06
9.105429471555560e+01,4.755728503152044e+00,2.659459058647743e-06
9.110429471555560e+01,4.755598341644625e+00,2.659514480970030e-06
9.115429471555559e+01,4.755468261880856e+00,2.659569869008631e-06
9.120429471555559e+01,4.755338263805321e+00,2.659625222452681e-06
9.125429471555559e+01,4.755208347362630e+00,2.659680541812885e-06
9.130429471555559e+01,4.755078512497528e+00,2.659735825568236e-06
9.135429471555558e+01,4.754948759154717e+00,2.659791072963783e-06
9.140429471555558e+01,4.754819087278947e+00,2.659846285509430e-06
9.145429471555558e+01,4.754689496815105e+00,2.659901463393914e-06
9.150429471555557e+01,4.754559987708013e+00,2.659956608449103e-06
9.155429471555557e+01,4.754430559902500e+00,2.660011721618686e-06
9.160429471555557e+01,4.754301213343484e+00,2.660066798495079e-06
9.165429471555557e+01,4.754171947975966e+00,2.660121838700806e-06
9.170429471555556e+01,4.754042763744927e+00,2.660176844889298e-06
9.175429471555556e+01,4.753913660595309e+00,2.660231817049456e-06
9.180429471555556e+01,4.753784638472207e+00,2.660286755414425e-06
9.185429471555555e+01,4.753655697320773e+00,2.660341658563119e-06
9.190429471555555e+01,4.753526837086114e+00,2.660396526428925e-06
9.195429471555555e+01,4.753398057713341e+00,2.660451359433728e-06
9.200429471555555e+01,4.753269359147667e+00,2.660506157499813e-06
9.205429471555554e+01,4.753140741334374e+00,2.660560923491554e-06
9.210429471555554e+01,4.753012204218684e+00,2.660615654588986e-06
9.215429471555554e+01,4.752883747745911e+00,2.660670349015752e-06
9.220429471555553e+01,4.752755371861464e+00,2.660725011745650e-06
9.225429471555553e+01,4.752627076510693e+00,2.660779643355996e-06
9.230429471555553e+01,4.752498861638966e+00,2.660834238961810e-06
9.235429471555553e+01,4.752370727191765e+00,2.660888797153109e-06
9.240429471555552e+01,4.752242673114569e+00,2.660943322626134e-06
9.245429471555552e+01,4.752114699352865e+00,2.660997815003411e-06
9.250429471555552e+01,4.751986805852230e+00,2.661052269721923e-06
9.255429471555551e+01,4.751858992558314e+00,2.661106692077434e-06
9.260429471555551e+01,4.751731259416742e+00,2.661161083613154e-06
9.265429471555551e+01,4.751603606373116e+00,2.661215437800972e-06
9.270429471555551e+01,4.751476033373155e+00,2.661269758027067e-06
9.275429471555550e+01,4.751348540362631e+00,2.661324044147110e-06
9.280429471555550e+01,4.751221127287285e+00,2.661378295972364e-06
9.285429471555550e+01,4.751093794092906e+00,2.661432516034138e-06
9.290429471555549e+01,4.750966540725331e+00,2.661486700402242e-06
9.295429471555549e+01,4.750839367130442e+00,2.661540850020365e-06
9.300429471555549e+01,4.750712273254191e+00,2.661594966898011e-06
9.305429471555549e+01,4.750585259042533e+00,2.661649051323837e-06
9.310429471555548e+01,4.750458324441382e+00,2.661703100500083e-06
9.315429471555548e+01,4.750331469396794e+00,2.661757114426747e-06
9.320429471555548e+01,4.750204693854877e+00,2.661811094491610e-06
9.325429471555547e+01,4.750077997761650e+00,2.661865039517834e-06
9.330429471555547e+01,4.749951381063229e+00,2.661918954923307e-06
9.335429471555547e+01,4.749824843705785e+00,2.661972838143415e-06
9.340429471555547e+01,4.749698385635498e+00,2.662026682761069e-06
9.345429471555546e+01,4.749572006798626e+00,2.662080492406697e-06
9.350429471555546e+01,4.749445707141479e+00,2.662134271909770e-06
9.355429471555546e+01,4.749319486610303e+00,2.662188019227477e-06
9.360429471555545e+01,4.749193345151432e+00,2.662241730207585e-06
9.365429471555545e+01,4.749067282711273e+00,2.662295406637554e-06
9.370429471555545e+01,4.748941299236173e+00,2.662349050238226e-06
9.375429471555545e+01,4.748815394672591e+00,2.662402660365674e-06
9.380429471555544e+01,4.748689568967004e+00,2.662456235199132e-06
9.385429471555544e+01,4.748563822065893e+00,2.662509777169990e-06
9.390429471555544e+01,4.748438153915850e+00,2.662563289464585e-06
9.395429471555543e+01,4.748312564463523e+00,2.662616767231244e-06
9.400429471555543e+01,4.748187053655493e+00,2.662670209226518e-06
9.405429471555543e+01,4.748061621438284e+00,2.662723617104638e-06
9.410429471555543e+01,4.747936267758599e+00,2.662776991176467e-06
9.415429471555542e+01,4.747810992563242e+00,2.662830333928904e-06
9.420429471555542e+01,4.747685795798989e+00,2.662883644884554e-06
9.425429471555542e+01,4.747560677412627e+00,2.662936920612828e-06
9.430429471555541e+01,4.747435637350931e+00,2.662990159559412e-06
9.435429471555541e+01,4.747310675560737e+00,2.663043366631494e-06
9.440429471555541e+01,4.747185791988988e+00,2.663096542950398e-06
9.445429471555541e+01,4.747060986582623e+00,2.663149684763570e-06
9.450429471555540e+01,4.746936259288577e+00,2.663202794358070e-06
9.455429471555540e+01,4.746811610053840e+00,2.663255872555463e-06
9.460429471555540e+01,4.746687038825442e+00,2.663308917024280e-06
9.465429471555539e+01,4.746562545550458e+00,2.663361925788325e-06
9.470429471555539e+01,4.746438130175999e+00,2.663414898614450e-06
9.475429471555539e+01,4.746313792649214e+00,2.663467840920545e-06
9.480429471555539e+01,4.746189532917260e+00,2.663520752984165e-06
9.485429471555538e+01,4.746065350927375e+00,2.663573630297803e-06
9.490429471555538e+01,4.745941246626792e+00,2.663626475559304e-06
9.495429471555538e+01,4.745817219962740e+00,2.663679287769464e-06
9.500429471555537e+01,4.745693270882531e+00,2.663732063297856e-06
9.505429471555537e+01,4.745569399333540e+00,2.663784806218998e-06
9.510429471555537e+01,4.745445605263184e+00,2.663837519153016e-06
9.515429471555537e+01,4.745321888618808e+00,2.663890199501987e-06
9.520429471555536e+01,4.745198249347851e+00,2.663942846566473e-06
9.525429471555536e+01,4.745074687397858e+00,2.663995460035610e-06
9.530429471555536e+01,4.744951202716284e+00,2.664048038899096e-06
9.535429471555535e+01,4.744827795250705e+00,2.664100584078415e-06
9.540429471555535e+01,4.744704464948782e+00,2.664153098449044e-06
9.545429471555535e+01,4.744581211758017e+00,2.664205583243333e-06
9.550429471555535e+01,4.744458035626064e+00,2.664258033032289e-06
9.555429471555534e+01,4.744334936500758e+00,2.664310447682687e-06
9.560429471555534e+01,4.744211914329739e+00,2.664362829914572e-06
9.565429471555534e+01,4.744088969060654e+00,2.664415177884975e-06
9.570429471555533e+01,4.743966100641371e+00,2.664467494313942e-06
9.575429471555533e+01,4.743843309019772e+00,2.664519780034139e-06
9.580429471555533e+01,4.743720594143713e+00,2.664572033513461e-06
9.585429471555533e+01,4.743597955961055e+00,2.664624254330021e-06
9.590429471555532e+01,4.743475394419691e+00,2.664676441218165e-06
9.595429471555532e+01,4.743352909467617e+00,2.664728594688596e-06
9.600429471555532e+01,4.743230501052847e+00,2.664780715895946e-06
9.605429471555532e+01,4.743108169123396e+00,2.664832804840215e-06
9.610429471555531e+01,4.742985913627320e+00,2.664884861077314e-06
9.615429471555531e+01,4.742863734512722e+00,2.664936883818984e-06
9.620429471555531e+01,4.742741631727720e+00,2.664988874464107e-06
9.625429471555530e+01,4.742619605220466e+00,2.665040834422664e-06
9.630429471555530e+01,4.742497654939182e+00,2.665092762895298e-06
9.635429471555530e+01,4.742375780832137e+00,2.665144659449019e-06
9.640429471555530e+01,4.742253982847592e+00,2.665196521385986e-06
9.645429471555529e+01,4.742132260933845e+00,2.665248348362029e-06
9.650429471555529e+01,4.742010615039201e+00,2.665300143807740e-06
9.655429471555529e+01,4.741889045112025e+00,2.665351908933260e-06
9.660429471555528e+01,4.741767551100745e+00,2.665403642961432e-06
9.665429471555528e+01,4.741646132953807e+00,2.665455344049287e-06
9.670429471555528e+01,4.741524790619683e+00,2.665507014139716e-06
9.675429471555528e+01,4.741403524046830e+00,2.665558652555481e-06
9.680429471555527e+01,4.741282333183842e+00,2.665610255166554e-06
9.685429471555527e+01,4.741161217979311e+00,2.665661825148173e-06
9.690429471555527e+01,4.741040178381761e+00,2.665713364021342e-06
9.695429471555526e+01,4.740919214339865e+00,2.665764869787661e-06
9.700429471555526e+01,4.740798325802349e+00,2.665816344878517e-06
9.705429471555526e+01,4.740677512717900e+00,2.665867788894231e-06
9.710429471555526e+01,4.740556775035216e+00,2.665919198193271e-06
9.715429471555525e+01,4.740436112703051e+00,2.665970575528990e-06
9.720429471555525e+01,4.740315525670280e+00,2.666021922155941e-06
9.725429471555525e+01,4.740195013885783e+00,2.666073235398484e-06
9.730429471555524e+01,4.740074577298325e+00,2.666124516866445e-06
9.735429471555524e+01,4.739954215856843e+00,2.666175767681149e-06
9.740429471555524e+01,4.739833929510373e+00,2.666226987409607e-06
9.745429471555524e+01,4.739713718207824e+00,2.666278175130336e-06
9.750429471555523e+01,4.739593581898202e+00,2.666329329955156e-06
9.755429471555523e+01,4.739473520530558e+00,2.666380452372567e-06
9.760429471555523e+01,4.739353534053948e+00,2.666431543859164e-06
9.765429471555522e+01,4.739233622417511e+00,2.666482604192903e-06
9.770429471555522e+01,4.739113785570398e+00,2.666533630720351e-06
9.775429471555522e+01,4.738994023461782e+00,2.666584623663552e-06
9.780429471555522e+01,4.738874336040839e+00,2.666635585798065e-06
9.785429471555521e+01,4.738754723256787e+00,2.666686518433951e-06
9.790429471555521e+01,4.738635185058943e+00,2.666737418606916e-06
9.795429471555521e+01,4.738515721396642e+00,2.666788285872871e-06
9.800429471555520e+01,4.738396332219241e+00,2.666839122152502e-06
9.805429471555520e+01,4.738277017476126e+00,2.666889928422804e-06
9.810429471555520e+01,4.738157777116657e+00,2.666940702863012e-06
9.815429471555520e+01,4.738038611090253e+00,2.666991442342296e-06
9.820429471555519e+01,4.737919519346442e+00,2.667042150280145e-06
9.825429471555519e+01,4.737800501834761e+00,2.667092829329990e-06
9.830429471555519e+01,4.737681558504677e+00,2.667143477637760e-06
9.835429471555518e+01,4.737562689305749e+00,2.667194092849782e-06
9.840429471555518e+01,4.737443894187692e+00,2.667244675432349e-06
9.845429471555518e+01,4.737325173100146e+00,2.667295227339454e-06
9.850429471555518e+01,4.737206525992717e+00,2.667345747360954e-06
9.855429471555517e+01,4.737087952815104e+00,2.667396235485746e-06
9.860429471555517e+01,4.736969453517045e+00,2.667446691891466e-06
9.865429471555517e+01,4.736851028048384e+00,2.667497117988098e-06
9.870429471555516e+01,4.736732676358950e+00,2.667547514197525e-06
9.875429471555516e+01,4.736614398398498e+00,2.667597877644271e-06
9.880429471555516e+01,4.736496194116907e+00,2.667648209605093e-06
9.885429471555516e+01,4.736378063464119e+00,2.667698510390852e-06
9.890429471555515e+01,4.736260006390051e+00,2.667748778835814e-06
9.895429471555515e+01,4.736142022844725e+00,2.667799016805154e-06
9.900429471555515e+01,4.736024112778123e+00,2.667849223588330e-06
9.905429471555514e+01,4.735906276140257e+00,2.667899399607225e-06
9.910429471555514e+01,4.735788512881204e+00,2.667949545161600e-06
9.915429471555514e+01,4.735670822951047e+00,2.667999657320467e-06
9.920429471555514e+01,4.735553206299953e+00,2.668049737582627e-06
9.925429471555513e+01,4.735435662878121e+00,2.668099788290649e-06
9.930429471555513e+01,4.735318192635730e+00,2.668149808800606e-06
9.935429471555513e+01,4.735200795522999e+00,2.668199796803231e-06
9.940429471555512e+01,4.735083471490216e+00,2.668249753331035e-06
9.945429471555512e+01,4.734966220487669e+00,2.668299680060452e-06
9.950429471555512e+01,4.734849042465683e+00,2.668349575026389e-06
9.955429471555512e+01,4.734731937374637e+00,2.668399439383477e-06
9.960429471555511e+01,4.734614905164951e+00,2.668449273198329e-06
9.965429471555511e+01,4.734497945787055e+00,2.668499074350421e-06
9.970429471555511e+01,4.734381059191359e+00,2.668548845093503e-06
9.975429471555510e+01,4.734264245328390e+00,2.668598585483088e-06
9.980429471555510e+01,4.734147504148702e+00,2.668648295363744e-06
9.985429471555510e+01,4.734030835602807e+00,2.668697975112948e-06
9.990429471555510e+01,4.733914239641334e+00,2.668747623354021e-06
9.995429471555509e+01,4.733797716214955e+00,2.668797238810209e-06
1.000042947155551e+02,4.733681265274287e+00,2.668846821692454e-06
1.000542947155551e+02,4.733564886769951e+00,2.668896375620082e-06
1.001042947155551e+02,4.733448580652717e+00,2.668945900770729e-06
1.001542947155551e+02,4.733332346873419e+00,2.668995394268918e-06
1.002042947155551e+02,4.733216185382778e+00,2.669044855370798e-06
1.002542947155551e+02,4.733100096131577e+00,2.669094285552968e-06
1.003042947155551e+02,4.732984079070722e+00,2.669143686536272e-06
1.003542947155551e+02,4.732868134151098e+00,2.669193057254896e-06
1.004042947155551e+02,4.732752261323635e+00,2.669242397564512e-06
1.004542947155551e+02,4.732636460539296e+00,2.669291706155056e-06
1.005042947155551e+02,4.732520731749009e+00,2.669340983426208e-06
1.005542947155551e+02,4.732405074903791e+00,2.669390232142425e-06
1.006042947155551e+02,4.732289489954712e+00,2.669439448306902e-06
1.006542947155551e+02,4.732173976852844e+00,2.669488632630183e-06
1.007042947155551e+02,4.732058535549335e+00,2.669537788498448e-06
1.007542947155550e+02,4.731943165995342e+00,2.669586913913295e-06
1.008042947155550e+02,4.731827868141987e+00,2.669636008475044e-06
1.008542947155550e+02,4.731712641940474e+00,2.669685072838727e-06
1.009042947155550e+02,4.731597487342067e+00,2.669734106049552e-06
1.009542947155550e+02,4.731482404298046e+00,2.669783109195537e-06
1.010042947155550e+02,4.731367392759689e+00,2.669832082720772e-06
1.010542947155550e+02,4.731252452678347e+00,2.669881024971025e-06
1.011042947155550e+02,4.731137584005401e+00,2.669929936135033e-06
1.011542947155550e+02,4.731022786692241e+00,2.669978818022460e-06
1.012042947155550e+02,4.730908060690306e+00,2.670027668912460e-06
1.012542947155550e+02,4.730793405951068e+00,2.670076488316535e-06
1.013042947155550e+02,4.730678822426010e+00,2.670125280087158e-06
1.013542947155550e+02,4.730564310066677e+00,2.670174042370258e-06
1.014042947155550e+02,4.730449868824611e+00,2.670222772967594e-06
1.014542947155550e+02,4.730335498651378e+00,2.670271472190026e-06
1.015042947155550e+02,4.730221199498635e+00,2.670320140315112e-06
1.015542947155550e+02,4.730106971318049e+00,2.670368777953473e-06
1.016042947155550e+02,4.729992814061296e+00,2.670417387414374e-06
1.016542947155550e+02,4.729878727680089e+00,2.670465968364747e-06
1.017042947155550e+02,4.729764712126226e+00,2.670514516829995e-06
1.017542947155550e+02,4.729650767351481e+00,2.670563033431842e-06
1.018042947155550e+02,4.729536893307650e+00,2.670611519780112e-06
1.018542947155550e+02,4.729423089946567e+00,2.670659977617855e-06
1.019042947155550e+02,4.729309357220087e+00,2.670708407511284e-06
1.019542947155550e+02,4.729195695080158e+00,2.670756806695944e-06
1.020042947155550e+02,4.729082103478731e+00,2.670805173673034e-06
1.020542947155550e+02,4.728968582367769e+00,2.670853511318031e-06
1.021042947155550e+02,4.728855131699260e+00,2.670901821118636e-06
1.021542947155550e+02,4.728741751425226e+00,2.670950099766382e-06
1.022042947155550e+02,4.728628441497778e+00,2.670998348626844e-06
1.022542947155550e+02,4.728515201869051e+00,2.671046568266237e-06
1.023042947155550e+02,4.728402032491178e+00,2.671094755797980e-06
1.023542947155550e+02,4.728288933316265e+00,2.671142912998429e-06
1.024042947155550e+02,4.728175904296497e+00,2.671191041011115e-06
1.024542947155550e+02,4.728062945384142e+00,2.671239139292030e-06
1.025042947155549e+02,4.727950056531448e+00,2.671287209029109e-06
1.025542947155549e+02,4.727837237690664e+00,2.671335248779065e-06
1.026042947155549e+02,4.727724488814134e+00,2.671383257276243e-06
1.026542947155549e+02,4.727611809854272e+00,2.671431236530146e-06
1.027042947155549e+02,4.727499200763451e+00,2.671479186018970e-06
1.027542947155549e+02,4.727386661494008e+00,2.671527106841835e-06
1.028042947155549e+02,4.727274191998376e+00,2.671574999176378e-06
1.028542947155549e+02,4.727161792229119e+00,2.671622858881466e-06
1.029042947155549e+02,4.727049462138772e+00,2.671670688310772e-06
1.029542947155549e+02,4.726937201679820e+00,2.671718489729151e-06
1.030042947155549e+02,4.726825010804817e+00,2.671766260960566e-06
1.030542947155549e+02,4.726712889466397e+00,2.671814003981214e-06
1.031042947155549e+02,4.726600837617209e+00,2.671861717958428e-06
1.031542947155549e+02,4.726488855209921e+00,2.671909400005627e-06
1.032042947155549e+02,4.726376942197219e+00,2.671957052953882e-06
1.032542947155549e+02,4.726265098531796e+00,2.672004677213972e-06
1.033042947155549e+02,4.726153324166432e+00,2.672052271542450e-06
1.033542947155549e+02,4.726041619053912e+00,2.672099836605450e-06
1.034042947155549e+02,4.725929983147061e+00,2.672147371725735e-06
1.034542947155549e+02,4.725818416398757e+00,2.672194877835891e-06
1.035042947155549e+02,4.725706918761886e+00,2.672242355013636e-06
1.035542947155549e+02,4.725595490189367e+00,2.672289802504017e-06
1.036042947155549e+02,4.725484130634100e+00,2.672337219796332e-06
1.036542947155549e+02,4.725372840049107e+00,2.672384605191939e-06
1.037042947155549e+02,4.725261618387387e+00,2.672431962443393e-06
1.037542947155549e+02,4.725150465601961e+00,2.672479295347656e-06
1.038042947155549e+02,4.725039381645931e+00,2.672526599430529e-06
1.038542947155549e+02,4.724928366472386e+00,2.672573870240018e-06
1.039042947155549e+02,4.724817420034493e+00,2.672621110840338e-06
1.039542947155549e+02,4.724706542285371e+00,2.672668323796105e-06
1.040042947155549e+02,4.724595733178177e+00,2.672715507430883e-06
1.040542947155549e+02,4.724484992666202e+00,2.672762661811283e-06
1.041042947155549e+02,4.724374320702698e+00,2.672809787059431e-06
1.041542947155549e+02,4.724263717240931e+00,2.672856882886669e-06
1.042042947155549e+02,4.724153182234268e+00,2.672903948871112e-06
1.042542947155548e+02,4.724042715636018e+00,2.672950984757409e-06
1.043042947155548e+02,4.723932317399523e+00,2.672997991644681e-06
1.043542947155548e+02,4.723821987478263e+00,2.673044971564635e-06
1.044042947155548e+02,4.723711725825654e+00,2.673091923962161e-06
1.044542947155548e+02,4.723601532395147e+00,2.673138845928473e-06
1.045042947155548e+02,4.723491407140265e+00,2.673185738240728e-06
1.045542947155548e+02,4.723381350014516e+00,2.673232602586466e-06
1.046042947155548e+02,4.723271360971480e+00,2.673279437466884e-06
1.046542947155548e+02,4.723161439964793e+00,2.673326241682943e-06
1.047042947155548e+02,4.723051586948072e+00,2.673373017643825e-06
1.047542947155548e+02,4.722941801874911e+00,2.673419764638989e-06
1.048042947155548e+02,4.722832084699025e+00,2.673466482257651e-06
1.048542947155548e+02,4.722722435374195e+00,2.673513173042223e-06
1.049042947155548e+02,4.722612853854135e+00,2.673559835105326e-06
1.049542947155548e+02,4.722503340092585e+00,2.673606466182103e-06
1.050042947155548e+02,4.722393894043369e+00,2.673653067948993e-06
1.050542947155548e+02,4.722284515660315e+00,2.673699642404396e-06
1.051042947155548e+02,4.722175204897314e+00,2.673746188349273e-06
1.051542947155548e+02,4.722065961708313e+00,2.673792705816928e-06
1.052042947155548e+02,4.721956786047190e+00,2.673839194574217e-06
1.052542947155548e+02,4.721847677867911e+00,2.673885653066825e-06
1.053042947155548e+02,4.721738637124484e+00,2.673932082948986e-06
1.053542947155548e+02,4.721629663770900e+00,2.673978485564070e-06
1.054042947155548e+02,4.721520757761247e+00,2.674024859024698e-06
1.054542947155548e+02,4.721411919049616e+00,2.674071203641730e-06
1.055042947155548e+02,4.721303147590104e+00,2.674117520347756e-06
1.055542947155548e+02,4.721194443336853e+00,2.674163805467937e-06
1.056042947155548e+02,4.721085806244040e+00,2.674210061644604e-06
1.056542947155548e+02,4.720977236265869e+00,2.674256292918968e-06
1.057042947155548e+02,4.720868733356559e+00,2.674302495649498e-06
1.057542947155548e+02,4.720760297470382e+00,2.674348669369901e-06
1.058042947155548e+02,4.720651928561630e+00,2.674394815234808e-06
1.058542947155548e+02,4.720543626584659e+00,2.674440930535275e-06
1.059042947155548e+02,4.720435391493855e+00,2.674487018113474e-06
1.059542947155548e+02,4.720327223243537e+00,2.674533078535617e-06
1.060042947155547e+02,4.720219121788123e+00,2.674579109259294e-06
1.060542947155547e+02,4.720111087082083e+00,2.674625111772204e-06
1.061042947155547e+02,4.720003119079914e+00,2.674671083620754e-06
1.061542947155547e+02,4.719895217736134e+00,2.674717027969080e-06
1.062042947155547e+02,4.719787383005215e+00,2.674762946859992e-06
1.062542947155547e+02,4.719679614841708e+00,2.674808835774882e-06
1.063042947155547e+02,4.719571913200262e+00,2.674854694891386e-06
1.063542947155547e+02,4.719464278035529e+00,2.674900525086581e-06
1.064042947155547e+02,4.719356709302151e+00,2.674946329924281e-06
1.064542947155547e+02,4.719249206954805e+00,2.674992108893786e-06
1.065042947155547e+02,4.719141770948232e+00,2.675037855333755e-06
1.065542947155547e+02,4.719034401237177e+00,2.675083571653374e-06
1.066042947155547e+02,4.718927097776341e+00,2.675129261860547e-06
1.066542947155547e+02,4.718819860520579e+00,2.675174923590500e-06
1.067042947155547e+02,4.718712689424775e+00,2.675220558763917e-06
1.067542947155547e+02,4.718605584443710e+00,2.675266168646455e-06
1.068042947155547e+02,4.718498545532311e+00,2.675311748164393e-06
1.068542947155547e+02,4.718391572645541e+00,2.675357296207507e-06
1.069042947155547e+02,4.718284665738347e+00,2.675402817416532e-06
1.069542947155547e+02,4.718177824765723e+00,2.675448311946898e-06
1.070042947155547e+02,4.718071049682690e+00,2.675493777955633e-06
1.070542947155547e+02,4.717964340444246e+00,2.675539215453842e-06
1.071042947155547e+02,4.717857697005485e+00,2.675584623941922e-06
1.071542947155547e+02,4.717751119321565e+00,2.675630006040001e-06
1.072042947155547e+02,4.717644607347552e+00,2.675675361448320e-06
1.072542947155547e+02,4.717538161038632e+00,2.675720687469034e-06
1.073042947155547e+02,4.717431780350013e+00,2.675765983780180e-06
1.073542947155547e+02,4.717325465236902e+00,2.675811252580000e-06
1.074042947155547e+02,4.717219215654571e+00,2.675856495023126e-06
1.074542947155547e+02,4.717113031558280e+00,2.675901709022337e-06
1.075042947155547e+02,4.717006912903375e+00,2.675946896520525e-06
1.075542947155547e+02,4.716900859645185e+00,2.675992058117209e-06
1.076042947155547e+02,4.716794871739038e+00,2.676037189060636e-06
1.076542947155547e+02,4.716688949140418e+00,2.676082290516539e-06
1.077042947155547e+02,4.716583091804764e+00,2.676127365971019e-06
1.077542947155546e+02,4.716477299687456e+00,2.676172414336057e-06
1.078042947155546e+02,4.716371572743988e+00,2.676217434634657e-06
1.078542947155546e+02,4.716265910929910e+00,2.676262426167379e-06
1.079042947155546e+02,4.716160314200775e+00,2.676307390055548e-06
1.079542947155546e+02,4.716054782512170e+00,2.676352327087421e-06
1.080042947155546e+02,4.715949315819718e+00,2.676397235786403e-06
1.080542947155546e+02,4.715843914079031e+00,2.676442115419746e-06
1.081042947155546e+02,4.715738577245737e+00,2.676486967919238e-06
1.081542947155546e+02,4.715633305275590e+00,2.676531794184160e-06
1.082042947155546e+02,4.715528098124333e+00,2.676576592682405e-06
1.082542947155546e+02,4.715422955747671e+00,2.676621364346558e-06
1.083042947155546e+02,4.715317878101412e+00,2.676666108776941e-06
1.083542947155546e+02,4.715212865141375e+00,2.676710824163890e-06
1.084042947155546e+02,4.715107916823368e+00,2.676755510807165e-06
1.084542947155546e+02,4.715003033103295e+00,2.676800170438713e-06
1.085042947155546e+02,4.714898213937055e+00,2.676844804424110e-06
1.085542947155546e+02,4.714793459280576e+00,2.676889411919585e-06
1.086042947155546e+02,4.714688769089827e+00,2.676933990504853e-06
1.086542947155546e+02,4.714584143320754e+00,2.676978540879353e-06
1.087042947155546e+02,4.714479581929409e+00,2.677023065330146e-06
1.087542947155546e+02,4.714375084871911e+00,2.677067560937345e-06
1.088042947155546e+02,4.714270652104281e+00,2.677112028167243e-06
1.088542947155546e+02,4.714166283582557e+00,2.677156470072954e-06
1.089042947155546e+02,4.714061979262921e+00,2.677200884755997e-06
1.089542947155546e+02,4.713957739101586e+00,2.677245271794486e-06
1.090042947155546e+02,4.713853563054709e+00,2.677289631865658e-06
1.090542947155546e+02,4.713749451078503e+00,2.677333964392196e-06
1.091042947155546e+02,4.713645403129208e+00,2.677378268064039e-06
1.091542947155546e+02,4.713541419163120e+00,2.677422544379986e-06
1.092042947155546e+02,4.713437499136577e+00,2.677466795482768e-06
1.092542947155546e+02,4.713333643005863e+00,2.677511018652338e-06
1.093042947155546e+02,4.713229850727376e+00,2.677555214021925e-06
1.093542947155546e+02,4.713126122257543e+00,2.677599383578825e-06
1.094042947155546e+02,4.713022457552739e+00,2.677643525924160e-06
1.094542947155546e+02,4.712918856569436e+00,2.677687640114239e-06
1.095042947155546e+02,4.712815319264137e+00,2.677731726870707e-06
1.095542947155545e+02,4.712711845593343e+00,2.677775787414809e-06
1.096042947155545e+02,4.712608435513569e+00,2.677819821424581e-06
1.096542947155545e+02,4.712505088981374e+00,2.677863827601061e-06
1.097042947155545e+02,4.712401805953422e+00,2.677907805466855e-06
1.097542947155545e+02,4.712298586386324e+00,2.677951757020363e-06
1.098042947155545e+02,4.712195430236704e+00,2.677995683493932e-06
1.098542947155545e+02,4.712092337461267e+00,2.678039582345153e-06
1.099042947155545e+02,4.711989308016680e+00,2.678083453418594e-06
1.099542947155545e+02,4.711886341859712e+00,2.678127296225756e-06
1.100042947155545e+02,4.711783438947181e+00,2.678171111421672e-06
1.100542947155545e+02,4.711680599235897e+00,2.678214900771596e-06
1.101042947155545e+02,4.711577822682660e+00,2.678258666040783e-06
1.101542947155545e+02,4.711475109244268e+00,2.678302405508386e-06
1.102042947155545e+02,4.711372458877623e+00,2.678346115255319e-06
1.102542947155545e+02,4.711269871539684e+00,2.678389799433816e-06
1.103042947155545e+02,4.711167347187402e+00,2.678433456511768e-06
1.103542947155545e+02,4.711064885777708e+00,2.678477084990376e-06
1.104042947155545e+02,4.710962487267622e+00,2.678520687212209e-06
1.104542947155545e+02,4.710860151614195e+00,2.678564261456422e-06
1.105042947155545e+02,4.710757878774445e+00,2.678607809432758e-06
1.105542947155545e+02,4.710655668705449e+00,2.678651333139619e-06
1.106042947155545e+02,4.710553521364348e+00,2.678694829679322e-06
1.106542947155545e+02,4.710451436708282e+00,2.678738295854426e-06
1.107042947155545e+02,4.710349414694411e+00,2.678781735905982e-06
1.107542947155545e+02,4.710247455279981e+00,2.678825154008428e-06
1.108042947155545e+02,4.710145558422202e+00,2.678868545110251e-06
1.108542947155545e+02,4.710043724078275e+00,2.678911905847474e-06
1.109042947155545e+02,4.709941952205482e+00,2.678955241737906e-06
1.109542947155545e+02,4.709840242761196e+00,2.678998551882265e-06
1.110042947155545e+02,4.709738595702813e+00,2.679041832861067e-06
1.110542947155545e+02,4.709637010987619e+00,2.679085087283333e-06
1.111042947155545e+02,4.709535488572978e+00,2.679128316214878e-06
1.111542947155545e+02,4.709434028416339e+00,2.679171520832540e-06
1.112042947155545e+02,4.709332630475175e+00,2.679214698882563e-06
1.112542947155545e+02,4.709231294707027e+00,2.679257848333243e-06
1.113042947155544e+02,4.709130021069376e+00,2.679300972315406e-06
1.113542947155544e+02,4.709028809519701e+00,2.679344071184324e-06
1.114042947155544e+02,4.708927660015595e+00,2.679387141020910e-06
1.114542947155544e+02,4.708826572514677e+00,2.679430183434987e-06
1.115042947155544e+02,4.708725546974551e+00,2.679473201035580e-06
1.115542947155544e+02,4.708624583352905e+00,2.679516193400803e-06
1.116042947155544e+02,4.708523681607442e+00,2.679559159131777e-06
1.116542947155544e+02,4.708422841695815e+00,2.679602095319715e-06
1.117042947155544e+02,4.708322063575724e+00,2.679645007227076e-06
1.117542947155544e+02,4.708221347204940e+00,2.679687897429577e-06
1.118042947155544e+02,4.708120692541307e+00,2.679730759243675e-06
1.118542947155544e+02,4.708020099542692e+00,2.679773592280792e-06
1.119042947155544e+02,4.707919568166911e+00,2.679816399582939e-06
1.119542947155544e+02,4.707819098371793e+00,2.679859182060500e-06
1.120042947155544e+02,4.707718690115231e+00,2.679901937293187e-06
1.120542947155544e+02,4.707618343355188e+00,2.679944665325411e-06
1.121042947155544e+02,4.707518058049646e+00,2.679987370120667e-06
1.121542947155544e+02,4.707417834156591e+00,2.680030048070730e-06
1.122042947155544e+02,4.707317671634010e+00,2.680072697288220e-06
1.122542947155544e+02,4.707217570439960e+00,2.680115321892067e-06
1.123042947155544e+02,4.707117530532524e+00,2.680157921682429e-06
1.123542947155544e+02,4.707017551869789e+00,2.680200492873446e-06
1.124042947155544e+02,4.706917634409915e+00,2.680243037097145e-06
1.124542947155544e+02,4.706817778111033e+00,2.680285556229804e-06
1.125042947155544e+02,4.706717982931311e+00,2.680328049272222e-06
1.125542947155544e+02,4.706618248829000e+00,2.680370517401236e-06
1.126042947155544e+02,4.706518575762316e+00,2.680412961338489e-06
1.126542947155544e+02,4.706418963689534e+00,2.680455378108586e-06
1.127042947155544e+02,4.706319412568970e+00,2.680497767433969e-06
1.127542947155544e+02,4.706219922358893e+00,2.680540132201219e-06
1.128042947155544e+02,4.706120493017656e+00,2.680582471710895e-06
1.128542947155544e+02,4.706021124503696e+00,2.680624783287360e-06
1.129042947155544e+02,4.705921816775429e+00,2.680667068640356e-06
1.129542947155544e+02,4.705822569791226e+00,2.680709332099755e-06
1.130042947155544e+02,4.705723383509526e+00,2.680751568891597e-06
1.130542947155543e+02,4.705624257888881e+00,2.680793775352146e-06
1.131042947155543e+02,4.705525192887807e+00,2.680835957654242e-06
1.131542947155543e+02,4.705426188464807e+00,2.680878115464817e-06
1.132042947155543e+02,4.705327244578453e+00,2.680920246896495e-06
1.132542947155543e+02,4.705228361187389e+00,2.680962354480581e-06
1.133042947155543e+02,4.705129538250251e+00,2.681004435197269e-06
1.133542947155543e+02,4.705030775725642e+00,2.681046489501752e-06
1.134042947155543e+02,4.704932073572252e+00,2.681088518515355e-06
1.134542947155543e+02,4.704833431748831e+00,2.681130520350699e-06
1.135042947155543e+02,4.704734850214087e+00,2.681172497727828e-06
1.135542947155543e+02,4.704636328926747e+00,2.681214450557927e-06
1.136042947155543e+02,4.704537867845672e+00,2.681256377319989e-06
1.136542947155543e+02,4.704439466929695e+00,2.681298277336779e-06
1.137042947155543e+02,4.704341126137621e+00,2.681340151218918e-06
1.137542947155543e+02,4.704242845428304e+00,2.681382001753067e-06
1.138042947155543e+02,4.704144624760663e+00,2.681423826563349e-06
1.138542947155543e+02,4.704046464093618e+00,2.681465624017735e-06
1.139042947155543e+02,4.703948363386100e+00,2.681507396414389e-06
1.139542947155543e+02,4.703850322597138e+00,2.681549143597877e-06
1.140042947155543e+02,4.703752341685774e+00,2.681590864546794e-06
1.140542947155543e+02,4.703654420611008e+00,2.681632560437979e-06
1.141042947155543e+02,4.703556559331891e+00,2.681674232625901e-06
1.141542947155543e+02,4.703458757807507e+00,2.681715879434125e-06
1.142042947155543e+02,4.703361015996987e+00,2.681757498797637e-06
1.142542947155543e+02,4.703263333859511e+00,2.681799091327057e-06
1.143042947155543e+02,4.703165711354253e+00,2.681840659198424e-06
1.143542947155543e+02,4.703068148440406e+00,2.681882202622680e-06
1.144042947155543e+02,4.702970645077176e+00,2.681923720978101e-06
1.144542947155543e+02,4.702873201223796e+00,2.681965215186171e-06
1.145042947155543e+02,4.702775816839575e+00,2.682006684425324e-06
1.145542947155543e+02,4.702678491883870e+00,2.682048126930307e-06
1.146042947155543e+02,4.702581226315958e+00,2.682089543844650e-06
1.146542947155543e+02,4.702484020095196e+00,2.682130935445908e-06
1.147042947155543e+02,4.702386873181037e+00,2.682172300501733e-06
1.147542947155543e+02,4.702289785532842e+00,2.682213641254776e-06
1.148042947155542e+02,4.702192757110066e+00,2.682254959292656e-06
1.148542947155542e+02,4.702095787872248e+00,2.682296251462339e-06
1.149042947155542e+02,4.701998877778833e+00,2.682337516464866e-06
1.149542947155542e+02,4.701902026789306e+00,2.682378756864849e-06
1.150042947155542e+02,4.701805234863288e+00,2.682419972806620e-06
1.150542947155542e+02,4.701708501960330e+00,2.682461162202958e-06
1.151042947155542e+02,4.701611828040033e+00,2.682502325664486e-06
1.151542947155542e+02,4.701515213062079e+00,2.682543465400548e-06
1.152042947155542e+02,4.701418656986068e+00,2.682584580400842e-06
1.152542947155542e+02,4.701322159771697e+00,2.682625672219678e-06
1.153042947155542e+02,4.701225721378743e+00,2.682666739835653e-06
1.153542947155542e+02,4.701129341766920e+00,2.682707779107633e-06
1.154042947155542e+02,4.701033020895917e+00,2.682748794187854e-06
1.154542947155542e+02,4.700936758725602e+00,2.682789784754352e-06
1.155042947155542e+02,4.700840555215843e+00,2.682830747443148e-06
1.155542947155542e+02,4.700744410326399e+00,2.682871686684034e-06
1.156042947155542e+02,4.700648324017174e+00,2.682912602077329e-06
1.156542947155542e+02,4.700552296248068e+00,2.682953492812572e-06
1.157042947155542e+02,4.700456326979018e+00,2.682994361165718e-06
1.157542947155542e+02,4.700360416170024e+00,2.683035202151867e-06
1.158042947155542e+02,4.700264563781004e+00,2.683076016437151e-06
1.158542947155542e+02,4.700168769771958e+00,2.683116807629797e-06
1.159042947155542e+02,4.700073034102946e+00,2.683157571999455e-06
1.159542947155542e+02,4.699977356734044e+00,2.683198312055228e-06
1.160042947155542e+02,4.699881737625381e+00,2.683239029184896e-06
1.160542947155542e+02,4.699786176737063e+00,2.683279718692215e-06
1.161042947155542e+02,4.699690674029165e+00,2.683320385584291e-06
1.161542947155542e+02,4.699595229461833e+00,2.683361028528857e-06
1.162042947155542e+02,4.699499842995335e+00,2.683401644517207e-06
1.162542947155542e+02,4.699404514589902e+00,2.683442238112359e-06
1.163042947155542e+02,4.699309244205727e+00,2.683482804784602e-06
1.163542947155542e+02,4.699214031803137e+00,2.683523344778187e-06
1.164042947155542e+02,4.699118877342435e+00,2.683563862645026e-06
1.164542947155542e+02,4.699023780783888e+00,2.683604360550056e-06
1.165042947155542e+02,4.698928742087855e+00,2.683644833486170e-06
1.165542947155541e+02,4.698833761214769e+00,2.683685276090990e-06
1.166042947155541e+02,4.698738838125063e+00,2.683725695525456e-06
1.166542947155541e+02,4.698643972779136e+00,2.683766092067124e-06
1.167042947155541e+02,4.698549165137417e+00,2.683806460475739e-06
1.167542947155541e+02,4.698454415160424e+00,2.683846804037564e-06
1.168042947155541e+02,4.698359722808650e+00,2.683887125150679e-06
1.168542947155541e+02,4.698265088042625e+00,2.683927422105341e-06
1.169042947155541e+02,4.698170510822914e+00,2.683967695245719e-06
1.169542947155541e+02,4.698075991110146e+00,2.684007944927084e-06
1.170042947155541e+02,4.697981528864990e+00,2.684048170050317e-06
1.170542947155541e+02,4.697887124048004e+00,2.684088369050002e-06
1.171042947155541e+02,4.697792776619861e+00,2.684128541837320e-06
1.171542947155541e+02,4.697698486541294e+00,2.684168690832560e-06
1.172042947155541e+02,4.697604253773011e+00,2.684208816757365e-06
1.172542947155541e+02,4.697510078275767e+00,2.684248919234260e-06
1.173042947155541e+02,4.697415960010291e+00,2.684288997519395e-06
1.173542947155541e+02,4.697321898937401e+00,2.684329049425631e-06
1.174042947155541e+02,4.697227895018015e+00,2.684369077517583e-06
1.174542947155541e+02,4.697133948212943e+00,2.684409083849164e-06
1.175042947155541e+02,4.697040058482998e+00,2.684449066033394e-06
1.175542947155541e+02,4.696946225789135e+00,2.684489021994156e-06
1.176042947155541e+02,4.696852450092297e+00,2.684528951931291e-06
1.176542947155541e+02,4.696758731353412e+00,2.684568857598950e-06
1.177042947155541e+02,4.696665069533469e+00,2.684608740284993e-06
1.177542947155541e+02,4.696571464593513e+00,2.684648598679355e-06
1.178042947155541e+02,4.696477916494579e+00,2.684688433337150e-06
1.178542947155541e+02,4.696384425197696e+00,2.684728244580341e-06
1.179042947155541e+02,4.696290990663980e+00,2.684768028911726e-06
1.179542947155541e+02,4.696197612854545e+00,2.684807788940329e-06
1.180042947155541e+02,4.696104291730505e+00,2.684847527563832e-06
1.180542947155541e+02,4.696011027253049e+00,2.684887242550686e-06
1.181042947155541e+02,4.695917819383360e+00,2.684926932435398e-06
1.181542947155541e+02,4.695824668082635e+00,2.684966598206066e-06
1.182042947155541e+02,4.695731573312163e+00,2.685006240062530e-06
1.182542947155541e+02,4.695638535033214e+00,2.685045856039696e-06
1.183042947155541e+02,4.695545553207064e+00,2.685085448080453e-06
1.183542947155540e+02,4.695452627795063e+00,2.685125017372740e-06
1.184042947155540e+02,4.695359758758545e+00,2.685164564038682e-06
1.184542947155540e+02,4.695266946058807e+00,2.685204086068776e-06
1.185042947155540e+02,4.695174189657314e+00,2.685243580409906e-06
1.185542947155540e+02,4.695081489515586e+00,2.685283052180203e-06
1.186042947155540e+02,4.694988845594966e+00,2.685322503622316e-06
1.186542947155540e+02,4.694896257856851e+00,2.685361931738643e-06
1.187042947155540e+02,4.694803726262847e+00,2.685401335718722e-06
1.187542947155540e+02,4.694711250774521e+00,2.685440713153368e-06
1.188042947155540e+02,4.694618831353373e+00,2.685480064708716e-06
1.188542947155540e+02,4.694526467960968e+00,2.685519393504492e-06
1.189042947155540e+02,4.694434160558942e+00,2.685558699574002e-06
1.189542947155540e+02,4.694341909108931e+00,2.685597983772119e-06
1.190042947155540e+02,4.694249713572573e+00,2.685637242002119e-06
1.190542947155540e+02,4.694157573911552e+00,2.685676475296510e-06
1.191042947155540e+02,4.694065490087581e+00,2.685715686852734e-06
1.191542947155540e+02,4.693973462062411e+00,2.685754873817518e-06
1.192042947155540e+02,4.693881489797783e+00,2.685794037378801e-06
1.192542947155540e+02,4.693789573255436e+00,2.685833176559586e-06
1.193042947155540e+02,4.693697712397198e+00,2.685872292270257e-06
1.193542947155540e+02,4.693605907184951e+00,2.685911385054822e-06
1.194042947155540e+02,4.693514157580563e+00,2.685950454002899e-06
1.194542947155540e+02,4.693422463545928e+00,2.685989499691803e-06
1.195042947155540e+02,4.693330825042917e+00,2.686028520445098e-06
1.195542947155540e+02,4.693239242033465e+00,2.686067517239781e-06
1.196042947155540e+02,4.693147714479558e+00,2.686106491319300e-06
1.196542947155540e+02,4.693056242343129e+00,2.686145442728065e-06
1.197042947155540e+02,4.692964825586216e+00,2.686184369867355e-06
1.197542947155540e+02,4.692873464170923e+00,2.686223273281178e-06
1.198042947155540e+02,4.692782158059289e+00,2.686262153424728e-06
1.198542947155540e+02,4.692690907213386e+00,2.686301010653274e-06
1.199042947155540e+02,4.692599711595313e+00,2.686339843468015e-06
1.199542947155540e+02,4.692508571167196e+00,2.686378650980774e-06
1.200042947155540e+02,4.692417485891225e+00,2.686417438154247e-06
1.200542947155540e+02,4.692326455729628e+00,2.686456201380209e-06
1.201042947155539e+02,4.692235480644621e+00,2.686494938504829e-06
1.201542947155539e+02,4.692144560598407e+00,2.686533655700944e-06
1.202042947155539e+02,4.692053695553219e+00,2.686572350326226e-06
1.202542947155539e+02,4.691962885471402e+00,2.686611017096012e-06
1.203042947155539e+02,4.691872130315320e+00,2.686649659285461e-06
1.203542947155539e+02,4.691781430047230e+00,2.686688279858866e-06
1.204042947155539e+02,4.691690784629489e+00,2.686726879460159e-06
1.204542947155539e+02,4.691600194024557e+00,2.686765456435107e-06
1.205042947155539e+02,4.691509658194876e+00,2.686804007752801e-06
1.205542947155539e+02,4.691419177102839e+00,2.686842537032568e-06
1.206042947155539e+02,4.691328750710874e+00,2.686881042753402e-06
1.206542947155539e+02,4.691238378981518e+00,2.686919524104841e-06
1.207042947155539e+02,4.691148061877287e+00,2.686957984894949e-06
1.207542947155539e+02,4.691057799360735e+00,2.686996419394976e-06
1.208042947155539e+02,4.690967591394434e+00,2.687034829392381e-06
1.208542947155539e+02,4.690877437940964e+00,2.687073221048901e-06
1.209042947155539e+02,4.690787338962958e+00,2.687111588380435e-06
1.209542947155539e+02,4.690697294423048e+00,2.687149927401282e-06
1.210042947155539e+02,4.690607304283908e+00,2.687188245871901e-06
1.210542947155539e+02,4.690517368508228e+00,2.687226544402914e-06
1.211042947155539e+02,4.690427487058716e+00,2.687264818220363e-06
1.211542947155539e+02,4.690337659898124e+00,2.687303069222728e-06
1.212042947155539e+02,4.690247886989246e+00,2.687341296643957e-06
1.212542947155539e+02,4.690158168294852e+00,2.687379498918634e-06
1.213042947155539e+02,4.690068503777761e+00,2.687417678333819e-06
1.213542947155539e+02,4.689978893400844e+00,2.687455837298695e-06
1.214042947155539e+02,4.689889337126936e+00,2.687493973659432e-06
1.214542947155539e+02,4.689799834918943e+00,2.687532083785597e-06
1.215042947155539e+02,4.689710386739796e+00,2.687570169287017e-06
1.215542947155539e+02,4.689620992552372e+00,2.687608233494358e-06
1.216042947155539e+02,4.689531652319694e+00,2.687646278594762e-06
1.216542947155539e+02,4.689442366004774e+00,2.687684301146536e-06
1.217042947155539e+02,4.689353133570596e+00,2.687722297497046e-06
1.217542947155539e+02,4.689263954980276e+00,2.687760271298926e-06
1.218042947155539e+02,4.689174830196833e+00,2.687798223395947e-06
1.218542947155538e+02,4.689085759183253e+00,2.687836151401128e-06
1.219042947155538e+02,4.688996741902706e+00,2.687874055658639e-06
1.219542947155538e+02,4.688907778318397e+00,2.687911938022551e-06
1.220042947155538e+02,4.688818868393493e+00,2.687949798148697e-06
1.220542947155538e+02,4.688730012091209e+00,2.687987635315430e-06
1.221042947155538e+02,4.688641209374689e+00,2.688025450677383e-06
1.221542947155538e+02,4.688552460207124e+00,2.688063242114029e-06
1.222042947155538e+02,4.688463764551880e+00,2.688101008082160e-06
1.222542947155538e+02,4.688375122372239e+00,2.688138752900542e-06
1.223042947155538e+02,4.688286533631435e+00,2.688176477190900e-06
1.223542947155538e+02,4.688197998292827e+00,2.688214178777197e-06
1.224042947155538e+02,4.688109516319853e+00,2.688251856282757e-06
1.224542947155538e+02,4.688021087675897e+00,2.688289510118362e-06
1.225042947155538e+02,4.687932712324309e+00,2.688327141838324e-06
1.225542947155538e+02,4.687844390228534e+00,2.688364751809018e-06
1.226042947155538e+02,4.687756121352020e+00,2.688402338420619e-06
1.226542947155538e+02,4.687667905658287e+00,2.688439900518495e-06
1.227042947155538e+02,4.687579743110871e+00,2.688477441821895e-06
1.227542947155538e+02,4.687491633673242e+00,2.688514961975545e-06
1.228042947155538e+02,4.687403577308954e+00,2.688552458847819e-06
1.228542947155538e+02,4.687315573981636e+00,2.688589933360201e-06
1.229042947155538e+02,4.687227623654921e+00,2.688627384313651e-06
1.229542947155538e+02,4.687139726292411e+00,2.688664811330692e-06
1.230042947155538e+02,4.687051881857689e+00,2.688702216232091e-06
1.230542947155538e+02,4.686964090314498e+00,2.688739599384220e-06
1.231042947155538e+02,4.686876351626607e+00,2.688776958944110e-06
1.231542947155538e+02,4.686788665757667e+00,2.688814296266233e-06
1.232042947155538e+02,4.686701032671428e+00,2.688851613659853e-06
1.232542947155538e+02,4.686613452331700e+00,2.688888908160673e-06
1.233042947155538e+02,4.686525924702239e+00,2.688926179369015e-06
1.233542947155538e+02,4.686438449746880e+00,2.688963428250772e-06
1.234042947155538e+02,4.686351027429529e+00,2.689000654173117e-06
1.234542947155538e+02,4.686263657714051e+00,2.689037858124148e-06
1.235042947155538e+02,4.686176340564321e+00,2.689075039015847e-06
1.235542947155538e+02,4.686089075944248e+00,2.689112197514347e-06
1.236042947155537e+02,4.686001863817760e+00,2.689149335706869e-06
1.236542947155537e+02,4.685914704148867e+00,2.689186452827356e-06
1.237042947155537e+02,4.685827596901593e+00,2.689223546810797e-06
1.237542947155537e+02,4.685740542039960e+00,2.689260614437543e-06
1.238042947155537e+02,4.685653539527986e+00,2.689297657217497e-06
1.238542947155537e+02,4.685566589329677e+00,2.689334680757287e-06
1.239042947155537e+02,4.685479691409169e+00,2.689371685323365e-06
1.239542947155537e+02,4.685392845730602e+00,2.689408667396324e-06
1.240042947155537e+02,4.685306052258081e+00,2.689445627231517e-06
1.240542947155537e+02,4.685219310955815e+00,2.689482564029582e-06
1.241042947155537e+02,4.685132621788024e+00,2.689519476580375e-06
1.241542947155537e+02,4.685045984718846e+00,2.689556367326389e-06
1.242042947155537e+02,4.684959399712475e+00,2.689593237189107e-06
1.242542947155537e+02,4.684872866733224e+00,2.689630085147126e-06
1.243042947155537e+02,4.684786385745428e+00,2.689666912055315e-06
1.243542947155537e+02,4.684699956713363e+00,2.689703716425977e-06
1.244042947155537e+02,4.684613579601328e+00,2.689740496860231e-06
1.244542947155537e+02,4.684527254373704e+00,2.689777256411190e-06
1.245042947155537e+02,4.684440980994873e+00,2.689813993335803e-06
1.245542947155537e+02,4.684354759429244e+00,2.689850707001245e-06
1.246042947155537e+02,4.684268589641237e+00,2.689887399206074e-06
1.246542947155537e+02,4.684182471595271e+00,2.689924069395182e-06
1.247042947155537e+02,4.684096405255872e+00,2.689960718301314e-06
1.247542947155537e+02,4.684010390587568e+00,2.689997346590605e-06
1.248042947155537e+02,4.683924427554831e+00,2.690033951132225e-06
1.248542947155537e+02,4.683838516122187e+00,2.690070532947579e-06
1.249042947155537e+02,4.683752656254187e+00,2.690107095955756e-06
1.249542947155537e+02,4.683666847915465e+00,2.690143635738067e-06
1.250042947155537e+02,4.683581091070680e+00,2.690180150873427e-06
1.250542947155537e+02,4.683495385684485e+00,2.690216644537073e-06
1.251042947155537e+02,4.683409731721513e+00,2.690253118094581e-06
1.251542947155537e+02,4.683324129146373e+00,2.690289570313602e-06
1.252042947155537e+02,4.683238577923817e+00,2.690325999539904e-06
1.252542947155537e+02,4.683153078018660e+00,2.690362408415818e-06
1.253042947155537e+02,4.683067629395635e+00,2.690398795342624e-06
1.253542947155536e+02,4.682982232019453e+00,2.690435157755704e-06
1.254042947155536e+02,4.682896885854989e+00,2.690471500573348e-06
1.254542947155536e+02,4.682811590867079e+00,2.690507823673432e-06
1.255042947155536e+02,4.682726347020524e+00,2.690544122370813e-06
1.255542947155536e+02,4.682641154280242e+00,2.690580398308622e-06
1.256042947155536e+02,4.682556012611144e+00,2.690616653063376e-06
1.256542947155536e+02,4.682470921978156e+00,2.690652885880123e-06
1.257042947155536e+02,4.682385882346211e+00,2.690689097158543e-06
1.257542947155536e+02,4.682300893680239e+00,2.690725286510059e-06
1.258042947155536e+02,4.682215955945277e+00,2.690761453657113e-06
1.258542947155536e+02,4.682131069106367e+00,2.690797600298349e-06
1.259042947155536e+02,4.682046233128530e+00,2.690833726877855e-06
1.259542947155536e+02,4.681961447976859e+00,2.690869830631175e-06
1.260042947155536e+02,4.681876713616435e+00,2.690905911913582e-06
1.260542947155536e+02,4.681792030012329e+00,2.690941971990728e-06
1.261042947155536e+02,4.681707397129679e+00,2.690978008520044e-06
1.261542947155536e+02,4.681622814933690e+00,2.691014022767184e-06
1.262042947155536e+02,4.681538283389557e+00,2.691050019195245e-06
1.262542947155536e+02,4.681453802462435e+00,2.691085995717006e-06
1.263042947155536e+02,4.681369372117550e+00,2.691121949201640e-06
1.263542947155536e+02,4.681284992320212e+00,2.691157880237565e-06
1.264042947155536e+02,4.681200663035701e+00,2.691193789879492e-06
1.264542947155536e+02,4.681116384229276e+00,2.691229677749944e-06
1.265042947155536e+02,4.681032155866279e+00,2.691265543982151e-06
1.265542947155536e+02,4.680947977912052e+00,2.691301390041605e-06
1.266042947155536e+02,4.680863850331926e+00,2.691337214429505e-06
1.266542947155536e+02,4.680779773091343e+00,2.691373015258474e-06
1.267042947155536e+02,4.680695746155735e+00,2.691408793694243e-06
1.267542947155536e+02,4.680611769490488e+00,2.691444551946158e-06
1.268042947155536e+02,4.680527843061079e+00,2.691480291546326e-06
1.268542947155536e+02,4.680443966833008e+00,2.691516010174382e-06
1.269042947155536e+02,4.680360140771803e+00,2.691551704688393e-06
1.269542947155536e+02,4.680276364843030e+00,2.691587377164477e-06
1.270042947155536e+02,4.680192639012198e+00,2.691623028446404e-06
1.270542947155536e+02,4.680108963244865e+00,2.691658657645994e-06
1.271042947155536e+02,4.680025337506633e+00,2.691694266417482e-06
1.271542947155535e+02,4.679941761763097e+00,2.691729856725960e-06
1.272042947155535e+02,4.679858235979996e+00,2.691765426273267e-06
1.272542947155535e+02,4.679774760123000e+00,2.691800973538398e-06
1.273042947155535e+02,4.679691334157718e+00,2.691836498798909e-06
1.273542947155535e+02,4.679607958049920e+00,2.691872000611510e-06
1.274042947155535e+02,4.679524631765357e+00,2.691907481296567e-06
1.274542947155535e+02,4.679441355269776e+00,2.691942942486108e-06
1.275042947155535e+02,4.679358128528992e+00,2.691978380882769e-06
1.275542947155535e+02,4.679274951508798e+00,2.692013798407238e-06
1.276042947155535e+02,4.679191824174990e+00,2.692049198223649e-06
1.276542947155535e+02,4.679108746493424e+00,2.692084575835601e-06
1.277042947155535e+02,4.679025718430008e+00,2.692119930343810e-06
1.277542947155535e+02,4.678942739950664e+00,2.692155266022638e-06
1.278042947155535e+02,4.678859811021296e+00,2.692190580340774e-06
1.278542947155535e+02,4.678776931607866e+00,2.692225870011960e-06
1.279042947155535e+02,4.678694101676340e+00,2.692261140265344e-06
1.279542947155535e+02,4.678611321192659e+00,2.692296390690145e-06
1.280042947155535e+02,4.678528590122863e+00,2.692331617145232e-06
1.280542947155535e+02,4.678445908433016e+00,2.692366823605202e-06
1.281042947155535e+02,4.678363276089204e+00,2.692402012290500e-06
1.281542947155535e+02,4.678280693057475e+00,2.692437179492984e-06
1.282042947155535e+02,4.678198159303911e+00,2.692472324957300e-06
1.282542947155536e+02,4.678115674794689e+00,2.692507449627139e-06
1.283042947155536e+02,4.678033239495946e+00,2.692542551903780e-06
1.283542947155536e+02,4.677950853373834e+00,2.692577633263819e-06
1.284042947155536e+02,4.677868516394598e+00,2.692612694528822e-06
1.284542947155536e+02,4.677786228524447e+00,2.692647734544156e-06
1.285042947155536e+02,4.677703989729608e+00,2.692682753720603e-06
1.285542947155536e+02,4.677621799976338e+00,2.692717752146983e-06
1.286042947155536e+02,4.677539659230938e+00,2.692752729245977e-06
1.286542947155536e+02,4.677457567459755e+00,2.692787685361757e-06
1.287042947155537e+02,4.677375524629080e+00,2.692822621082740e-06
1.287542947155537e+02,4.677293530705255e+00,2.692857536408926e-06
1.288042947155537e+02,4.677211585654722e+00,2.692892431084963e-06
1.288542947155537e+02,4.677129689443870e+00,2.692927304478026e-06
1.289042947155537e+02,4.677047842039088e+00,2.692962156188432e-06
1.289542947155537e+02,4.676966043406836e+00,2.692996987515144e-06
1.290042947155537e+02,4.676884293513583e+00,2.693031799890348e-06
1.290542947155537e+02,4.676802592325787e+00,2.693066590693920e-06
1.291042947155537e+02,4.676720939809977e+00,2.693101358304932e-06
1.291542947155538e+02,4.676639335932761e+00,2.693136105676579e-06
1.292042947155538e+02,4.676557780660697e+00,2.693170832553508e-06
1.292542947155538e+02,4.676476273960301e+00,2.693205540367909e-06
1.293042947155538e+02,4.676394815798176e+00,2.693240230118981e-06
1.293542947155538e+02,4.676313406140995e+00,2.693274898254010e-06
1.294042947155538e+02,4.676232044955405e+00,2.693309545205984e-06
1.294542947155538e+02,4.676150732208060e+00,2.693344171108130e-06
1.295042947155538e+02,4.676069467865630e+00,2.693378775050064e-06
1.295542947155539e+02,4.675988251894839e+00,2.693413356931867e-06
1.296042947155539e+02,4.675907084262477e+00,2.693447917819352e-06
1.296542947155539e+02,4.675825964935318e+00,2.693482459910761e-06
1.297042947155539e+02,4.675744893880112e+00,2.693516983139481e-06
1.297542947155539e+02,4.675663871063636e+00,2.693551484385786e-06
1.298042947155539e+02,4.675582896452706e+00,2.693585963905025e-06
1.298542947155539e+02,4.675501970014202e+00,2.693620424395043e-06
1.299042947155539e+02,4.675421091715056e+00,2.693654864368138e-06
1.299542947155539e+02,4.675340261522141e+00,2.693689283535654e-06
1.300042947155540e+02,4.675259479402331e+00,2.693723681897591e-06
1.300542947155540e+02,4.675178745322579e+00,2.693758061174793e-06
1.301042947155540e+02,4.675098059249877e+00,2.693792420678924e-06
1.301542947155540e+02,4.675017421151198e+00,2.693826756757350e-06
1.302042947155540e+02,4.674936830993501e+00,2.693861072929475e-06
1.302542947155540e+02,4.674856288743857e+00,2.693895370694104e-06
1.303042947155540e+02,4.674775794369343e+00,2.693929646409703e-06
1.303542947155540e+02,4.674695347837000e+00,2.693963901197598e-06
1.304042947155540e+02,4.674614949113936e+00,2.693998137256031e-06
1.304542947155541e+02,4.674534598167279e+00,2.694032353674618e-06
1.305042947155541e+02,4.674454294964138e+00,2.694066549476364e-06
1.305542947155541e+02,4.674374039471693e+00,2.694100724583552e-06
1.306042947155541e+02,4.674293831657148e+00,2.694134879118309e-06
1.306542947155541e+02,4.674213671487692e+00,2.694169012192454e-06
1.307042947155541e+02,4.674133558930548e+00,2.694203125515730e-06
1.307542947155541e+02,4.674053493952968e+00,2.694237219709865e-06
1.308042947155541e+02,4.673973476522261e+00,2.694271293231647e-06
1.308542947155541e+02,4.673893506605694e+00,2.694305346502961e-06
1.309042947155542e+02,4.673813584170530e+00,2.694339379901283e-06
1.309542947155542e+02,4.673733709184160e+00,2.694373393959519e-06
1.310042947155542e+02,4.673653881613949e+00,2.694407386712577e-06
1.310542947155542e+02,4.673574101427285e+00,2.694441357150150e-06
1.311042947155542e+02,4.673494368591601e+00,2.694475308158822e-06
1.311542947155542e+02,4.673414683074287e+00,2.694509241437231e-06
1.312042947155542e+02,4.673335044842772e+00,2.694543154631705e-06
1.312542947155542e+02,4.673255453864562e+00,2.694577044622519e-06
1.313042947155542e+02,4.673175910107127e+00,2.694610915506395e-06
1.313542947155543e+02,4.673096413537957e+00,2.694644769759129e-06
1.314042947155543e+02,4.673016964124653e+00,2.694678601940630e-06
1.314542947155543e+02,4.672937561834775e+00,2.694712413072303e-06
1.315042947155543e+02,4.672858206635859e+00,2.694746204930503e-06
1.315542947155543e+02,4.672778898495501e+00,2.694779974328892e-06
1.316042947155543e+02,4.672699637381329e+00,2.694813725874894e-06
1.316542947155543e+02,4.672620423261004e+00,2.694847460501098e-06
1.317042947155543e+02,4.672541256102186e+00,2.694881172056867e-06
1.317542947155544e+02,4.672462135872599e+00,2.694914860464485e-06
1.318042947155544e+02,4.672383062539979e+00,2.694948531352785e-06
1.318542947155544e+02,4.672304036071991e+00,2.694982184133348e-06
1.319042947155544e+02,4.672225056436361e+00,2.695015815508810e-06
1.319542947155544e+02,4.672146123600898e+00,2.695049426955769e-06
1.320042947155544e+02,4.672067237533425e+00,2.695083018141157e-06
1.320542947155544e+02,4.671988398201789e+00,2.695116588854034e-06
1.321042947155544e+02,4.671909605573799e+00,2.695150140559892e-06
1.321542947155544e+02,4.671830859617257e+00,2.695183673947070e-06
1.322042947155545e+02,4.671752160300101e+00,2.695217185740411e-06
1.322542947155545e+02,4.671673507590264e+00,2.695250675717868e-06
1.323042947155545e+02,4.671594901455650e+00,2.695284148930959e-06
1.323542947155545e+02,4.671516341864235e+00,2.695317603814267e-06
1.324042947155545e+02,4.671437828783978e+00,2.695351036293274e-06
1.324542947155545e+02,4.671359362182833e+00,2.695384448033315e-06
1.325042947155545e+02,4.671280942028830e+00,2.695417841676722e-06
1.325542947155545e+02,4.671202568289998e+00,2.695451217445537e-06
1.326042947155545e+02,4.671124240934370e+00,2.695484572297751e-06
1.326542947155546e+02,4.671045959930084e+00,2.695517905256366e-06
1.327042947155546e+02,4.670967725245295e+00,2.695551219307884e-06
1.327542947155546e+02,4.670889536848056e+00,2.695584514063725e-06
1.328042947155546e+02,4.670811394706477e+00,2.695617789257436e-06
1.328542947155546e+02,4.670733298788767e+00,2.695651046387819e-06
1.329042947155546e+02,4.670655249063102e+00,2.695684280525484e-06
1.329542947155546e+02,4.670577245497681e+00,2.695717492225540e-06
1.330042947155546e+02,4.670499288060732e+00,2.695750688460190e-06
1.330542947155546e+02,4.670421376720506e+00,2.695783867342054e-06
1.331042947155547e+02,4.670343511445268e+00,2.695817025229601e-06
1.331542947155547e+02,4.670265692203348e+00,2.695850161967399e-06
1.332042947155547e+02,4.670187918963065e+00,2.695883278932125e-06
1.332542947155547e+02,4.670110191692699e+00,2.695916377644785e-06
1.333042947155547e+02,4.670032510360667e+00,2.695949457405937e-06
1.333542947155547e+02,4.669954874935355e+00,2.695982517904720e-06
1.334042947155547e+02,4.669877285385079e+00,2.696015557087221e-06
1.334542947155547e+02,4.669799741678300e+00,2.696048574498249e-06
1.335042947155547e+02,4.669722243783493e+00,2.696081574378855e-06
1.335542947155548e+02,4.669644791669104e+00,2.696114556540301e-06
1.336042947155548e+02,4.669567385303617e+00,2.696147518817653e-06
1.336542947155548e+02,4.669490024655520e+00,2.696180462210111e-06
1.337042947155548e+02,4.669412709693354e+00,2.696213386329098e-06
1.337542947155548e+02,4.669335440385699e+00,2.696246288998576e-06
1.338042947155548e+02,4.669258216701127e+00,2.696279171795061e-06
1.338542947155548e+02,4.669181038608228e+00,2.696312035684449e-06
1.339042947155548e+02,4.669103906075563e+00,2.696344879623129e-06
1.339542947155549e+02,4.669026819071781e+00,2.696377705820445e-06
1.340042947155549e+02,4.668949777565579e+00,2.696410514487340e-06
1.340542947155549e+02,4.668872781525570e+00,2.696443302604006e-06
1.341042947155549e+02,4.668795830920480e+00,2.696476069282266e-06
1.341542947155549e+02,4.668718925719062e+00,2.696508815921000e-06
1.342042947155549e+02,4.668642065889999e+00,2.696541544207747e-06
1.342542947155549e+02,4.668565251402095e+00,2.696574254231326e-06
1.343042947155549e+02,4.668488482224138e+00,2.696606943638062e-06
1.343542947155549e+02,4.668411758324871e+00,2.696639613138501e-06
1.344042947155550e+02,4.668335079673156e+00,2.696672265741344e-06
1.344542947155550e+02,4.668258446237888e+00,2.696704898815365e-06
1.345042947155550e+02,4.668181857987922e+00,2.696737512515994e-06
1.345542947155550e+02,4.668105314892117e+00,2.696770106965356e-06
1.346042947155550e+02,4.668028816919350e+00,2.696802680820081e-06
1.346542947155550e+02,4.667952364038541e+00,2.696835236711396e-06
1.347042947155550e+02,4.667875956218670e+00,2.696867773295935e-06
1.347542947155550e+02,4.667799593428725e+00,2.696900290362752e-06
1.348042947155550e+02,4.667723275637710e+00,2.696932789066480e-06
1.348542947155551e+02,4.667647002814612e+00,2.696965269429324e-06
1.349042947155551e+02,4.667570774928429e+00,2.696997730984989e-06
1.349542947155551e+02,4.667494591948236e+00,2.697030172145858e-06
1.350042947155551e+02,4.667418453843161e+00,2.697062592723191e-06
1.350542947155551e+02,4.667342360582280e+00,2.697094994171383e-06
1.351042947155551e+02,4.667266312134665e+00,2.697127377323099e-06
1.351542947155551e+02,4.667190308469500e+00,2.697159742899984e-06
1.352042947155551e+02,4.667114349555950e+00,2.697192089458749e-06
1.352542947155551e+02,4.667038435363162e+00,2.697224415367365e-06
1.353042947155552e+02,4.666962565860359e+00,2.697256721702750e-06
1.353542947155552e+02,4.666886741016752e+00,2.697289008831277e-06
1.354042947155552e+02,4.666810960801572e+00,2.697321276841762e-06
1.354542947155552e+02,4.666735225184091e+00,2.697353527055373e-06
1.355042947155552e+02,4.666659534133590e+00,2.697385758694952e-06
1.355542947155552e+02,4.666583887619400e+00,2.697417971960341e-06
1.356042947155552e+02,4.666508285610825e+00,2.697450166407449e-06
1.356542947155552e+02,4.666432728077207e+00,2.697482339316230e-06
1.357042947155552e+02,4.666357214987901e+00,2.697514494539159e-06
1.357542947155553e+02,4.666281746312298e+00,2.697546632065133e-06
1.358042947155553e+02,4.666206322019843e+00,2.697578749529377e-06
1.358542947155553e+02,4.666130942079974e+00,2.697610848153136e-06
1.359042947155553e+02,4.666055606462086e+00,2.697642928380500e-06
1.359542947155553e+02,4.665980315135660e+00,2.697674989833991e-06
1.360042947155553e+02,4.665905068070212e+00,2.697707031791967e-06
1.360542947155553e+02,4.665829865235222e+00,2.697739055131503e-06
1.361042947155553e+02,4.665754706600271e+00,2.697771060441017e-06
1.361542947155554e+02,4.665679592134881e+00,2.697803047043272e-06
1.362042947155554e+02,4.665604521808580e+00,2.697835013816945e-06
1.362542947155554e+02,4.665529495591029e+00,2.697866959640709e-06
1.363042947155554e+02,4.665454513451840e+00,2.697898887034771e-06
1.363542947155554e+02,4.665379575360581e+00,2.697930799063346e-06
1.364042947155554e+02,4.665304681286938e+00,2.697962692817650e-06
1.364542947155554e+02,4.665229831200651e+00,2.697994567254074e-06
1.365042947155554e+02,4.665155025071373e+00,2.698026421595461e-06
1.365542947155554e+02,4.665080262868798e+00,2.698058255375517e-06
1.366042947155555e+02,4.665005544562681e+00,2.698090072446718e-06
1.366542947155555e+02,4.664930870122753e+00,2.698121872087416e-06
1.367042947155555e+02,4.664856239518816e+00,2.698153653720297e-06
1.367542947155555e+02,4.664781652720701e+00,2.698185415335857e-06
1.368042947155555e+02,4.664707109698198e+00,2.698217157000709e-06
1.368542947155555e+02,4.664632610421113e+00,2.698248880813175e-06
1.369042947155555e+02,4.664558154859344e+00,2.698280585529804e-06
1.369542947155555e+02,4.664483742982790e+00,2.698312272338536e-06
1.370042947155555e+02,4.664409374761308e+00,2.698343939529628e-06
1.370542947155556e+02,4.664335050164824e+00,2.698375586647887e-06
1.371042947155556e+02,4.664260769163295e+00,2.698407216557690e-06
1.371542947155556e+02,4.664186531726684e+00,2.698438828837151e-06
1.372042947155556e+02,4.664112337824935e+00,2.698470423186510e-06
1.372542947155556e+02,4.664038187428047e+00,2.698501998806406e-06
1.373042947155556e+02,4.663964080506108e+00,2.698533554742049e-06
1.373542947155556e+02,4.663890017029169e+00,2.698565093458132e-06
1.374042947155556e+02,4.663815996967248e+00,2.698596614910247e-06
1.374542947155556e+02,4.663742020290417e+00,2.698628116966766e-06
1.375042947155557e+02,4.663668086968789e+00,2.698659599294622e-06
1.375542947155557e+02,4.663594196972489e+00,2.698691062770891e-06
1.376042947155557e+02,4.663520350271661e+00,2.698722509493894e-06
1.376542947155557e+02,4.663446546836478e+00,2.698753937953729e-06
1.377042947155557e+02,4.663372786637120e+00,2.698785346485060e-06
1.377542947155557e+02,4.663299069643765e+00,2.698816738296432e-06
1.378042947155557e+02,4.663225395826649e+00,2.698848112111090e-06
1.378542947155557e+02,4.663151765156028e+00,2.698879464942532e-06
1.379042947155557e+02,4.663078177602164e+00,2.698910798511605e-06
1.379542947155558e+02,4.663004633135387e+00,2.698942116304408e-06
1.380042947155558e+02,4.662931131726014e+00,2.698973416300336e-06
1.380542947155558e+02,4.662857673344273e+00,2.699004695224232e-06
1.381042947155558e+02,4.662784257960456e+00,2.699035957528088e-06
1.381542947155558e+02,4.662710885545031e+00,2.699067203411747e-06
1.382042947155558e+02,4.662637556068439e+00,2.699098431320894e-06
1.382542947155558e+02,4.662564269501016e+00,2.699129640067592e-06
1.383042947155558e+02,4.662491025813146e+00,2.699160827409191e-06
1.383542947155559e+02,4.662417824975328e+00,2.699191997220367e-06
1.384042947155559e+02,4.662344666958051e+00,2.699223149923007e-06
1.384542947155559e+02,4.662271551731755e+00,2.699254284218149e-06
1.385042947155559e+02,4.662198479266956e+00,2.699285401504674e-06
1.385542947155559e+02,4.662125449534177e+00,2.699316500650155e-06
1.386042947155559e+02,4.662052462503943e+00,2.699347581432548e-06
1.386542947155559e+02,4.661979518146853e+00,2.699378644640109e-06
1.387042947155559e+02,4.661906616433503e+00,2.699409689462377e-06
1.387542947155559e+02,4.661833757334474e+00,2.699440714478267e-06
1.388042947155560e+02,4.661760940820325e+00,2.699471719743290e-06
1.388542947155560e+02,4.661688166861754e+00,2.699502707488992e-06
1.389042947155560e+02,4.661615435429520e+00,2.699533678414816e-06
1.389542947155560e+02,4.661542746494217e+00,2.699564631788014e-06
1.390042947155560e+02,4.661470100026508e+00,2.699595566598283e-06
1.390542947155560e+02,4.661397495997161e+00,2.699626484100175e-06
1.391042947155560e+02,4.661324934376905e+00,2.699657383294489e-06
1.391542947155560e+02,4.661252415136543e+00,2.699688262460380e-06
1.392042947155560e+02,4.661179938246861e+00,2.699719123662863e-06
1.392542947155561e+02,4.661107503678597e+00,2.699749968245306e-06
1.393042947155561e+02,4.661035111402609e+00,2.699780795785827e-06
1.393542947155561e+02,4.660962761389744e+00,2.699811604830031e-06
1.394042947155561e+02,4.660890453610853e+00,2.699842395333512e-06
1.394542947155561e+02,4.660818188036886e+00,2.699873167684846e-06
1.395042947155561e+02,4.660745964638678e+00,2.699903922461348e-06
1.395542947155561e+02,4.660673783387099e+00,2.699934658885865e-06
1.396042947155561e+02,4.660601644253163e+00,2.699965378046414e-06
1.396542947155561e+02,4.660529547207822e+00,2.699996080020710e-06
1.397042947155562e+02,4.660457492222054e+00,2.700026763631917e-06
1.397542947155562e+02,4.660385479266848e+00,2.700057429934748e-06
1.398042947155562e+02,4.660313508313216e+00,2.700088077497014e-06
1.398542947155562e+02,4.660241579332198e+00,2.700118704164882e-06
1.399042947155562e+02,4.660169692294855e+00,2.700149312824933e-06
1.399542947155562e+02,4.660097847172280e+00,2.700179908351046e-06
1.400042947155562e+02,4.660026043935591e+00,2.700210486702008e-06
1.400542947155562e+02,4.659954282555888e+00,2.700241044591560e-06
1.401042947155563e+02,4.659882563004247e+00,2.700271584451090e-06
1.401542947155563e+02,4.659810885251889e+00,2.700302106302803e-06
1.402042947155563e+02,4.659739249270012e+00,2.700332610557481e-06
1.402542947155563e+02,4.659667655029759e+00,2.700363098214325e-06
1.403042947155563e+02,4.659596102502375e+00,2.700393568795938e-06
1.403542947155563e+02,4.659524591659070e+00,2.700424020403840e-06
1.404042947155563e+02,4.659453122471105e+00,2.700454453537631e-06
1.404542947155563e+02,4.659381694909741e+00,2.700484869818236e-06
1.405042947155563e+02,4.659310308946277e+00,2.700515267835672e-06
1.405542947155564e+02,4.659238964552089e+00,2.700545647168055e-06
1.406042947155564e+02,4.659167661698453e+00,2.700576009458515e-06
1.406542947155564e+02,4.659096400356707e+00,2.700606354218553e-06
1.407042947155564e+02,4.659025180498245e+00,2.700636682380757e-06
1.407542947155564e+02,4.658954002094410e+00,2.700666994455829e-06
1.408042947155564e+02,4.658882865116630e+00,2.700697286891056e-06
1.408542947155564e+02,4.658811769536390e+00,2.700727560596821e-06
1.409042947155564e+02,4.658740715325157e+00,2.700757817571524e-06
1.409542947155564e+02,4.658669702454340e+00,2.700788056038810e-06
1.410042947155565e+02,4.658598730895370e+00,2.700818276709221e-06
1.410542947155565e+02,4.658527800619787e+00,2.700848480315503e-06
1.411042947155565e+02,4.658456911599165e+00,2.700878668090005e-06
1.411542947155565e+02,4.658386063805036e+00,2.700908838112042e-06
1.412042947155565e+02,4.658315257208939e+00,2.700938988538642e-06
1.412542947155565e+02,4.658244491782457e+00,2.700969124388013e-06
1.413042947155565e+02,4.658173767497204e+00,2.700999242851292e-06
1.413542947155565e+02,4.658103084324814e+00,2.701029340453480e-06
1.414042947155565e+02,4.658032442236919e+00,2.701059419981238e-06
1.414542947155566e+02,4.657961841205176e+00,2.701089483055490e-06
1.415042947155566e+02,4.657891281201255e+00,2.701119531319367e-06
1.415542947155566e+02,4.657820762196872e+00,2.701149562485810e-06
1.416042947155566e+02,4.657750284163770e+00,2.701179575511208e-06
1.416542947155566e+02,4.657679847073640e+00,2.701209569240930e-06
1.417042947155566e+02,4.657609450898218e+00,2.701239544285599e-06
1.417542947155566e+02,4.657539095609273e+00,2.701269503398567e-06
1.418042947155566e+02,4.657468781178634e+00,2.701299443859788e-06
1.418542947155566e+02,4.657398507578160e+00,2.701329368034038e-06
1.419042947155567e+02,4.657328274779627e+00,2.701359277342401e-06
1.419542947155567e+02,4.657258082754889e+00,2.701389167221862e-06
1.420042947155567e+02,4.657187931475844e+00,2.701419039071300e-06
1.420542947155567e+02,4.657117820914346e+00,2.701448894056451e-06
1.421042947155567e+02,4.657047751042329e+00,2.701478731444566e-06
1.421542947155567e+02,4.656977721831722e+00,2.701508551590919e-06
1.422042947155567e+02,4.656907733254450e+00,2.701538354251258e-06
1.422542947155567e+02,4.656837785282529e+00,2.701568141124226e-06
1.423042947155568e+02,4.656767877887919e+00,2.701597911243929e-06
1.423542947155568e+02,4.656698011042545e+00,2.701627663722189e-06
1.424042947155568e+02,4.656628184718436e+00,2.701657399580409e-06
1.424542947155568e+02,4.656558398887726e+00,2.701687116709166e-06
1.425042947155568e+02,4.656488653522502e+00,2.701716815574755e-06
1.425542947155568e+02,4.656418948594762e+00,2.701746497964634e-06
1.426042947155568e+02,4.656349284076604e+00,2.701776163201569e-06
1.426542947155568e+02,4.656279659940174e+00,2.701805810996898e-06
1.427042947155568e+02,4.656210076157589e+00,2.701835442205496e-06
1.427542947155569e+02,4.656140532701035e+00,2.701865057326962e-06
1.428042947155569e+02,4.656071029542682e+00,2.701894654429509e-06
1.428542947155569e+02,4.656001566654679e+00,2.701924232669366e-06
1.429042947155569e+02,4.655932144009263e+00,2.701953792301886e-06
1.429542947155569e+02,4.655862761578659e+00,2.701983335947194e-06
1.430042947155569e+02,4.655793419335107e+00,2.702012864182606e-06
1.430542947155569e+02,4.655724117250915e+00,2.702042373821783e-06
1.431042947155569e+02,4.655654855298344e+00,2.702071867285010e-06
1.431542947155569e+02,4.655585633449695e+00,2.702101345715817e-06
1.432042947155570e+02,4.655516451677316e+00,2.702130806849350e-06
1.432542947155570e+02,4.655447309953519e+00,2.702160250308133e-06
1.433042947155570e+02,4.655378208250663e+00,2.702189676425231e-06
1.433542947155570e+02,4.655309146541146e+00,2.702219084412388e-06
1.434042947155570e+02,4.655240124797374e+00,2.702248475191087e-06
1.434542947155570e+02,4.655171142991794e+00,2.702277849438566e-06
1.435042947155570e+02,4.655102201096836e+00,2.702307206855064e-06
1.435542947155570e+02,4.655033299084886e+00,2.702336549760947e-06
1.436042947155570e+02,4.654964436928416e+00,2.702365876124506e-06
1.436542947155571e+02,4.654895614599977e+00,2.702395182393029e-06
1.437042947155571e+02,4.654826832072104e+00,2.702424469765557e-06
1.437542947155571e+02,4.654758089317287e+00,2.702453741017646e-06
1.438042947155571e+02,4.654689386308047e+00,2.702482996338034e-06
1.438542947155571e+02,4.654620723016995e+00,2.702512234449966e-06
1.439042947155571e+02,4.654552099416700e+00,2.702541456163903e-06
1.439542947155571e+02,4.654483515479716e+00,2.702570662912034e-06
1.440042947155571e+02,4.654414971178728e+00,2.702599852573833e-06
1.440542947155571e+02,4.654346466486444e+00,2.702629023583885e-06
1.441042947155572e+02,4.654278001375459e+00,2.702658178451294e-06
1.441542947155572e+02,4.654209575818374e+00,2.702687316199064e-06
1.442042947155572e+02,4.654141189787929e+00,2.702716436349799e-06
1.442542947155572e+02,4.654072843256893e+00,2.702745539758371e-06
1.443042947155572e+02,4.654004536197995e+00,2.702774626502496e-06
1.443542947155572e+02,4.653936268583970e+00,2.702803696837524e-06
1.444042947155572e+02,4.653868040387572e+00,2.702832749453392e-06
1.444542947155572e+02,4.653799851581602e+00,2.702861785538041e-06
1.445042947155573e+02,4.653731702138860e+00,2.702890806978846e-06
1.445542947155573e+02,4.653663592032180e+00,2.702919812099374e-06
1.446042947155573e+02,4.653595521234451e+00,2.702948800599863e-06
1.446542947155573e+02,4.653527489718478e+00,2.702977772979913e-06
1.447042947155573e+02,4.653459497457143e+00,2.703006725931061e-06
1.447542947155573e+02,4.653391544423424e+00,2.703035660596835e-06
1.448042947155573e+02,4.653323630590135e+00,2.703064579675079e-06
1.448542947155573e+02,4.653255755930204e+00,2.703093482910439e-06
1.449042947155573e+02,4.653187920416692e+00,2.703122369403637e-06
1.449542947155574e+02,4.653120124022549e+00,2.703151239998441e-06
1.450042947155574e+02,4.653052366720721e+00,2.703180093684548e-06
1.450542947155574e+02,4.652984648484219e+00,2.703208929673700e-06
1.451042947155574e+02,4.652916969286069e+00,2.703237751485304e-06
1.451542947155574e+02,4.652849329099345e+00,2.703266555655464e-06
1.452042947155574e+02,4.652781727897113e+00,2.703295339619565e-06
1.452542947155574e+02,4.652714165652458e+00,2.703324106452925e-06
1.453042947155574e+02,4.652646642338520e+00,2.703352858409296e-06
1.453542947155574e+02,4.652579157928367e+00,2.703381595555292e-06
1.454042947155575e+02,4.652511712395109e+00,2.703410316436521e-06
1.454542947155575e+02,4.652444305711930e+00,2.703439021885650e-06
1.455042947155575e+02,4.652376937852003e+00,2.703467712080315e-06
1.455542947155575e+02,4.652309608788546e+00,2.703496385410691e-06
1.456042947155575e+02,4.652242318494762e+00,2.703525039400983e-06
1.456542947155575e+02,4.652175066943841e+00,2.703553676626907e-06
1.457042947155575e+02,4.652107854109071e+00,2.703582298798206e-06
1.457542947155575e+02,4.652040679963771e+00,2.703610902328862e-06
1.458042947155575e+02,4.651973544481177e+00,2.703639489117354e-06
1.458542947155576e+02,4.651906447634516e+00,2.703668059974145e-06
1.459042947155576e+02,4.651839389397181e+00,2.703696614432943e-06
1.459542947155576e+02,4.651772369742540e+00,2.703725154181285e-06
1.460042947155576e+02,4.651705388643880e+00,2.703753678319891e-06
1.460542947155576e+02,4.651638446074564e+00,2.703782185272246e-06
1.461042947155576e+02,4.651571542008044e+00,2.703810673117662e-06
1.461542947155576e+02,4.651504676417763e+00,2.703839144653902e-06
1.462042947155576e+02,4.651437849277110e+00,2.703867602179127e-06
1.462542947155576e+02,4.651371060559493e+00,2.703896043250846e-06
1.463042947155577e+02,4.651304310238396e+00,2.703924467502688e-06
1.463542947155577e+02,4.651237598287338e+00,2.703952876344634e-06
1.464042947155577e+02,4.651170924679784e+00,2.703981269277083e-06
1.464542947155577e+02,4.651104289389240e+00,2.704009645422960e-06
1.465042947155577e+02,4.651037692389261e+00,2.704038005337377e-06
1.465542947155577e+02,4.650971133653402e+00,2.704066349053640e-06
1.466042947155577e+02,4.650904613155266e+00,2.704094675095153e-06
1.466542947155577e+02,4.650838130868432e+00,2.704122984216866e-06
1.467042947155578e+02,4.650771686766458e+00,2.704151279327565e-06
1.467542947155578e+02,4.650705280823026e+00,2.704179559061675e-06
1.468042947155578e+02,4.650638913011789e+00,2.704207820577025e-06
1.468542947155578e+02,4.650572583306368e+00,2.704236063973536e-06
1.469042947155578e+02,4.650506291680457e+00,2.704264293936347e-06
1.469542947155578e+02,4.650440038107738e+00,2.704292508211708e-06
1.470042947155578e+02,4.650373822561956e+00,2.704320703380130e-06
1.470542947155578e+02,4.650307645016848e+00,2.704348883604950e-06
1.471042947155578e+02,4.650241505446131e+00,2.704377048641920e-06
1.471542947155579e+02,4.650175403823591e+00,2.704405198157971e-06
1.472042947155579e+02,4.650109340123032e+00,2.704433331165006e-06
1.472542947155579e+02,4.650043314318235e+00,2.704461445109512e-06
1.473042947155579e+02,4.649977326383020e+00,2.704489541956583e-06
1.473542947155579e+02,4.649911376291267e+00,2.704517625003582e-06
1.474042947155579e+02,4.649845464016801e+00,2.704545694761212e-06
1.474542947155579e+02,4.649779589533524e+00,2.704573748576038e-06
1.475042947155579e+02,4.649713752815325e+00,2.704601783428256e-06
1.475542947155579e+02,4.649647953836032e+00,2.704629802015706e-06
1.476042947155580e+02,4.649582192569665e+00,2.704657806658755e-06
1.476542947155580e+02,4.649516468990216e+00,2.704685793771382e-06
1.477042947155580e+02,4.649450783071556e+00,2.704713764252869e-06
1.477542947155580e+02,4.649385134787670e+00,2.704741720168229e-06
1.478042947155580e+02,4.649319524112616e+00,2.704769658308919e-06
1.478542947155580e+02,4.649253951020407e+00,2.704797579540912e-06
1.479042947155580e+02,4.649188415485027e+00,2.704825488449430e-06
1.479542947155580e+02,4.649122917480514e+00,2.704853382081279e-06
1.480042947155580e+02,4.649057456981009e+00,2.704881256062180e-06
1.480542947155581e+02,4.648992033960597e+00,2.704909112645886e-06
1.481042947155581e+02,4.648926648393344e+00,2.704936955140863e-06
1.481542947155581e+02,4.648861300253405e+00,2.704964782392477e-06
1.482042947155581e+02,4.648795989514920e+00,2.704992593912230e-06
1.482542947155581e+02,4.648730716152000e+00,2.705020389566898e-06
1.483042947155581e+02,4.648665480138824e+00,2.705048168923490e-06
1.483542947155581e+02,4.648600281449625e+00,2.705075932692552e-06
1.484042947155581e+02,4.648535120058641e+00,2.705103679930392e-06
1.484542947155581e+02,4.648469995940063e+00,2.705131412924072e-06
1.485042947155582e+02,4.648404909068123e+00,2.705159131717999e-06
1.485542947155582e+02,4.648339859417154e+00,2.705186833247957e-06
1.486042947155582e+02,4.648274846961393e+00,2.705214517003245e-06
1.486542947155582e+02,4.648209871675079e+00,2.705242183494566e-06
1.487042947155582e+02,4.648144933532595e+00,2.705269834764728e-06
1.487542947155582e+02,4.648080032508286e+00,2.705297472845441e-06
1.488042947155582e+02,4.648015168576467e+00,2.705325096226801e-06
1.488542947155582e+02,4.647950341711512e+00,2.705352701478219e-06
1.489042947155583e+02,4.647885551887824e+00,2.705380290620302e-06
1.489542947155583e+02,4.647820799079795e+00,2.705407864407999e-06
1.490042947155583e+02,4.647756083261840e+00,2.705435421842111e-06
1.490542947155583e+02,4.647691404408433e+00,2.705462964676791e-06
1.491042947155583e+02,4.647626762494034e+00,2.705490491724099e-06
1.491542947155583e+02,4.647562157493087e+00,2.705518003439227e-06
1.492042947155583e+02,4.647497589380033e+00,2.705545499189348e-06
1.492542947155583e+02,4.647433058129407e+00,2.705572978497066e-06
1.493042947155583e+02,4.647368563715790e+00,2.705600444104633e-06
1.493542947155584e+02,4.647304106113672e+00,2.705627892448231e-06
1.494042947155584e+02,4.647239685297624e+00,2.705655323672190e-06
1.494542947155584e+02,4.647175301242270e+00,2.705682740918441e-06
1.495042947155584e+02,4.647110953922168e+00,2.705710141800005e-06
1.495542947155584e+02,4.647046643311923e+00,2.705737526550027e-06
1.496042947155584e+02,4.646982369386173e+00,2.705764895013079e-06
1.496542947155584e+02,4.646918132119561e+00,2.705792248521427e-06
1.497042947155584e+02,4.646853931486738e+00,2.705819588129781e-06
1.497542947155584e+02,4.646789767462383e+00,2.705846911695414e-06
1.498042947155585e+02,4.646725640021229e+00,2.705874220528386e-06
1.498542947155585e+02,4.646661549137963e+00,2.705901514029179e-06
1.499042947155585e+02,4.646597494787318e+00,2.705928790932138e-06
1.499542947155585e+02,4.646533476944059e+00,2.705956050693253e-06
1.500042947155585e+02,4.646469495582945e+00,2.705983294111885e-06
1.500542947155585e+02,4.646405550678749e+00,2.706010524618623e-06
1.501042947155585e+02,4.646341642206264e+00,2.706037740381600e-06
1.501542947155585e+02,4.646277770140349e+00,2.706064939235880e-06
1.502042947155585e+02,4.646213934455849e+00,2.706092122180664e-06
1.502542947155586e+02,4.646150135127594e+00,2.706119290148539e-06
1.503042947155586e+02,4.646086372130426e+00,2.706146443472573e-06
1.503542947155586e+02,4.646022645439218e+00,2.706173579710274e-06
1.504042947155586e+02,4.645958955028928e+00,2.706200699561084e-06
1.504542947155586e+02,4.645895300874450e+00,2.706227804890176e-06
1.505042947155586e+02,4.645831682950719e+00,2.706254895775267e-06
1.505542947155586e+02,4.645768101232726e+00,2.706281973115637e-06
1.506042947155586e+02,4.645704555695401e+00,2.706309033613923e-06
1.506542947155586e+02,4.645641046313748e+00,2.706336077059184e-06
1.507042947155587e+02,4.645577573062770e+00,2.706363106748782e-06
1.507542947155587e+02,4.645514135917472e+00,2.706390120206919e-06
1.508042947155587e+02,4.645450734852916e+00,2.706417118022014e-06
1.508542947155587e+02,4.645387369844166e+00,2.706444102136956e-06
1.509042947155587e+02,4.645324040866318e+00,2.706471070842003e-06
1.509542947155587e+02,4.645260747894437e+00,2.706498023992825e-06
1.510042947155587e+02,4.645197490903577e+00,2.706524960745654e-06
1.510542947155587e+02,4.645134269868909e+00,2.706551880778523e-06
1.511042947155588e+02,4.645071084765611e+00,2.706578785745666e-06
1.511542947155588e+02,4.645007935568803e+00,2.706605676579670e-06
1.512042947155588e+02,4.644944822253664e+00,2.706632553313842e-06
1.512542947155588e+02,4.644881744795399e+00,2.706659414560402e-06
1.513042947155588e+02,4.644818703169187e+00,2.706686258942675e-06
1.513542947155588e+02,4.644755697350265e+00,2.706713088325834e-06
1.514042947155588e+02,4.644692727313912e+00,2.706739902521143e-06
1.514542947155588e+02,4.644629793035366e+00,2.706766700651525e-06
1.515042947155588e+02,4.644566894489882e+00,2.706793484115860e-06
1.515542947155589e+02,4.644504031652762e+00,2.706820253735714e-06
1.516042947155589e+02,4.644441204499329e+00,2.706847009366758e-06
1.516542947155589e+02,4.644378413004913e+00,2.706873749077204e-06
1.517042947155589e+02,4.644315657144881e+00,2.706900473555390e-06
1.517542947155589e+02,4.644252936894575e+00,2.706927182912338e-06
1.518042947155589e+02,4.644190252229341e+00,2.706953876293177e-06
1.518542947155589e+02,4.644127603124609e+00,2.706980554686005e-06
1.519042947155589e+02,4.644064989555754e+00,2.707007217358075e-06
1.519542947155589e+02,4.644002411498215e+00,2.707033864042934e-06
1.520042947155590e+02,4.643939868927469e+00,2.707060496761187e-06
1.520542947155590e+02,4.643877361818929e+00,2.707087114868905e-06
1.521042947155590e+02,4.643814890148110e+00,2.707113719010018e-06
1.521542947155590e+02,4.643752453890508e+00,2.707140308152017e-06
1.522042947155590e+02,4.643690053021612e+00,2.707166879397221e-06
1.522542947155590e+02,4.643627687516983e+00,2.707193436587002e-06
1.523042947155590e+02,4.643565357352164e+00,2.707219979732461e-06
1.523542947155590e+02,4.643503062502674e+00,2.707246506701971e-06
1.524042947155590e+02,4.643440802944085e+00,2.707273018783390e-06
1.524542947155591e+02,4.643378578652050e+00,2.707299515899003e-06
1.525042947155591e+02,4.643316389602150e+00,2.707325997760151e-06
1.525542947155591e+02,4.643254235769994e+00,2.707352463345430e-06
1.526042947155591e+02,4.643192117131299e+00,2.707378914364582e-06
1.526542947155591e+02,4.643130033661660e+00,2.707405352893726e-06
1.527042947155591e+02,4.643067985336708e+00,2.707431774958263e-06
1.527542947155591e+02,4.643005972132236e+00,2.707458181557392e-06
1.528042947155591e+02,4.642943994023935e+00,2.707484575111402e-06
1.528542947155591e+02,4.642882050987486e+00,2.707510952977959e-06
1.529042947155592e+02,4.642820142998665e+00,2.707537315545643e-06
1.529542947155592e+02,4.642758270033257e+00,2.707563663602713e-06
1.530042947155592e+02,4.642696432066994e+00,2.707589996227682e-06
1.530542947155592e+02,4.642634629075634e+00,2.707616313798027e-06
1.531042947155592e+02,4.642572861035064e+00,2.707642618256639e-06
1.531542947155592e+02,4.642511127921125e+00,2.707668907205435e-06
1.532042947155592e+02,4.642449429709618e+00,2.707695179389862e-06
1.532542947155592e+02,4.642387766376398e+00,2.707721438218307e-06
1.533042947155593e+02,4.642326137897325e+00,2.707747683057942e-06
1.533542947155593e+02,4.642264544248323e+00,2.707773911643912e-06
1.534042947155593e+02,4.642202985405316e+00,2.707800124697862e-06
1.534542947155593e+02,4.642141461344183e+00,2.707826323230094e-06
1.535042947155593e+02,4.642079972040875e+00,2.707852506874236e-06
1.535542947155593e+02,4.642018517471381e+00,2.707878675530367e-06
1.536042947155593e+02,4.641957097611670e+00,2.707904829298407e-06
1.536542947155593e+02,4.641895712437686e+00,2.707930969976918e-06
1.537042947155593e+02,4.641834361925441e+00,2.707957096555596e-06
1.537542947155594e+02,4.641773046051028e+00,2.707983206525338e-06
1.538042947155594e+02,4.641711764790453e+00,2.708009301473762e-06
1.538542947155594e+02,4.641650518119757e+00,2.708035382244638e-06
1.539042947155594e+02,4.641589306015025e+00,2.708061448793558e-06
1.539542947155594e+02,4.641528128452312e+00,2.708087501176031e-06
1.540042947155594e+02,4.641466985407741e+00,2.708113539403161e-06
1.540542947155594e+02,4.641405876857439e+00,2.708139562342520e-06
1.541042947155594e+02,4.641344802777569e+00,2.708165570293868e-06
1.541542947155594e+02,4.641283763144274e+00,2.708191563545863e-06
1.542042947155595e+02,4.641222757933709e+00,2.708217541376861e-06
1.542542947155595e+02,4.641161787122039e+00,2.708243503942292e-06
1.543042947155595e+02,4.641100850685447e+00,2.708269451741756e-06
1.543542947155595e+02,4.641039948600228e+00,2.708295386029807e-06
1.544042947155595e+02,4.640979080842635e+00,2.708321305096699e-06
1.544542947155595e+02,4.640918247388859e+00,2.708347209264399e-06
1.545042947155595e+02,4.640857448215137e+00,2.708373099587618e-06
1.545542947155595e+02,4.640796683297786e+00,2.708398974933928e-06
1.546042947155595e+02,4.640735952613127e+00,2.708424836247019e-06
1.546542947155596e+02,4.640675256137474e+00,2.708450684836955e-06
1.547042947155596e+02,4.640614593847162e+00,2.708476518494390e-06
1.547542947155596e+02,4.640553965718499e+00,2.708502334865653e-06
1.548042947155596e+02,4.640493371727852e+00,2.708528136759607e-06
1.548542947155596e+02,4.640432811851628e+00,2.708553925652851e-06
1.549042947155596e+02,4.640372286066194e+00,2.708579700046581e-06
1.549542947155596e+02,4.640311794348011e+00,2.708605459452301e-06
1.550042947155596e+02,4.640251336673520e+00,2.708631204813699e-06
1.550542947155596e+02,4.640190913019104e+00,2.708656934643077e-06
1.551042947155597e+02,4.640130523361218e+00,2.708682649240196e-06
1.551542947155597e+02,4.640070167676368e+00,2.708708351402816e-06
1.552042947155597e+02,4.640009845941049e+00,2.708734039854182e-06
1.552542947155597e+02,4.639949558131741e+00,2.708759712362745e-06
1.553042947155597e+02,4.639889304224998e+00,2.708785369738969e-06
1.553542947155597e+02,4.639829084197390e+00,2.708811013081974e-06
1.554042947155597e+02,4.639768898025424e+00,2.708836642702622e-06
1.554542947155597e+02,4.639708745685693e+00,2.708862259899874e-06
1.555042947155598e+02,4.639648627154796e+00,2.708887862053605e-06
1.555542947155598e+02,4.639588542409295e+00,2.708913446943367e-06
1.556042947155598e+02,4.639528491425826e+00,2.708939018599271e-06
1.556542947155598e+02,4.639468474181048e+00,2.708964577865085e-06
1.557042947155598e+02,4.639408490651637e+00,2.708990121598881e-06
1.557542947155598e+02,4.639348540814231e+00,2.709015650011597e-06
1.558042947155598e+02,4.639288624645483e+00,2.709041165123843e-06
1.558542947155598e+02,4.639228742122095e+00,2.709066665525633e-06
1.559042947155598e+02,4.639168893220809e+00,2.709092150828390e-06
1.559542947155599e+02,4.639109077918384e+00,2.709117623407991e-06
1.560042947155599e+02,4.639049296191557e+00,2.709143080433367e-06
1.560542947155599e+02,4.638989548017067e+00,2.709168521438226e-06
1.561042947155599e+02,4.638929833371694e+00,2.709193949853156e-06
1.561542947155599e+02,4.638870152232253e+00,2.709219365145248e-06
1.562042947155599e+02,4.638810504575569e+00,2.709244766404123e-06
1.562542947155599e+02,4.638750890378449e+00,2.709270152930337e-06
1.563042947155599e+02,4.638691309617698e+00,2.709295524457439e-06
1.563542947155599e+02,4.638631762270190e+00,2.709320881973525e-06
1.564042947155600e+02,4.638572248312808e+00,2.709346224557113e-06
1.564542947155600e+02,4.638512767722455e+00,2.709371553285117e-06
1.565042947155600e+02,4.638453320476048e+00,2.709396867347074e-06
1.565542947155600e+02,4.638393906550511e+00,2.709422166165670e-06
1.566042947155600e+02,4.638334525922805e+00,2.709447452960550e-06
1.566542947155600e+02,4.638275178569816e+00,2.709472726244016e-06
1.567042947155600e+02,4.638215864468484e+00,2.709497983995462e-06
1.567542947155600e+02,4.638156583595870e+00,2.709523227957938e-06
1.568042947155600e+02,4.638097335928977e+00,2.709548458320182e-06
1.568542947155601e+02,4.638038121444786e+00,2.709573673960869e-06
1.569042947155601e+02,4.637978940120338e+00,2.709598875312985e-06
1.569542947155601e+02,4.637919791932699e+00,2.709624062754006e-06
1.570042947155601e+02,4.637860676858907e+00,2.709649237904859e-06
1.570542947155601e+02,4.637801594876029e+00,2.709674399333355e-06
1.571042947155601e+02,4.637742545961182e+00,2.709699545141014e-06
1.571542947155601e+02,4.637683530091459e+00,2.709724676615693e-06
1.572042947155601e+02,4.637624547244014e+00,2.709749793080157e-06
1.572542947155601e+02,4.637565597395996e+00,2.709774894612121e-06
1.573042947155602e+02,4.637506680524508e+00,2.709799982510546e-06
1.573542947155602e+02,4.637447796606754e+00,2.709825058129905e-06
1.574042947155602e+02,4.637388945619960e+00,2.709850119516204e-06
1.574542947155602e+02,4.637330127541301e+00,2.709875164937497e-06
1.575042947155602e+02,4.637271342347964e+00,2.709900197224851e-06
1.575542947155602e+02,4.637212590017165e+00,2.709925215900871e-06
1.576042947155602e+02,4.637153870526202e+00,2.709950220565876e-06
1.576542947155602e+02,4.637095183852368e+00,2.709975212596543e-06
1.577042947155603e+02,4.637036529972924e+00,2.710000189850142e-06
1.577542947155603e+02,4.636977908865171e+00,2.710025152193445e-06
1.578042947155603e+02,4.636919320506357e+00,2.710050102679567e-06
1.578542947155603e+02,4.636860764873847e+00,2.710075039876319e-06
1.579042947155603e+02,4.636802241945033e+00,2.710099961640971e-06
1.579542947155603e+02,4.636743751697195e+00,2.710124868783986e-06
1.580042947155603e+02,4.636685294107743e+00,2.710149762371177e-06
1.580542947155603e+02,4.636626869154124e+00,2.710174641703105e-06
1.581042947155603e+02,4.636568476813662e+00,2.710199505636240e-06
1.581542947155604e+02,4.636510117063763e+00,2.710224356280005e-06
1.582042947155604e+02,4.636451789881928e+00,2.710249194855646e-06
1.582542947155604e+02,4.636393495245589e+00,2.710274018765241e-06
1.583042947155604e+02,4.636335233132193e+00,2.710298827287144e-06
1.583542947155604e+02,4.636277003519235e+00,2.710323623596594e-06
1.584042947155604e+02,4.636218806384243e+00,2.710348406827617e-06
1.584542947155604e+02,4.636160641704705e+00,2.710373174493313e-06
1.585042947155604e+02,4.636102509458146e+00,2.710397929269320e-06
1.585542947155604e+02,4.636044409622112e+00,2.710422673031914e-06
1.586042947155605e+02,4.635986342174095e+00,2.710447403327503e-06
1.586542947155605e+02,4.635928307091739e+00,2.710472117380530e-06
1.587042947155605e+02,4.635870304352692e+00,2.710496816145785e-06
1.587542947155605e+02,4.635812333934458e+00,2.710521501688284e-06
1.588042947155605e+02,4.635754395814658e+00,2.710546172864497e-06
1.588542947155605e+02,4.635696489970995e+00,2.710570829363562e-06
1.589042947155605e+02,4.635638616381081e+00,2.710595473627969e-06
1.589542947155605e+02,4.635580775022560e+00,2.710620105724331e-06
1.590042947155605e+02,4.635522965873174e+00,2.710644724931004e-06
1.590542947155606e+02,4.635465188910596e+00,2.710669329960130e-06
1.591042947155606e+02,4.635407444112499e+00,2.710693918469137e-06
1.591542947155606e+02,4.635349731456628e+00,2.710718493488933e-06
1.592042947155606e+02,4.635292050920719e+00,2.710743056473913e-06
1.592542947155606e+02,4.635234402482548e+00,2.710767605347957e-06
1.593042947155606e+02,4.635176786119896e+00,2.710792140555157e-06
1.593542947155606e+02,4.635119201810557e+00,2.710816661951182e-06
1.594042947155606e+02,4.635061649532306e+00,2.710841169680361e-06
1.594542947155606e+02,4.635004129262926e+00,2.710865663642775e-06
1.595042947155607e+02,4.634946640980307e+00,2.710890143893935e-06
1.595542947155607e+02,4.634889184662327e+00,2.710914610700293e-06
1.596042947155607e+02,4.634831760286827e+00,2.710939064650269e-06
1.596542947155607e+02,4.634774367831628e+00,2.710963505921498e-06
1.597042947155607e+02,4.634717007274629e+00,2.710987933503678e-06
1.597542947155607e+02,4.634659678593760e+00,2.711012346619650e-06
1.598042947155607e+02,4.634602381766952e+00,2.711036744170297e-06
1.598542947155607e+02,4.634545116772149e+00,2.711061128564801e-06
1.599042947155608e+02,4.634487883587312e+00,2.711085500780157e-06
1.599542947155608e+02,4.634430682190438e+00,2.711109858984500e-06
1.600042947155608e+02,4.634373512559457e+00,2.711134204354665e-06
1.600542947155608e+02,4.634316374672331e+00,2.711158536713015e-06
1.601042947155608e+02,4.634259268507134e+00,2.711182855848609e-06
1.601542947155608e+02,4.634202194041908e+00,2.711207161295153e-06
1.602042947155608e+02,4.634145151254661e+00,2.711231450632362e-06
1.602542947155608e+02,4.634088140123462e+00,2.711255725236910e-06
1.603042947155608e+02,4.634031160626397e+00,2.711279989816145e-06
1.603542947155609e+02,4.633974212741563e+00,2.711304242249540e-06
1.604042947155609e+02,4.633917296447052e+00,2.711328479028790e-06
1.604542947155609e+02,4.633860411720953e+00,2.711352702152297e-06
1.605042947155609e+02,4.633803558541441e+00,2.711376912386115e-06
1.605542947155609e+02,4.633746736886643e+00,2.711401109430483e-06
1.606042947155609e+02,4.633689946734694e+00,2.711425294095864e-06
1.606542947155609e+02,4.633633188063816e+00,2.711449465383058e-06
1.607042947155609e+02,4.633576460852225e+00,2.711473622237353e-06
1.607542947155609e+02,4.633519765078115e+00,2.711497765957710e-06
1.608042947155610e+02,4.633463100719700e+00,2.711521896288776e-06
1.608542947155610e+02,4.633406467755169e+00,2.711546012941895e-06
1.609042947155610e+02,4.633349866162785e+00,2.711570115806044e-06
1.609542947155610e+02,4.633293295920908e+00,2.711594203882022e-06
1.610042947155610e+02,4.633236757007799e+00,2.711618280267352e-06
1.610542947155610e+02,4.633180249401679e+00,2.711642344884318e-06
1.611042947155610e+02,4.633123773080866e+00,2.711666394291228e-06
1.611542947155610e+02,4.633067328023702e+00,2.711690431174823e-06
1.612042947155610e+02,4.633010914208573e+00,2.711714454014096e-06
1.612542947155611e+02,4.632954531613840e+00,2.711738461943075e-06
1.613042947155611e+02,4.632898180217802e+00,2.711762458181404e-06
1.613542947155611e+02,4.632841859998881e+00,2.711786441807600e-06
1.614042947155611e+02,4.632785570935542e+00,2.711810413698739e-06
1.614542947155611e+02,4.632729313006129e+00,2.711834371201387e-06
1.615042947155611e+02,4.632673086189046e+00,2.711858313571696e-06
1.615542947155611e+02,4.632616890462796e+00,2.711882245072921e-06
1.616042947155611e+02,4.632560725805865e+00,2.711906162241167e-06
1.616542947155612e+02,4.632504592196706e+00,2.711930065154150e-06
1.617042947155612e+02,4.632448489613768e+00,2.711953955121931e-06
1.617542947155612e+02,4.632392418035558e+00,2.711977830967677e-06
1.618042947155612e+02,4.632336377440598e+00,2.712001696110871e-06
1.618542947155612e+02,4.632280367807395e+00,2.712025549774360e-06
1.619042947155612e+02,4.632224389114570e+00,2.712049388782905e-06
1.619542947155612e+02,4.632168441340728e+00,2.712073213280835e-06
1.620042947155612e+02,4.632112524464358e+00,2.712097024256248e-06
1.620542947155612e+02,4.632056638464053e+00,2.712120822397484e-06
1.621042947155613e+02,4.632000783318419e+00,2.712144609059013e-06
1.621542947155613e+02,4.631944959006052e+00,2.712168382808649e-06
1.622042947155613e+02,4.631889165505654e+00,2.712192140271313e-06
1.622542947155613e+02,4.631833402795899e+00,2.712215884167051e-06
1.623042947155613e+02,4.631777670855411e+00,2.712239618426054e-06
1.623542947155613e+02,4.631721969662844e+00,2.712263339295767e-06
1.624042947155613e+02,4.631666299196936e+00,2.712287044367006e-06
1.624542947155613e+02,4.631610659436388e+00,2.712310737092565e-06
1.625042947155613e+02,4.631555050359876e+00,2.712334418205192e-06
1.625542947155614e+02,4.631499471946159e+00,2.712358087160876e-06
1.626042947155614e+02,4.631443924174012e+00,2.712381743859698e-06
1.626542947155614e+02,4.631388407022200e+00,2.712405384882171e-06
1.627042947155614e+02,4.631332920469494e+00,2.712429010983246e-06
1.627542947155614e+02,4.631277464494699e+00,2.712452626148625e-06
1.628042947155614e+02,4.631222039076631e+00,2.712476229190369e-06
1.628542947155614e+02,4.631166644194107e+00,2.712499818554164e-06
1.629042947155614e+02,4.631111279825984e+00,2.712523393629389e-06
1.629542947155614e+02,4.631055945951104e+00,2.712546955082178e-06
1.630042947155615e+02,4.631000642548313e+00,2.712570504611172e-06
1.630542947155615e+02,4.630945369596520e+00,2.712594042183064e-06
1.631042947155615e+02,4.630890127074593e+00,2.712617568241943e-06
1.631542947155615e+02,4.630834914961446e+00,2.712641081244598e-06
1.632042947155615e+02,4.630779733236063e+00,2.712664580291750e-06
1.632542947155615e+02,4.630724581877345e+00,2.712688065827489e-06
1.633042947155615e+02,4.630669460864264e+00,2.712711537563156e-06
1.633542947155615e+02,4.630614370175793e+00,2.712734997019755e-06
1.634042947155615e+02,4.630559309790870e+00,2.712758444219492e-06
1.634542947155616e+02,4.630504279688519e+00,2.712781878174269e-06
1.635042947155616e+02,4.630449279847753e+00,2.712805298495507e-06
1.635542947155616e+02,4.630394310247629e+00,2.712828706038078e-06
1.636042947155616e+02,4.630339370867170e+00,2.712852101901103e-06
1.636542947155616e+02,4.630284461685398e+00,2.712875485229709e-06
1.637042947155616e+02,4.630229582681433e+00,2.712898854835960e-06
1.637542947155616e+02,4.630174733834327e+00,2.712922211796769e-06
1.638042947155616e+02,4.630119915123144e+00,2.712945556878193e-06
1.638542947155617e+02,4.630065126527056e+00,2.712968888126237e-06
1.639042947155617e+02,4.630010368025205e+00,2.712992206395775e-06
1.639542947155617e+02,4.629955639596700e+00,2.713015511720112e-06
1.640042947155617e+02,4.629900941220710e+00,2.713038803144457e-06
1.640542947155617e+02,4.629846272876406e+00,2.713062082600597e-06
1.641042947155617e+02,4.629791634542934e+00,2.713085350055227e-06
1.641542947155617e+02,4.629737026199518e+00,2.713108605674880e-06
1.642042947155617e+02,4.629682447825397e+00,2.713131848593580e-06
1.642542947155617e+02,4.629627899399798e+00,2.713155077390244e-06
1.643042947155618e+02,4.629573380901955e+00,2.713178293263912e-06
1.643542947155618e+02,4.629518892311081e+00,2.713201497213785e-06
1.644042947155618e+02,4.629464433606435e+00,2.713224689028920e-06
1.644542947155618e+02,4.629410004767350e+00,2.713247867399254e-06
1.645042947155618e+02,4.629355605773136e+00,2.713271031769676e-06
1.645542947155618e+02,4.629301236603083e+00,2.713294183205999e-06
1.646042947155618e+02,4.629246897236531e+00,2.713317322385461e-06
1.646542947155618e+02,4.629192587652805e+00,2.713340450107420e-06
1.647042947155618e+02,4.629138307831231e+00,2.713363565861176e-06
1.647542947155619e+02,4.629084057751245e+00,2.713386667071010e-06
1.648042947155619e+02,4.629029837392255e+00,2.713409755202417e-06
1.648542947155619e+02,4.628975646733530e+00,2.713432832198286e-06
1.649042947155619e+02,4.628921485754508e+00,2.713455896004707e-06
1.649542947155619e+02,4.628867354434709e+00,2.713478946877029e-06
1.650042947155619e+02,4.628813252753528e+00,2.713501986724836e-06
1.650542947155619e+02,4.628759180690405e+00,2.713525013560830e-06
1.651042947155619e+02,4.628705138224809e+00,2.713548026163764e-06
1.651542947155619e+02,4.628651125336185e+00,2.713571026409916e-06
1.652042947155620e+02,4.628597142004080e+00,2.713594015764780e-06
1.652542947155620e+02,4.628543188208005e+00,2.713616993395689e-06
1.653042947155620e+02,4.628489263927482e+00,2.713639955761032e-06
1.653542947155620e+02,4.628435369142077e+00,2.713662904170871e-06
1.654042947155620e+02,4.628381503831283e+00,2.713685842888463e-06
1.654542947155620e+02,4.628327667974653e+00,2.713708769748873e-06
1.655042947155620e+02,4.628273861551800e+00,2.713731682420633e-06
1.655542947155620e+02,4.628220084542338e+00,2.713754581902944e-06
1.656042947155620e+02,4.628166336925894e+00,2.713777469228312e-06
1.656542947155621e+02,4.628112618682043e+00,2.713800345196098e-06
1.657042947155621e+02,4.628058929790408e+00,2.713823208862614e-06
1.657542947155621e+02,4.628005270230650e+00,2.713846059484009e-06
1.658042947155621e+02,4.627951639982435e+00,2.713868896993670e-06
1.658542947155621e+02,4.627898039025442e+00,2.713891722512923e-06
1.659042947155621e+02,4.627844467339365e+00,2.713914535830824e-06
1.659542947155621e+02,4.627790924903940e+00,2.713937335715027e-06
1.660042947155621e+02,4.627737411698843e+00,2.713960123608822e-06
1.660542947155622e+02,4.627683927703823e+00,2.713982899800865e-06
1.661042947155622e+02,4.627630472898653e+00,2.714005663325263e-06
1.661542947155622e+02,4.627577047263014e+00,2.714028414359653e-06
1.662042947155622e+02,4.627523650776726e+00,2.714051153192692e-06
1.662542947155622e+02,4.627470283419621e+00,2.714073879080530e-06
1.663042947155622e+02,4.627416945171460e+00,2.714096592256315e-06
1.663542947155622e+02,4.627363636012048e+00,2.714119291321165e-06
1.664042947155622e+02,4.627310355921264e+00,2.714141977907108e-06
1.664542947155622e+02,4.627257104878945e+00,2.714164655422529e-06
1.665042947155623e+02,4.627203882864881e+00,2.714187321447142e-06
1.665542947155623e+02,4.627150689858952e+00,2.714209973327513e-06
1.666042947155623e+02,4.627097525841108e+00,2.714232611929617e-06
1.666542947155623e+02,4.627044390791257e+00,2.714255238707846e-06
1.667042947155623e+02,4.626991284689251e+00,2.714277853950858e-06
1.667542947155623e+02,4.626938207514989e+00,2.714300459068635e-06
1.668042947155623e+02,4.626885159248462e+00,2.714323051385541e-06
1.668542947155623e+02,4.626832139869636e+00,2.714345628281450e-06
1.669042947155623e+02,4.626779149358453e+00,2.714368192565225e-06
1.669542947155624e+02,4.626726187694930e+00,2.714390745480316e-06
1.670042947155624e+02,4.626673254859059e+00,2.714413286915701e-06
1.670542947155624e+02,4.626620350830837e+00,2.714435816027610e-06
1.671042947155624e+02,4.626567475590266e+00,2.714458332116603e-06
1.671542947155624e+02,4.626514629117337e+00,2.714480836137473e-06
1.672042947155624e+02,4.626461811392162e+00,2.714503329133827e-06
1.672542947155624e+02,4.626409022394821e+00,2.714525809473638e-06
1.673042947155624e+02,4.626356262105366e+00,2.714548275946765e-06
1.673542947155624e+02,4.626303530503923e+00,2.714570730218540e-06
1.674042947155625e+02,4.626250827570565e+00,2.714593173177143e-06
1.674542947155625e+02,4.626198153285363e+00,2.714615603323772e-06
1.675042947155625e+02,4.626145507628480e+00,2.714638020680631e-06
1.675542947155625e+02,4.626092890580115e+00,2.714660428278631e-06
1.676042947155625e+02,4.626040302120402e+00,2.714682824774400e-06
1.676542947155625e+02,4.625987742229474e+00,2.714705204727846e-06
1.677042947155625e+02,4.625935210887537e+00,2.714727571436331e-06
1.677542947155625e+02,4.625882708074804e+00,2.714749931117105e-06
1.678042947155625e+02,4.625830233771485e+00,2.714772279817773e-06
1.678542947155626e+02,4.625777787957793e+00,2.714794613175158e-06
1.679042947155626e+02,4.625725370614002e+00,2.714816933476321e-06
1.679542947155626e+02,4.625672981720340e+00,2.714839243185956e-06
1.680042947155626e+02,4.625620621257020e+00,2.714861541060614e-06
1.680542947155626e+02,4.625568289204399e+00,2.714883826312036e-06
1.681042947155626e+02,4.625515985542788e+00,2.714906099661868e-06
1.681542947155626e+02,4.625463710252440e+00,2.714928361376562e-06
1.682042947155626e+02,4.625411463313708e+00,2.714950610479122e-06
1.682542947155627e+02,4.625359244706925e+00,2.714972846270108e-06
1.683042947155627e+02,4.625307054412393e+00,2.714995070725717e-06
1.683542947155627e+02,4.625254892410527e+00,2.715017284101300e-06
1.684042947155627e+02,4.625202758681714e+00,2.715039485075693e-06
1.684542947155627e+02,4.625150653206274e+00,2.715061673693303e-06
1.685042947155627e+02,4.625098575964639e+00,2.715083850109562e-06
1.685542947155627e+02,4.625046526937256e+00,2.715106015545715e-06
1.686042947155627e+02,4.624994506104502e+00,2.715128169180197e-06
1.686542947155627e+02,4.624942513446822e+00,2.715150309425390e-06
1.687042947155628e+02,4.624890548944752e+00,2.715172436780893e-06
1.687542947155628e+02,4.624838612578729e+00,2.715194552656691e-06
1.688042947155628e+02,4.624786704329201e+00,2.715216658274027e-06
1.688542947155628e+02,4.624734824176690e+00,2.715238751912057e-06
1.689042947155628e+02,4.624682972101692e+00,2.715260833082283e-06
1.689542947155628e+02,4.624631148084745e+00,2.715282901840215e-06
1.690042947155628e+02,4.624579352106355e+00,2.715304958030423e-06
1.690542947155628e+02,4.624527584147061e+00,2.715327002263528e-06
1.691042947155628e+02,4.624475844187470e+00,2.715349035183462e-06
1.691542947155629e+02,4.624424132208143e+00,2.715371056790222e-06
1.692042947155629e+02,4.624372448189654e+00,2.715393066828458e-06
1.692542947155629e+02,4.624320792112645e+00,2.715415065098331e-06
1.693042947155629e+02,4.624269163957721e+00,2.715437050989216e-06
1.693542947155629e+02,4.624217563705478e+00,2.715459024978511e-06
1.694042947155629e+02,4.624165991336599e+00,2.715480986699842e-06
1.694542947155629e+02,4.624114446831719e+00,2.715502936208719e-06
1.695042947155629e+02,4.624062930171450e+00,2.715524874659774e-06
1.695542947155629e+02,4.624011441336501e+00,2.715546800010199e-06
1.696042947155630e+02,4.623959980307657e+00,2.715568711838106e-06
1.696542947155630e+02,4.623908547065619e+00,2.715590615050683e-06
1.697042947155630e+02,4.623857141591013e+00,2.715612507582915e-06
1.697542947155630e+02,4.623805763864621e+00,2.715634386481607e-06
1.698042947155630e+02,4.623754413867212e+00,2.715656253645243e-06
1.698542947155630e+02,4.623703091579510e+00,2.715678108640834e-06
1.699042947155630e+02,4.623651796982300e+00,2.715699951856959e-06
1.699542947155630e+02,4.623600530056377e+00,2.715721782871732e-06
1.700042947155630e+02,4.623549290782527e+00,2.715743602406800e-06
1.700542947155631e+02,4.623498079141599e+00,2.715765411072784e-06
1.701042947155631e+02,4.623446895114448e+00,2.715787206260661e-06
1.701542947155631e+02,4.623395738681831e+00,2.715808988547746e-06
1.702042947155631e+02,4.623344609824602e+00,2.715830761186993e-06
1.702542947155631e+02,4.623293508523690e+00,2.715852524678002e-06
1.703042947155631e+02,4.623242434759964e+00,2.715874275656798e-06
1.703542947155631e+02,4.623191388514285e+00,2.715896012458046e-06
1.704042947155631e+02,4.623140369767537e+00,2.715917736813693e-06
1.704542947155632e+02,4.623089378500715e+00,2.715939450477894e-06
1.705042947155632e+02,4.623038414694750e+00,2.715961153161988e-06
1.705542947155632e+02,4.622987478330515e+00,2.715982845210146e-06
1.706042947155632e+02,4.622936569389010e+00,2.716004527266296e-06
1.706542947155632e+02,4.622885687851237e+00,2.716026193912551e-06
1.707042947155632e+02,4.622834833698140e+00,2.716047846159214e-06
1.707542947155632e+02,4.622784006910685e+00,2.716069490578804e-06
1.708042947155632e+02,4.622733207469910e+00,2.716091124606706e-06
1.708542947155632e+02,4.622682435356864e+00,2.716112745078785e-06
1.709042947155633e+02,4.622631690552599e+00,2.716134354315408e-06
1.709542947155633e+02,4.622580973038160e+00,2.716155952738458e-06
1.710042947155633e+02,4.622530282794574e+00,2.716177538826929e-06
1.710542947155633e+02,4.622479619802903e+00,2.716199113102629e-06
1.711042947155633e+02,4.622428984044279e+00,2.716220676054053e-06
1.711542947155633e+02,4.622378375499786e+00,2.716242227781124e-06
1.712042947155633e+02,4.622327794150525e+00,2.716263767684317e-06
1.712542947155633e+02,4.622277239977636e+00,2.716285295186321e-06
1.713042947155633e+02,4.622226712962255e+00,2.716306811541685e-06
1.713542947155634e+02,4.622176213085559e+00,2.716328316983557e-06
1.714042947155634e+02,4.622125740328707e+00,2.716349809635659e-06
1.714542947155634e+02,4.622075294672903e+00,2.716371290275149e-06
1.715042947155634e+02,4.622024876099317e+00,2.716392759301705e-06
1.715542947155634e+02,4.621974484589083e+00,2.716414219091206e-06
1.716042947155634e+02,4.621924120123475e+00,2.716435669243971e-06
1.716542947155634e+02,4.621873782683767e+00,2.716457104131169e-06
1.717042947155634e+02,4.621823472251192e+00,2.716478527649684e-06
1.717542947155634e+02,4.621773188806946e+00,2.716499941931144e-06
1.718042947155635e+02,4.621722932332301e+00,2.716521343467243e-06
1.718542947155635e+02,4.621672702808586e+00,2.716542733390409e-06
1.719042947155635e+02,4.621622500217070e+00,2.716564113077318e-06
1.719542947155635e+02,4.621572324539115e+00,2.716585479918948e-06
1.720042947155635e+02,4.621522175756038e+00,2.716606834292772e-06
1.720542947155635e+02,4.621472053849071e+00,2.716628177975150e-06
1.721042947155635e+02,4.621421958799609e+00,2.716649510388763e-06
1.721542947155635e+02,4.621371890589040e+00,2.716670831511408e-06
1.722042947155635e+02,4.621321849198746e+00,2.716692140732462e-06
1.722542947155636e+02,4.621271834610121e+00,2.716713439928203e-06
1.723042947155636e+02,4.621221846804517e+00,2.716734728621233e-06
1.723542947155636e+02,4.621171885763331e+00,2.716756004147019e-06
1.724042947155636e+02,4.621121951467992e+00,2.716777266527764e-06
1.724542947155636e+02,4.621072043899987e+00,2.716798517995016e-06
1.725042947155636e+02,4.621022163040763e+00,2.716819760547178e-06
1.725542947155636e+02,4.620972308871750e+00,2.716840990231855e-06
1.726042947155636e+02,4.620922481374405e+00,2.716862206660469e-06
1.726542947155637e+02,4.620872680530201e+00,2.716883416305620e-06
1.727042947155637e+02,4.620822906320654e+00,2.716904614815235e-06
1.727542947155637e+02,4.620773158727330e+00,2.716925798214714e-06
1.728042947155637e+02,4.620723437731749e+00,2.716946971899742e-06
1.728542947155637e+02,4.620673743315414e+00,2.716968134860015e-06
1.729042947155637e+02,4.620624075459869e+00,2.716989284231158e-06
1.729542947155637e+02,4.620574434146699e+00,2.717010422699911e-06
1.730042947155637e+02,4.620524819357482e+00,2.717031551354292e-06
1.730542947155637e+02,4.620475231073809e+00,2.717052668406844e-06
1.731042947155638e+02,4.620425669277271e+00,2.717073774856765e-06
1.731542947155638e+02,4.620376133949450e+00,2.717094871514519e-06
1.732042947155638e+02,4.620326625071976e+00,2.717115956592647e-06
1.732542947155638e+02,4.620277142626516e+00,2.717137027804089e-06
1.733042947155638e+02,4.620227686594723e+00,2.717158087025122e-06
1.733542947155638e+02,4.620178256958281e+00,2.717179136565011e-06
1.734042947155638e+02,4.620128853698857e+00,2.717200174225514e-06
1.734542947155638e+02,4.620079476798112e+00,2.717221199795688e-06
1.735042947155638e+02,4.620030126237721e+00,2.717242214252530e-06
1.735542947155639e+02,4.619980801999447e+00,2.717263217818083e-06
1.736042947155639e+02,4.619931504065025e+00,2.717284212102172e-06
1.736542947155639e+02,4.619882232416169e+00,2.717305197182512e-06
1.737042947155639e+02,4.619832987034648e+00,2.717326170416772e-06
1.737542947155639e+02,4.619783767902189e+00,2.717347128951680e-06
1.738042947155639e+02,4.619734575000583e+00,2.717368074274933e-06
1.738542947155639e+02,4.619685408311685e+00,2.717389010916243e-06
1.739042947155639e+02,4.619636267817256e+00,2.717409939008835e-06
1.739542947155639e+02,4.619587153499062e+00,2.717430853434582e-06
1.740042947155640e+02,4.619538065338973e+00,2.717451755570160e-06
1.740542947155640e+02,4.619489003318847e+00,2.717472649101509e-06
1.741042947155640e+02,4.619439967420485e+00,2.717493531930309e-06
1.741542947155640e+02,4.619390957625781e+00,2.717514402735393e-06
1.742042947155640e+02,4.619341973916648e+00,2.717535261805420e-06
1.742542947155640e+02,4.619293016274924e+00,2.717556111249813e-06
1.743042947155640e+02,4.619244084682504e+00,2.717576948837024e-06
1.743542947155640e+02,4.619195179121331e+00,2.717597773678875e-06
1.744042947155640e+02,4.619146299573321e+00,2.717618589106035e-06
1.744542947155641e+02,4.619097446020418e+00,2.717639392720422e-06
1.745042947155641e+02,4.619048618444582e+00,2.717660184266684e-06
1.745542947155641e+02,4.618999816827767e+00,2.717680967519581e-06
1.746042947155641e+02,4.618951041151940e+00,2.717701741024719e-06
1.746542947155641e+02,4.618902291399088e+00,2.717722500496638e-06
1.747042947155641e+02,4.618853567551229e+00,2.717743246501552e-06
1.747542947155641e+02,4.618804869590367e+00,2.717763984213100e-06
1.748042947155641e+02,4.618756197498517e+00,2.717784713220499e-06
1.748542947155642e+02,4.618707551257732e+00,2.717805428005942e-06
1.749042947155642e+02,4.618658930850069e+00,2.717826131089634e-06
1.749542947155642e+02,4.618610336257586e+00,2.717846826157516e-06
1.750042947155642e+02,4.618561767462343e+00,2.717867509490340e-06
1.750542947155642e+02,4.618513224446454e+00,2.717888179045296e-06
1.751042947155642e+02,4.618464707192011e+00,2.717908839141152e-06
1.751542947155642e+02,4.618416215681104e+00,2.717929489400433e-06
1.752042947155642e+02,4.618367749895876e+00,2.717950127891349e-06
1.752542947155642e+02,4.618319309818463e+00,2.717970756823246e-06
1.753042947155643e+02,4.618270895431006e+00,2.717991374164413e-06
1.753542947155643e+02,4.618222506715672e+00,2.718011979792728e-06
1.754042947155643e+02,4.618174143654643e+00,2.718032574885026e-06
1.754542947155643e+02,4.618125806230100e+00,2.718053159896499e-06
1.755042947155643e+02,4.618077494424199e+00,2.718073733494880e-06
1.755542947155643e+02,4.618029208219160e+00,2.718094294458922e-06
1.756042947155643e+02,4.617980947597266e+00,2.718114844176406e-06
1.756542947155643e+02,4.617932712540736e+00,2.718135384179437e-06
1.757042947155643e+02,4.617884503031762e+00,2.718155915644854e-06
1.757542947155644e+02,4.617836319052619e+00,2.718176434775693e-06
1.758042947155644e+02,4.617788160585648e+00,2.718196941294398e-06
1.758542947155644e+02,4.617740027613089e+00,2.718217439353204e-06
1.759042947155644e+02,4.617691920117170e+00,2.718237928075034e-06
1.759542947155644e+02,4.617643838080273e+00,2.718258405439283e-06
1.760042947155644e+02,4.617595781484732e+00,2.718278871623586e-06
1.760542947155644e+02,4.617547750312823e+00,2.718299326039524e-06
1.761042947155644e+02,4.617499744546928e+00,2.718319767554672e-06
1.761542947155644e+02,4.617451764169415e+00,2.718340197756646e-06
1.762042947155645e+02,4.617403809162612e+00,2.718360619043530e-06
1.762542947155645e+02,4.617355879508893e+00,2.718381030915722e-06
1.763042947155645e+02,4.617307975190698e+00,2.718401430941835e-06
1.763542947155645e+02,4.617260096190393e+00,2.718421817734090e-06
1.764042947155645e+02,4.617212242490372e+00,2.718442193635056e-06
1.764542947155645e+02,4.617164414073143e+00,2.718462559599527e-06
1.765042947155645e+02,4.617116610921132e+00,2.718482915016878e-06
1.765542947155645e+02,4.617068833016726e+00,2.718503261274890e-06
1.766042947155645e+02,4.617021080342416e+00,2.718523599239536e-06
1.766542947155646e+02,4.616973352880713e+00,2.718543925913213e-06
1.767042947155646e+02,4.616925650614074e+00,2.718564240274517e-06
1.767542947155646e+02,4.616877973524995e+00,2.718584544554996e-06
1.768042947155646e+02,4.616830321596002e+00,2.718604835723742e-06
1.768542947155646e+02,4.616782694809618e+00,2.718625115323963e-06
1.769042947155646e+02,4.616735093148431e+00,2.718645387707735e-06
1.769542947155646e+02,4.616687516594966e+00,2.718665648323142e-06
1.770042947155646e+02,4.616639965131701e+00,2.718685896903732e-06
1.770542947155647e+02,4.616592438741256e+00,2.718706136080734e-06
1.771042947155647e+02,4.616544937406246e+00,2.718726363500473e-06
1.771542947155647e+02,4.616497461109276e+00,2.718746579240665e-06
1.772042947155647e+02,4.616450009832934e+00,2.718766787020559e-06
1.772542947155647e+02,4.616402583559765e+00,2.718786986806848e-06
1.773042947155647e+02,4.616355182272468e+00,2.718807174080922e-06
1.773542947155647e+02,4.616307805953777e+00,2.718827348709556e-06
1.774042947155647e+02,4.616260454586271e+00,2.718847512324778e-06
1.774542947155647e+02,4.616213128152556e+00,2.718867666414287e-06
1.775042947155648e+02,4.616165826635375e+00,2.718887810267539e-06
1.775542947155648e+02,4.616118550017476e+00,2.718907941630782e-06
1.776042947155648e+02,4.616071298281482e+00,2.718928062502418e-06
1.776542947155648e+02,4.616024071410097e+00,2.718948175313834e-06
1.777042947155648e+02,4.615976869386091e+00,2.718968278355288e-06
1.777542947155648e+02,4.615929692192178e+00,2.718988366886126e-06
1.778042947155648e+02,4.615882539811127e+00,2.719008444914255e-06
1.778542947155648e+02,4.615835412225728e+00,2.719028516747340e-06
1.779042947155648e+02,4.615788309418754e+00,2.719048576467891e-06
1.779542947155649e+02,4.615741231372954e+00,2.719068622987891e-06
1.780042947155649e+02,4.615694178071101e+00,2.719088659571394e-06
1.780542947155649e+02,4.615647149496064e+00,2.719108686540366e-06
1.781042947155649e+02,4.615600145630662e+00,2.719128703794887e-06
1.781542947155649e+02,4.615553166457698e+00,2.719148709891666e-06
1.782042947155649e+02,4.615506211960059e+00,2.719168704686375e-06
1.782542947155649e+02,4.615459282120558e+00,2.719188688312240e-06
1.783042947155649e+02,4.615412376922071e+00,2.719208661235555e-06
1.783542947155649e+02,4.615365496347541e+00,2.719228624910713e-06
1.784042947155650e+02,4.615318640379802e+00,2.719248578749294e-06
1.784542947155650e+02,4.615271809001747e+00,2.719268521985246e-06
1.785042947155650e+02,4.615225002196342e+00,2.719288454707385e-06
1.785542947155650e+02,4.615178219946487e+00,2.719308378492230e-06
1.786042947155650e+02,4.615131462235109e+00,2.719328291385786e-06
1.786542947155650e+02,4.615084729045194e+00,2.719348190290532e-06
1.787042947155650e+02,4.615038020359741e+00,2.719368079003431e-06
1.787542947155650e+02,4.614991336161697e+00,2.719387961843250e-06
1.788042947155650e+02,4.614944676433990e+00,2.719407832948011e-06
1.788542947155651e+02,4.614898041159663e+00,2.719427689653180e-06
1.789042947155651e+02,4.614851430321758e+00,2.719447538176006e-06
1.789542947155651e+02,4.614804843903230e+00,2.719467376740131e-06
1.790042947155651e+02,4.614758281887113e+00,2.719487204102105e-06
1.790542947155651e+02,4.614711744256522e+00,2.719507022660011e-06
1.791042947155651e+02,4.614665230994503e+00,2.719526829449553e-06
1.791542947155651e+02,4.614618742084081e+00,2.719546625914021e-06
1.792042947155651e+02,4.614572277508346e+00,2.719566413307966e-06
1.792542947155652e+02,4.614525837250422e+00,2.719586190310224e-06
1.793042947155652e+02,4.614479421293380e+00,2.719605956510012e-06
1.793542947155652e+02,4.614433029620345e+00,2.719625711796307e-06
1.794042947155652e+02,4.614386662214478e+00,2.719645457634606e-06
1.794542947155652e+02,4.614340319058877e+00,2.719665192448389e-06
1.795042947155652e+02,4.614294000136708e+00,2.719684916570724e-06
1.795542947155652e+02,4.614247705431119e+00,2.719704631056324e-06
1.796042947155652e+02,4.614201434925269e+00,2.719724334395285e-06
1.796542947155652e+02,4.614155188602373e+00,2.719744027808851e-06
1.797042947155653e+02,4.614108966445647e+00,2.719763713073380e-06
1.797542947155653e+02,4.614062768438305e+00,2.719783387124658e-06
1.798042947155653e+02,4.614016594563551e+00,2.719803049340957e-06
1.798542947155653e+02,4.613970444804576e+00,2.719822701321000e-06
1.799042947155653e+02,4.613924319144632e+00,2.719842343642103e-06
1.799542947155653e+02,4.613878217567000e+00,2.719861977192444e-06
1.800042947155653e+02,4.613832140054930e+00,2.719881600828494e-06
1.800542947155653e+02,4.613786086591687e+00,2.719901212518544e-06
1.801042947155653e+02,4.613740057160618e+00,2.719920813628168e-06
1.801542947155654e+02,4.613694051745004e+00,2.719940405856008e-06
1.802042947155654e+02,4.613648070328121e+00,2.719959986148950e-06
1.802542947155654e+02,4.613602112893320e+00,2.719979556627522e-06
1.803042947155654e+02,4.613556179423898e+00,2.719999118834931e-06
1.803542947155654e+02,4.613510269903204e+00,2.720018669174056e-06
1.804042947155654e+02,4.613464384314666e+00,2.720038209010472e-06
1.804542947155654e+02,4.613418522641632e+00,2.720057739587627e-06
1.805042947155654e+02,4.613372684867455e+00,2.720077259140269e-06
1.805542947155654e+02,4.613326870975515e+00,2.720096768212404e-06
1.806042947155655e+02,4.613281080949218e+00,2.720116267181510e-06
1.806542947155655e+02,4.613235314772005e+00,2.720135756236324e-06
1.807042947155655e+02,4.613189572427278e+00,2.720155236553683e-06
1.807542947155655e+02,4.613143853898518e+00,2.720174705657790e-06
1.808042947155655e+02,4.613098159169168e+00,2.720194163037942e-06
1.808542947155655e+02,4.613052488222637e+00,2.720213612491101e-06
1.809042947155655e+02,4.613006841042426e+00,2.720233052562876e-06
1.809542947155655e+02,4.612961217612024e+00,2.720252480522117e-06
1.810042947155655e+02,4.612915617914938e+00,2.720271897490150e-06
1.810542947155656e+02,4.612870041934662e+00,2.720291305554195e-06
1.811042947155656e+02,4.612824489654682e+00,2.720310705236056e-06
1.811542947155656e+02,4.612778961058565e+00,2.720330092849792e-06
1.812042947155656e+02,4.612733456129848e+00,2.720349469450117e-06
1.812542947155656e+02,4.612687974852062e+00,2.720368839255876e-06
1.813042947155656e+02,4.612642517208812e+00,2.720388198991913e-06
1.813542947155656e+02,4.612597083183656e+00,2.720407544961183e-06
1.814042947155656e+02,4.612551672760109e+00,2.720426881593479e-06
1.814542947155657e+02,4.612506285921831e+00,2.720446210243271e-06
1.815042947155657e+02,4.612460922652490e+00,2.720465528079491e-06
1.815542947155657e+02,4.612415582935617e+00,2.720484837267073e-06
1.816042947155657e+02,4.612370266754821e+00,2.720504136640283e-06
1.816542947155657e+02,4.612324974093810e+00,2.720523424833548e-06
1.817042947155657e+02,4.612279704936229e+00,2.720542702557410e-06
1.817542947155657e+02,4.612234459265700e+00,2.720561969167939e-06
1.818042947155657e+02,4.612189237065933e+00,2.720581228195645e-06
1.818542947155657e+02,4.612144038320642e+00,2.720600477264651e-06
1.819042947155658e+02,4.612098863013484e+00,2.720619713332944e-06
1.819542947155658e+02,4.612053711128168e+00,2.720638939131675e-06
1.820042947155658e+02,4.612008582648424e+00,2.720658157503014e-06
1.820542947155658e+02,4.611963477557966e+00,2.720677367791929e-06
1.821042947155658e+02,4.611918395840553e+00,2.720696564658248e-06
1.821542947155658e+02,4.611873337479964e+00,2.720715750833119e-06
1.822042947155658e+02,4.611828302459957e+00,2.720734929047691e-06
1.822542947155658e+02,4.611783290764284e+00,2.720754097525607e-06
1.823042947155658e+02,4.611738302376749e+00,2.720773255822778e-06
1.823542947155659e+02,4.611693337281132e+00,2.720792403051025e-06
1.824042947155659e+02,4.611648395461213e+00,2.720811542241258e-06
1.824542947155659e+02,4.611603476900905e+00,2.720830672505297e-06
1.825042947155659e+02,4.611558581584009e+00,2.720849790279328e-06
1.825542947155659e+02,4.611513709494314e+00,2.720868898705280e-06
1.826042947155659e+02,4.611468860615729e+00,2.720887998338267e-06
1.826542947155659e+02,4.611424034932104e+00,2.720907087501850e-06
1.827042947155659e+02,4.611379232427281e+00,2.720926166573506e-06
1.827542947155659e+02,4.611334453085164e+00,2.720945236596844e-06
1.828042947155660e+02,4.611289696889691e+00,2.720964296172984e-06
1.828542947155660e+02,4.611244963824782e+00,2.720983343914146e-06
1.829042947155660e+02,4.611200253874316e+00,2.721002382196208e-06
1.829542947155660e+02,4.611155567022220e+00,2.721021411174601e-06
1.830042947155660e+02,4.611110903252442e+00,2.721040432070570e-06
1.830542947155660e+02,4.611066262548936e+00,2.721059443174373e-06
1.831042947155660e+02,4.611021644895687e+00,2.721078442321073e-06
1.831542947155660e+02,4.610977050276649e+00,2.721097432230717e-06
1.832042947155660e+02,4.610932478675815e+00,2.721116413869201e-06
1.832542947155661e+02,4.610887930077199e+00,2.721135385393552e-06
1.833042947155661e+02,4.610843404464811e+00,2.721154346481808e-06
1.833542947155661e+02,4.610798901822684e+00,2.721173300808804e-06
1.834042947155661e+02,4.610754422134829e+00,2.721192243800424e-06
1.834542947155661e+02,4.610709965385273e+00,2.721211172892052e-06
1.835042947155661e+02,4.610665531558070e+00,2.721230093690313e-06
1.835542947155661e+02,4.610621120637274e+00,2.721249006539378e-06
1.836042947155661e+02,4.610576732606977e+00,2.721267909229902e-06
1.836542947155662e+02,4.610532367451301e+00,2.721286801018035e-06
1.837042947155662e+02,4.610488025154329e+00,2.721305683879976e-06
1.837542947155662e+02,4.610443705700146e+00,2.721324557094078e-06
1.838042947155662e+02,4.610399409072889e+00,2.721343419405791e-06
1.838542947155662e+02,4.610355135256661e+00,2.721362272424937e-06
1.839042947155662e+02,4.610310884235605e+00,2.721381116895366e-06
1.839542947155662e+02,4.610266655993927e+00,2.721399952783770e-06
1.840042947155662e+02,4.610222450515741e+00,2.721418779346301e-06
1.840542947155662e+02,4.610178267785207e+00,2.721437595195181e-06
1.841042947155663e+02,4.610134107786592e+00,2.721456400274896e-06
1.841542947155663e+02,4.610089970504016e+00,2.721475196550543e-06
1.842042947155663e+02,4.610045855921646e+00,2.721493982856387e-06
1.842542947155663e+02,4.610001764023793e+00,2.721512758159922e-06
1.843042947155663e+02,4.609957694794685e+00,2.721531524459547e-06
1.843542947155663e+02,4.609913648218509e+00,2.721550281189050e-06
1.844042947155663e+02,4.609869624279511e+00,2.721569028137488e-06
1.844542947155663e+02,4.609825622961973e+00,2.721587765760053e-06
1.845042947155663e+02,4.609781644250150e+00,2.721606494456424e-06
1.845542947155664e+02,4.609737688128331e+00,2.721625214581874e-06
1.846042947155664e+02,4.609693754580859e+00,2.721643925192713e-06
1.846542947155664e+02,4.609649843591997e+00,2.721662625156512e-06
1.847042947155664e+02,4.609605955146026e+00,2.721681314284535e-06
1.847542947155664e+02,4.609562089227323e+00,2.721699993453858e-06
1.848042947155664e+02,4.609518245820250e+00,2.721718664685085e-06
1.848542947155664e+02,4.609474424909100e+00,2.721737327578538e-06
1.849042947155664e+02,4.609430626478202e+00,2.721755977870959e-06
1.849542947155664e+02,4.609386850511962e+00,2.721774617260991e-06
1.850042947155665e+02,4.609343096994809e+00,2.721793250411569e-06
1.850542947155665e+02,4.609299365911115e+00,2.721811874191864e-06
1.851042947155665e+02,4.609255657245227e+00,2.721830487080872e-06
1.851542947155665e+02,4.609211970981552e+00,2.721849091709821e-06
1.852042947155665e+02,4.609168307104537e+00,2.721867685669526e-06
1.852542947155665e+02,4.609124665598651e+00,2.721886269082113e-06
1.853042947155665e+02,4.609081046448339e+00,2.721904844112516e-06
1.853542947155665e+02,4.609037449638013e+00,2.721923408418164e-06
1.854042947155666e+02,4.608993875152144e+00,2.721941964263913e-06
1.854542947155666e+02,4.608950322975224e+00,2.721960513315097e-06
1.855042947155666e+02,4.608906793091719e+00,2.721979051130823e-06
1.855542947155666e+02,4.608863285486114e+00,2.721997579143281e-06
1.856042947155666e+02,4.608819800142991e+00,2.722016098196239e-06
1.856542947155666e+02,4.608776337046844e+00,2.722034605736184e-06
1.857042947155666e+02,4.608732896182149e+00,2.722053104194505e-06
1.857542947155666e+02,4.608689477533492e+00,2.722071592882862e-06
1.858042947155666e+02,4.608646081085408e+00,2.722090070868671e-06
1.858542947155667e+02,4.608602706822425e+00,2.722108542148732e-06
1.859042947155667e+02,4.608559354729179e+00,2.722127005535107e-06
1.859542947155667e+02,4.608516024790245e+00,2.722145457552799e-06
1.860042947155667e+02,4.608472716990176e+00,2.722163900466662e-06
1.860542947155667e+02,4.608429431313590e+00,2.722182335153772e-06
1.861042947155667e+02,4.608386167745121e+00,2.722200760392884e-06
1.861542947155667e+02,4.608342926269390e+00,2.722219174696299e-06
1.862042947155667e+02,4.608299706871031e+00,2.722237576531910e-06
1.862542947155667e+02,4.608256509534680e+00,2.722255969607861e-06
1.863042947155668e+02,4.608213334245005e+00,2.722274356488768e-06
1.863542947155668e+02,4.608170180986662e+00,2.722292734154824e-06
1.864042947155668e+02,4.608127049744317e+00,2.722311100796364e-06
1.864542947155668e+02,4.608083940502667e+00,2.722329460765465e-06
1.865042947155668e+02,4.608040853246427e+00,2.722347812596631e-06
1.865542947155668e+02,4.607997787960307e+00,2.722366150350169e-06
1.866042947155668e+02,4.607954744629034e+00,2.722384478100598e-06
1.866542947155668e+02,4.607911723237357e+00,2.722402799356221e-06
1.867042947155668e+02,4.607868723769960e+00,2.722421112307377e-06
1.867542947155669e+02,4.607825746211590e+00,2.722439415488570e-06
1.868042947155669e+02,4.607782790547079e+00,2.722457707301079e-06
1.868542947155669e+02,4.607739856761159e+00,2.722475988821820e-06
1.869042947155669e+02,4.607696944838596e+00,2.722494262559899e-06
1.869542947155669e+02,4.607654054764228e+00,2.722512527893589e-06
1.870042947155669e+02,4.607611186522839e+00,2.722530783501725e-06
1.870542947155669e+02,4.607568340099209e+00,2.722549029650761e-06
1.871042947155669e+02,4.607525515478182e+00,2.722567267806191e-06
1.871542947155669e+02,4.607482712644631e+00,2.722585496857793e-06
1.872042947155670e+02,4.607439931583417e+00,2.722603714451893e-06
1.872542947155670e+02,4.607397172279360e+00,2.722621922331542e-06
1.873042947155670e+02,4.607354434717309e+00,2.722640122006642e-06
1.873542947155670e+02,4.607311718882157e+00,2.722658312355869e-06
1.874042947155670e+02,4.607269024758790e+00,2.722676492546555e-06
1.874542947155670e+02,4.607226352332124e+00,2.722694663933172e-06
1.875042947155670e+02,4.607183701587067e+00,2.722712827026424e-06
1.875542947155670e+02,4.607141072508486e+00,2.722730981393323e-06
1.876042947155671e+02,4.607098465081319e+00,2.722749126700802e-06
1.876542947155671e+02,4.607055879290580e+00,2.722767262615793e-06
1.877042947155671e+02,4.607013315121211e+00,2.722785388239018e-06
1.877542947155671e+02,4.606970772558115e+00,2.722803503925747e-06
1.878042947155671e+02,4.606928251586255e+00,2.722821612518150e-06
1.878542947155671e+02,4.606885752190657e+00,2.722839711484920e-06
1.879042947155671e+02,4.606843274356329e+00,2.722857798672223e-06
1.879542947155671e+02,4.606800818068256e+00,2.722875878232294e-06
1.880042947155671e+02,4.606758383311396e+00,2.722893949288057e-06
1.880542947155672e+02,4.606715970070802e+00,2.722912010007644e-06
1.881042947155672e+02,4.606673578331556e+00,2.722930063088896e-06
1.881542947155672e+02,4.606631208078676e+00,2.722948107033013e-06
1.882042947155672e+02,4.606588859297187e+00,2.722966141073940e-06
1.882542947155672e+02,4.606546531972147e+00,2.722984165689074e-06
1.883042947155672e+02,4.606504226088719e+00,2.723002182055251e-06
1.883542947155672e+02,4.606461941631937e+00,2.723020190638764e-06
1.884042947155672e+02,4.606419678586827e+00,2.723038189385701e-06
1.884542947155672e+02,4.606377436938582e+00,2.723056178351574e-06
1.885042947155673e+02,4.606335216672268e+00,2.723074158147004e-06
1.885542947155673e+02,4.606293017772994e+00,2.723092130237487e-06
1.886042947155673e+02,4.606250840225981e+00,2.723110092369268e-06
1.886542947155673e+02,4.606208684016340e+00,2.723128043021344e-06
1.887042947155673e+02,4.606166549129207e+00,2.723145985013681e-06
1.887542947155673e+02,4.606124435549737e+00,2.723163919034615e-06
1.888042947155673e+02,4.606082343263105e+00,2.723181845017536e-06
1.888542947155673e+02,4.606040272254522e+00,2.723199761585765e-06
1.889042947155673e+02,4.605998222509217e+00,2.723217666407834e-06
1.889542947155674e+02,4.605956194012381e+00,2.723235562337017e-06
1.890042947155674e+02,4.605914186749192e+00,2.723253452393121e-06
1.890542947155674e+02,4.605872200704894e+00,2.723271334366799e-06
1.891042947155674e+02,4.605830235864743e+00,2.723289205726747e-06
1.891542947155674e+02,4.605788292213986e+00,2.723307067039176e-06
1.892042947155674e+02,4.605746369737850e+00,2.723324919114550e-06
1.892542947155674e+02,4.605704468421630e+00,2.723342761242325e-06
1.893042947155674e+02,4.605662588250635e+00,2.723360595121143e-06
1.893542947155674e+02,4.605620729210096e+00,2.723378421317219e-06
1.894042947155675e+02,4.605578891285314e+00,2.723396238020886e-06
1.894542947155675e+02,4.605537074461624e+00,2.723414044388378e-06
1.895042947155675e+02,4.605495278724372e+00,2.723431842129437e-06
1.895542947155675e+02,4.605453504058872e+00,2.723449632376490e-06
1.896042947155675e+02,4.605411750450426e+00,2.723467413808372e-06
1.896542947155675e+02,4.605370017884398e+00,2.723485185936585e-06
1.897042947155675e+02,4.605328306346151e+00,2.723502948738926e-06
1.897542947155675e+02,4.605286615821059e+00,2.723520703658683e-06
1.898042947155676e+02,4.605244946294530e+00,2.723538448986112e-06
1.898542947155676e+02,4.605203297751959e+00,2.723556183977366e-06
1.899042947155676e+02,4.605161670178703e+00,2.723573911030524e-06
1.899542947155676e+02,4.605120063560191e+00,2.723591628713401e-06
1.900042947155676e+02,4.605078477881842e+00,2.723609338491489e-06
1.900542947155676e+02,4.605036913129038e+00,2.723627039809678e-06
1.901042947155676e+02,4.604995369287269e+00,2.723644729603752e-06
1.901542947155676e+02,4.604953846342006e+00,2.723662411093358e-06
1.902042947155676e+02,4.604912344278691e+00,2.723680086176977e-06
1.902542947155677e+02,4.604870863082827e+00,2.723697752056847e-06
1.903042947155677e+02,4.604829402739864e+00,2.723715408566434e-06
1.903542947155677e+02,4.604787963235263e+00,2.723733057126826e-06
1.904042947155677e+02,4.604746544554541e+00,2.723750696350241e-06
1.904542947155677e+02,4.604705146683212e+00,2.723768325415115e-06
1.905042947155677e+02,4.604663769606796e+00,2.723785944698925e-06
1.905542947155677e+02,4.604622413310826e+00,2.723803554501430e-06
1.906042947155677e+02,4.604581077780832e+00,2.723821156543476e-06
1.906542947155677e+02,4.604539763002370e+00,2.723838750369872e-06
1.907042947155678e+02,4.604498468961045e+00,2.723856334759372e-06
1.907542947155678e+02,4.604457195642402e+00,2.723873911255186e-06
1.908042947155678e+02,4.604415943032010e+00,2.723891479923928e-06
1.908542947155678e+02,4.604374711115478e+00,2.723909039277899e-06
1.909042947155678e+02,4.604333499878367e+00,2.723926588972930e-06
1.909542947155678e+02,4.604292309306283e+00,2.723944131962213e-06
1.910042947155678e+02,4.604251139384889e+00,2.723961665803259e-06
1.910542947155678e+02,4.604209990099835e+00,2.723979186332731e-06
1.911042947155678e+02,4.604168861436715e+00,2.723996699401504e-06
1.911542947155679e+02,4.604127753381188e+00,2.724014206130903e-06
1.912042947155679e+02,4.604086665918918e+00,2.724031702723966e-06
1.912542947155679e+02,4.604045599035571e+00,2.724049192333727e-06
1.913042947155679e+02,4.604004552716840e+00,2.724066673450281e-06
1.913542947155679e+02,4.603963526948411e+00,2.724084143175947e-06
1.914042947155679e+02,4.603922521715949e+00,2.724101603742273e-06
1.914542947155679e+02,4.603881537005180e+00,2.724119056270585e-06
1.915042947155679e+02,4.603840572801860e+00,2.724136503203372e-06
1.915542947155679e+02,4.603799629091702e+00,2.724153940288482e-06
1.916042947155680e+02,4.603758705860431e+00,2.724171365882782e-06
1.916542947155680e+02,4.603717803093796e+00,2.724188785459674e-06
1.917042947155680e+02,4.603676920777561e+00,2.724206197309414e-06
1.917542947155680e+02,4.603636058897468e+00,2.724223598334479e-06
1.918042947155680e+02,4.603595217439323e+00,2.724240990055876e-06
1.918542947155680e+02,4.603554396388936e+00,2.724258374061222e-06
1.919042947155680e+02,4.603513595732085e+00,2.724275747552756e-06
1.919542947155680e+02,4.603472815454581e+00,2.724293112595494e-06
1.920042947155681e+02,4.603432055542214e+00,2.724310470765950e-06
1.920542947155681e+02,4.603391315980836e+00,2.724327819233057e-06
1.921042947155681e+02,4.603350596756312e+00,2.724345160072932e-06
1.921542947155681e+02,4.603309897854446e+00,2.724362492053228e-06
1.922042947155681e+02,4.603269219261135e+00,2.724379813797267e-06
1.922542947155681e+02,4.603228560962224e+00,2.724397127980688e-06
1.923042947155681e+02,4.603187922943547e+00,2.724414434059480e-06
1.923542947155681e+02,4.603147305191037e+00,2.724431732422222e-06
1.924042947155681e+02,4.603106707690566e+00,2.724449021758851e-06
1.924542947155682e+02,4.603066130428030e+00,2.724466299959943e-06
1.925042947155682e+02,4.603025573389377e+00,2.724483570711438e-06
1.925542947155682e+02,4.602985036560521e+00,2.724500835312299e-06
1.926042947155682e+02,4.602944519927402e+00,2.724518090509570e-06
1.926542947155682e+02,4.602904023475964e+00,2.724535333461080e-06
1.927042947155682e+02,4.602863547192145e+00,2.724552568108123e-06
1.927542947155682e+02,4.602823091061937e+00,2.724569797559323e-06
1.928042947155682e+02,4.602782655071316e+00,2.724587019050223e-06
1.928542947155682e+02,4.602742239206229e+00,2.724604230338173e-06
1.929042947155683e+02,4.602701843452663e+00,2.724621432133717e-06
1.929542947155683e+02,4.602661467796639e+00,2.724638626257619e-06
1.930042947155683e+02,4.602621112224210e+00,2.724655812299098e-06
1.930542947155683e+02,4.602580776721365e+00,2.724672989736348e-06
1.931042947155683e+02,4.602540461274095e+00,2.724690159579673e-06
1.931542947155683e+02,4.602500165868462e+00,2.724707320396885e-06
1.932042947155683e+02,4.602459890490540e+00,2.724724470444933e-06
1.932542947155683e+02,4.602419635126380e+00,2.724741612355047e-06
1.933042947155683e+02,4.602379399762053e+00,2.724758746760053e-06
1.933542947155684e+02,4.602339184383639e+00,2.724775873204760e-06
1.934042947155684e+02,4.602298988977217e+00,2.724792991622554e-06
1.934542947155684e+02,4.602258813528901e+00,2.724810100992031e-06
1.935042947155684e+02,4.602218658024825e+00,2.724827200735874e-06
1.935542947155684e+02,4.602178522451076e+00,2.724844291720057e-06
1.936042947155684e+02,4.602138406793758e+00,2.724861375820858e-06
1.936542947155684e+02,4.602098311039029e+00,2.724878451483964e-06
1.937042947155684e+02,4.602058235173044e+00,2.724895518132058e-06
1.937542947155684e+02,4.602018179181951e+00,2.724912576930876e-06
1.938042947155685e+02,4.601978143051924e+00,2.724929625049349e-06
1.938542947155685e+02,4.601938126769154e+00,2.724946663297939e-06
1.939042947155685e+02,4.601898130319804e+00,2.724963696772570e-06
1.939542947155685e+02,4.601858153690041e+00,2.724980722919728e-06
1.940042947155685e+02,4.601818196866097e+00,2.724997737520568e-06
1.940542947155685e+02,4.601778259834190e+00,2.725014742318138e-06
1.941042947155685e+02,4.601738342580512e+00,2.725031739333044e-06
1.941542947155685e+02,4.601698445091324e+00,2.725048730763529e-06
1.942042947155686e+02,4.601658567352895e+00,2.725065716098890e-06
1.942542947155686e+02,4.601618709351460e+00,2.725082690398633e-06
1.943042947155686e+02,4.601578871073247e+00,2.725099654584245e-06
1.943542947155686e+02,4.601539052504508e+00,2.725116610532002e-06
1.944042947155686e+02,4.601499253631590e+00,2.725133558830323e-06
1.944542947155686e+02,4.601459474440809e+00,2.725150501755163e-06
1.945042947155686e+02,4.601419714918355e+00,2.725167436042469e-06
1.945542947155686e+02,4.601379975050559e+00,2.725184358494797e-06
1.946042947155686e+02,4.601340254823844e+00,2.725201271232674e-06
1.946542947155687e+02,4.601300554224461e+00,2.725218176676386e-06
1.947042947155687e+02,4.601260873238695e+00,2.725235073693505e-06
1.947542947155687e+02,4.601221211852971e+00,2.725251962261826e-06
1.948042947155687e+02,4.601181570053661e+00,2.725268844723921e-06
1.948542947155687e+02,4.601141947827064e+00,2.725285718715014e-06
1.949042947155687e+02,4.601102345159529e+00,2.725302582769612e-06
1.949542947155687e+02,4.601062762037525e+00,2.725319439985235e-06
1.950042947155687e+02,4.601023198447449e+00,2.725336289207253e-06
1.950542947155687e+02,4.600983654375623e+00,2.725353129225521e-06
1.951042947155688e+02,4.600944129808488e+00,2.725369961194674e-06
1.951542947155688e+02,4.600904624732525e+00,2.725386785603206e-06
1.952042947155688e+02,4.600865139134138e+00,2.725403602106951e-06
1.952542947155688e+02,4.600825672999695e+00,2.725420408829632e-06
1.953042947155688e+02,4.600786226315690e+00,2.725437206093211e-06
1.953542947155688e+02,4.600746799068647e+00,2.725453995496413e-06
1.954042947155688e+02,4.600707391244988e+00,2.725470776650656e-06
1.954542947155688e+02,4.600668002831136e+00,2.725487550699473e-06
1.955042947155688e+02,4.600628633813608e+00,2.725504318819699e-06
1.955542947155689e+02,4.600589284178945e+00,2.725521076281784e-06
1.956042947155689e+02,4.600549953913631e+00,2.725537823396590e-06
1.956542947155689e+02,4.600510643004154e+00,2.725554563450377e-06
1.957042947155689e+02,4.600471351437061e+00,2.725571294466949e-06
1.957542947155689e+02,4.600432079198908e+00,2.725588018489116e-06
1.958042947155689e+02,4.600392826276212e+00,2.725604734695313e-06
1.958542947155689e+02,4.600353592655484e+00,2.725621440765174e-06
1.959042947155689e+02,4.600314378323325e+00,2.725638140273617e-06
1.959542947155689e+02,4.600275183266358e+00,2.725654832032703e-06
1.960042947155690e+02,4.600236007471088e+00,2.725671514343791e-06
1.960542947155690e+02,4.600196850924113e+00,2.725688189527247e-06
1.961042947155690e+02,4.600157713612099e+00,2.725704858393535e-06
1.961542947155690e+02,4.600118595521589e+00,2.725721519332830e-06
1.962042947155690e+02,4.600079496639182e+00,2.725738169525165e-06
1.962542947155690e+02,4.600040416951539e+00,2.725754809359120e-06
1.963042947155690e+02,4.600001356445301e+00,2.725771442576146e-06
1.963542947155690e+02,4.599962315107131e+00,2.725788069364981e-06
1.964042947155691e+02,4.599923292923656e+00,2.725804688293437e-06
1.964542947155691e+02,4.599884289881510e+00,2.725821299006242e-06
1.965042947155691e+02,4.599845305967403e+00,2.725837899849165e-06
1.965542947155691e+02,4.599806341168001e+00,2.725854492731788e-06
1.966042947155691e+02,4.599767395469986e+00,2.725871079563696e-06
1.966542947155691e+02,4.599728468860094e+00,2.725887657158549e-06
1.967042947155691e+02,4.599689561325030e+00,2.725904224905723e-06
1.967542947155691e+02,4.599650672851492e+00,2.725920785225505e-06
1.968042947155691e+02,4.599611803426205e+00,2.725937337707112e-06
1.968542947155692e+02,4.599572953035928e+00,2.725953880984971e-06
1.969042947155692e+02,4.599534121667386e+00,2.725970416335838e-06
1.969542947155692e+02,4.599495309307325e+00,2.725986945957953e-06
1.970042947155692e+02,4.599456515942540e+00,2.726003468907628e-06
1.970542947155692e+02,4.599417741559825e+00,2.726019981354594e-06
1.971042947155692e+02,4.599378986145944e+00,2.726036484664423e-06
1.971542947155692e+02,4.599340249687624e+00,2.726052981612675e-06
1.972042947155692e+02,4.599301532171689e+00,2.726069469057418e-06
1.972542947155692e+02,4.599262833585001e+00,2.726085946754403e-06
1.973042947155693e+02,4.599224153914371e+00,2.726102418200832e-06
1.973542947155693e+02,4.599185493146623e+00,2.726118883529932e-06
1.974042947155693e+02,4.599146851268562e+00,2.726135340532359e-06
1.974542947155693e+02,4.599108228267031e+00,2.726151788142300e-06
1.975042947155693e+02,4.599069624128910e+00,2.726168226504083e-06
1.975542947155693e+02,4.599031038841068e+00,2.726184656905566e-06
1.976042947155693e+02,4.598992472390381e+00,2.726201080368156e-06
1.976542947155693e+02,4.598953924763733e+00,2.726217496403354e-06
1.977042947155693e+02,4.598915395948009e+00,2.726233904433844e-06
1.977542947155694e+02,4.598876885930078e+00,2.726250304803795e-06
1.978042947155694e+02,4.598838394696848e+00,2.726266698090523e-06
1.978542947155694e+02,4.598799922235270e+00,2.726283082495467e-06
1.979042947155694e+02,4.598761468532294e+00,2.726299456131248e-06
1.979542947155694e+02,4.598723033574829e+00,2.726315822961361e-06
1.980042947155694e+02,4.598684617349839e+00,2.726332184517915e-06
1.980542947155694e+02,4.598646219844309e+00,2.726348536315609e-06
1.981042947155694e+02,4.598607841045130e+00,2.726364878165704e-06
1.981542947155694e+02,4.598569480939253e+00,2.726381213099110e-06
1.982042947155695e+02,4.598531139513740e+00,2.726397541826370e-06
1.982542947155695e+02,4.598492816755581e+00,2.726413861660742e-06
1.983042947155695e+02,4.598454512651740e+00,2.726430173679145e-06
1.983542947155695e+02,4.598416227189221e+00,2.726446477348670e-06
1.984042947155695e+02,4.598377960355056e+00,2.726462771547993e-06
1.984542947155695e+02,4.598339712136275e+00,2.726479059863135e-06
1.985042947155695e+02,4.598301482519904e+00,2.726495340650964e-06
1.985542947155695e+02,4.598263271492999e+00,2.726511613012200e-06
1.986042947155696e+02,4.598225079042598e+00,2.726527877790613e-06
1.986542947155696e+02,4.598186905155765e+00,2.726544134508807e-06
1.987042947155696e+02,4.598148749819620e+00,2.726560383688586e-06
1.987542947155696e+02,4.598110613021198e+00,2.726576625529792e-06
1.988042947155696e+02,4.598072494747588e+00,2.726592860309978e-06
1.988542947155696e+02,4.598034394985915e+00,2.726609086541448e-06
1.989042947155696e+02,4.597996313723248e+00,2.726625302669888e-06
1.989542947155696e+02,4.597958250946735e+00,2.726641509616783e-06
1.990042947155696e+02,4.597920206643498e+00,2.726657710590679e-06
1.990542947155697e+02,4.597882180800644e+00,2.726673905302917e-06
1.991042947155697e+02,4.597844173405352e+00,2.726690090311806e-06
1.991542947155697e+02,4.597806184444754e+00,2.726706267360396e-06
1.992042947155697e+02,4.597768213905995e+00,2.726722435460588e-06
1.992542947155697e+02,4.597730261776277e+00,2.726738596088979e-06
1.993042947155697e+02,4.597692328042783e+00,2.726754752509624e-06
1.993542947155697e+02,4.597654412692671e+00,2.726770899226921e-06
1.994042947155697e+02,4.597616515713132e+00,2.726787036818184e-06
1.994542947155697e+02,4.597578637091380e+00,2.726803168214403e-06
1.995042947155698e+02,4.597540776814635e+00,2.726819290340259e-06
1.995542947155698e+02,4.597502934870168e+00,2.726835403850785e-06
1.996042947155698e+02,4.597465111245208e+00,2.726851511832401e-06
1.996542947155698e+02,4.597427305926935e+00,2.726867614063060e-06
1.997042947155698e+02,4.597389518902570e+00,2.726883706346122e-06
1.997542947155698e+02,4.597351750159415e+00,2.726899787782305e-06
1.998042947155698e+02,4.597313999684787e+00,2.726915863656270e-06
1.998542947155698e+02,4.597276267465899e+00,2.726931933779280e-06
1.999042947155698e+02,4.597238553490002e+00,2.726947994987199e-06
1.999542947155699e+02,4.597200857744470e+00,2.726964047901753e-06
2.000042947155699e+02,4.597163180216612e+00,2.726980093944025e-06
2.000542947155699e+02,4.597125520893670e+00,2.726996132270248e-06
2.001042947155699e+02,4.597087879762983e+00,2.727012161781300e-06
2.001542947155699e+02,4.597050256811931e+00,2.727028183198826e-06
2.002042947155699e+02,4.597012652027829e+00,2.727044196811484e-06
2.002542947155699e+02,4.596975065397966e+00,2.727060203474146e-06
2.003042947155699e+02,4.596937496909730e+00,2.727076203086892e-06
2.003542947155699e+02,4.596899946550535e+00,2.727092193773444e-06
2.004042947155700e+02,4.596862414307694e+00,2.727108176732845e-06
2.004542947155700e+02,4.596824900168564e+00,2.727124152309262e-06
2.005042947155700e+02,4.596787404120576e+00,2.727140119214838e-06
2.005542947155700e+02,4.596749926151153e+00,2.727156078382159e-06
2.006042947155700e+02,4.596712466247711e+00,2.727172030943653e-06
2.006542947155700e+02,4.596675024397614e+00,2.727187977454431e-06
2.007042947155700e+02,4.596637600588269e+00,2.727203915305470e-06
2.007542947155700e+02,4.596600194807159e+00,2.727219843308831e-06
2.008042947155701e+02,4.596562807041727e+00,2.727235763318586e-06
2.008542947155701e+02,4.596525437279402e+00,2.727251677111092e-06
2.009042947155701e+02,4.596488085507653e+00,2.727267584231158e-06
2.009542947155701e+02,4.596450751713972e+00,2.727283483990445e-06
2.010042947155701e+02,4.596413435885813e+00,2.727299376089193e-06
2.010542947155701e+02,4.596376138010615e+00,2.727315260005597e-06
2.011042947155701e+02,4.596338858075891e+00,2.727331136006111e-06
2.011542947155701e+02,4.596301596069194e+00,2.727347005001118e-06
2.012042947155701e+02,4.596264351977990e+00,2.727362866901800e-06
2.012542947155702e+02,4.596227125789822e+00,2.727378719443301e-06
2.013042947155702e+02,4.596189917492258e+00,2.727394563968993e-06
2.013542947155702e+02,4.596152727072782e+00,2.727410401600199e-06
2.014042947155702e+02,4.596115554518940e+00,2.727426231182289e-06
2.014542947155702e+02,4.596078399818314e+00,2.727442053858791e-06
2.015042947155702e+02,4.596041262958448e+00,2.727457869119004e-06
2.015542947155702e+02,4.596004143926907e+00,2.727473675630659e-06
2.016042947155702e+02,4.595967042711245e+00,2.727489475292238e-06
2.016542947155702e+02,4.595929959299048e+00,2.727505268481217e-06
2.017042947155703e+02,4.595892893677989e+00,2.727521054265008e-06
2.017542947155703e+02,4.595855845835696e+00,2.727536831866455e-06
2.018042947155703e+02,4.595818815759703e+00,2.727552600941390e-06
2.018542947155703e+02,4.595781803437611e+00,2.727568362766569e-06
2.019042947155703e+02,4.595744808857103e+00,2.727584117508525e-06
2.019542947155703e+02,4.595707832005830e+00,2.727599864889701e-06
2.020042947155703e+02,4.595670872871394e+00,2.727615603344685e-06
2.020542947155703e+02,4.595633931441459e+00,2.727631332928986e-06
2.021042947155703e+02,4.595597007703732e+00,2.727647056851151e-06
2.021542947155704e+02,4.595560101645902e+00,2.727662773168287e-06
2.022042947155704e+02,4.595523213255627e+00,2.727678481069934e-06
2.022542947155704e+02,4.595486342520534e+00,2.727694183276136e-06
2.023042947155704e+02,4.595449489428370e+00,2.727709879220679e-06
2.023542947155704e+02,4.595412653966888e+00,2.727725567204925e-06
2.024042947155704e+02,4.595375836123754e+00,2.727741246729270e-06
2.024542947155704e+02,4.595339035886702e+00,2.727756917815920e-06
2.025042947155704e+02,4.595302253243498e+00,2.727772582108006e-06
2.025542947155704e+02,4.595265488181879e+00,2.727788240149537e-06
2.026042947155705e+02,4.595228740689565e+00,2.727803889597940e-06
2.026542947155705e+02,4.595192010754299e+00,2.727819530619751e-06
2.027042947155705e+02,4.595155298363854e+00,2.727835164191966e-06
2.027542947155705e+02,4.595118603506023e+00,2.727850790747571e-06
2.028042947155705e+02,4.595081926168620e+00,2.727866410553020e-06
2.028542947155705e+02,4.595045266339429e+00,2.727882023241939e-06
2.029042947155705e+02,4.595008624006226e+00,2.727897627404346e-06
2.029542947155705e+02,4.594971999156822e+00,2.727913223706374e-06
2.030042947155706e+02,4.594935391779058e+00,2.727928812991792e-06
2.030542947155706e+02,4.594898801860750e+00,2.727944394505649e-06
2.031042947155706e+02,4.594862229389716e+00,2.727959969791155e-06
2.031542947155706e+02,4.594825674353841e+00,2.727975537405019e-06
2.032042947155706e+02,4.594789136740960e+00,2.727991096436860e-06
2.032542947155706e+02,4.594752616538866e+00,2.728006649573416e-06
2.033042947155706e+02,4.594716113735462e+00,2.728022195104945e-06
2.033542947155706e+02,4.594679628318699e+00,2.728037731787996e-06
2.034042947155706e+02,4.594643160276451e+00,2.728053261820811e-06
2.034542947155707e+02,4.594606709596564e+00,2.728068784592769e-06
2.035042947155707e+02,4.594570276266936e+00,2.728084299237892e-06
2.035542947155707e+02,4.594533860275520e+00,2.728099806844203e-06
2.036042947155707e+02,4.594497461610203e+00,2.728115307100837e-06
2.036542947155707e+02,4.594461080258890e+00,2.728130800207634e-06
2.037042947155707e+02,4.594424716209571e+00,2.728146285232008e-06
2.037542947155707e+02,4.594388369450176e+00,2.728161762751274e-06
2.038042947155707e+02,4.594352039968637e+00,2.728177234075496e-06
2.038542947155707e+02,4.594315727752943e+00,2.728192697483827e-06
2.039042947155708e+02,4.594279432791049e+00,2.728208154874750e-06
2.039542947155708e+02,4.594243155070906e+00,2.728223605304575e-06
2.040042947155708e+02,4.594206894580516e+00,2.728239047651975e-06
2.040542947155708e+02,4.594170651307885e+00,2.728254482494268e-06
2.041042947155708e+02,4.594134425241048e+00,2.728269908665720e-06
2.041542947155708e+02,4.594098216368001e+00,2.728285328309060e-06
2.042042947155708e+02,4.594062024676715e+00,2.728300741102324e-06
2.042542947155708e+02,4.594025850155245e+00,2.728316145580017e-06
2.043042947155708e+02,4.593989692791648e+00,2.728331542863465e-06
2.043542947155709e+02,4.593953552573925e+00,2.728346934085096e-06
2.044042947155709e+02,4.593917429490136e+00,2.728362318290117e-06
2.044542947155709e+02,4.593881323528380e+00,2.728377693069344e-06
2.045042947155709e+02,4.593845234676701e+00,2.728393059777250e-06
2.045542947155709e+02,4.593809162923179e+00,2.728408421056166e-06
2.046042947155709e+02,4.593773108255916e+00,2.728423776084526e-06
2.046542947155709e+02,4.593737070662996e+00,2.728439124029663e-06
2.047042947155709e+02,4.593701050132503e+00,2.728454465224644e-06
2.047542947155709e+02,4.593665046652538e+00,2.728469796361005e-06
2.048042947155710e+02,4.593629060211262e+00,2.728485118826523e-06
2.048542947155710e+02,4.593593090796801e+00,2.728500436340447e-06
2.049042947155710e+02,4.593557138397259e+00,2.728515745805254e-06
2.049542947155710e+02,4.593521203000778e+00,2.728531048431087e-06
2.050042947155710e+02,4.593485284595527e+00,2.728546345672339e-06
2.050542947155710e+02,4.593449383169669e+00,2.728561634842268e-06
2.051042947155710e+02,4.593413498711364e+00,2.728576916162922e-06
2.051542947155710e+02,4.593377631208766e+00,2.728592190922157e-06
2.052042947155711e+02,4.593341780650072e+00,2.728607459230997e-06
2.052542947155711e+02,4.593305947023504e+00,2.728622719335288e-06
2.053042947155711e+02,4.593270130317240e+00,2.728637972489583e-06
2.053542947155711e+02,4.593234330519460e+00,2.728653219326710e-06
2.054042947155711e+02,4.593198547618430e+00,2.728668458103617e-06
2.054542947155711e+02,4.593162781602391e+00,2.728683688964634e-06
2.055042947155711e+02,4.593127032459518e+00,2.728698911421262e-06
2.055542947155711e+02,4.593091300178061e+00,2.728714126528214e-06
2.056042947155711e+02,4.593055584746289e+00,2.728729337771590e-06
2.056542947155712e+02,4.593019886152443e+00,2.728744543097477e-06
2.057042947155712e+02,4.592984204384808e+00,2.728759738930958e-06
2.057542947155712e+02,4.592948539431666e+00,2.728774927248228e-06
2.058042947155712e+02,4.592912891281282e+00,2.728790106783635e-06
2.058542947155712e+02,4.592877259921933e+00,2.728805278114493e-06
2.059042947155712e+02,4.592841645341927e+00,2.728820445137686e-06
2.059542947155712e+02,4.592806047529621e+00,2.728835605654972e-06
2.060042947155712e+02,4.592770466473262e+00,2.728850757778972e-06
2.060542947155712e+02,4.592734902161138e+00,2.728865902952976e-06
2.061042947155713e+02,4.592699354581671e+00,2.728881042120673e-06
2.061542947155713e+02,4.592663823723173e+00,2.728896173883182e-06
2.062042947155713e+02,4.592628309573964e+00,2.728911297663188e-06
2.062542947155713e+02,4.592592812122429e+00,2.728926413938088e-06
2.063042947155713e+02,4.592557331356907e+00,2.728941522330402e-06
2.063542947155713e+02,4.592521867265770e+00,2.728956626326234e-06
2.064042947155713e+02,4.592486419837419e+00,2.728971724893076e-06
2.064542947155713e+02,4.592450989060249e+00,2.728986814344985e-06
2.065042947155713e+02,4.592415574922622e+00,2.729001895725575e-06
2.065542947155714e+02,4.592380177412930e+00,2.729016968979330e-06
2.066042947155714e+02,4.592344796519623e+00,2.729032034672468e-06
2.066542947155714e+02,4.592309432231133e+00,2.729047094703468e-06
2.067042947155714e+02,4.592274084535839e+00,2.729062148939104e-06
2.067542947155714e+02,4.592238753422172e+00,2.729077194981294e-06
2.068042947155714e+02,4.592203438878600e+00,2.729092233673807e-06
2.068542947155714e+02,4.592168140893603e+00,2.729107264605862e-06
2.069042947155714e+02,4.592132859455637e+00,2.729122287422186e-06
2.069542947155715e+02,4.592097594553112e+00,2.729137305253609e-06
2.070042947155715e+02,4.592062346174502e+00,2.729152318077926e-06
2.070542947155715e+02,4.592027114308328e+00,2.729167324152087e-06
2.071042947155715e+02,4.591991898943087e+00,2.729182321222340e-06
2.071542947155715e+02,4.591956700067277e+00,2.729197309865999e-06
2.072042947155715e+02,4.591921517669390e+00,2.729212292792010e-06
2.072542947155715e+02,4.591886351737942e+00,2.729227268579287e-06
2.073042947155715e+02,4.591851202261481e+00,2.729242237227830e-06
2.073542947155715e+02,4.591816069228510e+00,2.729257198870865e-06
2.074042947155716e+02,4.591780952627567e+00,2.729272152875567e-06
2.074542947155716e+02,4.591745852447213e+00,2.729287100873961e-06
2.075042947155716e+02,4.591710768675981e+00,2.729302041456066e-06
2.075542947155716e+02,4.591675701302445e+00,2.729316973977952e-06
2.076042947155716e+02,4.591640650315175e+00,2.729331899505432e-06
2.076542947155716e+02,4.591605615702753e+00,2.729346819304162e-06
2.077042947155716e+02,4.591570597453769e+00,2.729361731864238e-06
2.077542947155716e+02,4.591535595556812e+00,2.729376636452912e-06
2.078042947155716e+02,4.591500610000486e+00,2.729391536012276e-06
2.078542947155717e+02,4.591465640773424e+00,2.729406429043529e-06
2.079042947155717e+02,4.591430687864230e+00,2.729421314347630e-06
2.079542947155717e+02,4.591395751261476e+00,2.729436191635919e-06
2.080042947155717e+02,4.591360830953826e+00,2.729451061374693e-06
2.080542947155717e+02,4.591325926929986e+00,2.729465926683677e-06
2.081042947155717e+02,4.591291039178569e+00,2.729480785753207e-06
2.081542947155717e+02,4.591256167688178e+00,2.729495636274020e-06
2.082042947155717e+02,4.591221312447542e+00,2.729510478989966e-06
2.082542947155717e+02,4.591186473445312e+00,2.729525314322928e-06
2.083042947155718e+02,4.591151650670165e+00,2.729540142639280e-06
2.083542947155718e+02,4.591116844110842e+00,2.729554965682073e-06
2.084042947155718e+02,4.591082053755991e+00,2.729569783628943e-06
2.084542947155718e+02,4.591047279594265e+00,2.729584594215034e-06
2.085042947155718e+02,4.591012521614398e+00,2.729599396874133e-06
2.085542947155718e+02,4.590977779805177e+00,2.729614192316781e-06
2.086042947155718e+02,4.590943054155300e+00,2.729628980953763e-06
2.086542947155718e+02,4.590908344653458e+00,2.729643762307682e-06
2.087042947155718e+02,4.590873651288454e+00,2.729658535956652e-06
2.087542947155719e+02,4.590838974049047e+00,2.729673302322560e-06
2.088042947155719e+02,4.590804312923954e+00,2.729688063270580e-06
2.088542947155719e+02,4.590769667901925e+00,2.729702817301909e-06
2.089042947155719e+02,4.590735038971768e+00,2.729717563228612e-06
2.089542947155719e+02,4.590700426122287e+00,2.729732303792936e-06
2.090042947155719e+02,4.590665829342258e+00,2.729747037540491e-06
2.090542947155719e+02,4.590631248620488e+00,2.729761764271438e-06
2.091042947155719e+02,4.590596683945736e+00,2.729776484563090e-06
2.091542947155720e+02,4.590562135306816e+00,2.729791196805625e-06
2.092042947155720e+02,4.590527602692596e+00,2.729805902353516e-06
2.092542947155720e+02,4.590493086091867e+00,2.729820601406601e-06
2.093042947155720e+02,4.590458585493471e+00,2.729835293576305e-06
2.093542947155720e+02,4.590424100886307e+00,2.729849979373327e-06
2.094042947155720e+02,4.590389632259196e+00,2.729864657165642e-06
2.094542947155720e+02,4.590355179600962e+00,2.729879327053169e-06
2.095042947155720e+02,4.590320742900484e+00,2.729893992510907e-06
2.095542947155720e+02,4.590286322146625e+00,2.729908652417528e-06
2.096042947155721e+02,4.590251917328314e+00,2.729923304785736e-06
2.096542947155721e+02,4.590217528434460e+00,2.729937950326072e-06
2.097042947155721e+02,4.590183155453928e+00,2.729952587650757e-06
2.097542947155721e+02,4.590148798375613e+00,2.729967218280799e-06
2.098042947155721e+02,4.590114457188405e+00,2.729981843526257e-06
2.098542947155721e+02,4.590080131881250e+00,2.729996462132583e-06
2.099042947155721e+02,4.590045822443101e+00,2.730011073367028e-06
2.099542947155721e+02,4.590011528862874e+00,2.730025676208186e-06
2.100042947155721e+02,4.589977251129516e+00,2.730040271999428e-06
2.100542947155722e+02,4.589942989231989e+00,2.730054862894587e-06
2.101042947155722e+02,4.589908743159226e+00,2.730069448593902e-06
2.101542947155722e+02,4.589874512900197e+00,2.730084026765905e-06
2.102042947155722e+02,4.589840298443932e+00,2.730098596744462e-06
2.102542947155722e+02,4.589806099779387e+00,2.730113158884844e-06
2.103042947155722e+02,4.589771916895503e+00,2.730127713919799e-06
2.103542947155722e+02,4.589737749781308e+00,2.730142263670093e-06
2.104042947155722e+02,4.589703598425842e+00,2.730156807525102e-06
2.104542947155722e+02,4.589669462818110e+00,2.730171345007431e-06
2.105042947155723e+02,4.589635342947084e+00,2.730185875872831e-06
2.105542947155723e+02,4.589601238801809e+00,2.730200398533683e-06
2.106042947155723e+02,4.589567150371358e+00,2.730214915710033e-06
2.106542947155723e+02,4.589533077644747e+00,2.730229427801561e-06
2.107042947155723e+02,4.589499020611021e+00,2.730243932165937e-06
2.107542947155723e+02,4.589464979259267e+00,2.730258428836468e-06
2.108042947155723e+02,4.589430953578517e+00,2.730272918634718e-06
2.108542947155723e+02,4.589396943557838e+00,2.730287402604298e-06
2.109042947155723e+02,4.589362949186357e+00,2.730301879224200e-06
2.109542947155724e+02,4.589328970453171e+00,2.730316347806088e-06
2.110042947155724e+02,4.589295007347351e+00,2.730330809648923e-06
2.110542947155724e+02,4.589261059857970e+00,2.730345264741601e-06
2.111042947155724e+02,4.589227127974153e+00,2.730359714649538e-06
2.111542947155724e+02,4.589193211685057e+00,2.730374160527365e-06
2.112042947155724e+02,4.589159310979792e+00,2.730388598611427e-06
2.112542947155724e+02,4.589125425847468e+00,2.730403028346611e-06
2.113042947155724e+02,4.589091556277237e+00,2.730417452608396e-06
2.113542947155725e+02,4.589057702258270e+00,2.730431869964594e-06
2.114042947155725e+02,4.589023863779748e+00,2.730446280992520e-06
2.114542947155725e+02,4.588990040830802e+00,2.730460686280594e-06
2.115042947155725e+02,4.588956233400558e+00,2.730475082575861e-06
2.115542947155725e+02,4.588922441478226e+00,2.730489472165381e-06
2.116042947155725e+02,4.588888665053016e+00,2.730503857347316e-06
2.116542947155725e+02,4.588854904114130e+00,2.730518234346906e-06
2.117042947155725e+02,4.588821158650774e+00,2.730532603985719e-06
2.117542947155725e+02,4.588787428652126e+00,2.730546968883879e-06
2.118042947155726e+02,4.588753714107369e+00,2.730561325999375e-06
2.118542947155726e+02,4.588720015005760e+00,2.730575675631968e-06
2.119042947155726e+02,4.588686331336596e+00,2.730590019236050e-06
2.119542947155726e+02,4.588652663089096e+00,2.730604356645089e-06
2.120042947155726e+02,4.588619010252462e+00,2.730618690834479e-06
2.120542947155726e+02,4.588585372815951e+00,2.730633018684497e-06
2.121042947155726e+02,4.588551750768843e+00,2.730647337064312e-06
2.121542947155726e+02,4.588518144100394e+00,2.730661648871607e-06
2.122042947155726e+02,4.588484552799866e+00,2.730675953695599e-06
2.122542947155727e+02,4.588450976856549e+00,2.730690250326145e-06
2.123042947155727e+02,4.588417416259747e+00,2.730704541272349e-06
2.123542947155727e+02,4.588383870998794e+00,2.730718828954498e-06
2.124042947155727e+02,4.588350341062967e+00,2.730733109042721e-06
2.124542947155727e+02,4.588316826441566e+00,2.730747379938297e-06
2.125042947155727e+02,4.588283327123923e+00,2.730761646193141e-06
2.125542947155727e+02,4.588249843099359e+00,2.730775905176025e-06
2.126042947155727e+02,4.588216374357231e+00,2.730790155832235e-06
2.126542947155727e+02,4.588182920886868e+00,2.730804402458336e-06
2.127042947155728e+02,4.588149482677605e+00,2.730818644654648e-06
2.127542947155728e+02,4.588116059718809e+00,2.730832880100802e-06
2.128042947155728e+02,4.588082651999867e+00,2.730847107175876e-06
2.128542947155728e+02,4.588049259510154e+00,2.730861327067807e-06
2.129042947155728e+02,4.588015882239001e+00,2.730875541686178e-06
2.129542947155728e+02,4.587982520175840e+00,2.730889749676518e-06
2.130042947155728e+02,4.587949173310085e+00,2.730903951005520e-06
2.130542947155728e+02,4.587915841631101e+00,2.730918145173583e-06
2.131042947155728e+02,4.587882525128301e+00,2.730932330637497e-06
2.131542947155729e+02,4.587849223791087e+00,2.730946511283044e-06
2.132042947155729e+02,4.587815937608918e+00,2.730960687321166e-06
2.132542947155729e+02,4.587782666571241e+00,2.730974855598827e-06
2.133042947155729e+02,4.587749410667448e+00,2.730989017015311e-06
2.133542947155729e+02,4.587716169886998e+00,2.731003171748253e-06
2.134042947155729e+02,4.587682944219342e+00,2.731017320796852e-06
2.134542947155729e+02,4.587649733653953e+00,2.731031464072292e-06
2.135042947155729e+02,4.587616538180320e+00,2.731045600686394e-06
2.135542947155730e+02,4.587583357787887e+00,2.731059730383805e-06
2.136042947155730e+02,4.587550192466129e+00,2.731073854130422e-06
2.136542947155730e+02,4.587517042204547e+00,2.731087972725604e-06
2.137042947155730e+02,4.587483906992651e+00,2.731102084426301e-06
2.137542947155730e+02,4.587450786819939e+00,2.731116189310229e-06
2.138042947155730e+02,4.587417681675920e+00,2.731130287432897e-06
2.138542947155730e+02,4.587384591550124e+00,2.731144377262201e-06
2.139042947155730e+02,4.587351516432050e+00,2.731158461784638e-06
2.139542947155730e+02,4.587318456311260e+00,2.731172541599730e-06
2.140042947155731e+02,4.587285411177316e+00,2.731186614642461e-06
2.140542947155731e+02,4.587252381019730e+00,2.731200682156281e-06
2.141042947155731e+02,4.587219365828048e+00,2.731214744551974e-06
2.141542947155731e+02,4.587186365591855e+00,2.731228799686808e-06
2.142042947155731e+02,4.587153380300725e+00,2.731242846350639e-06
2.142542947155731e+02,4.587120409944216e+00,2.731256886786120e-06
2.143042947155731e+02,4.587087454511923e+00,2.731270921492851e-06
2.143542947155731e+02,4.587054513993436e+00,2.731284950548546e-06
2.144042947155731e+02,4.587021588378325e+00,2.731298972321177e-06
2.144542947155732e+02,4.586988677656264e+00,2.731312985933670e-06
2.145042947155732e+02,4.586955781816848e+00,2.731326994017252e-06
2.145542947155732e+02,4.586922900849638e+00,2.731340997682147e-06
2.146042947155732e+02,4.586890034744340e+00,2.731354995962459e-06
2.146542947155732e+02,4.586857183490582e+00,2.731368986382393e-06
2.147042947155732e+02,4.586824347077938e+00,2.731382969041867e-06
2.147542947155732e+02,4.586791525496082e+00,2.731396945883774e-06
2.148042947155732e+02,4.586758718734686e+00,2.731410917141258e-06
2.148542947155732e+02,4.586725926783377e+00,2.731424880371830e-06
2.149042947155733e+02,4.586693149631899e+00,2.731438836663507e-06
2.149542947155733e+02,4.586660387269942e+00,2.731452788603111e-06
2.150042947155733e+02,4.586627639687106e+00,2.731466735524507e-06
2.150542947155733e+02,4.586594906873129e+00,2.731480675951098e-06
2.151042947155733e+02,4.586562188817710e+00,2.731494608805968e-06
2.151542947155733e+02,4.586529485510513e+00,2.731508535388078e-06
2.152042947155733e+02,4.586496796941287e+00,2.731522456463481e-06
2.152542947155733e+02,4.586464123099766e+00,2.731536372898152e-06
2.153042947155733e+02,4.586431463975684e+00,2.731550282294009e-06
2.153542947155734e+02,4.586398819558783e+00,2.731564182919105e-06
2.154042947155734e+02,4.586366189838770e+00,2.731578077171520e-06
2.154542947155734e+02,4.586333574805368e+00,2.731591966228092e-06
2.155042947155734e+02,4.586300974448360e+00,2.731605851232349e-06
2.155542947155734e+02,4.586268388757515e+00,2.731619729630780e-06
2.156042947155734e+02,4.586235817722629e+00,2.731633599447186e-06
2.156542947155734e+02,4.586203261333475e+00,2.731647463579251e-06
2.157042947155734e+02,4.586170719579796e+00,2.731661322193507e-06
2.157542947155735e+02,4.586138192451401e+00,2.731675174423981e-06
2.158042947155735e+02,4.586105679938136e+00,2.731689020181854e-06
2.158542947155735e+02,4.586073182029789e+00,2.731702858734381e-06
2.159042947155735e+02,4.586040698716114e+00,2.731716692068858e-06
2.159542947155735e+02,4.586008229986953e+00,2.731730520951342e-06
2.160042947155735e+02,4.585975775832184e+00,2.731744341773606e-06
2.160542947155735e+02,4.585943336241629e+00,2.731758155723590e-06
2.161042947155735e+02,4.585910911205127e+00,2.731771963045542e-06
2.161542947155735e+02,4.585878500712498e+00,2.731785764250166e-06
2.162042947155736e+02,4.585846104753600e+00,2.731799560514297e-06
2.162542947155736e+02,4.585813723318308e+00,2.731813349772921e-06
2.163042947155736e+02,4.585781356396471e+00,2.731827134013337e-06
2.163542947155736e+02,4.585749003977969e+00,2.731840912336264e-06
2.164042947155736e+02,4.585716666052692e+00,2.731854684153285e-06
2.164542947155736e+02,4.585684342610545e+00,2.731868449864077e-06
2.165042947155736e+02,4.585652033641461e+00,2.731882209568564e-06
2.165542947155736e+02,4.585619739135311e+00,2.731895963399971e-06
2.166042947155736e+02,4.585587459081998e+00,2.731909708793684e-06
2.166542947155737e+02,4.585555193471455e+00,2.731923447270706e-06
2.167042947155737e+02,4.585522942293584e+00,2.731937181440064e-06
2.167542947155737e+02,4.585490705538339e+00,2.731950910524600e-06
2.168042947155737e+02,4.585458483195640e+00,2.731964633613931e-06
2.168542947155737e+02,4.585426275255402e+00,2.731978349342485e-06
2.169042947155737e+02,4.585394081707638e+00,2.731992057521520e-06
2.169542947155737e+02,4.585361902542346e+00,2.732005760227158e-06
2.170042947155737e+02,4.585329737749438e+00,2.732019458813867e-06
2.170542947155737e+02,4.585297587318865e+00,2.732033151993790e-06
2.171042947155738e+02,4.585265451240653e+00,2.732046837368846e-06
2.171542947155738e+02,4.585233329504762e+00,2.732060515838314e-06
2.172042947155738e+02,4.585201222101160e+00,2.732074189478312e-06
2.172542947155738e+02,4.585169129019934e+00,2.732087857367354e-06
2.173042947155738e+02,4.585137050251074e+00,2.732101518961433e-06
2.173542947155738e+02,4.585104985784522e+00,2.732115172928279e-06
2.174042947155738e+02,4.585072935610314e+00,2.732128821066454e-06
2.174542947155738e+02,4.585040899718548e+00,2.732142466384662e-06
2.175042947155738e+02,4.585008878099288e+00,2.732156104497524e-06
2.175542947155739e+02,4.584976870742501e+00,2.732169734183792e-06
2.176042947155739e+02,4.584944877638221e+00,2.732183357663915e-06
2.176542947155739e+02,4.584912898776561e+00,2.732196975681738e-06
2.177042947155739e+02,4.584880934147572e+00,2.732210588858991e-06
2.177542947155739e+02,4.584848983741298e+00,2.732224195774585e-06
2.178042947155739e+02,4.584817047547840e+00,2.732237795817899e-06
2.178542947155739e+02,4.584785125557280e+00,2.732251387778789e-06
2.179042947155739e+02,4.584753217759741e+00,2.732264974654858e-06
2.179542947155740e+02,4.584721324145322e+00,2.732278560021023e-06
2.180042947155740e+02,4.584689444704043e+00,2.732292137948694e-06
2.180542947155740e+02,4.584657579426056e+00,2.732305706084198e-06
2.181042947155740e+02,4.584625728301535e+00,2.732319269112676e-06
2.181542947155740e+02,4.584593891320563e+00,2.732332827766876e-06
2.182042947155740e+02,4.584562068473295e+00,2.732346380670120e-06
2.182542947155740e+02,4.584530259749880e+00,2.732359927178479e-06
2.183042947155740e+02,4.584498465140419e+00,2.732373466392673e-06
2.183542947155740e+02,4.584466684635095e+00,2.732387000111263e-06
2.184042947155741e+02,4.584434918224054e+00,2.732400528833850e-06
2.184542947155741e+02,4.584403165897466e+00,2.732414049984716e-06
2.185042947155741e+02,4.584371427645546e+00,2.732427566439338e-06
2.185542947155741e+02,4.584339703458427e+00,2.732441078619602e-06
2.186042947155741e+02,4.584307993326308e+00,2.732454583350269e-06
2.186542947155741e+02,4.584276297239397e+00,2.732468082385492e-06
2.187042947155741e+02,4.584244615187882e+00,2.732481575292283e-06
2.187542947155741e+02,4.584212947161991e+00,2.732495060960421e-06
2.188042947155741e+02,4.584181293151924e+00,2.732508541010831e-06
2.188542947155742e+02,4.584149653147884e+00,2.732522016320587e-06
2.189042947155742e+02,4.584118027140103e+00,2.732535485224357e-06
2.189542947155742e+02,4.584086415118854e+00,2.732548947255847e-06
2.190042947155742e+02,4.584054817074398e+00,2.732562403214417e-06
2.190542947155742e+02,4.584023232996954e+00,2.732575852278501e-06
2.191042947155742e+02,4.583991662876755e+00,2.732589295802573e-06
2.191542947155742e+02,4.583960106704066e+00,2.732602734552686e-06
2.192042947155742e+02,4.583928564469159e+00,2.732616166419416e-06
2.192542947155742e+02,4.583897036162331e+00,2.732629592268737e-06
2.193042947155743e+02,4.583865521773855e+00,2.732643013754882e-06
2.193542947155743e+02,4.583834021294021e+00,2.732656429689912e-06
2.194042947155743e+02,4.583802534713150e+00,2.732669839796270e-06
2.194542947155743e+02,4.583771062021515e+00,2.732683242808303e-06
2.195042947155743e+02,4.583739603209453e+00,2.732696638825932e-06
2.195542947155743e+02,4.583708158267234e+00,2.732710030702429e-06
2.196042947155743e+02,4.583676727185162e+00,2.732723416650334e-06
2.196542947155743e+02,4.583645309953661e+00,2.732736795048724e-06
2.197042947155743e+02,4.583613906563043e+00,2.732750166408299e-06
2.197542947155744e+02,4.583582517003610e+00,2.732763532982813e-06
2.198042947155744e+02,4.583551141265711e+00,2.732776895194150e-06
2.198542947155744e+02,4.583519779339730e+00,2.732790251576817e-06
2.199042947155744e+02,4.583488431216041e+00,2.732803601886563e-06
2.199542947155744e+02,4.583457096884998e+00,2.732816945568278e-06
2.200042947155744e+02,4.583425776336979e+00,2.732830286041449e-06
2.200542947155744e+02,4.583394469562366e+00,2.732843620319575e-06
2.201042947155744e+02,4.583363176551526e+00,2.732856946071188e-06
2.201542947155745e+02,4.583331897294898e+00,2.732870266604753e-06
2.202042947155745e+02,4.583300631782921e+00,2.732883580932172e-06
2.202542947155745e+02,4.583269380005937e+00,2.732896889775088e-06
2.203042947155745e+02,4.583238141954350e+00,2.732910193444365e-06
2.203542947155745e+02,4.583206917618607e+00,2.732923489786171e-06
2.204042947155745e+02,4.583175706989128e+00,2.732936781920231e-06
2.204542947155745e+02,4.583144510056353e+00,2.732950070046386e-06
2.205042947155745e+02,4.583113326810765e+00,2.732963349745948e-06
2.205542947155745e+02,4.583082157242790e+00,2.732976622728661e-06
2.206042947155746e+02,4.583051001342867e+00,2.732989891625753e-06
2.206542947155746e+02,4.583019859101488e+00,2.733003154516539e-06
2.207042947155746e+02,4.582988730509118e+00,2.733016407604055e-06
2.207542947155746e+02,4.582957615556240e+00,2.733029655873203e-06
2.208042947155746e+02,4.582926514233333e+00,2.733042900900501e-06
2.208542947155746e+02,4.582895426530868e+00,2.733056139277562e-06
2.209042947155746e+02,4.582864352439357e+00,2.733069371992486e-06
2.209542947155746e+02,4.582833291949306e+00,2.733082599145192e-06
2.210042947155746e+02,4.582802245051179e+00,2.733095821712678e-06
2.210542947155747e+02,4.582771211735509e+00,2.733109038196141e-06
2.211042947155747e+02,4.582740191992860e+00,2.733122248240311e-06
2.211542947155747e+02,4.582709185813776e+00,2.733135452344787e-06
2.212042947155747e+02,4.582678193188779e+00,2.733148652563483e-06
2.212542947155747e+02,4.582647214108369e+00,2.733161847475313e-06
2.213042947155747e+02,4.582616248563121e+00,2.733175034526764e-06
2.213542947155747e+02,4.582585296543574e+00,2.733188215560805e-06
2.214042947155747e+02,4.582554358040296e+00,2.733201391276879e-06
2.214542947155747e+02,4.582523433043894e+00,2.733214560664681e-06
2.215042947155748e+02,4.582492521544903e+00,2.733227723757520e-06
2.215542947155748e+02,4.582461623533914e+00,2.733240882775839e-06
2.216042947155748e+02,4.582430739001536e+00,2.733254036942484e-06
2.216542947155748e+02,4.582399867938348e+00,2.733267183737248e-06
2.217042947155748e+02,4.582369010334942e+00,2.733280324336967e-06
2.217542947155748e+02,4.582338166181897e+00,2.733293460418079e-06
2.218042947155748e+02,4.582307335469868e+00,2.733306590182022e-06
2.218542947155748e+02,4.582276518189508e+00,2.733319714228316e-06
2.219042947155748e+02,4.582245714331415e+00,2.733332832978846e-06
2.219542947155749e+02,4.582214923886217e+00,2.733345946045035e-06
2.220042947155749e+02,4.582184146844544e+00,2.733359053993095e-06
2.220542947155749e+02,4.582153383197073e+00,2.733372155013364e-06
2.221042947155749e+02,4.582122632934453e+00,2.733385248839387e-06
2.221542947155749e+02,4.582091896047332e+00,2.733398336570286e-06
2.222042947155749e+02,4.582061172526385e+00,2.733411419593840e-06
2.222542947155749e+02,4.582030462362241e+00,2.733424498664999e-06
2.223042947155749e+02,4.581999765545602e+00,2.733437572318270e-06
2.223542947155750e+02,4.581969082067200e+00,2.733450640475937e-06
2.224042947155750e+02,4.581938411917688e+00,2.733463702638400e-06
2.224542947155750e+02,4.581907755087765e+00,2.733476758372672e-06
2.225042947155750e+02,4.581877111568167e+00,2.733489808078432e-06
2.225542947155750e+02,4.581846481349579e+00,2.733502852421816e-06
2.226042947155750e+02,4.581815864422708e+00,2.733515891302901e-06
2.226542947155750e+02,4.581785260778320e+00,2.733528923955636e-06
2.227042947155750e+02,4.581754670407137e+00,2.733541949613966e-06
2.227542947155750e+02,4.581724093299854e+00,2.733554970387314e-06
2.228042947155751e+02,4.581693529447232e+00,2.733567986153557e-06
2.228542947155751e+02,4.581662978840082e+00,2.733580995635936e-06
2.229042947155751e+02,4.581632441469107e+00,2.733594001376865e-06
2.229542947155751e+02,4.581601917325015e+00,2.733607000134491e-06
2.230042947155751e+02,4.581571406398645e+00,2.733619991287090e-06
2.230542947155751e+02,4.581540908680811e+00,2.733632977876671e-06
2.231042947155751e+02,4.581510424162239e+00,2.733645960225200e-06
2.231542947155751e+02,4.581479952833710e+00,2.733658937333477e-06
2.232042947155751e+02,4.581449494686054e+00,2.733671908113483e-06
2.232542947155752e+02,4.581419049710060e+00,2.733684874374881e-06
2.233042947155752e+02,4.581388617896518e+00,2.733697835362719e-06
2.233542947155752e+02,4.581358199236290e+00,2.733710788978677e-06
2.234042947155752e+02,4.581327793720180e+00,2.733723737154542e-06
2.234542947155752e+02,4.581297401338978e+00,2.733736680778493e-06
2.235042947155752e+02,4.581267022083519e+00,2.733749620139186e-06
2.235542947155752e+02,4.581236655944663e+00,2.733762553771129e-06
2.236042947155752e+02,4.581206302913261e+00,2.733775480530792e-06
2.236542947155752e+02,4.581175962980187e+00,2.733788401617215e-06
2.237042947155753e+02,4.581145636136295e+00,2.733801316930478e-06
2.237542947155753e+02,4.581115322372412e+00,2.733814224239034e-06
2.238042947155753e+02,4.581085021679407e+00,2.733827123864846e-06
2.238542947155753e+02,4.581054734048212e+00,2.733840020404238e-06
2.239042947155753e+02,4.581024459469711e+00,2.733852913157769e-06
2.239542947155753e+02,4.580994197934732e+00,2.733865800571128e-06
2.240042947155753e+02,4.580963949434170e+00,2.733878682932972e-06
2.240542947155753e+02,4.580933713958994e+00,2.733891559788110e-06
2.241042947155753e+02,4.580903491500131e+00,2.733904431203155e-06
2.241542947155754e+02,4.580873282048419e+00,2.733917296989369e-06
2.242042947155754e+02,4.580843085594799e+00,2.733930156591641e-06
2.242542947155754e+02,4.580812902130258e+00,2.733943010431855e-06
2.243042947155754e+02,4.580782731645691e+00,2.733955859431497e-06
2.243542947155754e+02,4.580752574132005e+00,2.733968702269402e-06
2.244042947155754e+02,4.580722429580154e+00,2.733981539089897e-06
2.244542947155754e+02,4.580692297981134e+00,2.733994370836673e-06
2.245042947155754e+02,4.580662179325930e+00,2.734007196932414e-06
2.245542947155755e+02,4.580632073605464e+00,2.734020016067057e-06
2.246042947155755e+02,4.580601980810676e+00,2.734032830716398e-06
2.246542947155755e+02,4.580571900932583e+00,2.734045642157196e-06
2.247042947155755e+02,4.580541833962209e+00,2.734058447847038e-06
2.247542947155755e+02,4.580511779890495e+00,2.734071247475062e-06
2.248042947155755e+02,4.580481738708408e+00,2.734084040186396e-06
2.248542947155755e+02,4.580451710407023e+00,2.734096827657478e-06
2.249042947155755e+02,4.580421694977344e+00,2.734109610709873e-06
2.249542947155755e+02,4.580391692410347e+00,2.734122388455401e-06
2.250042947155756e+02,4.580361702697085e+00,2.734135160993983e-06
2.250542947155756e+02,4.580331725828585e+00,2.734147927925939e-06
2.251042947155756e+02,4.580301761795872e+00,2.734160688696157e-06
2.251542947155756e+02,4.580271810589967e+00,2.734173443060390e-06
2.252042947155756e+02,4.580241872201920e+00,2.734186191640358e-06
2.252542947155756e+02,4.580211946622832e+00,2.734198935313142e-06
2.253042947155756e+02,4.580182033843745e+00,2.734211674755976e-06
2.253542947155756e+02,4.580152133855699e+00,2.734224408725410e-06
2.254042947155756e+02,4.580122246649776e+00,2.734237137776557e-06
2.254542947155757e+02,4.580092372217085e+00,2.734249860932419e-06
2.255042947155757e+02,4.580062510548733e+00,2.734262576594276e-06
2.255542947155757e+02,4.580032661635775e+00,2.734275286016680e-06
2.256042947155757e+02,4.580002825469281e+00,2.734287992397072e-06
2.256542947155757e+02,4.579973002040366e+00,2.734300694647435e-06
2.257042947155757e+02,4.579943191340135e+00,2.734313389448201e-06
2.257542947155757e+02,4.579913393359727e+00,2.734326079042021e-06
2.258042947155757e+02,4.579883608090282e+00,2.734338763473304e-06
2.258542947155757e+02,4.579853835522901e+00,2.734351441232147e-06
2.259042947155758e+02,4.579824075648710e+00,2.734364115782445e-06
2.259542947155758e+02,4.579794328458838e+00,2.734376786935461e-06
2.260042947155758e+02,4.579764593944458e+00,2.734389450827618e-06
2.260542947155758e+02,4.579734872096736e+00,2.734402108558037e-06
2.261042947155758e+02,4.579705162906822e+00,2.734414760259946e-06
2.261542947155758e+02,4.579675466365889e+00,2.734427407376632e-06
2.262042947155758e+02,4.579645782465060e+00,2.734440049197556e-06
2.262542947155758e+02,4.579616111195532e+00,2.734452684012972e-06
2.263042947155758e+02,4.579586452548559e+00,2.734465313643647e-06
2.263542947155759e+02,4.579556806515289e+00,2.734477938566976e-06
2.264042947155759e+02,4.579527173086882e+00,2.734490558605324e-06
2.264542947155759e+02,4.579497552254555e+00,2.734503172581854e-06
2.265042947155759e+02,4.579467944009527e+00,2.734515781995367e-06
2.265542947155759e+02,4.579438348343032e+00,2.734528385813356e-06
2.266042947155759e+02,4.579408765246265e+00,2.734540982226158e-06
2.266542947155759e+02,4.579379194710426e+00,2.734553573154458e-06
2.267042947155759e+02,4.579349636726785e+00,2.734566161173974e-06
2.267542947155760e+02,4.579320091286585e+00,2.734578745685184e-06
2.268042947155760e+02,4.579290558381060e+00,2.734591323113173e-06
2.268542947155760e+02,4.579261038001457e+00,2.734603895156579e-06
2.269042947155760e+02,4.579231530139063e+00,2.734616462392719e-06
2.269542947155760e+02,4.579202034785110e+00,2.734629024577345e-06
2.270042947155760e+02,4.579172551930824e+00,2.734641580711256e-06
2.270542947155760e+02,4.579143081567566e+00,2.734654130128317e-06
2.271042947155760e+02,4.579113623686618e+00,2.734666674815828e-06
2.271542947155760e+02,4.579084178279204e+00,2.734679213807895e-06
2.272042947155761e+02,4.579054745336630e+00,2.734691748792056e-06
2.272542947155761e+02,4.579025324850194e+00,2.734704279168793e-06
2.273042947155761e+02,4.578995916811226e+00,2.734716801951604e-06
2.273542947155761e+02,4.578966521211061e+00,2.734729319383139e-06
2.274042947155761e+02,4.578937138040986e+00,2.734741833206450e-06
2.274542947155761e+02,4.578907767292318e+00,2.734754341678486e-06
2.275042947155761e+02,4.578878408956381e+00,2.734766845221132e-06
2.275542947155761e+02,4.578849063024490e+00,2.734779343912103e-06
2.276042947155761e+02,4.578819729488023e+00,2.734791836963141e-06
2.276542947155762e+02,4.578790408338349e+00,2.734804324651802e-06
2.277042947155762e+02,4.578761099566814e+00,2.734816806278645e-06
2.277542947155762e+02,4.578731803164750e+00,2.734829282321066e-06
2.278042947155762e+02,4.578702519123507e+00,2.734841753511813e-06
2.278542947155762e+02,4.578673247434471e+00,2.734854219417898e-06
2.279042947155762e+02,4.578643988089041e+00,2.734866679595232e-06
2.279542947155762e+02,4.578614741078629e+00,2.734879133555318e-06
2.280042947155762e+02,4.578585506394600e+00,2.734891582064209e-06
2.280542947155762e+02,4.578556284028298e+00,2.734904027309043e-06
2.281042947155763e+02,4.578527073971161e+00,2.734916468401644e-06
2.281542947155763e+02,4.578497876214623e+00,2.734928903510142e-06
2.282042947155763e+02,4.578468690750064e+00,2.734941332645641e-06
2.282542947155763e+02,4.578439517568921e+00,2.734953756218922e-06
2.283042947155763e+02,4.578410356662594e+00,2.734966172975434e-06
2.283542947155763e+02,4.578381208022518e+00,2.734978584447285e-06
2.284042947155763e+02,4.578352071640172e+00,2.734990992532954e-06
2.284542947155763e+02,4.578322947506982e+00,2.735003395678132e-06
2.285042947155763e+02,4.578293835614390e+00,2.735015792972434e-06
2.285542947155764e+02,4.578264735953834e+00,2.735028183472171e-06
2.286042947155764e+02,4.578235648516764e+00,2.735040570519115e-06
2.286542947155764e+02,4.578206573294709e+00,2.735052955056955e-06
2.287042947155764e+02,4.578177510279132e+00,2.735065333066683e-06
2.287542947155764e+02,4.578148459461484e+00,2.735077705036798e-06
2.288042947155764e+02,4.578119420833254e+00,2.735090071711149e-06
2.288542947155764e+02,4.578090394385912e+00,2.735102432212661e-06
2.289042947155764e+02,4.578061380110964e+00,2.735114788462018e-06
2.289542947155765e+02,4.578032377999931e+00,2.735127140681265e-06
2.290042947155765e+02,4.578003388044349e+00,2.735139486960819e-06
2.290542947155765e+02,4.577974410235704e+00,2.735151826967614e-06
2.291042947155765e+02,4.577945444565469e+00,2.735164160790465e-06
2.291542947155765e+02,4.577916491025218e+00,2.735176490938479e-06
2.292042947155765e+02,4.577887549606494e+00,2.735188817889050e-06
2.292542947155765e+02,4.577858620300829e+00,2.735201137523252e-06
2.293042947155765e+02,4.577829703099773e+00,2.735213450385093e-06
2.293542947155765e+02,4.577800797994833e+00,2.735225759505483e-06
2.294042947155766e+02,4.577771904977596e+00,2.735238065650475e-06
2.294542947155766e+02,4.577743024039647e+00,2.735250366965997e-06
2.295042947155766e+02,4.577714155172519e+00,2.735262662064270e-06
2.295542947155766e+02,4.577685298367785e+00,2.735274951189542e-06
2.296042947155766e+02,4.577656453617033e+00,2.735287234519451e-06
2.296542947155766e+02,4.577627620911841e+00,2.735299512686823e-06
2.297042947155766e+02,4.577598800243791e+00,2.735311785502920e-06
2.297542947155766e+02,4.577569991604527e+00,2.735324053112071e-06
2.298042947155766e+02,4.577541194985649e+00,2.735336316446863e-06
2.298542947155767e+02,4.577512410378743e+00,2.735348575240842e-06
2.299042947155767e+02,4.577483637775406e+00,2.735360828838978e-06
2.299542947155767e+02,4.577454877167231e+00,2.735373076275377e-06
2.300042947155767e+02,4.577426128545887e+00,2.735385317772082e-06
2.300542947155767e+02,4.577397391903046e+00,2.735397555005531e-06
2.301042947155767e+02,4.577368667230317e+00,2.735409788486426e-06
2.301542947155767e+02,4.577339954519299e+00,2.735422017193362e-06
2.302042947155767e+02,4.577311253761650e+00,2.735434239771867e-06
2.302542947155767e+02,4.577282564949062e+00,2.735446457520902e-06
2.303042947155768e+02,4.577253888073176e+00,2.735458670185115e-06
2.303542947155768e+02,4.577225223125672e+00,2.735470877464747e-06
2.304042947155768e+02,4.577196570098255e+00,2.735483080658757e-06
2.304542947155768e+02,4.577167928982543e+00,2.735495279067707e-06
2.305042947155768e+02,4.577139299770204e+00,2.735507471281612e-06
2.305542947155768e+02,4.577110682452952e+00,2.735519657888891e-06
2.306042947155768e+02,4.577082077022517e+00,2.735531839100486e-06
2.306542947155768e+02,4.577053483470615e+00,2.735544015649144e-06
2.307042947155769e+02,4.577024901788908e+00,2.735556189211302e-06
2.307542947155769e+02,4.576996331969081e+00,2.735568355712442e-06
2.308042947155769e+02,4.576967774002886e+00,2.735580516817898e-06
2.308542947155769e+02,4.576939227882078e+00,2.735592676002668e-06
2.309042947155769e+02,4.576910693598350e+00,2.735604828259647e-06
2.309542947155769e+02,4.576882171143427e+00,2.735616974621341e-06
2.310042947155769e+02,4.576853660509064e+00,2.735629116841904e-06
2.310542947155769e+02,4.576825161687067e+00,2.735641252745297e-06
2.311042947155769e+02,4.576796674669178e+00,2.735653384429843e-06
2.311542947155770e+02,4.576768199447073e+00,2.735665511828927e-06
2.312042947155770e+02,4.576739736012528e+00,2.735677633088479e-06
2.312542947155770e+02,4.576711284357335e+00,2.735689748363929e-06
2.313042947155770e+02,4.576682844473281e+00,2.735701858743295e-06
2.313542947155770e+02,4.576654416352179e+00,2.735713966002934e-06
2.314042947155770e+02,4.576625999985798e+00,2.735726068577433e-06
2.314542947155770e+02,4.576597595365902e+00,2.735738165323259e-06
2.315042947155770e+02,4.576569202484312e+00,2.735750257350639e-06
2.315542947155770e+02,4.576540821332849e+00,2.735762344781695e-06
2.316042947155771e+02,4.576512451903266e+00,2.735774425262755e-06
2.316542947155771e+02,4.576484094187400e+00,2.735786500381437e-06
2.317042947155771e+02,4.576455748177118e+00,2.735798573834786e-06
2.317542947155771e+02,4.576427413864228e+00,2.735810641648201e-06
2.318042947155771e+02,4.576399091240557e+00,2.735822702445007e-06
2.318542947155771e+02,4.576370780297896e+00,2.735834758079275e-06
2.319042947155771e+02,4.576342481028124e+00,2.735846807962589e-06
2.319542947155771e+02,4.576314193423147e+00,2.735858854015633e-06
2.320042947155771e+02,4.576285917474761e+00,2.735870895883136e-06
2.320542947155772e+02,4.576257653174828e+00,2.735882931622208e-06
2.321042947155772e+02,4.576229400515252e+00,2.735894963142432e-06
2.321542947155772e+02,4.576201159487900e+00,2.735906991520726e-06
2.322042947155772e+02,4.576172930084648e+00,2.735919014414518e-06
2.322542947155772e+02,4.576144712297359e+00,2.735931031135469e-06
2.323042947155772e+02,4.576116506117908e+00,2.735943042782702e-06
2.323542947155772e+02,4.576088311538179e+00,2.735955049200784e-06
2.324042947155772e+02,4.576060128550085e+00,2.735967052110561e-06
2.324542947155772e+02,4.576031957145608e+00,2.735979051167864e-06
2.325042947155773e+02,4.576003797316618e+00,2.735991044407598e-06
2.325542947155773e+02,4.575975649054990e+00,2.736003031396778e-06
2.326042947155773e+02,4.575947512352703e+00,2.736015013290033e-06
2.326542947155773e+02,4.575919387201646e+00,2.736026991786006e-06
2.327042947155773e+02,4.575891273593756e+00,2.736038965130544e-06
2.327542947155773e+02,4.575863171521016e+00,2.736050931480677e-06
2.328042947155773e+02,4.575835080975341e+00,2.736062893334407e-06
2.328542947155773e+02,4.575807001948679e+00,2.736074852279352e-06
2.329042947155774e+02,4.575778934432981e+00,2.736086806050659e-06
2.329542947155774e+02,4.575750878420219e+00,2.736098754348565e-06
2.330042947155774e+02,4.575722833902382e+00,2.736110696595757e-06
2.330542947155774e+02,4.575694800871448e+00,2.736122632647903e-06
2.331042947155774e+02,4.575666779319368e+00,2.736134564425691e-06
2.331542947155774e+02,4.575638769238108e+00,2.736146493350206e-06
2.332042947155774e+02,4.575610770619677e+00,2.736158420009865e-06
2.332542947155774e+02,4.575582783456090e+00,2.736170340252437e-06
2.333042947155774e+02,4.575554807739359e+00,2.736182253267455e-06
2.333542947155775e+02,4.575526843461462e+00,2.736194161863786e-06
2.334042947155775e+02,4.575498890614396e+00,2.736206065985919e-06
2.334542947155775e+02,4.575470949190203e+00,2.736217966666360e-06
2.335042947155775e+02,4.575443019180903e+00,2.736229862606149e-06
2.335542947155775e+02,4.575415100578545e+00,2.736241752073337e-06
2.336042947155775e+02,4.575387193375188e+00,2.736253636722158e-06
2.336542947155775e+02,4.575359297562839e+00,2.736265517307562e-06
2.337042947155775e+02,4.575331413133517e+00,2.736277392896963e-06
2.337542947155775e+02,4.575303540079299e+00,2.736289262435648e-06
2.338042947155776e+02,4.575275678392261e+00,2.736301126945023e-06
2.338542947155776e+02,4.575247828064451e+00,2.736312987912787e-06
2.339042947155776e+02,4.575219989087905e+00,2.736324844406352e-06
2.339542947155776e+02,4.575192161454728e+00,2.736336695193370e-06
2.340042947155776e+02,4.575164345157027e+00,2.736348541539496e-06
2.340542947155776e+02,4.575136540186845e+00,2.736360382223485e-06
2.341042947155776e+02,4.575108746536271e+00,2.736372216890065e-06
2.341542947155776e+02,4.575080964197415e+00,2.736384049558244e-06
2.342042947155776e+02,4.575053193162383e+00,2.736395878207415e-06
2.342542947155777e+02,4.575025433423296e+00,2.736407699307070e-06
2.343042947155777e+02,4.574997684972244e+00,2.736419514800098e-06
2.343542947155777e+02,4.574969947801327e+00,2.736431327273320e-06
2.344042947155777e+02,4.574942221902664e+00,2.736443135316752e-06
2.344542947155777e+02,4.574914507268433e+00,2.736454937198446e-06
2.345042947155777e+02,4.574886803890768e+00,2.736466734927906e-06
2.345542947155777e+02,4.574859111761734e+00,2.736478528649461e-06
2.346042947155777e+02,4.574831430873521e+00,2.736490317863511e-06
2.346542947155777e+02,4.574803761218324e+00,2.736502101393218e-06
2.347042947155778e+02,4.574776102788290e+00,2.736513878539143e-06
2.347542947155778e+02,4.574748455575547e+00,2.736525652154559e-06
2.348042947155778e+02,4.574720819572246e+00,2.736537422528124e-06
2.348542947155778e+02,4.574693194770602e+00,2.736549187617026e-06
2.349042947155778e+02,4.574665581162789e+00,2.736560947276939e-06
2.349542947155778e+02,4.574637978740951e+00,2.736572702673595e-06
2.350042947155778e+02,4.574610387497299e+00,2.736584453584950e-06
2.350542947155778e+02,4.574582807424058e+00,2.736596198523306e-06
2.351042947155779e+02,4.574555238513374e+00,2.736607939065178e-06
2.351542947155779e+02,4.574527680757451e+00,2.736619675465918e-06
2.352042947155779e+02,4.574500134148547e+00,2.736631405216422e-06
2.352542947155779e+02,4.574472598678880e+00,2.736643130614852e-06
2.353042947155779e+02,4.574445074340635e+00,2.736654853037884e-06
2.353542947155779e+02,4.574417561126020e+00,2.736666569610041e-06
2.354042947155779e+02,4.574390059027352e+00,2.736678282318622e-06
2.354542947155779e+02,4.574362568036851e+00,2.736689991452285e-06
2.355042947155779e+02,4.574335088146674e+00,2.736701693436112e-06
2.355542947155780e+02,4.574307619349113e+00,2.736713390346218e-06
2.356042947155780e+02,4.574280161636451e+00,2.736725084536279e-06
2.356542947155780e+02,4.574252715000933e+00,2.736736774174425e-06
2.357042947155780e+02,4.574225279434827e+00,2.736748456962496e-06
2.357542947155780e+02,4.574197854930367e+00,2.736760133833077e-06
2.358042947155780e+02,4.574170441479849e+00,2.736771808638644e-06
2.358542947155780e+02,4.574143039075598e+00,2.736783481068333e-06
2.359042947155780e+02,4.574115647709853e+00,2.736795146770071e-06
2.359542947155780e+02,4.574088267374906e+00,2.736806809052322e-06
2.360042947155781e+02,4.574060898063065e+00,2.736818466194241e-06
2.360542947155781e+02,4.574033539766632e+00,2.736830115020589e-06
2.361042947155781e+02,4.574006192477937e+00,2.736841759339431e-06
2.361542947155781e+02,4.573978856189266e+00,2.736853400216582e-06
2.362042947155781e+02,4.573951530892916e+00,2.736865037574327e-06
2.362542947155781e+02,4.573924216581261e+00,2.736876669913863e-06
2.363042947155781e+02,4.573896913246625e+00,2.736888298556356e-06
2.363542947155781e+02,4.573869620881290e+00,2.736899922291663e-06
2.364042947155781e+02,4.573842339477617e+00,2.736911541075377e-06
2.364542947155782e+02,4.573815069027961e+00,2.736923155462606e-06
2.365042947155782e+02,4.573787809524673e+00,2.736934762988658e-06
2.365542947155782e+02,4.573760560960151e+00,2.736946366340271e-06
2.366042947155782e+02,4.573733323326731e+00,2.736957966572156e-06
2.366542947155782e+02,4.573706096616726e+00,2.736969561141905e-06
2.367042947155782e+02,4.573678880822559e+00,2.736981151181944e-06
2.367542947155782e+02,4.573651675936585e+00,2.736992738279892e-06
2.368042947155782e+02,4.573624481951176e+00,2.737004319948849e-06
2.368542947155782e+02,4.573597298858768e+00,2.737015894767730e-06
2.369042947155783e+02,4.573570126651736e+00,2.737027465223435e-06
2.369542947155783e+02,4.573542965322473e+00,2.737039032703742e-06
2.370042947155783e+02,4.573515814863361e+00,2.737050595787566e-06
2.370542947155783e+02,4.573488675266791e+00,2.737062153708852e-06
2.371042947155783e+02,4.573461546525241e+00,2.737073707011611e-06
2.371542947155783e+02,4.573434428631142e+00,2.737085256217647e-06
2.372042947155783e+02,4.573407321576854e+00,2.737096801859867e-06
2.372542947155783e+02,4.573380225354803e+00,2.737108341606803e-06
2.373042947155784e+02,4.573353139957464e+00,2.737119874259414e-06
2.373542947155784e+02,4.573326065377280e+00,2.737131403259391e-06
2.374042947155784e+02,4.573299001606671e+00,2.737142930838282e-06
2.374542947155784e+02,4.573271948638073e+00,2.737154453609908e-06
2.375042947155784e+02,4.573244906463971e+00,2.737165968243599e-06
2.375542947155784e+02,4.573217875076846e+00,2.737177476715552e-06
2.376042947155784e+02,4.573190854469169e+00,2.737188982089983e-06
2.376542947155784e+02,4.573163844633375e+00,2.737200486198760e-06
2.377042947155784e+02,4.573136845561910e+00,2.737211986355143e-06
2.377542947155785e+02,4.573109857247314e+00,2.737223480405299e-06
2.378042947155785e+02,4.573082879682079e+00,2.737234969637087e-06
2.378542947155785e+02,4.573055912858663e+00,2.737246453262249e-06
2.379042947155785e+02,4.573028956769571e+00,2.737257930870002e-06
2.379542947155785e+02,4.573002011407313e+00,2.737269404969450e-06
2.380042947155785e+02,4.572975076764417e+00,2.737280877547893e-06
2.380542947155785e+02,4.572948152833384e+00,2.737292345430093e-06
2.381042947155785e+02,4.572921239606699e+00,2.737303805263175e-06
2.381542947155785e+02,4.572894337076920e+00,2.737315260777490e-06
2.382042947155786e+02,4.572867445236604e+00,2.737326713804905e-06
2.382542947155786e+02,4.572840564078251e+00,2.737338162402531e-06
2.383042947155786e+02,4.572813693594371e+00,2.737349605937540e-06
2.383542947155786e+02,4.572786833777535e+00,2.737361043599468e-06
2.384042947155786e+02,4.572759984620347e+00,2.737372478174977e-06
2.384542947155786e+02,4.572733146115314e+00,2.737383910263586e-06
2.385042947155786e+02,4.572706318254969e+00,2.737395336634546e-06
2.385542947155786e+02,4.572679501031909e+00,2.737406756843769e-06
2.386042947155786e+02,4.572652694438716e+00,2.737418171735023e-06
2.386542947155787e+02,4.572625898467972e+00,2.737429582107670e-06
2.387042947155787e+02,4.572599113112214e+00,2.737440988783275e-06
2.387542947155787e+02,4.572572338364031e+00,2.737452391861755e-06
2.388042947155787e+02,4.572545574216060e+00,2.737463789266997e-06
2.388542947155787e+02,4.572518820660893e+00,2.737475182553312e-06
2.389042947155787e+02,4.572492077691098e+00,2.737486573508158e-06
2.389542947155787e+02,4.572465345299269e+00,2.737497958201346e-06
2.390042947155787e+02,4.572438623478050e+00,2.737509337176886e-06
2.390542947155787e+02,4.572411912220097e+00,2.737520713643321e-06
2.391042947155788e+02,4.572385211517975e+00,2.737532084936117e-06
2.391542947155788e+02,4.572358521364289e+00,2.737543450833230e-06
2.392042947155788e+02,4.572331841751745e+00,2.737554814110216e-06
2.392542947155788e+02,4.572305172672967e+00,2.737566173168354e-06
2.393042947155788e+02,4.572278514120558e+00,2.737577525187679e-06
2.393542947155788e+02,4.572251866087201e+00,2.737588871833524e-06
2.394042947155788e+02,4.572225228565544e+00,2.737600216458763e-06
2.394542947155788e+02,4.572198601548217e+00,2.737611557520187e-06
2.395042947155789e+02,4.572171985027889e+00,2.737622893752140e-06
2.395542947155789e+02,4.572145378997230e+00,2.737634224843760e-06
2.396042947155789e+02,4.572118783448939e+00,2.737645549740336e-06
2.396542947155789e+02,4.572092198375693e+00,2.737656871039790e-06
2.397042947155789e+02,4.572065623770159e+00,2.737668190429660e-06
2.397542947155789e+02,4.572039059625038e+00,2.737679504235108e-06
2.398042947155789e+02,4.572012505933024e+00,2.737690812167476e-06
2.398542947155789e+02,4.571985962686814e+00,2.737702116824686e-06
2.399042947155789e+02,4.571959429879108e+00,2.737713416041804e-06
2.399542947155790e+02,4.571932907502609e+00,2.737724710740314e-06
2.400042947155790e+02,4.571906395550033e+00,2.737736003118457e-06
2.400542947155790e+02,4.571879894014110e+00,2.737747290211939e-06
2.401042947155790e+02,4.571853402887544e+00,2.737758570166687e-06
2.401542947155790e+02,4.571826922163051e+00,2.737769846579824e-06
2.402042947155790e+02,4.571800451833408e+00,2.737781120705901e-06
2.402542947155790e+02,4.571773991891390e+00,2.737792389092126e-06
2.403042947155790e+02,4.571747542329694e+00,2.737803651782905e-06
2.403542947155790e+02,4.571721103141064e+00,2.737814910066099e-06
2.404042947155791e+02,4.571694674318253e+00,2.737826164530127e-06
2.404542947155791e+02,4.571668255854009e+00,2.737837415596873e-06
2.405042947155791e+02,4.571641847741118e+00,2.737848663410664e-06
2.405542947155791e+02,4.571615449972346e+00,2.737859906372781e-06
2.406042947155791e+02,4.571589062540471e+00,2.737871143217569e-06
2.406542947155791e+02,4.571562685438285e+00,2.737882375921225e-06
2.407042947155791e+02,4.571536318658571e+00,2.737893604017455e-06
2.407542947155791e+02,4.571509962194110e+00,2.737904827606180e-06
2.408042947155791e+02,4.571483616037679e+00,2.737916048619188e-06
2.408542947155792e+02,4.571457280182105e+00,2.737927265735312e-06
2.409042947155792e+02,4.571430954620204e+00,2.737938476911744e-06
2.409542947155792e+02,4.571404639344744e+00,2.737949682625879e-06
2.410042947155792e+02,4.571378334348561e+00,2.737960884443130e-06
2.410542947155792e+02,4.571352039624478e+00,2.737972083551437e-06
2.411042947155792e+02,4.571325755165296e+00,2.737983277752559e-06
2.411542947155792e+02,4.571299480963884e+00,2.737994465936272e-06
2.412042947155792e+02,4.571273217013074e+00,2.738005651155689e-06
2.412542947155792e+02,4.571246963305703e+00,2.738016832367202e-06
2.413042947155793e+02,4.571220719834612e+00,2.738028008405075e-06
2.413542947155793e+02,4.571194486592632e+00,2.738039180523860e-06
2.414042947155793e+02,4.571168263572631e+00,2.738050348357185e-06
2.414542947155793e+02,4.571142050767453e+00,2.738061511338835e-06
2.415042947155793e+02,4.571115848169979e+00,2.738072670978714e-06
2.415542947155793e+02,4.571089655773109e+00,2.738083825589283e-06
2.416042947155793e+02,4.571063473569705e+00,2.738094973305366e-06
2.416542947155793e+02,4.571037301552629e+00,2.738106117824007e-06
2.417042947155794e+02,4.571011139714741e+00,2.738117260521883e-06
2.417542947155794e+02,4.570984988048970e+00,2.738128398989809e-06
2.418042947155794e+02,4.570958846548216e+00,2.738139531828904e-06
2.418542947155794e+02,4.570932715205335e+00,2.738150659394440e-06
2.419042947155794e+02,4.570906594013262e+00,2.738161783229626e-06
2.419542947155794e+02,4.570880482964927e+00,2.738172903723041e-06
2.420042947155794e+02,4.570854382053223e+00,2.738184021896090e-06
2.420542947155794e+02,4.570828291271062e+00,2.738195134362592e-06
2.421042947155794e+02,4.570802210611359e+00,2.738206239834689e-06
2.421542947155795e+02,4.570776140067061e+00,2.738217342331389e-06
2.422042947155795e+02,4.570750079631126e+00,2.738228440964513e-06
2.422542947155795e+02,4.570724029296478e+00,2.738239535556425e-06
2.423042947155795e+02,4.570697989056023e+00,2.738250625774058e-06
2.423542947155795e+02,4.570671958902721e+00,2.738261711439777e-06
2.424042947155795e+02,4.570645938829569e+00,2.738272792864443e-06
2.424542947155795e+02,4.570619928829503e+00,2.738283869393027e-06
2.425042947155795e+02,4.570593928895457e+00,2.738294941702762e-06
2.425542947155795e+02,4.570567939020451e+00,2.738306010148922e-06
2.426042947155796e+02,4.570541959197456e+00,2.738317074431745e-06
2.426542947155796e+02,4.570515989419421e+00,2.738328133907303e-06
2.427042947155796e+02,4.570490029679343e+00,2.738339188964173e-06
2.427542947155796e+02,4.570464079970196e+00,2.738350240357307e-06
2.428042947155796e+02,4.570438140284989e+00,2.738361287842456e-06
2.428542947155796e+02,4.570412210616726e+00,2.738372331608358e-06
2.429042947155796e+02,4.570386290958383e+00,2.738383369379055e-06
2.429542947155796e+02,4.570360381302986e+00,2.738394402142647e-06
2.430042947155796e+02,4.570334481643559e+00,2.738405431775409e-06
2.430542947155797e+02,4.570308591973108e+00,2.738416456822951e-06
2.431042947155797e+02,4.570282712284643e+00,2.738427477940303e-06
2.431542947155797e+02,4.570256842571207e+00,2.738438495238488e-06
2.432042947155797e+02,4.570230982825825e+00,2.738449508506563e-06
2.432542947155797e+02,4.570205133041512e+00,2.738460517067292e-06
2.433042947155797e+02,4.570179293211362e+00,2.738471520565405e-06
2.433542947155797e+02,4.570153463328424e+00,2.738482519378377e-06
2.434042947155797e+02,4.570127643385690e+00,2.738493515171542e-06
2.434542947155797e+02,4.570101833376222e+00,2.738504508599931e-06
2.435042947155798e+02,4.570076033293120e+00,2.738515495877686e-06
2.435542947155798e+02,4.570050243129459e+00,2.738526477693143e-06
2.436042947155798e+02,4.570024462878264e+00,2.738537457365869e-06
2.436542947155798e+02,4.569998692532605e+00,2.738548433141714e-06
2.437042947155798e+02,4.569972932085618e+00,2.738559403899349e-06
2.437542947155798e+02,4.569947181530392e+00,2.738570370471444e-06
2.438042947155798e+02,4.569921440860001e+00,2.738581332991225e-06
2.438542947155798e+02,4.569895710067483e+00,2.738592291136727e-06
2.439042947155799e+02,4.569869989145945e+00,2.738603244830234e-06
2.439542947155799e+02,4.569844278088567e+00,2.738614193771988e-06
2.440042947155799e+02,4.569818576888442e+00,2.738625138772449e-06
2.440542947155799e+02,4.569792885538641e+00,2.738636080997353e-06
2.441042947155799e+02,4.569767204032309e+00,2.738647018992307e-06
2.441542947155799e+02,4.569741532362555e+00,2.738657952501961e-06
2.442042947155799e+02,4.569715870522489e+00,2.738668879894285e-06
2.442542947155799e+02,4.569690218505305e+00,2.738679802279503e-06
2.443042947155799e+02,4.569664576304143e+00,2.738690722466480e-06
2.443542947155800e+02,4.569638943912081e+00,2.738701638723268e-06
2.444042947155800e+02,4.569613321322260e+00,2.738712551138683e-06
2.444542947155800e+02,4.569587708527892e+00,2.738723459412967e-06
2.445042947155800e+02,4.569562105522154e+00,2.738734362002910e-06
2.445542947155800e+02,4.569536512298159e+00,2.738745260040937e-06
2.446042947155800e+02,4.569510928849074e+00,2.738756155925131e-06
2.446542947155800e+02,4.569485355168058e+00,2.738767047801421e-06
2.447042947155800e+02,4.569459791248300e+00,2.738777934304232e-06
2.447542947155800e+02,4.569434237083009e+00,2.738788817221022e-06
2.448042947155801e+02,4.569408692665339e+00,2.738799696873756e-06
2.448542947155801e+02,4.569383157988510e+00,2.738810571697020e-06
2.449042947155801e+02,4.569357633045725e+00,2.738821441868450e-06
2.449542947155801e+02,4.569332117830120e+00,2.738832307565681e-06
2.450042947155801e+02,4.569306612334914e+00,2.738843169232802e-06
2.450542947155801e+02,4.569281116553376e+00,2.738854027236187e-06
2.451042947155801e+02,4.569255630478710e+00,2.738864880554432e-06
2.451542947155801e+02,4.569230154104093e+00,2.738875730186735e-06
2.452042947155801e+02,4.569204687422755e+00,2.738886575111693e-06
2.452542947155802e+02,4.569179230427951e+00,2.738897414663172e-06
2.453042947155802e+02,4.569153783112887e+00,2.738908251650035e-06
2.453542947155802e+02,4.569128345470776e+00,2.738919086050079e-06
2.454042947155802e+02,4.569102917494908e+00,2.738929915176563e-06
2.454542947155802e+02,4.569077499178569e+00,2.738940739706724e-06
2.455042947155802e+02,4.569052090514977e+00,2.738951561405817e-06
2.455542947155802e+02,4.569026691497340e+00,2.738962379541093e-06
2.456042947155802e+02,4.569001302118941e+00,2.738973191470223e-06
2.456542947155802e+02,4.568975922373065e+00,2.738983998625394e-06
2.457042947155803e+02,4.568950552252990e+00,2.738994804370582e-06
2.457542947155803e+02,4.568925191752008e+00,2.739005605919126e-06
2.458042947155803e+02,4.568899840863366e+00,2.739016402116395e-06
2.458542947155803e+02,4.568874499580310e+00,2.739027194516703e-06
2.459042947155803e+02,4.568849167896167e+00,2.739037982631548e-06
2.459542947155803e+02,4.568823845804244e+00,2.739048766805102e-06
2.460042947155803e+02,4.568798533297828e+00,2.739059546870832e-06
2.460542947155803e+02,4.568773230370269e+00,2.739070321718512e-06
2.461042947155804e+02,4.568747937014849e+00,2.739081092269630e-06
2.461542947155804e+02,4.568722653224830e+00,2.739091860600301e-06
2.462042947155804e+02,4.568697378993554e+00,2.739102625533690e-06
2.462542947155804e+02,4.568672114314357e+00,2.739113385115805e-06
2.463042947155804e+02,4.568646859180560e+00,2.739124140012778e-06
2.463542947155804e+02,4.568621613585500e+00,2.739134890801925e-06
2.464042947155804e+02,4.568596377522534e+00,2.739145637683088e-06
2.464542947155804e+02,4.568571150984985e+00,2.739156381433422e-06
2.465042947155804e+02,4.568545933966162e+00,2.739167121553326e-06
2.465542947155805e+02,4.568520726459439e+00,2.739177856099911e-06
2.466042947155805e+02,4.568495528458201e+00,2.739188587293623e-06
2.466542947155805e+02,4.568470339955796e+00,2.739199315756186e-06
2.467042947155805e+02,4.568445160945586e+00,2.739210038756451e-06
2.467542947155805e+02,4.568419991420918e+00,2.739220757626687e-06
2.468042947155805e+02,4.568394831375139e+00,2.739231473121845e-06
2.468542947155805e+02,4.568369680801693e+00,2.739242184309337e-06
2.469042947155805e+02,4.568344539693957e+00,2.739252891444516e-06
2.469542947155805e+02,4.568319408045274e+00,2.739263594860447e-06
2.470042947155806e+02,4.568294285849059e+00,2.739274292891797e-06
2.470542947155806e+02,4.568269173098724e+00,2.739284986404539e-06
2.471042947155806e+02,4.568244069787657e+00,2.739295676775350e-06
2.471542947155806e+02,4.568218975909275e+00,2.739306362860700e-06
2.472042947155806e+02,4.568193891456959e+00,2.739317044771611e-06
2.472542947155806e+02,4.568168816424109e+00,2.739327723218626e-06
2.473042947155806e+02,4.568143750804187e+00,2.739338399267560e-06
2.473542947155806e+02,4.568118694590611e+00,2.739349071330794e-06
2.474042947155806e+02,4.568093647776796e+00,2.739359737831810e-06
2.474542947155807e+02,4.568068610356179e+00,2.739370399880831e-06
2.475042947155807e+02,4.568043582322215e+00,2.739381058676898e-06
2.475542947155807e+02,4.568018563668339e+00,2.739391714208911e-06
2.476042947155807e+02,4.567993554387980e+00,2.739402365499871e-06
2.476542947155807e+02,4.567968554474601e+00,2.739413012372144e-06
2.477042947155807e+02,4.567943563921649e+00,2.739423655269818e-06
2.477542947155807e+02,4.567918582722594e+00,2.739434294170689e-06
2.478042947155807e+02,4.567893610870910e+00,2.739444928408624e-06
2.478542947155807e+02,4.567868648360039e+00,2.739455558505427e-06
2.479042947155808e+02,4.567843695183489e+00,2.739466186437295e-06
2.479542947155808e+02,4.567818751334736e+00,2.739476811316049e-06
2.480042947155808e+02,4.567793816807228e+00,2.739487429966453e-06
2.480542947155808e+02,4.567768891594469e+00,2.739498043809590e-06
2.481042947155808e+02,4.567743975689944e+00,2.739508654999295e-06
2.481542947155808e+02,4.567719069087151e+00,2.739519262358731e-06
2.482042947155808e+02,4.567694171779610e+00,2.739529865787977e-06
2.482542947155808e+02,4.567669283760856e+00,2.739540464776330e-06
2.483042947155809e+02,4.567644405024368e+00,2.739551059601348e-06
2.483542947155809e+02,4.567619535563643e+00,2.739561650895856e-06
2.484042947155809e+02,4.567594675372221e+00,2.739572237771676e-06
2.484542947155809e+02,4.567569824443593e+00,2.739582822105086e-06
2.485042947155809e+02,4.567544982771317e+00,2.739593402352875e-06
2.485542947155809e+02,4.567520150348943e+00,2.739603977304900e-06
2.486042947155809e+02,4.567495327169986e+00,2.739614547627295e-06
2.486542947155809e+02,4.567470513227999e+00,2.739625114308158e-06
2.487042947155809e+02,4.567445708516478e+00,2.739635678280078e-06
2.487542947155810e+02,4.567420913029014e+00,2.739646237355914e-06
2.488042947155810e+02,4.567396126759191e+00,2.739656793089979e-06
2.488542947155810e+02,4.567371349700534e+00,2.739667345559987e-06
2.489042947155810e+02,4.567346581846632e+00,2.739677894344056e-06
2.489542947155810e+02,4.567321823191053e+00,2.739688439597615e-06
2.490042947155810e+02,4.567297073727340e+00,2.739698979844069e-06
2.490542947155810e+02,4.567272333449063e+00,2.739709515471994e-06
2.491042947155810e+02,4.567247602349826e+00,2.739720046903277e-06
2.491542947155810e+02,4.567222880423263e+00,2.739730574926175e-06
2.492042947155811e+02,4.567198167662911e+00,2.739741099651710e-06
2.492542947155811e+02,4.567173464062351e+00,2.739751620058478e-06
2.493042947155811e+02,4.567148769615210e+00,2.739762136412932e-06
2.493542947155811e+02,4.567124084315076e+00,2.739772649148059e-06
2.494042947155811e+02,4.567099408155582e+00,2.739783158685744e-06
2.494542947155811e+02,4.567074741130350e+00,2.739793663904660e-06
2.495042947155811e+02,4.567050083232984e+00,2.739804164604970e-06
2.495542947155811e+02,4.567025434457117e+00,2.739814662363188e-06
2.496042947155811e+02,4.567000794796344e+00,2.739825156690817e-06
2.496542947155812e+02,4.566976164244293e+00,2.739835646011340e-06
2.497042947155812e+02,4.566951542794643e+00,2.739846130224838e-06
2.497542947155812e+02,4.566926930441045e+00,2.739856611518449e-06
2.498042947155812e+02,4.566902327177075e+00,2.739867090747045e-06
2.498542947155812e+02,4.566877732996390e+00,2.739877564846411e-06
2.499042947155812e+02,4.566853147892733e+00,2.739888032872856e-06
2.499542947155812e+02,4.566828571859716e+00,2.739898497912802e-06
2.500042947155812e+02,4.566804004890946e+00,2.739908960277109e-06
2.500542947155812e+02,4.566779446980100e+00,2.739919419233033e-06
2.501042947155813e+02,4.566754898120880e+00,2.739929875368990e-06
2.501542947155813e+02,4.566730358306981e+00,2.739940326875318e-06
2.502042947155813e+02,4.566705827532082e+00,2.739950773785322e-06
2.502542947155813e+02,4.566681305789880e+00,2.739961216998282e-06
2.503042947155813e+02,4.566656793074051e+00,2.739971654626822e-06
2.503542947155813e+02,4.566632289378251e+00,2.739982089379884e-06
2.504042947155813e+02,4.566607794696175e+00,2.739992523244767e-06
2.504542947155813e+02,4.566583309021540e+00,2.740002952913007e-06
2.505042947155814e+02,4.566558832348075e+00,2.740013377474221e-06
2.505542947155814e+02,4.566534364669497e+00,2.740023797439112e-06
2.506042947155814e+02,4.566509905979521e+00,2.740034213262871e-06
2.506542947155814e+02,4.566485456271840e+00,2.740044625100929e-06
2.507042947155814e+02,4.566461015540169e+00,2.740055033808159e-06
2.507542947155814e+02,4.566436583778233e+00,2.740065439373457e-06
2.508042947155814e+02,4.566412160979790e+00,2.740075840353534e-06
2.508542947155814e+02,4.566387747138588e+00,2.740086237525546e-06
2.509042947155814e+02,4.566363342248368e+00,2.740096630423200e-06
2.509542947155815e+02,4.566338946302865e+00,2.740107019412868e-06
2.510042947155815e+02,4.566314559295792e+00,2.740117406304216e-06
2.510542947155815e+02,4.566290181220934e+00,2.740127788676955e-06
2.511042947155815e+02,4.566265812072075e+00,2.740138165998180e-06
2.511542947155815e+02,4.566241451842957e+00,2.740148541176674e-06
2.512042947155815e+02,4.566217100527346e+00,2.740158912214036e-06
2.512542947155815e+02,4.566192758119035e+00,2.740169277833510e-06
2.513042947155815e+02,4.566168424611791e+00,2.740179640466483e-06
2.513542947155815e+02,4.566144099999380e+00,2.740189999968629e-06
2.514042947155816e+02,4.566119784275564e+00,2.740200355596095e-06
2.514542947155816e+02,4.566095477434165e+00,2.740210705528118e-06
2.515042947155816e+02,4.566071179468996e+00,2.740221052129471e-06
2.515542947155816e+02,4.566046890373820e+00,2.740231398431064e-06
2.516042947155816e+02,4.566022610142462e+00,2.740241740347277e-06
2.516542947155816e+02,4.565998338768710e+00,2.740252074913812e-06
2.517042947155816e+02,4.565974076246357e+00,2.740262406182986e-06
2.517542947155816e+02,4.565949822569272e+00,2.740272736763822e-06
2.518042947155816e+02,4.565925577731279e+00,2.740283062137711e-06
2.518542947155817e+02,4.565901341726135e+00,2.740293383137321e-06
2.519042947155817e+02,4.565877114547684e+00,2.740303701483499e-06
2.519542947155817e+02,4.565852896189829e+00,2.740314015155637e-06
2.520042947155817e+02,4.565828686646360e+00,2.740324325463800e-06
2.520542947155817e+02,4.565804485911069e+00,2.740334631719649e-06
2.521042947155817e+02,4.565780293977864e+00,2.740344933623423e-06
2.521542947155817e+02,4.565756110840597e+00,2.740355233850761e-06
2.522042947155817e+02,4.565731936493097e+00,2.740365530181216e-06
2.522542947155818e+02,4.565707770929249e+00,2.740375820361036e-06
2.523042947155818e+02,4.565683614142891e+00,2.740386106444132e-06
2.523542947155818e+02,4.565659466127874e+00,2.740396390206861e-06
2.524042947155818e+02,4.565635326878082e+00,2.740406671704738e-06
2.524542947155818e+02,4.565611196387384e+00,2.740416949605490e-06
2.525042947155818e+02,4.565587074649660e+00,2.740427222532444e-06
2.525542947155818e+02,4.565562961658836e+00,2.740437491196140e-06
2.526042947155818e+02,4.565538857408812e+00,2.740447756673498e-06
2.526542947155818e+02,4.565514761893432e+00,2.740458016755171e-06
2.527042947155819e+02,4.565490675106575e+00,2.740468272828939e-06
2.527542947155819e+02,4.565466597042189e+00,2.740478528369800e-06
2.528042947155819e+02,4.565442527694171e+00,2.740488779758427e-06
2.528542947155819e+02,4.565418467056401e+00,2.740499024763271e-06
2.529042947155819e+02,4.565394415122827e+00,2.740509267114682e-06
2.529542947155819e+02,4.565370371887348e+00,2.740519507734146e-06
2.530042947155819e+02,4.565346337343868e+00,2.740529743746184e-06
2.530542947155819e+02,4.565322311486323e+00,2.740539975594886e-06
2.531042947155819e+02,4.565298294308648e+00,2.740550204679132e-06
2.531542947155820e+02,4.565274285804815e+00,2.740560429588939e-06
2.532042947155820e+02,4.565250285968755e+00,2.740570650568558e-06
2.532542947155820e+02,4.565226294794382e+00,2.740580867629089e-06
2.533042947155820e+02,4.565202312275637e+00,2.740591081647609e-06
2.533542947155820e+02,4.565178338406483e+00,2.740601291458384e-06
2.534042947155820e+02,4.565154373180904e+00,2.740611496117723e-06
2.534542947155820e+02,4.565130416592835e+00,2.740621698834173e-06
2.535042947155820e+02,4.565106468636235e+00,2.740631898730655e-06
2.535542947155820e+02,4.565082529305081e+00,2.740642094397189e-06
2.536042947155821e+02,4.565058598593346e+00,2.740652286555417e-06
2.536542947155821e+02,4.565034676495020e+00,2.740662474517003e-06
2.537042947155821e+02,4.565010763004076e+00,2.740672658670524e-06
2.537542947155821e+02,4.564986858114476e+00,2.740682839382352e-06
2.538042947155821e+02,4.564962961820238e+00,2.740693015320223e-06
2.538542947155821e+02,4.564939074115361e+00,2.740703187094756e-06
2.539042947155821e+02,4.564915194993791e+00,2.740713355527519e-06
2.539542947155821e+02,4.564891324449551e+00,2.740723520873862e-06
2.540042947155821e+02,4.564867462476686e+00,2.740733684132985e-06
2.540542947155822e+02,4.564843609069205e+00,2.740743843473021e-06
2.541042947155822e+02,4.564819764221119e+00,2.740753998427675e-06
2.541542947155822e+02,4.564795927926416e+00,2.740764150495750e-06
2.542042947155822e+02,4.564772100179104e+00,2.740774298855681e-06
2.542542947155822e+02,4.564748280973259e+00,2.740784442985661e-06
2.543042947155822e+02,4.564724470302909e+00,2.740794583540723e-06
2.543542947155822e+02,4.564700668162081e+00,2.740804719943552e-06
2.544042947155822e+02,4.564676874544833e+00,2.740814851983204e-06
2.544542947155823e+02,4.564653089445164e+00,2.740824980636675e-06
2.545042947155823e+02,4.564629312857127e+00,2.740835106425771e-06
2.545542947155823e+02,4.564605544774818e+00,2.740845229161754e-06
2.546042947155823e+02,4.564581785192268e+00,2.740855348000853e-06
2.546542947155823e+02,4.564558034103523e+00,2.740865463187320e-06
2.547042947155823e+02,4.564534291502665e+00,2.740875574587926e-06
2.547542947155823e+02,4.564510557383751e+00,2.740885682791089e-06
2.548042947155823e+02,4.564486831740855e+00,2.740895787985548e-06
2.548542947155823e+02,4.564463114568088e+00,2.740905888827932e-06
2.549042947155824e+02,4.564439405859513e+00,2.740915985129505e-06
2.549542947155824e+02,4.564415705609189e+00,2.740926077989386e-06
2.550042947155824e+02,4.564392013811233e+00,2.740936168340164e-06
2.550542947155824e+02,4.564368330459735e+00,2.740946255016103e-06
2.551042947155824e+02,4.564344655548765e+00,2.740956335619122e-06
2.551542947155824e+02,4.564320989072460e+00,2.740966411503693e-06
2.552042947155824e+02,4.564297331024946e+00,2.740976487010788e-06
2.552542947155824e+02,4.564273681400289e+00,2.740986561296638e-06
2.553042947155824e+02,4.564250040192598e+00,2.740996630253418e-06
2.553542947155825e+02,4.564226407396019e+00,2.741006692893027e-06
2.554042947155825e+02,4.564202783004658e+00,2.741016753378806e-06
2.554542947155825e+02,4.564179167012639e+00,2.741026813908992e-06
2.555042947155825e+02,4.564155559414104e+00,2.741036869443175e-06
2.555542947155825e+02,4.564131960203202e+00,2.741046917760909e-06
2.556042947155825e+02,4.564108369374072e+00,2.741056963247573e-06
2.556542947155825e+02,4.564084786920844e+00,2.741067006968984e-06
2.557042947155825e+02,4.564061212837647e+00,2.741077047059965e-06
2.557542947155825e+02,4.564037647118622e+00,2.741087083198551e-06
2.558042947155826e+02,4.564014089757933e+00,2.741097115251518e-06
2.558542947155826e+02,4.563990540749788e+00,2.741107143740667e-06
2.559042947155826e+02,4.563967000088371e+00,2.741117168788126e-06
2.559542947155826e+02,4.563943467767769e+00,2.741127191381992e-06
2.560042947155826e+02,4.563919943782143e+00,2.741137210922745e-06
2.560542947155826e+02,4.563896428125704e+00,2.741147226622126e-06
2.561042947155826e+02,4.563872920792658e+00,2.741157238102660e-06
2.561542947155826e+02,4.563849421777200e+00,2.741167245120097e-06
2.562042947155826e+02,4.563825931073472e+00,2.741177248817967e-06
2.562542947155827e+02,4.563802448675677e+00,2.741187249595950e-06
2.563042947155827e+02,4.563778974578000e+00,2.741197246454846e-06
2.563542947155827e+02,4.563755508774657e+00,2.741207239283633e-06
2.564042947155827e+02,4.563732051259875e+00,2.741217229814258e-06
2.564542947155827e+02,4.563708602027808e+00,2.741227216470205e-06
2.565042947155827e+02,4.563685161072672e+00,2.741237199151552e-06
2.565542947155827e+02,4.563661728388730e+00,2.741247178213574e-06
2.566042947155827e+02,4.563638303970192e+00,2.741257153922722e-06
2.566542947155828e+02,4.563614887811261e+00,2.741267127422525e-06
2.567042947155828e+02,4.563591479906185e+00,2.741277096115063e-06
2.567542947155828e+02,4.563568080249167e+00,2.741287060588754e-06
2.568042947155828e+02,4.563544688834450e+00,2.741297021432015e-06
2.568542947155828e+02,4.563521305656317e+00,2.741306979022323e-06
2.569042947155828e+02,4.563497930708966e+00,2.741316935113830e-06
2.569542947155828e+02,4.563474563986631e+00,2.741326887164125e-06
2.570042947155828e+02,4.563451205483595e+00,2.741336834618097e-06
2.570542947155828e+02,4.563427855194115e+00,2.741346778896830e-06
2.571042947155829e+02,4.563404513112491e+00,2.741356719545135e-06
2.571542947155829e+02,4.563381179232979e+00,2.741366656585215e-06
2.572042947155829e+02,4.563357853549754e+00,2.741376590527772e-06
2.572542947155829e+02,4.563334536057116e+00,2.741386520784389e-06
2.573042947155829e+02,4.563311226749414e+00,2.741396447343964e-06
2.573542947155829e+02,4.563287925620876e+00,2.741406371372230e-06
2.574042947155829e+02,4.563264632665774e+00,2.741416292758164e-06
2.574542947155829e+02,4.563241347878456e+00,2.741426209714310e-06
2.575042947155829e+02,4.563218071253201e+00,2.741436122207358e-06
2.575542947155830e+02,4.563194802784239e+00,2.741446031014466e-06
2.576042947155830e+02,4.563171542465903e+00,2.741455936668541e-06
2.576542947155830e+02,4.563148290292546e+00,2.741465839213991e-06
2.577042947155830e+02,4.563125046258433e+00,2.741475738317750e-06
2.577542947155830e+02,4.563101810357883e+00,2.741485633691160e-06
2.578042947155830e+02,4.563078582585237e+00,2.741495524923438e-06
2.578542947155830e+02,4.563055362934782e+00,2.741505413135909e-06
2.579042947155830e+02,4.563032151400841e+00,2.741515298772662e-06
2.579542947155830e+02,4.563008947977744e+00,2.741525181833698e-06
2.580042947155831e+02,4.562985752659818e+00,2.741535061208794e-06
2.580542947155831e+02,4.562962565441422e+00,2.741544935987567e-06
2.581042947155831e+02,4.562939386316887e+00,2.741554807258034e-06
2.581542947155831e+02,4.562916215280564e+00,2.741564674687131e-06
2.582042947155831e+02,4.562893052326785e+00,2.741574538796660e-06
2.582542947155831e+02,4.562869897449880e+00,2.741584399153635e-06
2.583042947155831e+02,4.562846750644260e+00,2.741594255913488e-06
2.583542947155831e+02,4.562823611904268e+00,2.741604112417989e-06
2.584042947155831e+02,4.562800481224236e+00,2.741613964514905e-06
2.584542947155832e+02,4.562777358598567e+00,2.741623809661825e-06
2.585042947155832e+02,4.562754244021628e+00,2.741633652788139e-06
2.585542947155832e+02,4.562731137487780e+00,2.741643495026275e-06
2.586042947155832e+02,4.562708038991397e+00,2.741653333745004e-06
2.586542947155832e+02,4.562684948526870e+00,2.741663167112457e-06
2.587042947155832e+02,4.562661866088612e+00,2.741672996705153e-06
2.587542947155832e+02,4.562638791670990e+00,2.741682822778441e-06
2.588042947155832e+02,4.562615725268389e+00,2.741692645010357e-06
2.588542947155833e+02,4.562592666875230e+00,2.741702465921109e-06
2.589042947155833e+02,4.562569616485903e+00,2.741712283789849e-06
2.589542947155833e+02,4.562546574094794e+00,2.741722096773608e-06
2.590042947155833e+02,4.562523539696336e+00,2.741731905538519e-06
2.590542947155833e+02,4.562500513284972e+00,2.741741710673001e-06
2.591042947155833e+02,4.562477494855096e+00,2.741751513531527e-06
2.591542947155833e+02,4.562454484401124e+00,2.741761313370245e-06
2.592042947155833e+02,4.562431481917471e+00,2.741771109900498e-06
2.592542947155833e+02,4.562408487398569e+00,2.741780903510865e-06
2.593042947155834e+02,4.562385500838865e+00,2.741790693657337e-06
2.593542947155834e+02,4.562362522232822e+00,2.741800478485840e-06
2.594042947155834e+02,4.562339551574870e+00,2.741810259905958e-06
2.594542947155834e+02,4.562316588859414e+00,2.741820040171444e-06
2.595042947155834e+02,4.562293634080912e+00,2.741829817283897e-06
2.595542947155834e+02,4.562270687233852e+00,2.741839589744516e-06
2.596042947155834e+02,4.562247748312691e+00,2.741849357708731e-06
2.596542947155834e+02,4.562224817311875e+00,2.741859123441398e-06
2.597042947155834e+02,4.562201894225863e+00,2.741868886809290e-06
2.597542947155835e+02,4.562178979049108e+00,2.741878646047152e-06
2.598042947155835e+02,4.562156071776101e+00,2.741888401698994e-06
2.598542947155835e+02,4.562133172401360e+00,2.741898153931349e-06
2.599042947155835e+02,4.562110280919320e+00,2.741907903043978e-06
2.599542947155835e+02,4.562087397324416e+00,2.741917649247821e-06
2.600042947155835e+02,4.562064521611205e+00,2.741927391277227e-06
2.600542947155835e+02,4.562041653774232e+00,2.741937129420852e-06
2.601042947155835e+02,4.562018793807914e+00,2.741946865110884e-06
2.601542947155835e+02,4.561995941706721e+00,2.741956597559065e-06
2.602042947155836e+02,4.561973097465220e+00,2.741966326743189e-06
2.602542947155836e+02,4.561950261077891e+00,2.741976051697365e-06
2.603042947155836e+02,4.561927432539243e+00,2.741985772132932e-06
2.603542947155836e+02,4.561904611843842e+00,2.741995490603405e-06
2.604042947155836e+02,4.561881798986191e+00,2.742005206387138e-06
2.604542947155836e+02,4.561858993960729e+00,2.742014919406416e-06
2.605042947155836e+02,4.561836196761996e+00,2.742024629472500e-06
2.605542947155836e+02,4.561813407384602e+00,2.742034334931159e-06
2.606042947155836e+02,4.561790625823079e+00,2.742044036692776e-06
2.606542947155837e+02,4.561767852071916e+00,2.742053734701838e-06
2.607042947155837e+02,4.561745086125663e+00,2.742063429935343e-06
2.607542947155837e+02,4.561722327978877e+00,2.742073123026117e-06
2.608042947155837e+02,4.561699577626081e+00,2.742082812231112e-06
2.608542947155837e+02,4.561676835061873e+00,2.742092497006316e-06
2.609042947155837e+02,4.561654100280808e+00,2.742102178695100e-06
2.609542947155837e+02,4.561631373277392e+00,2.742111857619428e-06
2.610042947155837e+02,4.561608654046249e+00,2.742121532391523e-06
2.610542947155838e+02,4.561585942581946e+00,2.742131203799642e-06
2.611042947155838e+02,4.561563238878994e+00,2.742140873875493e-06
2.611542947155838e+02,4.561540542931985e+00,2.742150541764205e-06
2.612042947155838e+02,4.561517854735546e+00,2.742160204545890e-06
2.612542947155838e+02,4.561495174284255e+00,2.742169862276062e-06
2.613042947155838e+02,4.561472501572666e+00,2.742179517630355e-06
2.613542947155838e+02,4.561449836595381e+00,2.742189170697590e-06
2.614042947155838e+02,4.561427179346996e+00,2.742198819590386e-06
2.614542947155838e+02,4.561404529822113e+00,2.742208464586299e-06
2.615042947155839e+02,4.561381888015336e+00,2.742218107306255e-06
2.615542947155839e+02,4.561359253921227e+00,2.742227746773257e-06
2.616042947155839e+02,4.561336627534415e+00,2.742237382187945e-06
2.616542947155839e+02,4.561314008849596e+00,2.742247016092731e-06
2.617042947155839e+02,4.561291397861358e+00,2.742256646600233e-06
2.617542947155839e+02,4.561268794564255e+00,2.742266272566923e-06
2.618042947155839e+02,4.561246198952947e+00,2.742275895680341e-06
2.618542947155839e+02,4.561223611022055e+00,2.742285514153026e-06
2.619042947155839e+02,4.561201030766219e+00,2.742295129650313e-06
2.619542947155840e+02,4.561178458180112e+00,2.742304743471164e-06
2.620042947155840e+02,4.561155893258331e+00,2.742314353583869e-06
2.620542947155840e+02,4.561133335995505e+00,2.742323960232679e-06
2.621042947155840e+02,4.561110786386300e+00,2.742333563484206e-06
2.621542947155840e+02,4.561088244425374e+00,2.742343162405864e-06
2.622042947155840e+02,4.561065710107390e+00,2.742352757885830e-06
2.622542947155840e+02,4.561043183426992e+00,2.742362352399902e-06
2.623042947155840e+02,4.561020664378849e+00,2.742371943028194e-06
2.623542947155840e+02,4.560998152957615e+00,2.742381529282206e-06
2.624042947155841e+02,4.560975649157943e+00,2.742391114203952e-06
2.624542947155841e+02,4.560953152974547e+00,2.742400695117792e-06
2.625042947155841e+02,4.560930664402127e+00,2.742410273666857e-06
2.625542947155841e+02,4.560908183435330e+00,2.742419848563288e-06
2.626042947155841e+02,4.560885710068816e+00,2.742429418263875e-06
2.626542947155841e+02,4.560863244297260e+00,2.742438986754320e-06
2.627042947155841e+02,4.560840786115381e+00,2.742448552069526e-06
2.627542947155841e+02,4.560818335517921e+00,2.742458112721796e-06
2.628042947155841e+02,4.560795892499576e+00,2.742467670920473e-06
2.628542947155842e+02,4.560773457054998e+00,2.742477226066037e-06
2.629042947155842e+02,4.560751029178913e+00,2.742486776604175e-06
2.629542947155842e+02,4.560728608866023e+00,2.742496323522986e-06
2.630042947155842e+02,4.560706196110998e+00,2.742505867888285e-06
2.630542947155842e+02,4.560683790908636e+00,2.742515409666762e-06
2.631042947155842e+02,4.560661393253648e+00,2.742524947814812e-06
2.631542947155842e+02,4.560639003140720e+00,2.742534482609987e-06
2.632042947155842e+02,4.560616620564629e+00,2.742544015528886e-06
2.632542947155843e+02,4.560594245520070e+00,2.742553545550103e-06
2.633042947155843e+02,4.560571878001796e+00,2.742563071574516e-06
2.633542947155843e+02,4.560549518004560e+00,2.742572594778963e-06
2.634042947155843e+02,4.560527165523037e+00,2.742582114674946e-06
2.634542947155843e+02,4.560504820552009e+00,2.742591631095931e-06
2.635042947155843e+02,4.560482483086266e+00,2.742601144430496e-06
2.635542947155843e+02,4.560460153120538e+00,2.742610654090222e-06
2.636042947155843e+02,4.560437830649589e+00,2.742620160552506e-06
2.636542947155843e+02,4.560415515668227e+00,2.742629663273339e-06
2.637042947155844e+02,4.560393208171194e+00,2.742639162474764e-06
2.637542947155844e+02,4.560370908153169e+00,2.742648659211494e-06
2.638042947155844e+02,4.560348615608941e+00,2.742658153172667e-06
2.638542947155844e+02,4.560326330533384e+00,2.742667644291669e-06
2.639042947155844e+02,4.560304052921249e+00,2.742677132968180e-06
2.639542947155844e+02,4.560281782767269e+00,2.742686617914342e-06
2.640042947155844e+02,4.560259520066281e+00,2.742696098286384e-06
2.640542947155844e+02,4.560237264813067e+00,2.742705575283349e-06
2.641042947155844e+02,4.560215017002364e+00,2.742715049393735e-06
2.641542947155845e+02,4.560192776629024e+00,2.742724521383594e-06
2.642042947155845e+02,4.560170543687875e+00,2.742733991008678e-06
2.642542947155845e+02,4.560148318173687e+00,2.742743456403812e-06
2.643042947155845e+02,4.560126100081303e+00,2.742752917835450e-06
2.643542947155845e+02,4.560103889405522e+00,2.742762376136260e-06
2.644042947155845e+02,4.560081686141111e+00,2.742771831439466e-06
2.644542947155845e+02,4.560059490282908e+00,2.742781285321589e-06
2.645042947155845e+02,4.560037301825777e+00,2.742790736883344e-06
2.645542947155845e+02,4.560015120764538e+00,2.742800183771061e-06
2.646042947155846e+02,4.559992947094013e+00,2.742809626528747e-06
2.646542947155846e+02,4.559970780809051e+00,2.742819066311037e-06
2.647042947155846e+02,4.559948621904451e+00,2.742828503562017e-06
2.647542947155846e+02,4.559926470375027e+00,2.742837938215076e-06
2.648042947155846e+02,4.559904326215666e+00,2.742847369892737e-06
2.648542947155846e+02,4.559882189421254e+00,2.742856796818644e-06
2.649042947155846e+02,4.559860059986635e+00,2.742866220447188e-06
2.649542947155846e+02,4.559837937906629e+00,2.742875641311277e-06
2.650042947155846e+02,4.559815823176108e+00,2.742885058156358e-06
2.650542947155847e+02,4.559793715789972e+00,2.742894474179874e-06
2.651042947155847e+02,4.559771615743053e+00,2.742903887727594e-06
2.651542947155847e+02,4.559749523030188e+00,2.742913296179389e-06
2.652042947155847e+02,4.559727437646281e+00,2.742922700634381e-06
2.652542947155847e+02,4.559705359586237e+00,2.742932102247203e-06
2.653042947155847e+02,4.559683288844911e+00,2.742941502017055e-06
2.653542947155847e+02,4.559661225417193e+00,2.742950899111268e-06
2.654042947155847e+02,4.559639169297980e+00,2.742960293185676e-06
2.654542947155848e+02,4.559617120482131e+00,2.742969682796987e-06
2.655042947155848e+02,4.559595078964573e+00,2.742979068034019e-06
2.655542947155848e+02,4.559573044740241e+00,2.742988452660427e-06
2.656042947155848e+02,4.559551017803995e+00,2.742997835310640e-06
2.656542947155848e+02,4.559528998150708e+00,2.743007213630983e-06
2.657042947155848e+02,4.559506985775333e+00,2.743016588098851e-06
2.657542947155848e+02,4.559484980672811e+00,2.743025958969597e-06
2.658042947155848e+02,4.559462982838006e+00,2.743035326975968e-06
2.658542947155848e+02,4.559440992265819e+00,2.743044691396318e-06
2.659042947155849e+02,4.559419008951233e+00,2.743054053729449e-06
2.659542947155849e+02,4.559397032889163e+00,2.743063413353636e-06
2.660042947155849e+02,4.559375064074525e+00,2.743072768758975e-06
2.660542947155849e+02,4.559353102502277e+00,2.743082121544188e-06
2.661042947155849e+02,4.559331148167328e+00,2.743091471176368e-06
2.661542947155849e+02,4.559309201064620e+00,2.743100818299443e-06
2.662042947155849e+02,4.559287261189122e+00,2.743110163091050e-06
2.662542947155849e+02,4.559265328535774e+00,2.743119503541685e-06
2.663042947155849e+02,4.559243403099540e+00,2.743128840817083e-06
2.663542947155850e+02,4.559221484875366e+00,2.743138175250309e-06
2.664042947155850e+02,4.559199573858197e+00,2.743147506941285e-06
2.664542947155850e+02,4.559177670043006e+00,2.743156835612454e-06
2.665042947155850e+02,4.559155773424764e+00,2.743166160086980e-06
2.665542947155850e+02,4.559133883998432e+00,2.743175482840660e-06
2.666042947155850e+02,4.559112001758992e+00,2.743184803396098e-06
2.666542947155850e+02,4.559090126701427e+00,2.743194119566156e-06
2.667042947155850e+02,4.559068258820694e+00,2.743203432749714e-06
2.667542947155850e+02,4.559046398111809e+00,2.743212742791340e-06
2.668042947155851e+02,4.559024544569765e+00,2.743222048736244e-06
2.668542947155851e+02,4.559002698189495e+00,2.743231351705750e-06
2.669042947155851e+02,4.558980858966009e+00,2.743240652521423e-06
2.669542947155851e+02,4.558959026894322e+00,2.743249950839094e-06
2.670042947155851e+02,4.558937201969443e+00,2.743259246381208e-06
2.670542947155851e+02,4.558915384186415e+00,2.743268537993132e-06
2.671042947155851e+02,4.558893573540233e+00,2.743277825996832e-06
2.671542947155851e+02,4.558871770025845e+00,2.743287112035436e-06
2.672042947155851e+02,4.558849973638273e+00,2.743296394265976e-06
2.672542947155852e+02,4.558828184372584e+00,2.743305673343483e-06
2.673042947155852e+02,4.558806402223794e+00,2.743314950844472e-06
2.673542947155852e+02,4.558784627186912e+00,2.743324224537397e-06
2.674042947155852e+02,4.558762859256990e+00,2.743333493478567e-06
2.674542947155852e+02,4.558741098429055e+00,2.743342760010553e-06
2.675042947155852e+02,4.558719344698124e+00,2.743352025043738e-06
2.675542947155852e+02,4.558697598059227e+00,2.743361286768459e-06
2.676042947155852e+02,4.558675858507407e+00,2.743370545206919e-06
2.676542947155853e+02,4.558654126037744e+00,2.743379800980845e-06
2.677042947155853e+02,4.558632400645274e+00,2.743389054312279e-06
2.677542947155853e+02,4.558610682325035e+00,2.743398303868955e-06
2.678042947155853e+02,4.558588971072125e+00,2.743407550017246e-06
2.678542947155853e+02,4.558567266881609e+00,2.743416793523207e-06
2.679042947155853e+02,4.558545569748514e+00,2.743426033798419e-06
2.679542947155853e+02,4.558523879667897e+00,2.743435272064126e-06
2.680042947155853e+02,4.558502196634846e+00,2.743444506754917e-06
2.680542947155853e+02,4.558480520644455e+00,2.743453736027818e-06
2.681042947155854e+02,4.558458851691792e+00,2.743462963080273e-06
2.681542947155854e+02,4.558437189771913e+00,2.743472189244550e-06
2.682042947155854e+02,4.558415534879890e+00,2.743481411412024e-06
2.682542947155854e+02,4.558393887010826e+00,2.743490629860252e-06
2.683042947155854e+02,4.558372246159848e+00,2.743499846698655e-06
2.683542947155854e+02,4.558350612322064e+00,2.743509060639376e-06
2.684042947155854e+02,4.558328985492520e+00,2.743518271460371e-06
2.684542947155854e+02,4.558307365666320e+00,2.743527479528013e-06
2.685042947155854e+02,4.558285752838604e+00,2.743536683421216e-06
2.685542947155855e+02,4.558264147004449e+00,2.743545884549964e-06
2.686042947155855e+02,4.558242548158980e+00,2.743555083791333e-06
2.686542947155855e+02,4.558220956297363e+00,2.743564279524396e-06
2.687042947155855e+02,4.558199371414682e+00,2.743573471349475e-06
2.687542947155855e+02,4.558177793506014e+00,2.743582660654348e-06
2.688042947155855e+02,4.558156222566501e+00,2.743591847883103e-06
2.688542947155855e+02,4.558134658591285e+00,2.743601032191973e-06
2.689042947155855e+02,4.558113101575487e+00,2.743610213014741e-06
2.689542947155855e+02,4.558091551514268e+00,2.743619391483837e-06
2.690042947155856e+02,4.558070008402773e+00,2.743628567521545e-06
2.690542947155856e+02,4.558048472236135e+00,2.743637739518040e-06
2.691042947155856e+02,4.558026943009467e+00,2.743646908017333e-06
2.691542947155856e+02,4.558005420717937e+00,2.743656073463513e-06
2.692042947155856e+02,4.557983905356759e+00,2.743665236045317e-06
2.692542947155856e+02,4.557962396921030e+00,2.743674395818258e-06
2.693042947155856e+02,4.557940895405856e+00,2.743683552227222e-06
2.693542947155856e+02,4.557919400806465e+00,2.743692705660789e-06
2.694042947155856e+02,4.557897913118077e+00,2.743701857184772e-06
2.694542947155857e+02,4.557876432335812e+00,2.743711006443900e-06
2.695042947155857e+02,4.557854958454808e+00,2.743720152039292e-06
2.695542947155857e+02,4.557833491470270e+00,2.743729293404734e-06
2.696042947155857e+02,4.557812031377356e+00,2.743738432016824e-06
2.696542947155857e+02,4.557790578171261e+00,2.743747567620208e-06
2.697042947155857e+02,4.557769131847236e+00,2.743756700625671e-06
2.697542947155857e+02,4.557747692400413e+00,2.743765832454298e-06
2.698042947155857e+02,4.557726259825936e+00,2.743774960641393e-06
2.698542947155858e+02,4.557704834119034e+00,2.743784084964912e-06
2.699042947155858e+02,4.557683415274946e+00,2.743793207001372e-06
2.699542947155858e+02,4.557662003288893e+00,2.743802325640549e-06
2.700042947155858e+02,4.557640598156066e+00,2.743811441315431e-06
2.700542947155858e+02,4.557619199871635e+00,2.743820554758764e-06
2.701042947155858e+02,4.557597808430800e+00,2.743829665482051e-06
2.701542947155858e+02,4.557576423828812e+00,2.743838773152224e-06
2.702042947155858e+02,4.557555046060905e+00,2.743847877547240e-06
2.702542947155858e+02,4.557533675122309e+00,2.743856979344333e-06
2.703042947155859e+02,4.557512311008237e+00,2.743866077810758e-06
2.703542947155859e+02,4.557490953713882e+00,2.743875173068638e-06
2.704042947155859e+02,4.557469603234494e+00,2.743884266028357e-06
2.704542947155859e+02,4.557448259565360e+00,2.743893356123700e-06
2.705042947155859e+02,4.557426922701669e+00,2.743902443343565e-06
2.705542947155859e+02,4.557405592638655e+00,2.743911527721261e-06
2.706042947155859e+02,4.557384269371628e+00,2.743920608979228e-06
2.706542947155859e+02,4.557362952895825e+00,2.743929685885122e-06
2.707042947155859e+02,4.557341643206463e+00,2.743938759338222e-06
2.707542947155860e+02,4.557320340298758e+00,2.743947832313926e-06
2.708042947155860e+02,4.557299044168023e+00,2.743956903080286e-06
2.708542947155860e+02,4.557277754809574e+00,2.743965969483470e-06
2.709042947155860e+02,4.557256472218615e+00,2.743975032567086e-06
2.709542947155860e+02,4.557235196390407e+00,2.743984094296232e-06
2.710042947155860e+02,4.557213927320245e+00,2.743993154104690e-06
2.710542947155860e+02,4.557192665003410e+00,2.744002209916347e-06
2.711042947155860e+02,4.557171409435154e+00,2.744011262341823e-06
2.711542947155860e+02,4.557150160610778e+00,2.744020311436629e-06
2.712042947155861e+02,4.557128918525626e+00,2.744029357567141e-06
2.712542947155861e+02,4.557107683174915e+00,2.744038401044219e-06
2.713042947155861e+02,4.557086454553908e+00,2.744047440913072e-06
2.713542947155861e+02,4.557065232657979e+00,2.744056477984164e-06
2.714042947155861e+02,4.557044017482437e+00,2.744065513067956e-06
2.714542947155861e+02,4.557022809022516e+00,2.744074546097836e-06
2.715042947155861e+02,4.557001607273533e+00,2.744083576762940e-06
2.715542947155861e+02,4.556980412230851e+00,2.744092603497856e-06
2.716042947155861e+02,4.556959223889745e+00,2.744101626890999e-06
2.716542947155862e+02,4.556938042245538e+00,2.744110647919368e-06
2.717042947155862e+02,4.556916867293567e+00,2.744119664906525e-06
2.717542947155862e+02,4.556895699029120e+00,2.744128678984897e-06
2.718042947155862e+02,4.556874537447510e+00,2.744137691941945e-06
2.718542947155862e+02,4.556853382544090e+00,2.744146702478706e-06
2.719042947155862e+02,4.556832234314212e+00,2.744155708774415e-06
2.719542947155862e+02,4.556811092753207e+00,2.744164710140734e-06
2.720042947155862e+02,4.556789957856388e+00,2.744173709020154e-06
2.720542947155863e+02,4.556768829619102e+00,2.744182707921778e-06
2.721042947155863e+02,4.556747708036747e+00,2.744191705557747e-06
2.721542947155863e+02,4.556726593104657e+00,2.744200699407857e-06
2.722042947155863e+02,4.556705484818130e+00,2.744209688173144e-06
2.722542947155863e+02,4.556684383172525e+00,2.744218673019344e-06
2.723042947155863e+02,4.556663288163230e+00,2.744227657510273e-06
2.723542947155863e+02,4.556642199785611e+00,2.744236639381076e-06
2.724042947155863e+02,4.556621118035017e+00,2.744245616666657e-06
2.724542947155863e+02,4.556600042906815e+00,2.744254592142575e-06
2.725042947155864e+02,4.556578974396387e+00,2.744263565009470e-06
2.725542947155864e+02,4.556557912499104e+00,2.744272535178522e-06
2.726042947155864e+02,4.556536857210373e+00,2.744281502039109e-06
2.726542947155864e+02,4.556515808525567e+00,2.744290465990912e-06
2.727042947155864e+02,4.556494766440003e+00,2.744299428688163e-06
2.727542947155864e+02,4.556473730949085e+00,2.744308388554345e-06
2.728042947155864e+02,4.556452702048258e+00,2.744317344357111e-06
2.728542947155864e+02,4.556431679732927e+00,2.744326296918026e-06
2.729042947155864e+02,4.556410663998459e+00,2.744335247314006e-06
2.729542947155865e+02,4.556389654840255e+00,2.744344194201681e-06
2.730042947155865e+02,4.556368652253703e+00,2.744353139090955e-06
2.730542947155865e+02,4.556347656234201e+00,2.744362082448121e-06
2.731042947155865e+02,4.556326666777206e+00,2.744371020942510e-06
2.731542947155865e+02,4.556305683878114e+00,2.744379956239456e-06
2.732042947155865e+02,4.556284707532296e+00,2.744388889626820e-06
2.732542947155865e+02,4.556263737735181e+00,2.744397819794537e-06
2.733042947155865e+02,4.556242774482247e+00,2.744406748074873e-06
2.733542947155865e+02,4.556221817768924e+00,2.744415673968231e-06
2.734042947155866e+02,4.556200867590588e+00,2.744424596442102e-06
2.734542947155866e+02,4.556179923942675e+00,2.744433515529793e-06
2.735042947155866e+02,4.556158986820662e+00,2.744442431764210e-06
2.735542947155866e+02,4.556138056219982e+00,2.744451344867799e-06
2.736042947155866e+02,4.556117132136071e+00,2.744460255284648e-06
2.736542947155866e+02,4.556096214564364e+00,2.744469164124980e-06
2.737042947155866e+02,4.556075303500291e+00,2.744478069778972e-06
2.737542947155866e+02,4.556054398939326e+00,2.744486972202215e-06
2.738042947155866e+02,4.556033500876912e+00,2.744495871838798e-06
2.738542947155867e+02,4.556012609308496e+00,2.744504769687922e-06
2.739042947155867e+02,4.555991724229553e+00,2.744513665383214e-06
2.739542947155867e+02,4.555970845635567e+00,2.744522558014289e-06
2.740042947155867e+02,4.555949973521991e+00,2.744531447558946e-06
2.740542947155867e+02,4.555929107884303e+00,2.744540333140105e-06
2.741042947155867e+02,4.555908248717980e+00,2.744549215057529e-06
2.741542947155867e+02,4.555887396018480e+00,2.744558094798915e-06
2.742042947155867e+02,4.555866549781275e+00,2.744566973474489e-06
2.742542947155868e+02,4.555845710001850e+00,2.744575850073944e-06
2.743042947155868e+02,4.555824876675738e+00,2.744584722843130e-06
2.743542947155868e+02,4.555804049798416e+00,2.744593591704331e-06
2.744042947155868e+02,4.555783229365346e+00,2.744602457889894e-06
2.744542947155868e+02,4.555762415372067e+00,2.744611322188079e-06
2.745042947155868e+02,4.555741607814054e+00,2.744620183943852e-06
2.745542947155868e+02,4.555720806686735e+00,2.744629043956576e-06
2.746042947155868e+02,4.555700011985667e+00,2.744637900794061e-06
2.746542947155868e+02,4.555679223706425e+00,2.744646753623642e-06
2.747042947155869e+02,4.555658441844500e+00,2.744655603688768e-06
2.747542947155869e+02,4.555637666395369e+00,2.744664451533447e-06
2.748042947155869e+02,4.555616897354499e+00,2.744673296613670e-06
2.748542947155869e+02,4.555596134717470e+00,2.744682138385429e-06
2.749042947155869e+02,4.555575378479861e+00,2.744690978269809e-06
2.749542947155869e+02,4.555554628637141e+00,2.744699815001156e-06
2.750042947155869e+02,4.555533885184836e+00,2.744708649878430e-06
2.750542947155869e+02,4.555513148118482e+00,2.744717482835018e-06
2.751042947155869e+02,4.555492417433601e+00,2.744726311261897e-06
2.751542947155870e+02,4.555471693125771e+00,2.744735136691173e-06
2.752042947155870e+02,4.555450975190531e+00,2.744743960743773e-06
2.752542947155870e+02,4.555430263623383e+00,2.744752782620336e-06
2.753042947155870e+02,4.555409558419924e+00,2.744761600699936e-06
2.753542947155870e+02,4.555388859575710e+00,2.744770415548786e-06
2.754042947155870e+02,4.555368167086260e+00,2.744779228010658e-06
2.754542947155870e+02,4.555347480947143e+00,2.744788037807994e-06
2.755042947155870e+02,4.555326801153920e+00,2.744796845007408e-06
2.755542947155870e+02,4.555306127702164e+00,2.744805649553390e-06
2.756042947155871e+02,4.555285460587472e+00,2.744814451346017e-06
2.756542947155871e+02,4.555264799805356e+00,2.744823249996714e-06
2.757042947155871e+02,4.555244145351396e+00,2.744832045449969e-06
2.757542947155871e+02,4.555223497221254e+00,2.744840838882617e-06
2.758042947155871e+02,4.555202855410464e+00,2.744849629939389e-06
2.758542947155871e+02,4.555182219914549e+00,2.744858417854229e-06
2.759042947155871e+02,4.555161590729098e+00,2.744867203870588e-06
2.759542947155871e+02,4.555140967849740e+00,2.744875986933754e-06
2.760042947155872e+02,4.555120351272119e+00,2.744884767054829e-06
2.760542947155872e+02,4.555099740991791e+00,2.744893544478061e-06
2.761042947155872e+02,4.555079137004324e+00,2.744902318825976e-06
2.761542947155872e+02,4.555058539305313e+00,2.744911090553764e-06
2.762042947155872e+02,4.555037947890386e+00,2.744919859983391e-06
2.762542947155872e+02,4.555017362755179e+00,2.744928628003035e-06
2.763042947155872e+02,4.554996783895295e+00,2.744937393158303e-06
2.763542947155872e+02,4.554976211306334e+00,2.744946154916289e-06
2.764042947155872e+02,4.554955644983901e+00,2.744954913954229e-06
2.764542947155873e+02,4.554935084923608e+00,2.744963669672601e-06
2.765042947155873e+02,4.554914531121103e+00,2.744972422004793e-06
2.765542947155873e+02,4.554893983572010e+00,2.744981173515421e-06
2.766042947155873e+02,4.554873442271938e+00,2.744989923427327e-06
2.766542947155873e+02,4.554852907216556e+00,2.744998668887239e-06
2.767042947155873e+02,4.554832378401475e+00,2.745007411294037e-06
2.767542947155873e+02,4.554811855822324e+00,2.745016151191732e-06
2.768042947155873e+02,4.554791339474774e+00,2.745024888114028e-06
2.768542947155873e+02,4.554770829354445e+00,2.745033622482812e-06
2.769042947155874e+02,4.554750325456991e+00,2.745042353987220e-06
2.769542947155874e+02,4.554729827778086e+00,2.745051083160160e-06
2.770042947155874e+02,4.554709336313360e+00,2.745059811611456e-06
2.770542947155874e+02,4.554688851058451e+00,2.745068537287193e-06
2.771042947155874e+02,4.554668372009058e+00,2.745077258866208e-06
2.771542947155874e+02,4.554647899160868e+00,2.745085977092349e-06
2.772042947155874e+02,4.554627432509472e+00,2.745094693053635e-06
2.772542947155874e+02,4.554606972050530e+00,2.745103407727062e-06
2.773042947155874e+02,4.554586517779791e+00,2.745112119214149e-06
2.773542947155875e+02,4.554566069692906e+00,2.745120827426079e-06
2.774042947155875e+02,4.554545627785531e+00,2.745129532662610e-06
2.774542947155875e+02,4.554525192053377e+00,2.745138234879335e-06
2.775042947155875e+02,4.554504762492077e+00,2.745146935963633e-06
2.775542947155875e+02,4.554484339097344e+00,2.745155634749769e-06
2.776042947155875e+02,4.554463921864925e+00,2.745164329328159e-06
2.776542947155875e+02,4.554443510790469e+00,2.745173021619491e-06
2.777042947155875e+02,4.554423105869615e+00,2.745181712289895e-06
2.777542947155875e+02,4.554402707098107e+00,2.745190399052316e-06
2.778042947155876e+02,4.554382314471679e+00,2.745199083338940e-06
2.778542947155876e+02,4.554361927985999e+00,2.745207766160068e-06
2.779042947155876e+02,4.554341547636789e+00,2.745216446183435e-06
2.779542947155876e+02,4.554321173419786e+00,2.745225123364630e-06
2.780042947155876e+02,4.554300805330685e+00,2.745233797403896e-06
2.780542947155876e+02,4.554280443365168e+00,2.745242468556581e-06
2.781042947155876e+02,4.554260087518964e+00,2.745251136756072e-06
2.781542947155876e+02,4.554239737787829e+00,2.745259803367944e-06
2.782042947155877e+02,4.554219394167484e+00,2.745268468436607e-06
2.782542947155877e+02,4.554199056653641e+00,2.745277130851837e-06
2.783042947155877e+02,4.554178725242020e+00,2.745285790868984e-06
2.783542947155877e+02,4.554158399928387e+00,2.745294447522156e-06
2.784042947155877e+02,4.554138080708503e+00,2.745303100245139e-06
2.784542947155877e+02,4.554117767578079e+00,2.745311750170360e-06
2.785042947155877e+02,4.554097460532812e+00,2.745320398452450e-06
2.785542947155877e+02,4.554077159568458e+00,2.745329044858263e-06
2.786042947155877e+02,4.554056864680822e+00,2.745337688666155e-06
2.786542947155878e+02,4.554036575865663e+00,2.745346328943538e-06
2.787042947155878e+02,4.554016293118739e+00,2.745354966101194e-06
2.787542947155878e+02,4.553996016435760e+00,2.745363601604617e-06
2.788042947155878e+02,4.553975745812473e+00,2.745372234920901e-06
2.788542947155878e+02,4.553955481244683e+00,2.745380865217378e-06
2.789042947155878e+02,4.553935222728130e+00,2.745389493160183e-06
2.789542947155878e+02,4.553914970258600e+00,2.745398118227510e-06
2.790042947155878e+02,4.553894723831917e+00,2.745406740419360e-06
2.790542947155878e+02,4.553874483443842e+00,2.745415359935572e-06
2.791042947155879e+02,4.553854249090098e+00,2.745423977331257e-06
2.791542947155879e+02,4.553834020766447e+00,2.745432592872870e-06
2.792042947155879e+02,4.553813798468721e+00,2.745441204284454e-06
2.792542947155879e+02,4.553793582192718e+00,2.745449813042605e-06
2.793042947155879e+02,4.553773371934247e+00,2.745458419868968e-06
2.793542947155879e+02,4.553753167689107e+00,2.745467023520093e-06
2.794042947155879e+02,4.553732969453057e+00,2.745475625783439e-06
2.794542947155879e+02,4.553712777221908e+00,2.745484226725620e-06
2.795042947155879e+02,4.553692590991453e+00,2.745492824203905e-06
2.795542947155880e+02,4.553672410757452e+00,2.745501418762303e-06
2.796042947155880e+02,4.553652236515766e+00,2.745510011277891e-06
2.796542947155880e+02,4.553632068262240e+00,2.745518600018721e-06
2.797042947155880e+02,4.553611905992660e+00,2.745527186128322e-06
2.797542947155880e+02,4.553591749702864e+00,2.745535770961166e-06
2.798042947155880e+02,4.553571599388647e+00,2.745544353129475e-06
2.798542947155880e+02,4.553551455045810e+00,2.745552932111445e-06
2.799042947155880e+02,4.553531316670247e+00,2.745561509172728e-06
2.799542947155880e+02,4.553511184257729e+00,2.745570084379939e-06
2.800042947155881e+02,4.553491057804045e+00,2.745578656356401e-06
2.800542947155881e+02,4.553470937305122e+00,2.745587225035501e-06
2.801042947155881e+02,4.553450822756803e+00,2.745595791616279e-06
2.801542947155881e+02,4.553430714154900e+00,2.745604355354886e-06
2.802042947155881e+02,4.553410611495264e+00,2.745612915940460e-06
2.802542947155881e+02,4.553390514773674e+00,2.745621474372201e-06
2.803042947155881e+02,4.553370423986006e+00,2.745630030694518e-06
2.803542947155881e+02,4.553350339128164e+00,2.745638583941518e-06
2.804042947155882e+02,4.553330260195962e+00,2.745647133491475e-06
2.804542947155882e+02,4.553310187185309e+00,2.745655681997822e-06
2.805042947155882e+02,4.553290120092059e+00,2.745664228960959e-06
2.805542947155882e+02,4.553270058911992e+00,2.745672773215152e-06
2.806042947155882e+02,4.553250003641039e+00,2.745681314993548e-06
2.806542947155882e+02,4.553229954275104e+00,2.745689853996386e-06
2.807042947155882e+02,4.553209910810001e+00,2.745698389957213e-06
2.807542947155882e+02,4.553189873241633e+00,2.745706922454144e-06
2.808042947155882e+02,4.553169841565923e+00,2.745715453596603e-06
2.808542947155883e+02,4.553149815778693e+00,2.745723982818376e-06
2.809042947155883e+02,4.553129795875781e+00,2.745732509442228e-06
2.809542947155883e+02,4.553109781853103e+00,2.745741033712407e-06
2.810042947155883e+02,4.553089773706589e+00,2.745749554352156e-06
2.810542947155883e+02,4.553069771432141e+00,2.745758072249654e-06
2.811042947155883e+02,4.553049775025666e+00,2.745766587604742e-06
2.811542947155883e+02,4.553029784483020e+00,2.745775100683873e-06
2.812042947155883e+02,4.553009799800069e+00,2.745783612164282e-06
2.812542947155883e+02,4.552989820972766e+00,2.745792121313223e-06
2.813042947155884e+02,4.552969847997051e+00,2.745800627886447e-06
2.813542947155884e+02,4.552949880868795e+00,2.745809131983873e-06
2.814042947155884e+02,4.552929919583912e+00,2.745817632728426e-06
2.814542947155884e+02,4.552909964138307e+00,2.745826131263635e-06
2.815042947155884e+02,4.552890014527897e+00,2.745834628133509e-06
2.815542947155884e+02,4.552870070748643e+00,2.745843121928065e-06
2.816042947155884e+02,4.552850132796463e+00,2.745851614534683e-06
2.816542947155884e+02,4.552830200667259e+00,2.745860104876447e-06
2.817042947155884e+02,4.552810274356969e+00,2.745868590244410e-06
2.817542947155885e+02,4.552790353861536e+00,2.745877073502950e-06
2.818042947155885e+02,4.552770439176887e+00,2.745885554918521e-06
2.818542947155885e+02,4.552750530298960e+00,2.745894031660051e-06
2.819042947155885e+02,4.552730627223702e+00,2.745902506503101e-06
2.819542947155885e+02,4.552710729947025e+00,2.745910981779138e-06
2.820042947155885e+02,4.552690838464890e+00,2.745919455156693e-06
2.820542947155885e+02,4.552670952773296e+00,2.745927924248787e-06
2.821042947155885e+02,4.552651072868164e+00,2.745936389577225e-06
2.821542947155885e+02,4.552631198745449e+00,2.745944853873156e-06
2.822042947155886e+02,4.552611330401132e+00,2.745953316525957e-06
2.822542947155886e+02,4.552591467831136e+00,2.745961775181954e-06
2.823042947155886e+02,4.552571611031438e+00,2.745970230873657e-06
2.823542947155886e+02,4.552551759998019e+00,2.745978685221989e-06
2.824042947155886e+02,4.552531914726822e+00,2.745987137405387e-06
2.824542947155886e+02,4.552512075213824e+00,2.745995585980560e-06
2.825042947155886e+02,4.552492241455012e+00,2.746004032701660e-06
2.825542947155886e+02,4.552472413446356e+00,2.746012478290333e-06
2.826042947155887e+02,4.552452591183845e+00,2.746020920948017e-06
2.826542947155887e+02,4.552432774663490e+00,2.746029361141006e-06
2.827042947155887e+02,4.552412963881286e+00,2.746037797858997e-06
2.827542947155887e+02,4.552393158833175e+00,2.746046231168603e-06
2.828042947155887e+02,4.552373359515140e+00,2.746054662701853e-06
2.828542947155887e+02,4.552353565923205e+00,2.746063092147882e-06
2.829042947155887e+02,4.552333778053366e+00,2.746071520505894e-06
2.829542947155887e+02,4.552313995901597e+00,2.746079946488028e-06
2.830042947155887e+02,4.552294219463941e+00,2.746088367618488e-06
2.830542947155888e+02,4.552274448736418e+00,2.746096786517399e-06
2.831042947155888e+02,4.552254683714974e+00,2.746105205383004e-06
2.831542947155888e+02,4.552234924395656e+00,2.746113620773610e-06
2.832042947155888e+02,4.552215170774501e+00,2.746122032378356e-06
2.832542947155888e+02,4.552195422847453e+00,2.746130442839573e-06
2.833042947155888e+02,4.552175680610576e+00,2.746138850214370e-06
2.833542947155888e+02,4.552155944059938e+00,2.746147254624870e-06
2.834042947155888e+02,4.552136213191559e+00,2.746155658868837e-06
2.834542947155888e+02,4.552116488001434e+00,2.746164059449069e-06
2.835042947155889e+02,4.552096768485581e+00,2.746172456776347e-06
2.835542947155889e+02,4.552077054640050e+00,2.746180854436692e-06
2.836042947155889e+02,4.552057346460875e+00,2.746189248899594e-06
2.836542947155889e+02,4.552037643944101e+00,2.746197639354592e-06
2.837042947155889e+02,4.552017947085755e+00,2.746206027911108e-06
2.837542947155889e+02,4.551998255881873e+00,2.746214414946618e-06
2.838042947155889e+02,4.551978570328560e+00,2.746222799517434e-06
2.838542947155889e+02,4.551958890421847e+00,2.746231181323794e-06
2.839042947155889e+02,4.551939216157744e+00,2.746239560476721e-06
2.839542947155890e+02,4.551919547532361e+00,2.746247936454410e-06
2.840042947155890e+02,4.551899884541740e+00,2.746256310511413e-06
2.840542947155890e+02,4.551880227181909e+00,2.746264682969696e-06
2.841042947155890e+02,4.551860575448957e+00,2.746273052408172e-06
2.841542947155890e+02,4.551840929338968e+00,2.746281418227320e-06
2.842042947155890e+02,4.551821288847993e+00,2.746289782592076e-06
2.842542947155890e+02,4.551801653972102e+00,2.746298145557952e-06
2.843042947155890e+02,4.551782024707429e+00,2.746306505048829e-06
2.843542947155890e+02,4.551762401050016e+00,2.746314861531002e-06
2.844042947155891e+02,4.551742782995860e+00,2.746323215859342e-06
2.844542947155891e+02,4.551723170541131e+00,2.746331568822108e-06
2.845042947155891e+02,4.551703563681956e+00,2.746339919830882e-06
2.845542947155891e+02,4.551683962414338e+00,2.746348267153715e-06
2.846042947155891e+02,4.551664366734390e+00,2.746356611900830e-06
2.846542947155891e+02,4.551644776638232e+00,2.746364955437802e-06
2.847042947155891e+02,4.551625192121906e+00,2.746373295088994e-06
2.847542947155891e+02,4.551605613181547e+00,2.746381632375411e-06
2.848042947155892e+02,4.551586039813315e+00,2.746389969628521e-06
2.848542947155892e+02,4.551566472013259e+00,2.746398303462145e-06
2.849042947155892e+02,4.551546909777461e+00,2.746406633021409e-06
2.849542947155892e+02,4.551527353102091e+00,2.746414960537863e-06
2.850042947155892e+02,4.551507801983251e+00,2.746423286755356e-06
2.850542947155892e+02,4.551488256417042e+00,2.746431611496253e-06
2.851042947155892e+02,4.551468716399601e+00,2.746439934027806e-06
2.851542947155892e+02,4.551449181927034e+00,2.746448252984441e-06
2.852042947155892e+02,4.551429652995441e+00,2.746456570830852e-06
2.852542947155893e+02,4.551410129600955e+00,2.746464888388606e-06
2.853042947155893e+02,4.551390611739730e+00,2.746473201938454e-06
2.853542947155893e+02,4.551371099407908e+00,2.746481509903881e-06
2.854042947155893e+02,4.551351592601630e+00,2.746489815471226e-06
2.854542947155893e+02,4.551332091317010e+00,2.746498121127389e-06
2.855042947155893e+02,4.551312595550182e+00,2.746506425062706e-06
2.855542947155893e+02,4.551293105297291e+00,2.746514726544430e-06
2.856042947155893e+02,4.551273620554498e+00,2.746523024873121e-06
2.856542947155893e+02,4.551254141317980e+00,2.746531320992468e-06
2.857042947155894e+02,4.551234667583857e+00,2.746539615091209e-06
2.857542947155894e+02,4.551215199348264e+00,2.746547906036917e-06
2.858042947155894e+02,4.551195736607375e+00,2.746556195283984e-06
2.858542947155894e+02,4.551176279357377e+00,2.746564481744391e-06
2.859042947155894e+02,4.551156827594442e+00,2.746572764974048e-06
2.859542947155894e+02,4.551137381314670e+00,2.746581046915847e-06
2.860042947155894e+02,4.551117940514236e+00,2.746589326936960e-06
2.860542947155894e+02,4.551098505189330e+00,2.746597603871653e-06
2.861042947155894e+02,4.551079075336157e+00,2.746605878896763e-06
2.861542947155895e+02,4.551059650950913e+00,2.746614152134414e-06
2.862042947155895e+02,4.551040232029706e+00,2.746622422263439e-06
2.862542947155895e+02,4.551020818568720e+00,2.746630690327450e-06
2.863042947155895e+02,4.551001410564187e+00,2.746638955338349e-06
2.863542947155895e+02,4.550982008012268e+00,2.746647217396053e-06
2.864042947155895e+02,4.550962610909130e+00,2.746655478432353e-06
2.864542947155895e+02,4.550943219251002e+00,2.746663737059468e-06
2.865042947155895e+02,4.550923833034066e+00,2.746671993932431e-06
2.865542947155895e+02,4.550904452254493e+00,2.746680248751482e-06
2.866042947155896e+02,4.550885076908520e+00,2.746688501017019e-06
2.866542947155896e+02,4.550865706992367e+00,2.746696750062910e-06
2.867042947155896e+02,4.550846342502200e+00,2.746704995267429e-06
2.867542947155896e+02,4.550826983434225e+00,2.746713239217397e-06
2.868042947155896e+02,4.550807629784694e+00,2.746721480824793e-06
2.868542947155896e+02,4.550788281549806e+00,2.746729720777957e-06
2.869042947155896e+02,4.550768938725725e+00,2.746737960864349e-06
2.869542947155896e+02,4.550749601308697e+00,2.746746196332212e-06
2.870042947155897e+02,4.550730269294968e+00,2.746754428380588e-06
2.870542947155897e+02,4.550710942680744e+00,2.746762660506680e-06
2.871042947155897e+02,4.550691621462270e+00,2.746770889657374e-06
2.871542947155897e+02,4.550672305635747e+00,2.746779115743853e-06
2.872042947155897e+02,4.550652995197390e+00,2.746787339376738e-06
2.872542947155897e+02,4.550633690143481e+00,2.746795560689258e-06
2.873042947155897e+02,4.550614390470283e+00,2.746803780136603e-06
2.873542947155897e+02,4.550595096174010e+00,2.746811997629955e-06
2.874042947155897e+02,4.550575807250844e+00,2.746820213113804e-06
2.874542947155898e+02,4.550556523697046e+00,2.746828425622255e-06
2.875042947155898e+02,4.550537245508909e+00,2.746836634533584e-06
2.875542947155898e+02,4.550517972682682e+00,2.746844841191159e-06
2.876042947155898e+02,4.550498705214604e+00,2.746853046860637e-06
2.876542947155898e+02,4.550479443100930e+00,2.746861251242255e-06
2.877042947155898e+02,4.550460186337915e+00,2.746869454236095e-06
2.877542947155898e+02,4.550440934921811e+00,2.746877653888164e-06
2.878042947155898e+02,4.550421688848850e+00,2.746885849798781e-06
2.878542947155898e+02,4.550402448115352e+00,2.746894043955244e-06
2.879042947155899e+02,4.550383212717622e+00,2.746902236091103e-06
2.879542947155899e+02,4.550363982651874e+00,2.746910426272970e-06
2.880042947155899e+02,4.550344757914364e+00,2.746918613845812e-06
2.880542947155899e+02,4.550325538501384e+00,2.746926798643096e-06
2.881042947155899e+02,4.550306324409226e+00,2.746934981719535e-06
2.881542947155899e+02,4.550287115634181e+00,2.746943160310672e-06
2.882042947155899e+02,4.550267912172530e+00,2.746951336514830e-06
2.882542947155899e+02,4.550248714020546e+00,2.746959513551656e-06
2.883042947155899e+02,4.550229521174489e+00,2.746967688456853e-06
2.883542947155900e+02,4.550210333630707e+00,2.746975859454065e-06
2.884042947155900e+02,4.550191151385492e+00,2.746984028230831e-06
2.884542947155900e+02,4.550171974435094e+00,2.746992195675329e-06
2.885042947155900e+02,4.550152802775849e+00,2.747000360810565e-06
2.885542947155900e+02,4.550133636404046e+00,2.747008524902190e-06
2.886042947155900e+02,4.550114475315948e+00,2.747016687517218e-06
2.886542947155900e+02,4.550095319507931e+00,2.747024844936403e-06
2.887042947155900e+02,4.550076168976347e+00,2.747032998813976e-06
2.887542947155900e+02,4.550057023717424e+00,2.747041151525814e-06
2.888042947155901e+02,4.550037883727450e+00,2.747049302860977e-06
2.888542947155901e+02,4.550018749002790e+00,2.747057452175533e-06
2.889042947155901e+02,4.549999619539785e+00,2.747065598381465e-06
2.889542947155901e+02,4.549980495334777e+00,2.747073745220225e-06
2.890042947155901e+02,4.549961376384061e+00,2.747081890493569e-06
2.890542947155901e+02,4.549942262683925e+00,2.747090031026261e-06
2.891042947155901e+02,4.549923154230703e+00,2.747098169349610e-06
2.891542947155901e+02,4.549904051020736e+00,2.747106305252672e-06
2.892042947155902e+02,4.549884953050378e+00,2.747114439490400e-06
2.892542947155902e+02,4.549865860316014e+00,2.747122570264232e-06
2.893042947155902e+02,4.549846772813986e+00,2.747130697662986e-06
2.893542947155902e+02,4.549827690540559e+00,2.747138825394807e-06
2.894042947155902e+02,4.549808613492074e+00,2.747146951450191e-06
2.894542947155902e+02,4.549789541664948e+00,2.747155072542879e-06
2.895042947155902e+02,4.549770475055535e+00,2.747163191281893e-06
2.895542947155902e+02,4.549751413660100e+00,2.747171309665636e-06
2.896042947155902e+02,4.549732357475029e+00,2.747179425939955e-06
2.896542947155903e+02,4.549713306496737e+00,2.747187538828094e-06
2.897042947155903e+02,4.549694260721555e+00,2.747195649318152e-06
2.897542947155903e+02,4.549675220145865e+00,2.747203758331613e-06
2.898042947155903e+02,4.549656184766047e+00,2.747211865391080e-06
2.898542947155903e+02,4.549637154578400e+00,2.747219971173792e-06
2.899042947155903e+02,4.549618129579308e+00,2.747228073692448e-06
2.899542947155903e+02,4.549599109765208e+00,2.747236172369732e-06
2.900042947155903e+02,4.549580095132437e+00,2.747244270203247e-06
2.900542947155903e+02,4.549561085677357e+00,2.747252366871028e-06
2.901042947155904e+02,4.549542081396391e+00,2.747260459974993e-06
2.901542947155904e+02,4.549523082285906e+00,2.747268550758591e-06
2.902042947155904e+02,4.549504088342272e+00,2.747276640798341e-06
2.902542947155904e+02,4.549485099561892e+00,2.747284727873794e-06
2.903042947155904e+02,4.549466115941182e+00,2.747292812961949e-06
2.903542947155904e+02,4.549447137476513e+00,2.747300896795552e-06
2.904042947155904e+02,4.549428164164267e+00,2.747308978208868e-06
2.904542947155904e+02,4.549409196000845e+00,2.747317057568272e-06
2.905042947155904e+02,4.549390232982667e+00,2.747325133075202e-06
2.905542947155905e+02,4.549371275106137e+00,2.747333206161845e-06
2.906042947155905e+02,4.549352322367619e+00,2.747341278138265e-06
2.906542947155905e+02,4.549333374763552e+00,2.747349347583378e-06
2.907042947155905e+02,4.549314432290392e+00,2.747357414663715e-06
2.907542947155905e+02,4.549295494944537e+00,2.747365479945491e-06
2.908042947155905e+02,4.549276562722350e+00,2.747373543695159e-06
2.908542947155905e+02,4.549257635620286e+00,2.747381604591553e-06
2.909042947155905e+02,4.549238713634811e+00,2.747389662579164e-06
2.909542947155905e+02,4.549219796762310e+00,2.747397718224204e-06
2.910042947155906e+02,4.549200884999173e+00,2.747405772215011e-06
2.910542947155906e+02,4.549181978341835e+00,2.747413825206618e-06
2.911042947155906e+02,4.549163076786765e+00,2.747421875367157e-06
2.911542947155906e+02,4.549144180330410e+00,2.747429923007489e-06
2.912042947155906e+02,4.549125288969174e+00,2.747437968782646e-06
2.912542947155906e+02,4.549106402699495e+00,2.747446010916272e-06
2.913042947155906e+02,4.549087521517841e+00,2.747454051539994e-06
2.913542947155906e+02,4.549068645420625e+00,2.747462090953573e-06
2.914042947155907e+02,4.549049774404326e+00,2.747470127991275e-06
2.914542947155907e+02,4.549030908465398e+00,2.747478163408051e-06
2.915042947155907e+02,4.549012047600226e+00,2.747486196704302e-06
2.915542947155907e+02,4.548993191805302e+00,2.747494227102870e-06
2.916042947155907e+02,4.548974341077106e+00,2.747502255669571e-06
2.916542947155907e+02,4.548955495412081e+00,2.747510282171256e-06
2.917042947155907e+02,4.548936654806723e+00,2.747518305664237e-06
2.917542947155907e+02,4.548917819257493e+00,2.747526327303146e-06
2.918042947155907e+02,4.548898988760807e+00,2.747534346555075e-06
2.918542947155908e+02,4.548880163313135e+00,2.747542363986238e-06
2.919042947155908e+02,4.548861342910967e+00,2.747550379752067e-06
2.919542947155908e+02,4.548842527550785e+00,2.747558393153121e-06
2.920042947155908e+02,4.548823717229066e+00,2.747566403301222e-06
2.920542947155908e+02,4.548804911942275e+00,2.747574411062343e-06
2.921042947155908e+02,4.548786111686896e+00,2.747582418201738e-06
2.921542947155908e+02,4.548767316459432e+00,2.747590423009666e-06
2.922042947155908e+02,4.548748526256384e+00,2.747598425219672e-06
2.922542947155908e+02,4.548729741074204e+00,2.747606426263943e-06
2.923042947155909e+02,4.548710960909368e+00,2.747614424710293e-06
2.923542947155909e+02,4.548692185758411e+00,2.747622420414392e-06
2.924042947155909e+02,4.548673415617810e+00,2.747630414752916e-06
2.924542947155909e+02,4.548654650484064e+00,2.747638406171554e-06
2.925042947155909e+02,4.548635890353681e+00,2.747646395647302e-06
2.925542947155909e+02,4.548617135223147e+00,2.747654383924009e-06
2.926042947155909e+02,4.548598385089002e+00,2.747662369114295e-06
2.926542947155909e+02,4.548579639947745e+00,2.747670352206261e-06
2.927042947155909e+02,4.548560899795873e+00,2.747678333410847e-06
2.927542947155910e+02,4.548542164629898e+00,2.747686312106329e-06
2.928042947155910e+02,4.548523434446345e+00,2.747694288692387e-06
2.928542947155910e+02,4.548504709241747e+00,2.747702263257840e-06
2.929042947155910e+02,4.548485989012620e+00,2.747710235547335e-06
2.929542947155910e+02,4.548467273755455e+00,2.747718206082678e-06
2.930042947155910e+02,4.548448563466790e+00,2.747726175496696e-06
2.930542947155910e+02,4.548429858143162e+00,2.747734142490427e-06
2.931042947155910e+02,4.548411157781100e+00,2.747742106175694e-06
2.931542947155910e+02,4.548392462377139e+00,2.747750067451776e-06
2.932042947155911e+02,4.548373771927816e+00,2.747758027673147e-06
2.932542947155911e+02,4.548355086429669e+00,2.747765986484535e-06
2.933042947155911e+02,4.548336405879250e+00,2.747773943519566e-06
2.933542947155911e+02,4.548317730273083e+00,2.747781898578400e-06
2.934042947155911e+02,4.548299059607686e+00,2.747789850395383e-06
2.934542947155911e+02,4.548280393879646e+00,2.747797798182256e-06
2.935042947155911e+02,4.548261733085543e+00,2.747805743815296e-06
2.935542947155911e+02,4.548243077221881e+00,2.747813690036755e-06
2.936042947155912e+02,4.548224426285181e+00,2.747821635814124e-06
2.936542947155912e+02,4.548205780272047e+00,2.747829578216415e-06
2.937042947155912e+02,4.548187139179075e+00,2.747837516277735e-06
2.937542947155912e+02,4.548168503002800e+00,2.747845451807746e-06
2.938042947155912e+02,4.548149871739747e+00,2.747853385905569e-06
2.938542947155912e+02,4.548131245386506e+00,2.747861317916173e-06
2.939042947155912e+02,4.548112623939663e+00,2.747869248283647e-06
2.939542947155912e+02,4.548094007395758e+00,2.747877177341057e-06
2.940042947155912e+02,4.548075395751356e+00,2.747885104166920e-06
2.940542947155913e+02,4.548056789003057e+00,2.747893028516985e-06
2.941042947155913e+02,4.548038187147475e+00,2.747900950757626e-06
2.941542947155913e+02,4.548019590181185e+00,2.747908871677102e-06
2.942042947155913e+02,4.548000998100709e+00,2.747916790220700e-06
2.942542947155913e+02,4.547982410902661e+00,2.747924704834110e-06
2.943042947155913e+02,4.547963828583669e+00,2.747932617904308e-06
2.943542947155913e+02,4.547945251140317e+00,2.747940529575627e-06
2.944042947155913e+02,4.547926678569178e+00,2.747948438582409e-06
2.944542947155913e+02,4.547908110866811e+00,2.747956347522579e-06
2.945042947155914e+02,4.547889548029818e+00,2.747964254775209e-06
2.945542947155914e+02,4.547870990054841e+00,2.747972157120654e-06
2.946042947155914e+02,4.547852436938484e+00,2.747980058522409e-06
2.946542947155914e+02,4.547833888677316e+00,2.747987958236625e-06
2.947042947155914e+02,4.547815345267944e+00,2.747995853876323e-06
2.947542947155914e+02,4.547796806707037e+00,2.748003748938704e-06
2.948042947155914e+02,4.547778272991192e+00,2.748011643468179e-06
2.948542947155914e+02,4.547759744116974e+00,2.748019534633678e-06
2.949042947155914e+02,4.547741220081022e+00,2.748027423911797e-06
2.949542947155915e+02,4.547722700879969e+00,2.748035311879854e-06
2.950042947155915e+02,4.547704186510426e+00,2.748043196195277e-06
2.950542947155915e+02,4.547685676969038e+00,2.748051078490094e-06
2.951042947155915e+02,4.547667172252396e+00,2.748058958819816e-06
2.951542947155915e+02,4.547648672357114e+00,2.748066837617431e-06
2.952042947155915e+02,4.547630177279855e+00,2.748074715893239e-06
2.952542947155915e+02,4.547611687017270e+00,2.748082591127038e-06
2.953042947155915e+02,4.547593201566007e+00,2.748090463341030e-06
2.953542947155915e+02,4.547574720922667e+00,2.748098334289367e-06
2.954042947155916e+02,4.547556245083880e+00,2.748106203927641e-06
2.954542947155916e+02,4.547537774046302e+00,2.748114070623825e-06
2.955042947155916e+02,4.547519307806555e+00,2.748121935243891e-06
2.955542947155916e+02,4.547500846361324e+00,2.748129798609406e-06
2.956042947155916e+02,4.547482389707272e+00,2.748137659288180e-06
2.956542947155916e+02,4.547463937841010e+00,2.748145518334927e-06
2.957042947155916e+02,4.547445490759202e+00,2.748153375061308e-06
2.957542947155916e+02,4.547427048458534e+00,2.748161227835294e-06
2.958042947155917e+02,4.547408610935673e+00,2.748169079454649e-06
2.958542947155917e+02,4.547390178187223e+00,2.748176930241336e-06
2.959042947155917e+02,4.547371750209862e+00,2.748184776997914e-06
2.959542947155917e+02,4.547353327000301e+00,2.748192622366713e-06
2.960042947155917e+02,4.547334908555168e+00,2.748200467724410e-06
2.960542947155917e+02,4.547316494871159e+00,2.748208309751437e-06
2.961042947155917e+02,4.547298085944923e+00,2.748216149524713e-06
2.961542947155917e+02,4.547279681773102e+00,2.748223988320992e-06
2.962042947155917e+02,4.547261282352431e+00,2.748231823775499e-06
2.962542947155918e+02,4.547242887679620e+00,2.748239656776413e-06
2.963042947155918e+02,4.547224497751285e+00,2.748247489200012e-06
2.963542947155918e+02,4.547206112564098e+00,2.748255319292142e-06
2.964042947155918e+02,4.547187732114810e+00,2.748263147463586e-06
2.964542947155918e+02,4.547169356400108e+00,2.748270973969697e-06
2.965042947155918e+02,4.547150985416645e+00,2.748278797755760e-06
2.965542947155918e+02,4.547132619161102e+00,2.748286619254764e-06
2.966042947155918e+02,4.547114257630219e+00,2.748294439088433e-06
2.966542947155918e+02,4.547095900820696e+00,2.748302257645346e-06
2.967042947155919e+02,4.547077548729226e+00,2.748310074958810e-06
2.967542947155919e+02,4.547059201352511e+00,2.748317890240565e-06
2.968042947155919e+02,4.547040858687238e+00,2.748325701869686e-06
2.968542947155919e+02,4.547022520730113e+00,2.748333511589224e-06
2.969042947155919e+02,4.547004187477839e+00,2.748341320764753e-06
2.969542947155919e+02,4.546985858927144e+00,2.748349126631816e-06
2.970042947155919e+02,4.546967535074770e+00,2.748356930200718e-06
2.970542947155919e+02,4.546949215917420e+00,2.748364732426251e-06
2.971042947155919e+02,4.546930901451787e+00,2.748372532053861e-06
2.971542947155920e+02,4.546912591674606e+00,2.748380329960626e-06
2.972042947155920e+02,4.546894286582627e+00,2.748388124825380e-06
2.972542947155920e+02,4.546875986172568e+00,2.748395917003394e-06
2.973042947155920e+02,4.546857690441157e+00,2.748403708948261e-06
2.973542947155920e+02,4.546839399385101e+00,2.748411499671882e-06
2.974042947155920e+02,4.546821113001110e+00,2.748419287664355e-06
2.974542947155920e+02,4.546802831285928e+00,2.748427073514098e-06
2.975042947155920e+02,4.546784554236334e+00,2.748434857476462e-06
2.975542947155921e+02,4.546766281849115e+00,2.748442638430121e-06
2.976042947155921e+02,4.546748014120966e+00,2.748450418240250e-06
2.976542947155921e+02,4.546729751048567e+00,2.748458197639597e-06
2.977042947155921e+02,4.546711492628701e+00,2.748465973319697e-06
2.977542947155921e+02,4.546693238858151e+00,2.748473747012498e-06
2.978042947155921e+02,4.546674989733673e+00,2.748481518751306e-06
2.978542947155921e+02,4.546656745252005e+00,2.748489287825579e-06
2.979042947155921e+02,4.546638505409867e+00,2.748497057044180e-06
2.979542947155921e+02,4.546620270204031e+00,2.748504823764780e-06
2.980042947155922e+02,4.546602039631292e+00,2.748512586743928e-06
2.980542947155922e+02,4.546583813688425e+00,2.748520348912614e-06
2.981042947155922e+02,4.546565592372135e+00,2.748528110359655e-06
2.981542947155922e+02,4.546547375679201e+00,2.748535868986729e-06
2.982042947155922e+02,4.546529163606460e+00,2.748543624172112e-06
2.982542947155922e+02,4.546510956150647e+00,2.748551377381298e-06
2.983042947155922e+02,4.546492753308492e+00,2.748559130335132e-06
2.983542947155922e+02,4.546474555076789e+00,2.748566882356379e-06
2.984042947155922e+02,4.546456361452345e+00,2.748574630836015e-06
2.984542947155923e+02,4.546438172431926e+00,2.748582376828751e-06
2.985042947155923e+02,4.546419988012300e+00,2.748590121922207e-06
2.985542947155923e+02,4.546401808190280e+00,2.748597864240104e-06
2.986042947155923e+02,4.546383632962650e+00,2.748605604470783e-06
2.986542947155923e+02,4.546365462326166e+00,2.748613342636447e-06
2.987042947155923e+02,4.546347296277652e+00,2.748621079414332e-06
2.987542947155923e+02,4.546329134813940e+00,2.748628814193815e-06
2.988042947155923e+02,4.546310977931792e+00,2.748636546031208e-06
2.988542947155923e+02,4.546292825627979e+00,2.748644276258777e-06
2.989042947155924e+02,4.546274677899325e+00,2.748652004388025e-06
2.989542947155924e+02,4.546256534742631e+00,2.748659732572784e-06
2.990042947155924e+02,4.546238396154663e+00,2.748667458603710e-06
2.990542947155924e+02,4.546220262132283e+00,2.748675181459398e-06
2.991042947155924e+02,4.546202132672322e+00,2.748682903182659e-06
2.991542947155924e+02,4.546184007771545e+00,2.748690621253286e-06
2.992042947155924e+02,4.546165887426743e+00,2.748698337414329e-06
2.992542947155924e+02,4.546147771634758e+00,2.748706052520661e-06
2.993042947155924e+02,4.546129660392453e+00,2.748713765273319e-06
2.993542947155925e+02,4.546111553696631e+00,2.748721477015676e-06
2.994042947155925e+02,4.546093451544104e+00,2.748729187048288e-06
2.994542947155925e+02,4.546075353931703e+00,2.748736896470278e-06
2.995042947155925e+02,4.546057260856229e+00,2.748744604104808e-06
2.995542947155925e+02,4.546039172314488e+00,2.748752307043095e-06
2.996042947155925e+02,4.546021088303385e+00,2.748760007483381e-06
2.996542947155925e+02,4.546003008819772e+00,2.748767707357453e-06
2.997042947155925e+02,4.545984933860395e+00,2.748775405455167e-06
2.997542947155926e+02,4.545966863422100e+00,2.748783101010471e-06
2.998042947155926e+02,4.545948797501778e+00,2.748790795333428e-06
2.998542947155926e+02,4.545930736096288e+00,2.748798488035459e-06
2.999042947155926e+02,4.545912679202472e+00,2.748806177984137e-06
2.999542947155926e+02,4.545894626817153e+00,2.748813865989924e-06
3.000042947155926e+02,4.545876578937184e+00,2.748821553229658e-06
3.000542947155926e+02,4.545858535559381e+00,2.748829238970591e-06
3.001042947155926e+02,4.545840496680600e+00,2.748836921691716e-06
3.001542947155926e+02,4.545822462297763e+00,2.748844601603978e-06
3.002042947155927e+02,4.545804432407734e+00,2.748852279850905e-06
3.002542947155927e+02,4.545786407007319e+00,2.748859955977306e-06
3.003042947155927e+02,4.545768386093370e+00,2.748867630071999e-06
3.003542947155927e+02,4.545750369662763e+00,2.748875303678195e-06
3.004042947155927e+02,4.545732357712366e+00,2.748882976651562e-06
3.004542947155927e+02,4.545714350239103e+00,2.748890646671737e-06
3.005042947155927e+02,4.545696347239859e+00,2.748898312983766e-06
3.005542947155927e+02,4.545678348711441e+00,2.748905977597154e-06
3.006042947155927e+02,4.545660354650730e+00,2.748913642166135e-06
3.006542947155928e+02,4.545642365054597e+00,2.748921305191904e-06
3.007042947155928e+02,4.545624379919930e+00,2.748928964842595e-06
3.007542947155928e+02,4.545606399243661e+00,2.748936622905668e-06
3.008042947155928e+02,4.545588423022668e+00,2.748944279003646e-06
3.008542947155928e+02,4.545570451253779e+00,2.748951931560012e-06
3.009042947155928e+02,4.545552483933881e+00,2.748959581152083e-06
3.009542947155928e+02,4.545534521059928e+00,2.748967229711646e-06
3.010042947155928e+02,4.545516562628773e+00,2.748974879570171e-06
3.010542947155928e+02,4.545498608637293e+00,2.748982527685645e-06
3.011042947155929e+02,4.545480659082449e+00,2.748990171138183e-06
3.011542947155929e+02,4.545462713961149e+00,2.748997812070514e-06
3.012042947155929e+02,4.545444773270274e+00,2.749005453857717e-06
3.012542947155929e+02,4.545426837006701e+00,2.749013094790048e-06
3.013042947155929e+02,4.545408905167315e+00,2.749020731958723e-06
3.013542947155929e+02,4.545390977749040e+00,2.749028365619094e-06
3.014042947155929e+02,4.545373054748805e+00,2.749035997736254e-06
3.014542947155929e+02,4.545355136163556e+00,2.749043630441833e-06
3.015042947155929e+02,4.545337221990189e+00,2.749051261037988e-06
3.015542947155930e+02,4.545319312225574e+00,2.749058887604034e-06
3.016042947155930e+02,4.545301406866637e+00,2.749066512526949e-06
3.016542947155930e+02,4.545283505910351e+00,2.749074136772628e-06
3.017042947155930e+02,4.545265609353644e+00,2.749081758420385e-06
3.017542947155930e+02,4.545247717193440e+00,2.749089378902408e-06
3.018042947155930e+02,4.545229829426656e+00,2.749096998274209e-06
3.018542947155930e+02,4.545211946050192e+00,2.749104612994174e-06
3.019042947155930e+02,4.545194067060986e+00,2.749112226137624e-06
3.019542947155931e+02,4.545176192455986e+00,2.749119839203357e-06
3.020042947155931e+02,4.545158322232132e+00,2.749127448849603e-06
3.020542947155931e+02,4.545140456386366e+00,2.749135056652880e-06
3.021042947155931e+02,4.545122594915620e+00,2.749142663567977e-06
3.021542947155931e+02,4.545104737816845e+00,2.749150268728923e-06
3.022042947155931e+02,4.545086885086992e+00,2.749157873356961e-06
3.022542947155931e+02,4.545069036722987e+00,2.749165476286358e-06
3.023042947155931e+02,4.545051192721789e+00,2.749173076118233e-06
3.023542947155931e+02,4.545033353080360e+00,2.749180673363289e-06
3.024042947155932e+02,4.545015517795662e+00,2.749188268643249e-06
3.024542947155932e+02,4.544997686864628e+00,2.749195862357795e-06
3.025042947155932e+02,4.544979860284239e+00,2.749203453885202e-06
3.025542947155932e+02,4.544962038051453e+00,2.749211045223871e-06
3.026042947155932e+02,4.544944220163184e+00,2.749218634819489e-06
3.026542947155932e+02,4.544926406616461e+00,2.749226220140749e-06
3.027042947155932e+02,4.544908597408235e+00,2.749233804040924e-06
3.027542947155932e+02,4.544890792535451e+00,2.749241387752360e-06
3.028042947155932e+02,4.544872991995120e+00,2.749248970853174e-06
3.028542947155933e+02,4.544855195784205e+00,2.749256550900875e-06
3.029042947155933e+02,4.544837403899686e+00,2.749264126574297e-06
3.029542947155933e+02,4.544819616338489e+00,2.749271702047879e-06
3.030042947155933e+02,4.544801833097595e+00,2.749279277021860e-06
3.030542947155933e+02,4.544784054174045e+00,2.749286848509741e-06
3.031042947155933e+02,4.544766279564784e+00,2.749294417521824e-06
3.031542947155933e+02,4.544748509266824e+00,2.749301985423685e-06
3.032042947155933e+02,4.544730743277155e+00,2.749309552437368e-06
3.032542947155933e+02,4.544712981592742e+00,2.749317117419342e-06
3.033042947155934e+02,4.544695224210590e+00,2.749324681357707e-06
3.033542947155934e+02,4.544677471127680e+00,2.749332242564923e-06
3.034042947155934e+02,4.544659722341022e+00,2.749339800152811e-06
3.034542947155934e+02,4.544641977847609e+00,2.749347355975446e-06
3.035042947155934e+02,4.544624237644458e+00,2.749354911043128e-06
3.035542947155934e+02,4.544606501728567e+00,2.749362466033095e-06
3.036042947155934e+02,4.544588770096940e+00,2.749370018847025e-06
3.036542947155934e+02,4.544571042746582e+00,2.749377569151852e-06
3.037042947155934e+02,4.544553319674468e+00,2.749385116792142e-06
3.037542947155935e+02,4.544535600877642e+00,2.749392661412625e-06
3.038042947155935e+02,4.544517886353130e+00,2.749400205433589e-06
3.038542947155935e+02,4.544500176097923e+00,2.749407747977956e-06
3.039042947155935e+02,4.544482470109060e+00,2.749415288468410e-06
3.039542947155935e+02,4.544464768383556e+00,2.749422828636899e-06
3.040042947155935e+02,4.544447070918408e+00,2.749430366840295e-06
3.040542947155935e+02,4.544429377710671e+00,2.749437902234825e-06
3.041042947155935e+02,4.544411688757367e+00,2.749445436552439e-06
3.041542947155936e+02,4.544394004055494e+00,2.749452969115901e-06
3.042042947155936e+02,4.544376323602107e+00,2.749460497815787e-06
3.042542947155936e+02,4.544358647394262e+00,2.749468024361840e-06
3.043042947155936e+02,4.544340975428930e+00,2.749475550830178e-06
3.043542947155936e+02,4.544323307703151e+00,2.749483075999554e-06
3.044042947155936e+02,4.544305644214014e+00,2.749490598526599e-06
3.044542947155936e+02,4.544287984958563e+00,2.749498118000532e-06
3.045042947155936e+02,4.544270329933830e+00,2.749505635964561e-06
3.045542947155936e+02,4.544252679136845e+00,2.749513153961897e-06
3.046042947155937e+02,4.544235032564672e+00,2.749520671370815e-06
3.046542947155937e+02,4.544217390214325e+00,2.749528186625899e-06
3.047042947155937e+02,4.544199752082839e+00,2.749535698916689e-06
3.047542947155937e+02,4.544182118167318e+00,2.749543209120259e-06
3.048042947155937e+02,4.544164488464836e+00,2.749550716914645e-06
3.048542947155937e+02,4.544146862972436e+00,2.749558222433075e-06
3.049042947155937e+02,4.544129241687129e+00,2.749565726752462e-06
3.049542947155937e+02,4.544111624605988e+00,2.749573230128161e-06
3.050042947155937e+02,4.544094011726110e+00,2.749580731827422e-06
3.050542947155938e+02,4.544076403044549e+00,2.749588231195217e-06
3.051042947155938e+02,4.544058798558345e+00,2.749595728253745e-06
3.051542947155938e+02,4.544041198264564e+00,2.749603222814273e-06
3.052042947155938e+02,4.544023602160341e+00,2.749610716242373e-06
3.052542947155938e+02,4.544006010242740e+00,2.749618209181975e-06
3.053042947155938e+02,4.543988422508791e+00,2.749625700278607e-06
3.053542947155938e+02,4.543970838955569e+00,2.749633188599682e-06
3.054042947155938e+02,4.543953259580159e+00,2.749640674156301e-06
3.054542947155938e+02,4.543935684379658e+00,2.749648158858048e-06
3.055042947155939e+02,4.543918113351147e+00,2.749655642738231e-06
3.055542947155939e+02,4.543900546491713e+00,2.749663124697727e-06
3.056042947155939e+02,4.543882983798445e+00,2.749670605236138e-06
3.056542947155939e+02,4.543865425268456e+00,2.749678083787250e-06
3.057042947155939e+02,4.543847870898827e+00,2.749685560550902e-06
3.057542947155939e+02,4.543830320686624e+00,2.749693035860163e-06
3.058042947155939e+02,4.543812774628956e+00,2.749700508238435e-06
3.058542947155939e+02,4.543795232722937e+00,2.749707977763433e-06
3.059042947155939e+02,4.543777694965629e+00,2.749715446711116e-06
3.059542947155940e+02,4.543760161354129e+00,2.749722915458958e-06
3.060042947155940e+02,4.543742631885591e+00,2.749730381164789e-06
3.060542947155940e+02,4.543725106557115e+00,2.749737843873018e-06
3.061042947155940e+02,4.543707585365793e+00,2.749745305759682e-06
3.061542947155940e+02,4.543690068308730e+00,2.749752765803376e-06
3.062042947155940e+02,4.543672555383048e+00,2.749760224614722e-06
3.062542947155940e+02,4.543655046585849e+00,2.749767681250032e-06
3.063042947155940e+02,4.543637541914239e+00,2.749775135453953e-06
3.063542947155941e+02,4.543620041365369e+00,2.749782589369215e-06
3.064042947155941e+02,4.543602544936364e+00,2.749790041130646e-06
3.064542947155941e+02,4.543585052624334e+00,2.749797490160927e-06
3.065042947155941e+02,4.543567564426402e+00,2.749804938580586e-06
3.065542947155941e+02,4.543550080339664e+00,2.749812386056555e-06
3.066042947155941e+02,4.543532600361251e+00,2.749819831012318e-06
3.066542947155941e+02,4.543515124488323e+00,2.749827273092603e-06
3.067042947155941e+02,4.543497652718028e+00,2.749834713418736e-06
3.067542947155941e+02,4.543480185047488e+00,2.749842153056531e-06
3.068042947155942e+02,4.543462721473830e+00,2.749849590651515e-06
3.068542947155942e+02,4.543445261994171e+00,2.749857026669983e-06
3.069042947155942e+02,4.543427806605654e+00,2.749864461744761e-06
3.069542947155942e+02,4.543410355305460e+00,2.749871894987671e-06
3.070042947155942e+02,4.543392908090720e+00,2.749879325643762e-06
3.070542947155942e+02,4.543375464958590e+00,2.749886753346659e-06
3.071042947155942e+02,4.543358025906189e+00,2.749894180139173e-06
3.071542947155942e+02,4.543340590930637e+00,2.749901606565314e-06
3.072042947155942e+02,4.543323160029151e+00,2.749909030748804e-06
3.072542947155943e+02,4.543305733198886e+00,2.749916452156737e-06
3.073042947155943e+02,4.543288310436985e+00,2.749923872598776e-06
3.073542947155943e+02,4.543270891740585e+00,2.749931290842572e-06
3.074042947155943e+02,4.543253477106861e+00,2.749938706976946e-06
3.074542947155943e+02,4.543236066532978e+00,2.749946123144626e-06
3.075042947155943e+02,4.543218660016077e+00,2.749953537225087e-06
3.075542947155943e+02,4.543201257553326e+00,2.749960948507785e-06
3.076042947155943e+02,4.543183859141930e+00,2.749968358091842e-06
3.076542947155943e+02,4.543166464779051e+00,2.749975766254815e-06
3.077042947155944e+02,4.543149074461825e+00,2.749983172308362e-06
3.077542947155944e+02,4.543131688187422e+00,2.749990575608558e-06
3.078042947155944e+02,4.543114305953030e+00,2.749997978420255e-06
3.078542947155944e+02,4.543096927755894e+00,2.750005380510307e-06
3.079042947155944e+02,4.543079553593186e+00,2.750012780379913e-06
3.079542947155944e+02,4.543062183462013e+00,2.750020178151197e-06
3.080042947155944e+02,4.543044817359604e+00,2.750027573857467e-06
3.080542947155944e+02,4.543027455283147e+00,2.750034968231468e-06
3.081042947155944e+02,4.543010097229780e+00,2.750042361095568e-06
3.081542947155945e+02,4.542992743196718e+00,2.750049752216616e-06
3.082042947155945e+02,4.542975393181184e+00,2.750057141605716e-06
3.082542947155945e+02,4.542958047180347e+00,2.750064529162949e-06
3.083042947155945e+02,4.542940705191397e+00,2.750071914299896e-06
3.083542947155945e+02,4.542923367211575e+00,2.750079298215597e-06
3.084042947155945e+02,4.542906033238075e+00,2.750086680665804e-06
3.084542947155945e+02,4.542888703268052e+00,2.750094061117609e-06
3.085042947155945e+02,4.542871377298706e+00,2.750101441125325e-06
3.085542947155946e+02,4.542854055327287e+00,2.750108818412994e-06
3.086042947155946e+02,4.542836737351012e+00,2.750116192869595e-06
3.086542947155946e+02,4.542819423367042e+00,2.750123566826596e-06
3.087042947155946e+02,4.542802113372569e+00,2.750130939284795e-06
3.087542947155946e+02,4.542784807364826e+00,2.750138310044354e-06
3.088042947155946e+02,4.542767505341083e+00,2.750145678594568e-06
3.088542947155946e+02,4.542750207298557e+00,2.750153044535758e-06
3.089042947155946e+02,4.542732913234400e+00,2.750160409400032e-06
3.089542947155946e+02,4.542715623145849e+00,2.750167772965345e-06
3.090042947155947e+02,4.542698337030186e+00,2.750175134998551e-06
3.090542947155947e+02,4.542681054884611e+00,2.750182496165782e-06
3.091042947155947e+02,4.542663776706309e+00,2.750189855068158e-06
3.091542947155947e+02,4.542646502492528e+00,2.750197211272693e-06
3.092042947155947e+02,4.542629232240532e+00,2.750204565467724e-06
3.092542947155947e+02,4.542611965947517e+00,2.750211919196460e-06
3.093042947155947e+02,4.542594703610717e+00,2.750219271959303e-06
3.093542947155947e+02,4.542577445227389e+00,2.750226621813362e-06
3.094042947155947e+02,4.542560190794747e+00,2.750233970967980e-06
3.094542947155948e+02,4.542542940310067e+00,2.750241318579388e-06
3.095042947155948e+02,4.542525693770604e+00,2.750248663204297e-06
3.095542947155948e+02,4.542508451173545e+00,2.750256006263791e-06
3.096042947155948e+02,4.542491212516154e+00,2.750263348246368e-06
3.096542947155948e+02,4.542473977795694e+00,2.750270689263052e-06
3.097042947155948e+02,4.542456747009394e+00,2.750278026793635e-06
3.097542947155948e+02,4.542439520154514e+00,2.750285360471744e-06
3.098042947155948e+02,4.542422297228359e+00,2.750292695648654e-06
3.098542947155948e+02,4.542405078228182e+00,2.750300031402881e-06
3.099042947155949e+02,4.542387863151166e+00,2.750307362649601e-06
3.099542947155949e+02,4.542370651994598e+00,2.750314692297601e-06
3.100042947155949e+02,4.542353444755769e+00,2.750322022001112e-06
3.100542947155949e+02,4.542336241431903e+00,2.750329348518282e-06
3.101042947155949e+02,4.542319042020266e+00,2.750336673125870e-06
3.101542947155949e+02,4.542301846518169e+00,2.750343996945198e-06
3.102042947155949e+02,4.542284654922876e+00,2.750351317766925e-06
3.102542947155949e+02,4.542267467231660e+00,2.750358636268285e-06
3.103042947155949e+02,4.542250283441756e+00,2.750365954847362e-06
3.103542947155950e+02,4.542233103550449e+00,2.750373272504953e-06
3.104042947155950e+02,4.542215927555042e+00,2.750380588030916e-06
3.104542947155950e+02,4.542198755452792e+00,2.750387902890744e-06
3.105042947155950e+02,4.542181587241002e+00,2.750395215074936e-06
3.105542947155950e+02,4.542164422916935e+00,2.750402524206014e-06
3.106042947155950e+02,4.542147262477872e+00,2.750409831960416e-06
3.106542947155950e+02,4.542130105921111e+00,2.750417137905154e-06
3.107042947155950e+02,4.542112953243919e+00,2.750424443272576e-06
3.107542947155951e+02,4.542095804443634e+00,2.750431748095989e-06
3.108042947155951e+02,4.542078659517546e+00,2.750439050743365e-06
3.108542947155951e+02,4.542061518462890e+00,2.750446350204400e-06
3.109042947155951e+02,4.542044381276988e+00,2.750453647922386e-06
3.109542947155951e+02,4.542027247957154e+00,2.750460944574557e-06
3.110042947155951e+02,4.542010118500681e+00,2.750468239872256e-06
3.110542947155951e+02,4.541992992904870e+00,2.750475534470515e-06
3.111042947155951e+02,4.541975871167035e+00,2.750482826448647e-06
3.111542947155951e+02,4.541958753284468e+00,2.750490115928778e-06
3.112042947155952e+02,4.541941639254472e+00,2.750497404709468e-06
3.112542947155952e+02,4.541924529074391e+00,2.750504692435446e-06
3.113042947155952e+02,4.541907422741518e+00,2.750511977774445e-06
3.113542947155952e+02,4.541890320253120e+00,2.750519261226065e-06
3.114042947155952e+02,4.541873221606552e+00,2.750526544877524e-06
3.114542947155952e+02,4.541856126799153e+00,2.750533826330742e-06
3.115042947155952e+02,4.541839035828217e+00,2.750541103731647e-06
3.115542947155952e+02,4.541821948691054e+00,2.750548381010426e-06
3.116042947155952e+02,4.541804865385002e+00,2.750555657578663e-06
3.116542947155953e+02,4.541787785907425e+00,2.750562932226214e-06
3.117042947155953e+02,4.541770710255598e+00,2.750570206562903e-06
3.117542947155953e+02,4.541753638426796e+00,2.750577476636335e-06
3.118042947155953e+02,4.541736570418419e+00,2.750584743323587e-06
3.118542947155953e+02,4.541719506227871e+00,2.750592011021142e-06
3.119042947155953e+02,4.541702445852432e+00,2.750599278152483e-06
3.119542947155953e+02,4.541685389289334e+00,2.750606541953155e-06
3.120042947155953e+02,4.541668336535970e+00,2.750613802878349e-06
3.120542947155953e+02,4.541651287589762e+00,2.750621064325348e-06
3.121042947155954e+02,4.541634242447983e+00,2.750628325072907e-06
3.121542947155954e+02,4.541617201107945e+00,2.750635582623024e-06
3.122042947155954e+02,4.541600163567048e+00,2.750642838341272e-06
3.122542947155954e+02,4.541583129822656e+00,2.750650093426694e-06
3.123042947155954e+02,4.541566099872076e+00,2.750657347635039e-06
3.123542947155954e+02,4.541549073712656e+00,2.750664598179648e-06
3.124042947155954e+02,4.541532051341782e+00,2.750671846559322e-06
3.124542947155954e+02,4.541515032756773e+00,2.750679095438597e-06
3.125042947155954e+02,4.541498017954979e+00,2.750686342197346e-06
3.125542947155955e+02,4.541481006933812e+00,2.750693585725344e-06
3.126042947155955e+02,4.541463999690604e+00,2.750700828687131e-06
3.126542947155955e+02,4.541446996222675e+00,2.750708071682223e-06
3.127042947155955e+02,4.541429996527450e+00,2.750715313089697e-06
3.127542947155955e+02,4.541413000602303e+00,2.750722552021373e-06
3.128042947155955e+02,4.541396008444556e+00,2.750729788221901e-06
3.128542947155955e+02,4.541379020051592e+00,2.750737022457334e-06
3.129042947155955e+02,4.541362035420769e+00,2.750744255682464e-06
3.129542947155956e+02,4.541345054549445e+00,2.750751488041620e-06
3.130042947155956e+02,4.541328077435043e+00,2.750758718768748e-06
3.130542947155956e+02,4.541311104074959e+00,2.750765947675110e-06
3.131042947155956e+02,4.541294134466523e+00,2.750773175204796e-06
3.131542947155956e+02,4.541277168607075e+00,2.750780401746384e-06
3.132042947155956e+02,4.541260206494043e+00,2.750787626189650e-06
3.132542947155956e+02,4.541243248124843e+00,2.750794847180122e-06
3.133042947155956e+02,4.541226293496832e+00,2.750802066405339e-06
3.133542947155956e+02,4.541209342607384e+00,2.750809286085749e-06
3.134042947155957e+02,4.541192395453885e+00,2.750816505388681e-06
3.134542947155957e+02,4.541175452033757e+00,2.750823722204715e-06
3.135042947155957e+02,4.541158512344394e+00,2.750830936544952e-06
3.135542947155957e+02,4.541141576383163e+00,2.750838147843177e-06
3.136042947155957e+02,4.541124644147469e+00,2.750845357897952e-06
3.136542947155957e+02,4.541107715634719e+00,2.750852568563350e-06
3.137042947155957e+02,4.541090790842330e+00,2.750859776875076e-06
3.137542947155957e+02,4.541073869767682e+00,2.750866981933848e-06
3.138042947155957e+02,4.541056952408148e+00,2.750874186159952e-06
3.138542947155958e+02,4.541040038761172e+00,2.750881388998277e-06
3.139042947155958e+02,4.541023128824166e+00,2.750888590881812e-06
3.139542947155958e+02,4.541006222594527e+00,2.750895793498093e-06
3.140042947155958e+02,4.540989320069674e+00,2.750902993338817e-06
3.140542947155958e+02,4.540972421247019e+00,2.750910189049511e-06
3.141042947155958e+02,4.540955526123959e+00,2.750917383860924e-06
3.141542947155958e+02,4.540938634697911e+00,2.750924579183040e-06
3.142042947155958e+02,4.540921746966312e+00,2.750931772462346e-06
3.142542947155958e+02,4.540904862926586e+00,2.750938961667132e-06
3.143042947155959e+02,4.540887982576156e+00,2.750946149650674e-06
3.143542947155959e+02,4.540871105912439e+00,2.750953339632617e-06
3.144042947155959e+02,4.540854232932849e+00,2.750960527793794e-06
3.144542947155959e+02,4.540837363634796e+00,2.750967710037483e-06
3.145042947155959e+02,4.540820498015751e+00,2.750974890149544e-06
3.145542947155959e+02,4.540803636073152e+00,2.750982071171987e-06
3.146042947155959e+02,4.540786777804390e+00,2.750989251617114e-06
3.146542947155959e+02,4.540769923206906e+00,2.750996430219272e-06
3.147042947155959e+02,4.540753072278140e+00,2.751003606612085e-06
3.147542947155960e+02,4.540736225015536e+00,2.751010781128621e-06
3.148042947155960e+02,4.540719381416568e+00,2.751017955634055e-06
3.148542947155960e+02,4.540702541478645e+00,2.751025128762813e-06
3.149042947155960e+02,4.540685705199207e+00,2.751032298849560e-06
3.149542947155960e+02,4.540668872575730e+00,2.751039467393096e-06
3.150042947155960e+02,4.540652043605622e+00,2.751046634904125e-06
3.150542947155960e+02,4.540635218286319e+00,2.751053801515874e-06
3.151042947155960e+02,4.540618396615315e+00,2.751060966417879e-06
3.151542947155961e+02,4.540601578590069e+00,2.751068129932106e-06
3.152042947155961e+02,4.540584764208011e+00,2.751075291236988e-06
3.152542947155961e+02,4.540567953466605e+00,2.751082450099380e-06
3.153042947155961e+02,4.540551146363287e+00,2.751089607973673e-06
3.153542947155961e+02,4.540534342895513e+00,2.751096764637823e-06
3.154042947155961e+02,4.540517543060805e+00,2.751103919614434e-06
3.154542947155961e+02,4.540500746856606e+00,2.751111072381702e-06
3.155042947155961e+02,4.540483954280310e+00,2.751118224604960e-06
3.155542947155961e+02,4.540467165329437e+00,2.751125376095470e-06
3.156042947155962e+02,4.540450380001479e+00,2.751132525054673e-06
3.156542947155962e+02,4.540433598293859e+00,2.751139672637199e-06
3.157042947155962e+02,4.540416820204087e+00,2.751146817766132e-06
3.157542947155962e+02,4.540400045729654e+00,2.751153961573899e-06
3.158042947155962e+02,4.540383274867998e+00,2.751161104981986e-06
3.158542947155962e+02,4.540366507616592e+00,2.751168244748543e-06
3.159042947155962e+02,4.540349743972933e+00,2.751175383005195e-06
3.159542947155962e+02,4.540332983934480e+00,2.751182521661527e-06
3.160042947155962e+02,4.540316227498718e+00,2.751189658708037e-06
3.160542947155963e+02,4.540299474663160e+00,2.751196793900473e-06
3.161042947155963e+02,4.540282725425294e+00,2.751203927660723e-06
3.161542947155963e+02,4.540265979782588e+00,2.751211059855558e-06
3.162042947155963e+02,4.540249237732514e+00,2.751218190451671e-06
3.162542947155963e+02,4.540232499272567e+00,2.751225319238121e-06
3.163042947155963e+02,4.540215764400274e+00,2.751232445515467e-06
3.163542947155963e+02,4.540199033113150e+00,2.751239571115577e-06
3.164042947155963e+02,4.540182305408639e+00,2.751246696704585e-06
3.164542947155963e+02,4.540165581284231e+00,2.751253819062844e-06
3.165042947155964e+02,4.540148860737462e+00,2.751260939655848e-06
3.165542947155964e+02,4.540132143765833e+00,2.751268058894380e-06
3.166042947155964e+02,4.540115430366836e+00,2.751275176267737e-06
3.166542947155964e+02,4.540098720537994e+00,2.751282292808427e-06
3.167042947155964e+02,4.540082014276801e+00,2.751289407261898e-06
3.167542947155964e+02,4.540065311580736e+00,2.751296519983421e-06
3.168042947155964e+02,4.540048612447350e+00,2.751303631650232e-06
3.168542947155964e+02,4.540031916874167e+00,2.751310742428865e-06
3.169042947155964e+02,4.540015224858672e+00,2.751317851897434e-06
3.169542947155965e+02,4.539998536398406e+00,2.751324960300189e-06
3.170042947155965e+02,4.539981851490850e+00,2.751332067559415e-06
3.170542947155965e+02,4.539965170133524e+00,2.751339172731421e-06
3.171042947155965e+02,4.539948492324013e+00,2.751346275827310e-06
3.171542947155965e+02,4.539931818059798e+00,2.751353376491811e-06
3.172042947155965e+02,4.539915147338361e+00,2.751360475668613e-06
3.172542947155965e+02,4.539898480157274e+00,2.751367573657476e-06
3.173042947155965e+02,4.539881816514082e+00,2.751374670469503e-06
3.173542947155966e+02,4.539865156406281e+00,2.751381766548783e-06
3.174042947155966e+02,4.539848499831416e+00,2.751388860674070e-06
3.174542947155966e+02,4.539831846787030e+00,2.751395952889774e-06
3.175042947155966e+02,4.539815197270628e+00,2.751403044361628e-06
3.175542947155966e+02,4.539798551279745e+00,2.751410134900895e-06
3.176042947155966e+02,4.539781908811949e+00,2.751417223019876e-06
3.176542947155966e+02,4.539765269864797e+00,2.751424308651957e-06
3.177042947155966e+02,4.539748634435818e+00,2.751431391763832e-06
3.177542947155966e+02,4.539732002522538e+00,2.751438474398311e-06
3.178042947155967e+02,4.539715374122489e+00,2.751445557621208e-06
3.178542947155967e+02,4.539698749233251e+00,2.751452638967828e-06
3.179042947155967e+02,4.539682127852384e+00,2.751459719115407e-06
3.179542947155967e+02,4.539665509977394e+00,2.751466796021135e-06
3.180042947155967e+02,4.539648895605845e+00,2.751473870217919e-06
3.180542947155967e+02,4.539632284735332e+00,2.751480944126045e-06
3.181042947155967e+02,4.539615677363400e+00,2.751488016379939e-06
3.181542947155967e+02,4.539599073487555e+00,2.751495088667139e-06
3.182042947155967e+02,4.539582473105353e+00,2.751502160388125e-06
3.182542947155968e+02,4.539565876214407e+00,2.751509228500887e-06
3.183042947155968e+02,4.539549282812292e+00,2.751516294926110e-06
3.183542947155968e+02,4.539532692896525e+00,2.751523360074576e-06
3.184042947155968e+02,4.539516106464694e+00,2.751530422891574e-06
3.184542947155968e+02,4.539499523514374e+00,2.751537485608652e-06
3.185042947155968e+02,4.539482944043082e+00,2.751544547626289e-06
3.185542947155968e+02,4.539466368048429e+00,2.751551606246644e-06
3.186042947155968e+02,4.539449795528039e+00,2.751558663301585e-06
3.186542947155968e+02,4.539433226479457e+00,2.751565720745103e-06
3.187042947155969e+02,4.539416660900241e+00,2.751572776134709e-06
3.187542947155969e+02,4.539400098787939e+00,2.751579829492606e-06
3.188042947155969e+02,4.539383540140115e+00,2.751586880174867e-06
3.188542947155969e+02,4.539366984954384e+00,2.751593931190194e-06
3.189042947155969e+02,4.539350433228368e+00,2.751600983859754e-06
3.189542947155969e+02,4.539333884959653e+00,2.751608031710945e-06
3.190042947155969e+02,4.539317340145787e+00,2.751615076842091e-06
3.190542947155969e+02,4.539300798784370e+00,2.751622121906622e-06
3.191042947155970e+02,4.539284260873012e+00,2.751629164195596e-06
3.191542947155970e+02,4.539267726409265e+00,2.751636205163405e-06
3.192042947155970e+02,4.539251195390714e+00,2.751643246952779e-06
3.192542947155970e+02,4.539234667814980e+00,2.751650288042712e-06
3.193042947155970e+02,4.539218143679678e+00,2.751657327322982e-06
3.193542947155970e+02,4.539201622982390e+00,2.751664363017231e-06
3.194042947155970e+02,4.539185105720698e+00,2.751671395436323e-06
3.194542947155970e+02,4.539168591892223e+00,2.751678428299504e-06
3.195042947155970e+02,4.539152081494592e+00,2.751685460107972e-06
3.195542947155971e+02,4.539135574525377e+00,2.751692489918040e-06
3.196042947155971e+02,4.539119070982172e+00,2.751699519328427e-06
3.196542947155971e+02,4.539102570862603e+00,2.751706546351834e-06
3.197042947155971e+02,4.539086074164265e+00,2.751713570744014e-06
3.197542947155971e+02,4.539069580884777e+00,2.751720594569979e-06
3.198042947155971e+02,4.539053091021791e+00,2.751727617840833e-06
3.198542947155971e+02,4.539036604572880e+00,2.751734640123588e-06
3.199042947155971e+02,4.539020121535692e+00,2.751741659652990e-06
3.199542947155971e+02,4.539003641907846e+00,2.751748678960348e-06
3.200042947155972e+02,4.538987165686886e+00,2.751755698745101e-06
3.200542947155972e+02,4.538970692870504e+00,2.751762714655176e-06
3.201042947155972e+02,4.538954223456357e+00,2.751769728111659e-06
3.201542947155972e+02,4.538937757441991e+00,2.751776740735474e-06
3.202042947155972e+02,4.538921294825042e+00,2.751783751838283e-06
3.202542947155972e+02,4.538904835603164e+00,2.751790761275758e-06
3.203042947155972e+02,4.538888379773987e+00,2.751797770002690e-06
3.203542947155972e+02,4.538871927335143e+00,2.751804777952466e-06
3.204042947155972e+02,4.538855478284264e+00,2.751811783459751e-06
3.204542947155973e+02,4.538839032618999e+00,2.751818786402421e-06
3.205042947155973e+02,4.538822590336969e+00,2.751825788290380e-06
3.205542947155973e+02,4.538806151435817e+00,2.751832790022907e-06
3.206042947155973e+02,4.538789715913197e+00,2.751839789657112e-06
3.206542947155973e+02,4.538773283766715e+00,2.751846787470552e-06
3.207042947155973e+02,4.538756854993983e+00,2.751853785572650e-06
3.207542947155973e+02,4.538740429592704e+00,2.751860782042720e-06
3.208042947155973e+02,4.538724007560562e+00,2.751867775404166e-06
3.208542947155973e+02,4.538707588895170e+00,2.751874767444446e-06
3.209042947155974e+02,4.538691173594152e+00,2.751881758341196e-06
3.209542947155974e+02,4.538674761655142e+00,2.751888748860470e-06
3.210042947155974e+02,4.538658353075831e+00,2.751895738413851e-06
3.210542947155974e+02,4.538641947853884e+00,2.751902724370109e-06
3.211042947155974e+02,4.538625545986929e+00,2.751909709094020e-06
3.211542947155974e+02,4.538609147472648e+00,2.751916694084384e-06
3.212042947155974e+02,4.538592752308682e+00,2.751923677287288e-06
3.212542947155974e+02,4.538576360492693e+00,2.751930657814556e-06
3.213042947155975e+02,4.538559972022377e+00,2.751937636942942e-06
3.213542947155975e+02,4.538543586895385e+00,2.751944616359986e-06
3.214042947155975e+02,4.538527205109341e+00,2.751951594711216e-06
3.214542947155975e+02,4.538510826661931e+00,2.751958570075947e-06
3.215042947155975e+02,4.538494451550871e+00,2.751965542776142e-06
3.215542947155975e+02,4.538478079773832e+00,2.751972513555650e-06
3.216042947155975e+02,4.538461711328447e+00,2.751979484379569e-06
3.216542947155975e+02,4.538445346212372e+00,2.751986455048056e-06
3.217042947155975e+02,4.538428984423291e+00,2.751993424595218e-06
3.217542947155976e+02,4.538412625958895e+00,2.752000392887827e-06
3.218042947155976e+02,4.538396270816858e+00,2.752007357772052e-06
3.218542947155976e+02,4.538379918994860e+00,2.752014320802205e-06
3.219042947155976e+02,4.538363570490628e+00,2.752021284554002e-06
3.219542947155976e+02,4.538347225301822e+00,2.752028247306599e-06
3.220042947155976e+02,4.538330883426092e+00,2.752035206839549e-06
3.220542947155976e+02,4.538314544861169e+00,2.752042163907803e-06
3.221042947155976e+02,4.538298209604750e+00,2.752049119566075e-06
3.221542947155976e+02,4.538281877654510e+00,2.752056074880177e-06
3.222042947155977e+02,4.538265549008109e+00,2.752063030460733e-06
3.222542947155977e+02,4.538249223663224e+00,2.752069983743128e-06
3.223042947155977e+02,4.538232901617588e+00,2.752076935371289e-06
3.223542947155977e+02,4.538216582868918e+00,2.752083886444340e-06
3.224042947155977e+02,4.538200267414922e+00,2.752090833764837e-06
3.224542947155977e+02,4.538183955253275e+00,2.752097778576229e-06
3.225042947155977e+02,4.538167646381673e+00,2.752104724653276e-06
3.225542947155977e+02,4.538151340797831e+00,2.752111669997576e-06
3.226042947155977e+02,4.538135038499459e+00,2.752118613920790e-06
3.226542947155978e+02,4.538118739484267e+00,2.752125556700475e-06
3.227042947155978e+02,4.538102443749924e+00,2.752132497470655e-06
3.227542947155978e+02,4.538086151294135e+00,2.752139436764239e-06
3.228042947155978e+02,4.538069862114648e+00,2.752146373570924e-06
3.228542947155978e+02,4.538053576209208e+00,2.752153310011235e-06
3.229042947155978e+02,4.538037293575511e+00,2.752160245940844e-06
3.229542947155978e+02,4.538021014211219e+00,2.752167178806236e-06
3.230042947155978e+02,4.538004738114082e+00,2.752174110483691e-06
3.230542947155978e+02,4.537988465281846e+00,2.752181041495012e-06
3.231042947155979e+02,4.537972195712201e+00,2.752187970729975e-06
3.231542947155979e+02,4.537955929402870e+00,2.752194897688981e-06
3.232042947155979e+02,4.537939666351608e+00,2.752201824370432e-06
3.232542947155979e+02,4.537923406556139e+00,2.752208750507873e-06
3.233042947155979e+02,4.537907150014162e+00,2.752215672926067e-06
3.233542947155979e+02,4.537890896723403e+00,2.752222592935078e-06
3.234042947155979e+02,4.537874646681606e+00,2.752229513610221e-06
3.234542947155979e+02,4.537858399886508e+00,2.752236434507410e-06
3.235042947155980e+02,4.537842156335841e+00,2.752243352440304e-06
3.235542947155980e+02,4.537825916027349e+00,2.752250267741968e-06
3.236042947155980e+02,4.537809678958756e+00,2.752257184020629e-06
3.236542947155980e+02,4.537793445127788e+00,2.752264099788587e-06
3.237042947155980e+02,4.537777214532208e+00,2.752271012447921e-06
3.237542947155980e+02,4.537760987169771e+00,2.752277922820196e-06
3.238042947155980e+02,4.537744763038231e+00,2.752284831371705e-06
3.238542947155980e+02,4.537728542135318e+00,2.752291739490226e-06
3.239042947155980e+02,4.537712324458751e+00,2.752298646920409e-06
3.239542947155981e+02,4.537696110006263e+00,2.752305552785178e-06
3.240042947155981e+02,4.537679898775616e+00,2.752312457528622e-06
3.240542947155981e+02,4.537663690764582e+00,2.752319360151540e-06
3.241042947155981e+02,4.537647485970909e+00,2.752326261142430e-06
3.241542947155981e+02,4.537631284392336e+00,2.752333161644821e-06
3.242042947155981e+02,4.537615086026637e+00,2.752340060959274e-06
3.242542947155981e+02,4.537598890871580e+00,2.752346958563984e-06
3.243042947155981e+02,4.537582698924932e+00,2.752353854825324e-06
3.243542947155981e+02,4.537566510184463e+00,2.752360749632271e-06
3.244042947155982e+02,4.537550324647898e+00,2.752367642174364e-06
3.244542947155982e+02,4.537534142313014e+00,2.752374532451602e-06
3.245042947155982e+02,4.537517963177606e+00,2.752381422151523e-06
3.245542947155982e+02,4.537501787239383e+00,2.752388311684912e-06
3.246042947155982e+02,4.537485614496099e+00,2.752395199308717e-06
3.246542947155982e+02,4.537469444945569e+00,2.752402085766787e-06
3.247042947155982e+02,4.537453278585550e+00,2.752408972591231e-06
3.247542947155982e+02,4.537437115413829e+00,2.752415858261043e-06
3.248042947155982e+02,4.537420955428231e+00,2.752422741155297e-06
3.248542947155983e+02,4.537404798626488e+00,2.752429621385017e-06
3.249042947155983e+02,4.537388645006320e+00,2.752436499272165e-06
3.249542947155983e+02,4.537372494565590e+00,2.752443376293340e-06
3.250042947155983e+02,4.537356347302087e+00,2.752450254835520e-06
3.250542947155983e+02,4.537340203213496e+00,2.752457132778180e-06
3.251042947155983e+02,4.537324062297626e+00,2.752464007290251e-06
3.251542947155983e+02,4.537307924552338e+00,2.752470879104480e-06
3.252042947155983e+02,4.537291789975395e+00,2.752477750219268e-06
3.252542947155983e+02,4.537275658564559e+00,2.752484620434776e-06
3.253042947155984e+02,4.537259530317631e+00,2.752491489451242e-06
3.253542947155984e+02,4.537243405232389e+00,2.752498357512918e-06
3.254042947155984e+02,4.537227283306645e+00,2.752505224053587e-06
3.254542947155984e+02,4.537211164538214e+00,2.752512088906717e-06
3.255042947155984e+02,4.537195048924868e+00,2.752518952183331e-06
3.255542947155984e+02,4.537178936464390e+00,2.752525813938939e-06
3.256042947155984e+02,4.537162827154574e+00,2.752532674340075e-06
3.256542947155984e+02,4.537146720993218e+00,2.752539535118687e-06
3.257042947155985e+02,4.537130617978178e+00,2.752546394065431e-06
3.257542947155985e+02,4.537114518107265e+00,2.752553249859141e-06
3.258042947155985e+02,4.537098421378228e+00,2.752560105330887e-06
3.258542947155985e+02,4.537082327788903e+00,2.752566960236420e-06
3.259042947155985e+02,4.537066237337110e+00,2.752573813354492e-06
3.259542947155985e+02,4.537050150020619e+00,2.752580663852439e-06
3.260042947155985e+02,4.537034065837241e+00,2.752587513251265e-06
3.260542947155985e+02,4.537017984784820e+00,2.752594361628686e-06
3.261042947155985e+02,4.537001906861203e+00,2.752601207985500e-06
3.261542947155986e+02,4.536985832064180e+00,2.752608055186084e-06
3.262042947155986e+02,4.536969760391544e+00,2.752614901243139e-06
3.262542947155986e+02,4.536953691841113e+00,2.752621744768885e-06
3.263042947155986e+02,4.536937626410726e+00,2.752628586429457e-06
3.263542947155986e+02,4.536921564098228e+00,2.752635424936994e-06
3.264042947155986e+02,4.536905504901432e+00,2.752642263089261e-06
3.264542947155986e+02,4.536889448818146e+00,2.752649102218524e-06
3.265042947155986e+02,4.536873395846175e+00,2.752655941181254e-06
3.265542947155986e+02,4.536857345983385e+00,2.752662777645982e-06
3.266042947155987e+02,4.536841299227627e+00,2.752669611568298e-06
3.266542947155987e+02,4.536825255576670e+00,2.752676444058428e-06
3.267042947155987e+02,4.536809215028358e+00,2.752683273351114e-06
3.267542947155987e+02,4.536793177580572e+00,2.752690101977668e-06
3.268042947155987e+02,4.536777143231157e+00,2.752696932458293e-06
3.268542947155987e+02,4.536761111977920e+00,2.752703762494830e-06
3.269042947155987e+02,4.536745083818706e+00,2.752710589600377e-06
3.269542947155987e+02,4.536729058751345e+00,2.752717413963673e-06
3.270042947155987e+02,4.536713036773652e+00,2.752724238060517e-06
3.270542947155988e+02,4.536697017883506e+00,2.752731062756880e-06
3.271042947155988e+02,4.536681002078741e+00,2.752737885343821e-06
3.271542947155988e+02,4.536664989357245e+00,2.752744703500970e-06
3.272042947155988e+02,4.536648979716886e+00,2.752751519493185e-06
3.272542947155988e+02,4.536632973155422e+00,2.752758336140432e-06
3.273042947155988e+02,4.536616969670718e+00,2.752765152820985e-06
3.273542947155988e+02,4.536600969260682e+00,2.752771967369911e-06
3.274042947155988e+02,4.536584971923172e+00,2.752778779431936e-06
3.274542947155988e+02,4.536568977656017e+00,2.752785590861135e-06
3.275042947155989e+02,4.536552986457032e+00,2.752792402356947e-06
3.275542947155989e+02,4.536536998324119e+00,2.752799212187423e-06
3.276042947155989e+02,4.536521013255188e+00,2.752806019453286e-06
3.276542947155989e+02,4.536505031248018e+00,2.752812826597023e-06
3.277042947155989e+02,4.536489052300457e+00,2.752819633230058e-06
3.277542947155989e+02,4.536473076410465e+00,2.752826436776673e-06
3.278042947155989e+02,4.536457103575882e+00,2.752833238324887e-06
3.278542947155989e+02,4.536441133794539e+00,2.752840039961918e-06
3.279042947155990e+02,4.536425167064330e+00,2.752846841165963e-06
3.279542947155990e+02,4.536409203383126e+00,2.752853640349401e-06
3.280042947155990e+02,4.536393242748778e+00,2.752860437889709e-06
3.280542947155990e+02,4.536377285159172e+00,2.752867235041440e-06
3.281042947155990e+02,4.536361330612205e+00,2.752874030361302e-06
3.281542947155990e+02,4.536345379105736e+00,2.752880822594745e-06
3.282042947155990e+02,4.536329430637634e+00,2.752887614794880e-06
3.282542947155990e+02,4.536313485205824e+00,2.752894408404999e-06
3.283042947155990e+02,4.536297542808147e+00,2.752901200083330e-06
3.283542947155991e+02,4.536281603442433e+00,2.752907987309667e-06
3.284042947155991e+02,4.536265667106647e+00,2.752914772970588e-06
3.284542947155991e+02,4.536249733798679e+00,2.752921558376160e-06
3.285042947155991e+02,4.536233803516372e+00,2.752928342593791e-06
3.285542947155991e+02,4.536217876257656e+00,2.752935125756712e-06
3.286042947155991e+02,4.536201952020422e+00,2.752941907287604e-06
3.286542947155991e+02,4.536186030802515e+00,2.752948688540941e-06
3.287042947155991e+02,4.536170112601846e+00,2.752955468606339e-06
3.287542947155991e+02,4.536154197416329e+00,2.752962247250652e-06
3.288042947155992e+02,4.536138285243860e+00,2.752969023785540e-06
3.288542947155992e+02,4.536122376082314e+00,2.752975798066676e-06
3.289042947155992e+02,4.536106469929576e+00,2.752982572869617e-06
3.289542947155992e+02,4.536090566783571e+00,2.752989346906504e-06
3.290042947155992e+02,4.536074666642205e+00,2.752996118223344e-06
3.290542947155992e+02,4.536058769503422e+00,2.753002887808237e-06
3.291042947155992e+02,4.536042875365093e+00,2.753009658059263e-06
3.291542947155992e+02,4.536026984225054e+00,2.753016427333294e-06
3.292042947155992e+02,4.536011096081294e+00,2.753023193976096e-06
3.292542947155993e+02,4.535995210931753e+00,2.753029959275528e-06
3.293042947155993e+02,4.535979328774305e+00,2.753036722698682e-06
3.293542947155993e+02,4.535963449606847e+00,2.753043485144841e-06
3.294042947155993e+02,4.535947573427265e+00,2.753050247657613e-06
3.294542947155993e+02,4.535931700233490e+00,2.753057008105369e-06
3.295042947155993e+02,4.535915830023463e+00,2.753063766810077e-06
3.295542947155993e+02,4.535899962795079e+00,2.753070525536988e-06
3.296042947155993e+02,4.535884098546300e+00,2.753077283098166e-06
3.296542947155993e+02,4.535868237275051e+00,2.753084037406390e-06
3.297042947155994e+02,4.535852378979213e+00,2.753090790193608e-06
3.297542947155994e+02,4.535836523656694e+00,2.753097543114053e-06
3.298042947155994e+02,4.535820671305460e+00,2.753104293680825e-06
3.298542947155994e+02,4.535804821923464e+00,2.753111042659978e-06
3.299042947155994e+02,4.535788975508588e+00,2.753117791861176e-06
3.299542947155994e+02,4.535773132058758e+00,2.753124540895841e-06
3.300042947155994e+02,4.535757291571935e+00,2.753131287921002e-06
3.300542947155994e+02,4.535741454046018e+00,2.753138032070685e-06
3.301042947155995e+02,4.535725619478919e+00,2.753144775298883e-06
3.301542947155995e+02,4.535709787868659e+00,2.753151518116298e-06
3.302042947155995e+02,4.535693959213160e+00,2.753158260167660e-06
3.302542947155995e+02,4.535678133510304e+00,2.753165000409359e-06
3.303042947155995e+02,4.535662310758058e+00,2.753171738752575e-06
3.303542947155995e+02,4.535646490954356e+00,2.753178475885648e-06
3.304042947155995e+02,4.535630674097177e+00,2.753185211975113e-06
3.304542947155995e+02,4.535614860184456e+00,2.753191947131989e-06
3.305042947155995e+02,4.535599049214110e+00,2.753198680878883e-06
3.305542947155996e+02,4.535583241184102e+00,2.753205413304610e-06
3.306042947155996e+02,4.535567436092361e+00,2.753212144775547e-06
3.306542947155996e+02,4.535551633936849e+00,2.753218875336100e-06
3.307042947155996e+02,4.535535834715532e+00,2.753225604686510e-06
3.307542947155996e+02,4.535520038426339e+00,2.753232332460404e-06
3.308042947155996e+02,4.535504245067246e+00,2.753239058924234e-06
3.308542947155996e+02,4.535488454636221e+00,2.753245783600606e-06
3.309042947155996e+02,4.535472667131208e+00,2.753252506989118e-06
3.309542947155996e+02,4.535456882550155e+00,2.753259229944644e-06
3.310042947155997e+02,4.535441100891020e+00,2.753265952322854e-06
3.310542947155997e+02,4.535425322151751e+00,2.753272673446511e-06
3.311042947155997e+02,4.535409546330352e+00,2.753279392460745e-06
3.311542947155997e+02,4.535393773424786e+00,2.753286110253734e-06
3.312042947155997e+02,4.535378003432977e+00,2.753292826880988e-06
3.312542947155997e+02,4.535362236352917e+00,2.753299541454330e-06
3.313042947155997e+02,4.535346472182593e+00,2.753306254539972e-06
3.313542947155997e+02,4.535330710919959e+00,2.753312968014193e-06
3.314042947155997e+02,4.535314952562969e+00,2.753319680644645e-06
3.314542947155998e+02,4.535299197109618e+00,2.753326389766792e-06
3.315042947155998e+02,4.535283444557888e+00,2.753333097057071e-06
3.315542947155998e+02,4.535267694905726e+00,2.753339804802541e-06
3.316042947155998e+02,4.535251948151125e+00,2.753346512370375e-06
3.316542947155998e+02,4.535236204292104e+00,2.753353217495719e-06
3.317042947155998e+02,4.535220463326592e+00,2.753359920733683e-06
3.317542947155998e+02,4.535204725252540e+00,2.753366623882831e-06
3.318042947155998e+02,4.535188990067982e+00,2.753373325411052e-06
3.318542947155998e+02,4.535173257770931e+00,2.753380025185121e-06
3.319042947155999e+02,4.535157528359344e+00,2.753386724437384e-06
3.319542947155999e+02,4.535141801831175e+00,2.753393422601630e-06
3.320042947155999e+02,4.535126078184449e+00,2.753400119600141e-06
3.320542947155999e+02,4.535110357417154e+00,2.753406815432919e-06
3.321042947155999e+02,4.535094639527259e+00,2.753413509500441e-06
3.321542947155999e+02,4.535078924512788e+00,2.753420202224594e-06
3.322042947155999e+02,4.535063212371701e+00,2.753426893960648e-06
3.322542947155999e+02,4.535047503101995e+00,2.753433584597581e-06
3.323042947156000e+02,4.535031796701720e+00,2.753440273868941e-06
3.323542947156000e+02,4.535016093168823e+00,2.753446961919054e-06
3.324042947156000e+02,4.535000392501316e+00,2.753453648969967e-06
3.324542947156000e+02,4.534984694697212e+00,2.753460334466568e-06
3.325042947156000e+02,4.534968999754492e+00,2.753467018519879e-06
3.325542947156000e+02,4.534953307671201e+00,2.753473701018878e-06
3.326042947156000e+02,4.534937618445313e+00,2.753480382618595e-06
3.326542947156000e+02,4.534921932074815e+00,2.753487063685406e-06
3.327042947156000e+02,4.534906248557744e+00,2.753493743464359e-06
3.327542947156001e+02,4.534890567892133e+00,2.753500421800021e-06
3.328042947156001e+02,4.534874890075984e+00,2.753507099303015e-06
3.328542947156001e+02,4.534859215107274e+00,2.753513775262801e-06
3.329042947156001e+02,4.534843542984028e+00,2.753520449546149e-06
3.329542947156001e+02,4.534827873704242e+00,2.753527123574146e-06
3.330042947156001e+02,4.534812207265968e+00,2.753533795959013e-06
3.330542947156001e+02,4.534796543667261e+00,2.753540466523113e-06
3.331042947156001e+02,4.534780882906085e+00,2.753547136598717e-06
3.331542947156001e+02,4.534765224980466e+00,2.753553806097003e-06
3.332042947156002e+02,4.534749569888428e+00,2.753560474607192e-06
3.332542947156002e+02,4.534733917627977e+00,2.753567141640784e-06
3.333042947156002e+02,4.534718268197175e+00,2.753573806354010e-06
3.333542947156002e+02,4.534702621594038e+00,2.753580468669154e-06
3.334042947156002e+02,4.534686977816571e+00,2.753587130806662e-06
3.334542947156002e+02,4.534671336862822e+00,2.753593792322445e-06
3.335042947156002e+02,4.534655698730845e+00,2.753600452916744e-06
3.335542947156002e+02,4.534640063418656e+00,2.753607114110563e-06
3.336042947156002e+02,4.534624430924282e+00,2.753613772251268e-06
3.336542947156003e+02,4.534608801245750e+00,2.753620427505394e-06
3.337042947156003e+02,4.534593174381064e+00,2.753627083980764e-06
3.337542947156003e+02,4.534577550328301e+00,2.753633738657574e-06
3.338042947156003e+02,4.534561929085530e+00,2.753640390059226e-06
3.338542947156003e+02,4.534546310650779e+00,2.753647041594104e-06
3.339042947156003e+02,4.534530695022058e+00,2.753653692329622e-06
3.339542947156003e+02,4.534515082197419e+00,2.753660342232473e-06
3.340042947156003e+02,4.534499472174899e+00,2.753666991602416e-06
3.340542947156003e+02,4.534483864952554e+00,2.753673638674198e-06
3.341042947156004e+02,4.534468260528467e+00,2.753680284269384e-06
3.341542947156004e+02,4.534452658900656e+00,2.753686929165128e-06
3.342042947156004e+02,4.534437060067120e+00,2.753693573650091e-06
3.342542947156004e+02,4.534421464025957e+00,2.753700216325389e-06
3.343042947156004e+02,4.534405870775236e+00,2.753706856336153e-06
3.343542947156004e+02,4.534390280312963e+00,2.753713495736293e-06
3.344042947156004e+02,4.534374692637239e+00,2.753720136224452e-06
3.344542947156004e+02,4.534359107746154e+00,2.753726775147198e-06
3.345042947156005e+02,4.534343525637700e+00,2.753733410528331e-06
3.345542947156005e+02,4.534327946309932e+00,2.753740044199721e-06
3.346042947156005e+02,4.534312369760975e+00,2.753746677338204e-06
3.346542947156005e+02,4.534296795988866e+00,2.753753310232438e-06
3.347042947156005e+02,4.534281224991600e+00,2.753759942105266e-06
3.347542947156005e+02,4.534265656767283e+00,2.753766572557010e-06
3.348042947156005e+02,4.534250091314030e+00,2.753773202553561e-06
3.348542947156005e+02,4.534234528629879e+00,2.753779830973596e-06
3.349042947156005e+02,4.534218968712883e+00,2.753786457173185e-06
3.349542947156006e+02,4.534203411561108e+00,2.753793082917583e-06
3.350042947156006e+02,4.534187857172631e+00,2.753799708129073e-06
3.350542947156006e+02,4.534172305545549e+00,2.753806332197034e-06
3.351042947156006e+02,4.534156756677924e+00,2.753812954466434e-06
3.351542947156006e+02,4.534141210567816e+00,2.753819574604205e-06
3.352042947156006e+02,4.534125667213336e+00,2.753826193864901e-06
3.352542947156006e+02,4.534110126612561e+00,2.753832812448359e-06
3.353042947156006e+02,4.534094588763518e+00,2.753839428100830e-06
3.353542947156006e+02,4.534079053664296e+00,2.753846043509051e-06
3.354042947156007e+02,4.534063521313032e+00,2.753852661193230e-06
3.354542947156007e+02,4.534047991707822e+00,2.753859275735477e-06
3.355042947156007e+02,4.534032464846682e+00,2.753865887724211e-06
3.355542947156007e+02,4.534016940727653e+00,2.753872498624926e-06
3.356042947156007e+02,4.534001419348924e+00,2.753879108781793e-06
3.356542947156007e+02,4.533985900708621e+00,2.753885719260624e-06
3.357042947156007e+02,4.533970384804758e+00,2.753892327030511e-06
3.357542947156007e+02,4.533954871635386e+00,2.753898934034344e-06
3.358042947156007e+02,4.533939361198634e+00,2.753905541526675e-06
3.358542947156008e+02,4.533923853492650e+00,2.753912145999199e-06
3.359042947156008e+02,4.533908348515513e+00,2.753918748295687e-06
3.359542947156008e+02,4.533892846265305e+00,2.753925350370129e-06
3.360042947156008e+02,4.533877346740129e+00,2.753931952022687e-06
3.360542947156008e+02,4.533861849938046e+00,2.753938552553920e-06
3.361042947156008e+02,4.533846355857155e+00,2.753945150653764e-06
3.361542947156008e+02,4.533830864495595e+00,2.753951747299216e-06
3.362042947156008e+02,4.533815375851490e+00,2.753958343456170e-06
3.362542947156008e+02,4.533799889922940e+00,2.753964939235649e-06
3.363042947156009e+02,4.533784406708008e+00,2.753971535092842e-06
3.363542947156009e+02,4.533768926204811e+00,2.753978128873919e-06
3.364042947156009e+02,4.533753448411513e+00,2.753984719413144e-06
3.364542947156009e+02,4.533737973326201e+00,2.753991309796938e-06
3.365042947156009e+02,4.533722500946942e+00,2.753997899958688e-06
3.365542947156009e+02,4.533707031271864e+00,2.754004489387691e-06
3.366042947156009e+02,4.533691564299097e+00,2.754011077895208e-06
3.366542947156009e+02,4.533676100026761e+00,2.754017663360714e-06
3.367042947156010e+02,4.533660638452971e+00,2.754024247460646e-06
3.367542947156010e+02,4.533645179575853e+00,2.754030830972160e-06
3.368042947156010e+02,4.533629723393504e+00,2.754037413362348e-06
3.368542947156010e+02,4.533614269904040e+00,2.754043994964278e-06
3.369042947156010e+02,4.533598819105607e+00,2.754050575089612e-06
3.369542947156010e+02,4.533583370996332e+00,2.754057154892981e-06
3.370042947156010e+02,4.533567925574319e+00,2.754063734574225e-06
3.370542947156010e+02,4.533552482837689e+00,2.754070310924800e-06
3.371042947156010e+02,4.533537042784615e+00,2.754076885243668e-06
3.371542947156011e+02,4.533521605413217e+00,2.754083461161256e-06
3.372042947156011e+02,4.533506170721589e+00,2.754090035924212e-06
3.372542947156011e+02,4.533490738707865e+00,2.754096607844997e-06
3.373042947156011e+02,4.533475309370218e+00,2.754103179110751e-06
3.373542947156011e+02,4.533459882706747e+00,2.754109750309892e-06
3.374042947156011e+02,4.533444458715543e+00,2.754116320476524e-06
3.374542947156011e+02,4.533429037394805e+00,2.754122889510729e-06
3.375042947156011e+02,4.533413618742705e+00,2.754129457068339e-06
3.375542947156011e+02,4.533398202757356e+00,2.754136022016923e-06
3.376042947156012e+02,4.533382789436860e+00,2.754142585500014e-06
3.376542947156012e+02,4.533367378779348e+00,2.754149148017210e-06
3.377042947156012e+02,4.533351970783020e+00,2.754155709868273e-06
3.377542947156012e+02,4.533336565446027e+00,2.754162271663824e-06
3.378042947156012e+02,4.533321162766483e+00,2.754168832471277e-06
3.378542947156012e+02,4.533305762742516e+00,2.754175391902053e-06
3.379042947156012e+02,4.533290365372285e+00,2.754181948956952e-06
3.379542947156012e+02,4.533274970653959e+00,2.754188504113370e-06
3.380042947156012e+02,4.533259578585666e+00,2.754195060313398e-06
3.380542947156013e+02,4.533244189165567e+00,2.754201615958313e-06
3.381042947156013e+02,4.533228802391861e+00,2.754208168239253e-06
3.381542947156013e+02,4.533213418262689e+00,2.754214719654219e-06
3.382042947156013e+02,4.533198036776161e+00,2.754221271879648e-06
3.382542947156013e+02,4.533182657930431e+00,2.754227823105876e-06
3.383042947156013e+02,4.533167281723687e+00,2.754234372411419e-06
3.383542947156013e+02,4.533151908154088e+00,2.754240919640844e-06
3.384042947156013e+02,4.533136537219817e+00,2.754247464383370e-06
3.384542947156013e+02,4.533121168918999e+00,2.754254008370944e-06
3.385042947156014e+02,4.533105803249774e+00,2.754260553002447e-06
3.385542947156014e+02,4.533090440210392e+00,2.754267097323088e-06
3.386042947156014e+02,4.533075079799002e+00,2.754273640033905e-06
3.386542947156014e+02,4.533059722013700e+00,2.754280180479868e-06
3.387042947156014e+02,4.533044366852670e+00,2.754286721625271e-06
3.387542947156014e+02,4.533029014314124e+00,2.754293262981617e-06
3.388042947156014e+02,4.533013664396245e+00,2.754299798686927e-06
3.388542947156014e+02,4.532998317097172e+00,2.754306331827622e-06
3.389042947156015e+02,4.532982972415104e+00,2.754312867899306e-06
3.389542947156015e+02,4.532967630348220e+00,2.754319404148626e-06
3.390042947156015e+02,4.532952290894650e+00,2.754325938410646e-06
3.390542947156015e+02,4.532936954052602e+00,2.754332470196869e-06
3.391042947156015e+02,4.532921619820264e+00,2.754339000217837e-06
3.391542947156015e+02,4.532906288195810e+00,2.754345530161090e-06
3.392042947156015e+02,4.532890959177413e+00,2.754352060393001e-06
3.392542947156015e+02,4.532875632763253e+00,2.754358588570999e-06
3.393042947156015e+02,4.532860308951530e+00,2.754365113251794e-06
3.393542947156016e+02,4.532844987740411e+00,2.754371636700242e-06
3.394042947156016e+02,4.532829669128104e+00,2.754378160681598e-06
3.394542947156016e+02,4.532814353112824e+00,2.754384683108641e-06
3.395042947156016e+02,4.532799039692703e+00,2.754391204392154e-06
3.395542947156016e+02,4.532783728865927e+00,2.754397726985731e-06
3.396042947156016e+02,4.532768420630730e+00,2.754404246015490e-06
3.396542947156016e+02,4.532753114985304e+00,2.754410762636068e-06
3.397042947156016e+02,4.532737811927830e+00,2.754417281910077e-06
3.397542947156016e+02,4.532722511456514e+00,2.754423798919231e-06
3.398042947156017e+02,4.532707213569562e+00,2.754430312997397e-06
3.398542947156017e+02,4.532691918265146e+00,2.754436827930434e-06
3.399042947156017e+02,4.532676625541464e+00,2.754443341719942e-06
3.399542947156017e+02,4.532661335396718e+00,2.754449853788604e-06
3.400042947156017e+02,4.532646047829111e+00,2.754456364014296e-06
3.400542947156017e+02,4.532630762836885e+00,2.754462873362912e-06
3.401042947156017e+02,4.532615480418253e+00,2.754469383299946e-06
3.401542947156017e+02,4.532600200571348e+00,2.754475891849201e-06
3.402042947156017e+02,4.532584923294356e+00,2.754482397423058e-06
3.402542947156018e+02,4.532569648585578e+00,2.754488901609137e-06
3.403042947156018e+02,4.532554376443237e+00,2.754495406261509e-06
3.403542947156018e+02,4.532539106865475e+00,2.754501909537205e-06
3.404042947156018e+02,4.532523839850488e+00,2.754508411525042e-06
3.404542947156018e+02,4.532508575396529e+00,2.754514912169509e-06
3.405042947156018e+02,4.532493313501852e+00,2.754521410382588e-06
3.405542947156018e+02,4.532478054164666e+00,2.754527908029453e-06
3.406042947156018e+02,4.532462797383121e+00,2.754534407019688e-06
3.406542947156018e+02,4.532447543155431e+00,2.754540905565833e-06
3.407042947156019e+02,4.532432291479868e+00,2.754547401813817e-06
3.407542947156019e+02,4.532417042354639e+00,2.754553897251339e-06
3.408042947156019e+02,4.532401795777993e+00,2.754560390723765e-06
3.408542947156019e+02,4.532386551748172e+00,2.754566882031257e-06
3.409042947156019e+02,4.532371310263323e+00,2.754573372428365e-06
3.409542947156019e+02,4.532356071321654e+00,2.754579863358381e-06
3.410042947156019e+02,4.532340834921460e+00,2.754586354588157e-06
3.410542947156019e+02,4.532325601060992e+00,2.754592842553877e-06
3.411042947156020e+02,4.532310369738418e+00,2.754599327621915e-06
3.411542947156020e+02,4.532295140951996e+00,2.754605812179251e-06
3.412042947156020e+02,4.532279914699970e+00,2.754612297713583e-06
3.412542947156020e+02,4.532264690980511e+00,2.754618782781621e-06
3.413042947156020e+02,4.532249469791934e+00,2.754625266184324e-06
3.413542947156020e+02,4.532234251132504e+00,2.754631749043018e-06
3.414042947156020e+02,4.532219035000372e+00,2.754638228926315e-06
3.414542947156020e+02,4.532203821393761e+00,2.754644706900028e-06
3.415042947156020e+02,4.532188610310942e+00,2.754651185295626e-06
3.415542947156021e+02,4.532173401750191e+00,2.754657662181321e-06
3.416042947156021e+02,4.532158195709723e+00,2.754664138323165e-06
3.416542947156021e+02,4.532142992187774e+00,2.754670614576033e-06
3.417042947156021e+02,4.532127791182615e+00,2.754677089019237e-06
3.417542947156021e+02,4.532112592692455e+00,2.754683561053256e-06
3.418042947156021e+02,4.532097396715544e+00,2.754690033142788e-06
3.418542947156021e+02,4.532082203250162e+00,2.754696505099091e-06
3.419042947156021e+02,4.532067012294579e+00,2.754702975256834e-06
3.419542947156021e+02,4.532051823847016e+00,2.754709444537501e-06
3.420042947156022e+02,4.532036637905695e+00,2.754715912663536e-06
3.420542947156022e+02,4.532021454468892e+00,2.754722379290770e-06
3.421042947156022e+02,4.532006273534857e+00,2.754728844041727e-06
3.421542947156022e+02,4.531991095101846e+00,2.754735307693562e-06
3.422042947156022e+02,4.531975919168123e+00,2.754741771733976e-06
3.422542947156022e+02,4.531960745731977e+00,2.754748234386612e-06
3.423042947156022e+02,4.531945574791654e+00,2.754754693797395e-06
3.423542947156022e+02,4.531930406345384e+00,2.754761152952828e-06
3.424042947156022e+02,4.531915240391439e+00,2.754767613351711e-06
3.424542947156023e+02,4.531900076928046e+00,2.754774072251793e-06
3.425042947156023e+02,4.531884915953497e+00,2.754780530174878e-06
3.425542947156023e+02,4.531869757466124e+00,2.754786986876718e-06
3.426042947156023e+02,4.531854601464152e+00,2.754793441036147e-06
3.426542947156023e+02,4.531839447945814e+00,2.754799895073451e-06
3.427042947156023e+02,4.531824296909400e+00,2.754806349854605e-06
3.427542947156023e+02,4.531809148353167e+00,2.754812802026735e-06
3.428042947156023e+02,4.531794002275384e+00,2.754819252433610e-06
3.428542947156024e+02,4.531778858674332e+00,2.754825701563729e-06
3.429042947156024e+02,4.531763717548320e+00,2.754832148517811e-06
3.429542947156024e+02,4.531748578895633e+00,2.754838595005599e-06
3.430042947156024e+02,4.531733442714490e+00,2.754845041315752e-06
3.430542947156024e+02,4.531718309003157e+00,2.754851486815441e-06
3.431042947156024e+02,4.531703177759989e+00,2.754857931338134e-06
3.431542947156024e+02,4.531688048983246e+00,2.754864375427840e-06
3.432042947156024e+02,4.531672922671128e+00,2.754870817752292e-06
3.432542947156024e+02,4.531657798821978e+00,2.754877258300387e-06
3.433042947156025e+02,4.531642677434117e+00,2.754883698759664e-06
3.433542947156025e+02,4.531627558505795e+00,2.754890138652727e-06
3.434042947156025e+02,4.531612442035268e+00,2.754896576935967e-06
3.434542947156025e+02,4.531597328020829e+00,2.754903012921045e-06
3.435042947156025e+02,4.531582216460793e+00,2.754909448561954e-06
3.435542947156025e+02,4.531567107353436e+00,2.754915885102144e-06
3.436042947156025e+02,4.531552000697055e+00,2.754922319766057e-06
3.436542947156025e+02,4.531536896489991e+00,2.754928751054891e-06
3.437042947156025e+02,4.531521794730511e+00,2.754935181244606e-06
3.437542947156026e+02,4.531506695416841e+00,2.754941612699974e-06
3.438042947156026e+02,4.531491598547294e+00,2.754948044155342e-06
3.438542947156026e+02,4.531476504120234e+00,2.754954472957278e-06
3.439042947156026e+02,4.531461412133954e+00,2.754960899605380e-06
3.439542947156026e+02,4.531446322586667e+00,2.754967324910113e-06
3.440042947156026e+02,4.531431235476679e+00,2.754973749293360e-06
3.440542947156026e+02,4.531416150802402e+00,2.754980173510075e-06
3.441042947156026e+02,4.531401068562098e+00,2.754986597393722e-06
3.441542947156026e+02,4.531385988754022e+00,2.754993021910196e-06
3.442042947156027e+02,4.531370911376516e+00,2.754999445016687e-06
3.442542947156027e+02,4.531355836427905e+00,2.755005865125576e-06
3.443042947156027e+02,4.531340763906472e+00,2.755012284113140e-06
3.443542947156027e+02,4.531325693810488e+00,2.755018701279938e-06
3.444042947156027e+02,4.531310626138296e+00,2.755025117414229e-06
3.444542947156027e+02,4.531295560888226e+00,2.755031534125835e-06
3.445042947156027e+02,4.531280498058576e+00,2.755037949516276e-06
3.445542947156027e+02,4.531265437647665e+00,2.755044362919417e-06
3.446042947156027e+02,4.531250379653790e+00,2.755050775478790e-06
3.446542947156028e+02,4.531235324075257e+00,2.755057188715399e-06
3.447042947156028e+02,4.531220270910388e+00,2.755063601108237e-06
3.447542947156028e+02,4.531205220157543e+00,2.755070010292533e-06
3.448042947156028e+02,4.531190171815027e+00,2.755076417633856e-06
3.448542947156028e+02,4.531175125881135e+00,2.755082826152017e-06
3.449042947156028e+02,4.531160082354217e+00,2.755089235813707e-06
3.449542947156028e+02,4.531145041232564e+00,2.755095641967093e-06
3.450042947156028e+02,4.531130002514493e+00,2.755102044423435e-06
3.450542947156029e+02,4.531114966198375e+00,2.755108448789362e-06
3.451042947156029e+02,4.531099932282526e+00,2.755114854332125e-06
3.451542947156029e+02,4.531084900765262e+00,2.755121257243660e-06
3.452042947156029e+02,4.531069871644912e+00,2.755127658156792e-06
3.452542947156029e+02,4.531054844919812e+00,2.755134057870884e-06
3.453042947156029e+02,4.531039820588310e+00,2.755140457873634e-06
3.453542947156029e+02,4.531024798648710e+00,2.755146856621832e-06
3.454042947156029e+02,4.531009779099323e+00,2.755153252494553e-06
3.454542947156029e+02,4.530994761938499e+00,2.755159648289557e-06
3.455042947156030e+02,4.530979747164595e+00,2.755166042496943e-06
3.455542947156030e+02,4.530964734775971e+00,2.755172435316550e-06
3.456042947156030e+02,4.530949724770938e+00,2.755178827470024e-06
3.456542947156030e+02,4.530934717147821e+00,2.755185218313433e-06
3.457042947156030e+02,4.530919711904964e+00,2.755191610300372e-06
3.457542947156030e+02,4.530904709040698e+00,2.755198000966148e-06
3.458042947156030e+02,4.530889708553368e+00,2.755204390099814e-06
3.458542947156030e+02,4.530874710441375e+00,2.755210779744183e-06
3.459042947156030e+02,4.530859714703051e+00,2.755217166590790e-06
3.459542947156031e+02,4.530844721336708e+00,2.755223550373182e-06
3.460042947156031e+02,4.530829730340676e+00,2.755229934033449e-06
3.460542947156031e+02,4.530814741713289e+00,2.755236317771432e-06
3.461042947156031e+02,4.530799755452962e+00,2.755242700354782e-06
3.461542947156031e+02,4.530784771558059e+00,2.755249081872319e-06
3.462042947156031e+02,4.530769790026846e+00,2.755255463556389e-06
3.462542947156031e+02,4.530754810857708e+00,2.755261844341179e-06
3.463042947156031e+02,4.530739834049077e+00,2.755268223371815e-06
3.463542947156031e+02,4.530724859599262e+00,2.755274601503172e-06
3.464042947156032e+02,4.530709887506572e+00,2.755280977491798e-06
3.464542947156032e+02,4.530694917769374e+00,2.755287351648555e-06
3.465042947156032e+02,4.530679950386053e+00,2.755293725727598e-06
3.465542947156032e+02,4.530664985354974e+00,2.755300099151609e-06
3.466042947156032e+02,4.530650022674465e+00,2.755306471976099e-06
3.466542947156032e+02,4.530635062342923e+00,2.755312843868002e-06
3.467042947156032e+02,4.530620104358736e+00,2.755319214738500e-06
3.467542947156032e+02,4.530605148720245e+00,2.755325584820740e-06
3.468042947156032e+02,4.530590195425812e+00,2.755331953270951e-06
3.468542947156033e+02,4.530575244473770e+00,2.755338320777474e-06
3.469042947156033e+02,4.530560295862519e+00,2.755344688406119e-06
3.469542947156033e+02,4.530545349590445e+00,2.755351054313921e-06
3.470042947156033e+02,4.530530405655879e+00,2.755357417324040e-06
3.470542947156033e+02,4.530515464057199e+00,2.755363779623616e-06
3.471042947156033e+02,4.530500524792815e+00,2.755370142167441e-06
3.471542947156033e+02,4.530485587861095e+00,2.755376503878598e-06
3.472042947156033e+02,4.530470653260364e+00,2.755382864601658e-06
3.472542947156034e+02,4.530455720989034e+00,2.755389224025756e-06
3.473042947156034e+02,4.530440791045503e+00,2.755395582883641e-06
3.473542947156034e+02,4.530425863428100e+00,2.755401941686015e-06
3.474042947156034e+02,4.530410938135224e+00,2.755408298889667e-06
3.474542947156034e+02,4.530396015165274e+00,2.755414654228144e-06
3.475042947156034e+02,4.530381094516630e+00,2.755421008423093e-06
3.475542947156034e+02,4.530366176187667e+00,2.755427362318281e-06
3.476042947156034e+02,4.530351260176745e+00,2.755433715580641e-06
3.476542947156034e+02,4.530336346482297e+00,2.755440067044441e-06
3.477042947156035e+02,4.530321435102692e+00,2.755446418230684e-06
3.477542947156035e+02,4.530306526036283e+00,2.755452769516847e-06
3.478042947156035e+02,4.530291619281464e+00,2.755459118116272e-06
3.478542947156035e+02,4.530276714836670e+00,2.755465464728396e-06
3.479042947156035e+02,4.530261812700310e+00,2.755471810652183e-06
3.479542947156035e+02,4.530246912870704e+00,2.755478156664787e-06
3.480042947156035e+02,4.530232015346239e+00,2.755484502632982e-06
3.480542947156035e+02,4.530217120125379e+00,2.755490846402936e-06
3.481042947156035e+02,4.530202227206519e+00,2.755497188218898e-06
3.481542947156036e+02,4.530187336588025e+00,2.755503529568565e-06
3.482042947156036e+02,4.530172448268293e+00,2.755509871051459e-06
3.482542947156036e+02,4.530157562245693e+00,2.755516212478843e-06
3.483042947156036e+02,4.530142678518627e+00,2.755522551663575e-06
3.483542947156036e+02,4.530127797085544e+00,2.755528888616760e-06
3.484042947156036e+02,4.530112917944850e+00,2.755535224814992e-06
3.484542947156036e+02,4.530098041094920e+00,2.755541559747572e-06
3.485042947156036e+02,4.530083166534149e+00,2.755547895457305e-06
3.485542947156036e+02,4.530068294260967e+00,2.755554231466800e-06
3.486042947156037e+02,4.530053424273788e+00,2.755560565311360e-06
3.486542947156037e+02,4.530038556570985e+00,2.755566897135314e-06
3.487042947156037e+02,4.530023691150951e+00,2.755573226916458e-06
3.487542947156037e+02,4.530008828012151e+00,2.755579556331228e-06
3.488042947156037e+02,4.529993967152988e+00,2.755585886600870e-06
3.488542947156037e+02,4.529979108571847e+00,2.755592216481934e-06
3.489042947156037e+02,4.529964252267181e+00,2.755598544531130e-06
3.489542947156037e+02,4.529949398237386e+00,2.755604870537515e-06
3.490042947156037e+02,4.529934546480846e+00,2.755611195455882e-06
3.490542947156038e+02,4.529919696995993e+00,2.755617519930159e-06
3.491042947156038e+02,4.529904849781234e+00,2.755623843272010e-06
3.491542947156038e+02,4.529890004834992e+00,2.755630165314899e-06
3.492042947156038e+02,4.529875162155744e+00,2.755636486203156e-06
3.492542947156038e+02,4.529860321741911e+00,2.755642806203235e-06
3.493042947156038e+02,4.529845483591853e+00,2.755649126314336e-06
3.493542947156038e+02,4.529830647704010e+00,2.755655445903632e-06
3.494042947156038e+02,4.529815814076819e+00,2.755661764293888e-06
3.494542947156039e+02,4.529800982708672e+00,2.755668080674640e-06
3.495042947156039e+02,4.529786153598035e+00,2.755674395823043e-06
3.495542947156039e+02,4.529771326743344e+00,2.755680710627279e-06
3.496042947156039e+02,4.529756502142987e+00,2.755687024054837e-06
3.496542947156039e+02,4.529741679795388e+00,2.755693337571214e-06
3.497042947156039e+02,4.529726859699017e+00,2.755699650521376e-06
3.497542947156039e+02,4.529712041852306e+00,2.755705959552452e-06
3.498042947156039e+02,4.529697226253652e+00,2.755712267406691e-06
3.498542947156039e+02,4.529682412901538e+00,2.755718575582894e-06
3.499042947156040e+02,4.529667601794413e+00,2.755724882815409e-06
3.499542947156040e+02,4.529652792930651e+00,2.755731190403193e-06
3.500042947156040e+02,4.529637986308675e+00,2.755737497369254e-06
3.500542947156040e+02,4.529623181926936e+00,2.755743802803207e-06
3.501042947156040e+02,4.529608379783912e+00,2.755750107249061e-06
3.501542947156040e+02,4.529593579878095e+00,2.755756410273830e-06
3.502042947156040e+02,4.529578782207864e+00,2.755762712399318e-06
3.502542947156040e+02,4.529563986771612e+00,2.755769013792059e-06
3.503042947156040e+02,4.529549193567862e+00,2.755775313352932e-06
3.503542947156041e+02,4.529534402595053e+00,2.755781613646552e-06
3.504042947156041e+02,4.529519613851583e+00,2.755787914639613e-06
3.504542947156041e+02,4.529504827335934e+00,2.755794212790503e-06
3.505042947156041e+02,4.529490043046572e+00,2.755800508609924e-06
3.505542947156041e+02,4.529475260981896e+00,2.755806803196998e-06
3.506042947156041e+02,4.529460481140365e+00,2.755813097906196e-06
3.506542947156041e+02,4.529445703520458e+00,2.755819393070586e-06
3.507042947156041e+02,4.529430928120628e+00,2.755825686636254e-06
3.507542947156041e+02,4.529416154939330e+00,2.755831977748330e-06
3.508042947156042e+02,4.529401383975014e+00,2.755838267794592e-06
3.508542947156042e+02,4.529386615226131e+00,2.755844558573600e-06
3.509042947156042e+02,4.529371848691128e+00,2.755850847942626e-06
3.509542947156042e+02,4.529357084368460e+00,2.755857136145918e-06
3.510042947156042e+02,4.529342322256593e+00,2.755863424393618e-06
3.510542947156042e+02,4.529327562354003e+00,2.755869709588205e-06
3.511042947156042e+02,4.529312804659178e+00,2.755875993383911e-06
3.511542947156042e+02,4.529298049170557e+00,2.755882279044792e-06
3.512042947156042e+02,4.529283295886570e+00,2.755888563273485e-06
3.512542947156043e+02,4.529268544805707e+00,2.755894844360246e-06
3.513042947156043e+02,4.529253795926430e+00,2.755901125868893e-06
3.513542947156043e+02,4.529239049247209e+00,2.755907408365638e-06
3.514042947156043e+02,4.529224304766512e+00,2.755913688697448e-06
3.514542947156043e+02,4.529209562482822e+00,2.755919965587567e-06
3.515042947156043e+02,4.529194822394608e+00,2.755926241844859e-06
3.515542947156043e+02,4.529180084500296e+00,2.755932519401111e-06
3.516042947156043e+02,4.529165348798366e+00,2.755938797057284e-06
3.516542947156044e+02,4.529150615287324e+00,2.755945072759464e-06
3.517042947156044e+02,4.529135883965668e+00,2.755951346318914e-06
3.517542947156044e+02,4.529121154831862e+00,2.755957618934674e-06
3.518042947156044e+02,4.529106427884360e+00,2.755963890995323e-06
3.518542947156044e+02,4.529091703121623e+00,2.755970162756211e-06
3.519042947156044e+02,4.529076980542152e+00,2.755976433551205e-06
3.519542947156044e+02,4.529062260144458e+00,2.755982702003629e-06
3.520042947156044e+02,4.529047541926965e+00,2.755988969601181e-06
3.520542947156044e+02,4.529032825888149e+00,2.755995237920378e-06
3.521042947156045e+02,4.529018112026533e+00,2.756001505273681e-06
3.521542947156045e+02,4.529003400340614e+00,2.756007770462049e-06
3.522042947156045e+02,4.528988690828861e+00,2.756014035705928e-06
3.522542947156045e+02,4.528973983489757e+00,2.756020300983114e-06
3.523042947156045e+02,4.528959278321801e+00,2.756026563262698e-06
3.523542947156045e+02,4.528944575323453e+00,2.756032824465366e-06
3.524042947156045e+02,4.528929874493183e+00,2.756039086189838e-06
3.524542947156045e+02,4.528915175829510e+00,2.756045346371100e-06
3.525042947156045e+02,4.528900479330980e+00,2.756051605153481e-06
3.525542947156046e+02,4.528885784996040e+00,2.756057863858147e-06
3.526042947156046e+02,4.528871092823136e+00,2.756064121463692e-06
3.526542947156046e+02,4.528856402810789e+00,2.756070377559334e-06
3.527042947156046e+02,4.528841714957530e+00,2.756076633366317e-06
3.527542947156046e+02,4.528827029261874e+00,2.756082889040074e-06
3.528042947156046e+02,4.528812345722288e+00,2.756089143026291e-06
3.528542947156046e+02,4.528797664337262e+00,2.756095394936392e-06
3.529042947156046e+02,4.528782985105306e+00,2.756101646202564e-06
3.529542947156046e+02,4.528768308024935e+00,2.756107896891419e-06
3.530042947156047e+02,4.528753633094626e+00,2.756114147336026e-06
3.530542947156047e+02,4.528738960312850e+00,2.756120396448364e-06
3.531042947156047e+02,4.528724289678165e+00,2.756126643984186e-06
3.531542947156047e+02,4.528709621189062e+00,2.756132892385982e-06
3.532042947156047e+02,4.528694954844023e+00,2.756139139000319e-06
3.532542947156047e+02,4.528680290641615e+00,2.756145383782788e-06
3.533042947156047e+02,4.528665628580319e+00,2.756151629409026e-06
3.533542947156047e+02,4.528650968658602e+00,2.756157874635584e-06
3.534042947156047e+02,4.528636310875000e+00,2.756164119073884e-06
3.534542947156048e+02,4.528621655228039e+00,2.756170361091897e-06
3.535042947156048e+02,4.528607001716265e+00,2.756176600511990e-06
3.535542947156048e+02,4.528592350338172e+00,2.756182839043903e-06
3.536042947156048e+02,4.528577701092207e+00,2.756189077786758e-06
3.536542947156048e+02,4.528563053976900e+00,2.756195316118831e-06
3.537042947156048e+02,4.528548408990855e+00,2.756201553507215e-06
3.537542947156048e+02,4.528533766132563e+00,2.756207790074034e-06
3.538042947156048e+02,4.528519125400487e+00,2.756214025663856e-06
3.538542947156049e+02,4.528504486793168e+00,2.756220260765180e-06
3.539042947156049e+02,4.528489850309124e+00,2.756226494278885e-06
3.539542947156049e+02,4.528475215946874e+00,2.756232726615754e-06
3.540042947156049e+02,4.528460583704966e+00,2.756238959252383e-06
3.540542947156049e+02,4.528445953581960e+00,2.756245190701073e-06
3.541042947156049e+02,4.528431325576357e+00,2.756251420562145e-06
3.541542947156049e+02,4.528416699686608e+00,2.756257649512834e-06
3.542042947156049e+02,4.528402075911257e+00,2.756263877797388e-06
3.542542947156049e+02,4.528387454248901e+00,2.756270105682263e-06
3.543042947156050e+02,4.528372834698089e+00,2.756276331424407e-06
3.543542947156050e+02,4.528358217257289e+00,2.756282556988915e-06
3.544042947156050e+02,4.528343601925006e+00,2.756288782564526e-06
3.544542947156050e+02,4.528328988699812e+00,2.756295006297166e-06
3.545042947156050e+02,4.528314377580205e+00,2.756301229474695e-06
3.545542947156050e+02,4.528299768564757e+00,2.756307451264445e-06
3.546042947156050e+02,4.528285161652046e+00,2.756313672132710e-06
3.546542947156050e+02,4.528270556840552e+00,2.756319892690112e-06
3.547042947156050e+02,4.528255954128810e+00,2.756326111837532e-06
3.547542947156051e+02,4.528241353515388e+00,2.756332330507555e-06
3.548042947156051e+02,4.528226754998793e+00,2.756338548711285e-06
3.548542947156051e+02,4.528212158577561e+00,2.756344765671565e-06
3.549042947156051e+02,4.528197564250266e+00,2.756350981255168e-06
3.549542947156051e+02,4.528182972015475e+00,2.756357195317766e-06
3.550042947156051e+02,4.528168381871683e+00,2.756363408947377e-06
3.550542947156051e+02,4.528153793817401e+00,2.756369621344640e-06
3.551042947156051e+02,4.528139207851206e+00,2.756375833220098e-06
3.551542947156051e+02,4.528124623971667e+00,2.756382046150269e-06
3.552042947156052e+02,4.528110042177379e+00,2.756388257459514e-06
3.552542947156052e+02,4.528095462466831e+00,2.756394466770357e-06
3.553042947156052e+02,4.528080884838546e+00,2.756400674904364e-06
3.553542947156052e+02,4.528066309291122e+00,2.756406882383339e-06
3.554042947156052e+02,4.528051735823068e+00,2.756413088985238e-06
3.554542947156052e+02,4.528037164432960e+00,2.756419292855989e-06
3.555042947156052e+02,4.528022595119373e+00,2.756425497537202e-06
3.555542947156052e+02,4.528008027880830e+00,2.756431703139900e-06
3.556042947156052e+02,4.527993462715915e+00,2.756437906633175e-06
3.556542947156053e+02,4.527978899623188e+00,2.756444109171657e-06
3.557042947156053e+02,4.527964338601179e+00,2.756450311044007e-06
3.557542947156053e+02,4.527949779648433e+00,2.756456511739520e-06
3.558042947156053e+02,4.527935222763539e+00,2.756462710780800e-06
3.558542947156053e+02,4.527920667945058e+00,2.756468909011617e-06
3.559042947156053e+02,4.527906115191526e+00,2.756475106787243e-06
3.559542947156053e+02,4.527891564501540e+00,2.756481303297215e-06
3.560042947156053e+02,4.527877015873678e+00,2.756487499607347e-06
3.560542947156054e+02,4.527862469306489e+00,2.756493694973789e-06
3.561042947156054e+02,4.527847924798539e+00,2.756499888797021e-06
3.561542947156054e+02,4.527833382348345e+00,2.756506082586946e-06
3.562042947156054e+02,4.527818841954470e+00,2.756512276243645e-06
3.562542947156054e+02,4.527804303615563e+00,2.756518468079577e-06
3.563042947156054e+02,4.527789767330194e+00,2.756524658305687e-06
3.563542947156054e+02,4.527775233096867e+00,2.756530848942579e-06
3.564042947156054e+02,4.527760700914177e+00,2.756537039135382e-06
3.564542947156054e+02,4.527746170780721e+00,2.756543228517722e-06
3.565042947156055e+02,4.527731642695035e+00,2.756549416989679e-06
3.565542947156055e+02,4.527717116655714e+00,2.756555603585359e-06
3.566042947156055e+02,4.527702592661348e+00,2.756561788382478e-06
3.566542947156055e+02,4.527688070710514e+00,2.756567972291419e-06
3.567042947156055e+02,4.527673550801786e+00,2.756574156799879e-06
3.567542947156055e+02,4.527659032933691e+00,2.756580341130705e-06
3.568042947156055e+02,4.527644517104859e+00,2.756586523163368e-06
3.568542947156055e+02,4.527630003313893e+00,2.756592702920075e-06
3.569042947156055e+02,4.527615491559327e+00,2.756598883431733e-06
3.569542947156056e+02,4.527600981839770e+00,2.756605064864876e-06
3.570042947156056e+02,4.527586474153811e+00,2.756611244621582e-06
3.570542947156056e+02,4.527571968500000e+00,2.756617422268865e-06
3.571042947156056e+02,4.527557464876947e+00,2.756623598983560e-06
3.571542947156056e+02,4.527542963283266e+00,2.756629775231962e-06
3.572042947156056e+02,4.527528463717500e+00,2.756635951125092e-06
3.572542947156056e+02,4.527513966178215e+00,2.756642126896097e-06
3.573042947156056e+02,4.527499470664075e+00,2.756648300746417e-06
3.573542947156056e+02,4.527484977173676e+00,2.756654472498416e-06
3.574042947156057e+02,4.527470485705554e+00,2.756660644050574e-06
3.574542947156057e+02,4.527455996258278e+00,2.756666815469506e-06
3.575042947156057e+02,4.527441508830488e+00,2.756672986788517e-06
3.575542947156057e+02,4.527427023420815e+00,2.756679156642034e-06
3.576042947156057e+02,4.527412540027824e+00,2.756685324341718e-06
3.576542947156057e+02,4.527398058650080e+00,2.756691492030300e-06
3.577042947156057e+02,4.527383579286180e+00,2.756697659108259e-06
3.577542947156057e+02,4.527369101934755e+00,2.756703824964974e-06
3.578042947156057e+02,4.527354626594397e+00,2.756709990377599e-06
3.578542947156058e+02,4.527340153263703e+00,2.756716154724409e-06
3.579042947156058e+02,4.527325681941294e+00,2.756722318571620e-06
3.579542947156058e+02,4.527311212625738e+00,2.756728481497345e-06
3.580042947156058e+02,4.527296745315656e+00,2.756734642258135e-06
3.580542947156058e+02,4.527282280009666e+00,2.756740802219566e-06
3.581042947156058e+02,4.527267816706351e+00,2.756746962169893e-06
3.581542947156058e+02,4.527253355404322e+00,2.756753121665029e-06
3.582042947156058e+02,4.527238896102176e+00,2.756759280016635e-06
3.582542947156059e+02,4.527224438798556e+00,2.756765437102587e-06
3.583042947156059e+02,4.527209983492053e+00,2.756771594244051e-06
3.583542947156059e+02,4.527195530181261e+00,2.756777750663870e-06
3.584042947156059e+02,4.527181078864817e+00,2.756783905285127e-06
3.584542947156059e+02,4.527166629541325e+00,2.756790059184739e-06
3.585042947156059e+02,4.527152182209407e+00,2.756796212384910e-06
3.585542947156059e+02,4.527137736867640e+00,2.756802364485961e-06
3.586042947156059e+02,4.527123293514688e+00,2.756808515476789e-06
3.586542947156059e+02,4.527108852149183e+00,2.756814665435110e-06
3.587042947156060e+02,4.527094412769689e+00,2.756820812906530e-06
3.587542947156060e+02,4.527079975374825e+00,2.756826960422360e-06
3.588042947156060e+02,4.527065539963214e+00,2.756833110846974e-06
3.588542947156060e+02,4.527051106533484e+00,2.756839259750582e-06
3.589042947156060e+02,4.527036675084266e+00,2.756845404923841e-06
3.589542947156060e+02,4.527022245614192e+00,2.756851549675216e-06
3.590042947156060e+02,4.527007818121872e+00,2.756857695703347e-06
3.590542947156060e+02,4.526993392605928e+00,2.756863840199370e-06
3.591042947156060e+02,4.526978969065009e+00,2.756869982785809e-06
3.591542947156061e+02,4.526964547497738e+00,2.756876124639501e-06
3.592042947156061e+02,4.526950127902682e+00,2.756882266515398e-06
3.592542947156061e+02,4.526935710278468e+00,2.756888408113740e-06
3.593042947156061e+02,4.526921294623802e+00,2.756894546736682e-06
3.593542947156061e+02,4.526906880937299e+00,2.756900684038460e-06
3.594042947156061e+02,4.526892469217549e+00,2.756906822328337e-06
3.594542947156061e+02,4.526878059463180e+00,2.756912961151121e-06
3.595042947156061e+02,4.526863651672858e+00,2.756919098541716e-06
3.595542947156061e+02,4.526849245845237e+00,2.756925233767377e-06
3.596042947156062e+02,4.526834841978927e+00,2.756931368271392e-06
3.596542947156062e+02,4.526820440072560e+00,2.756937501953844e-06
3.597042947156062e+02,4.526806040124765e+00,2.756943634292925e-06
3.597542947156062e+02,4.526791642134162e+00,2.756949766043588e-06
3.598042947156062e+02,4.526777246099419e+00,2.756955898549202e-06
3.598542947156062e+02,4.526762852019196e+00,2.756962029778060e-06
3.599042947156062e+02,4.526748459892137e+00,2.756968158608836e-06
3.599542947156062e+02,4.526734069716825e+00,2.756974287417408e-06
3.600042947156062e+02,4.526719681491895e+00,2.756980415437721e-06
3.600542947156063e+02,4.526705295216029e+00,2.756986543202684e-06
3.601042947156063e+02,4.526690910887861e+00,2.756992670257103e-06
3.601542947156063e+02,4.526676528506060e+00,2.756998795413041e-06
3.602042947156063e+02,4.526662148069272e+00,2.757004920169298e-06
3.602542947156063e+02,4.526647769576140e+00,2.757011043793129e-06
3.603042947156063e+02,4.526633393025313e+00,2.757017166595394e-06
3.603542947156063e+02,4.526619018415410e+00,2.757023288398459e-06
3.604042947156063e+02,4.526604645745097e+00,2.757029409024686e-06
3.604542947156064e+02,4.526590275013040e+00,2.757035529062496e-06
3.605042947156064e+02,4.526575906217854e+00,2.757041649511088e-06
3.605542947156064e+02,4.526561539358198e+00,2.757047768671822e-06
3.606042947156064e+02,4.526547174432785e+00,2.757053886045097e-06
3.606542947156064e+02,4.526532811440238e+00,2.757060003573803e-06
3.607042947156064e+02,4.526518450379204e+00,2.757066120092206e-06
3.607542947156064e+02,4.526504091248319e+00,2.757072235711328e-06
3.608042947156064e+02,4.526489734046209e+00,2.757078350753134e-06
3.608542947156064e+02,4.526475378771592e+00,2.757084464440468e-06
3.609042947156065e+02,4.526461025423158e+00,2.757090577017580e-06
3.609542947156065e+02,4.526446673999556e+00,2.757096689017375e-06
3.610042947156065e+02,4.526432324499391e+00,2.757102800806227e-06
3.610542947156065e+02,4.526417976921315e+00,2.757108912039968e-06
3.611042947156065e+02,4.526403631264050e+00,2.757115022352225e-06
3.611542947156065e+02,4.526389287526247e+00,2.757121132375823e-06
3.612042947156065e+02,4.526374945706567e+00,2.757127241300301e-06
3.612542947156065e+02,4.526360605803698e+00,2.757133347793389e-06
3.613042947156065e+02,4.526346267816281e+00,2.757139453742469e-06
3.613542947156066e+02,4.526331931742959e+00,2.757145560324375e-06
3.614042947156066e+02,4.526317597582425e+00,2.757151666051411e-06
3.614542947156066e+02,4.526303265333375e+00,2.757157770512792e-06
3.615042947156066e+02,4.526288934994471e+00,2.757163873375451e-06
3.615542947156066e+02,4.526274606564374e+00,2.757169974372937e-06
3.616042947156066e+02,4.526260280041726e+00,2.757176075004048e-06
3.616542947156066e+02,4.526245955425210e+00,2.757182175934919e-06
3.617042947156066e+02,4.526231632713533e+00,2.757188276521622e-06
3.617542947156066e+02,4.526217311905333e+00,2.757194376508804e-06
3.618042947156067e+02,4.526202992999302e+00,2.757200475319149e-06
3.618542947156067e+02,4.526188675994169e+00,2.757206573974064e-06
3.619042947156067e+02,4.526174360888551e+00,2.757212672096071e-06
3.619542947156067e+02,4.526160047681109e+00,2.757218766132458e-06
3.620042947156067e+02,4.526145736370571e+00,2.757224859202950e-06
3.620542947156067e+02,4.526131426955608e+00,2.757230956236940e-06
3.621042947156067e+02,4.526117119434872e+00,2.757237051439060e-06
3.621542947156067e+02,4.526102813807093e+00,2.757243142899729e-06
3.622042947156067e+02,4.526088510070952e+00,2.757249235348497e-06
3.622542947156068e+02,4.526074208225098e+00,2.757255327286562e-06
3.623042947156068e+02,4.526059908268213e+00,2.757261417437168e-06
3.623542947156068e+02,4.526045610199004e+00,2.757267506732903e-06
3.624042947156068e+02,4.526031314016175e+00,2.757273595007232e-06
3.624542947156068e+02,4.526017019718411e+00,2.757279682215747e-06
3.625042947156068e+02,4.526002727304403e+00,2.757285769224421e-06
3.625542947156068e+02,4.525988436772802e+00,2.757291856499550e-06
3.626042947156068e+02,4.525974148122270e+00,2.757297943064136e-06
3.626542947156069e+02,4.525959861351555e+00,2.757304028207636e-06
3.627042947156069e+02,4.525945576459397e+00,2.757310111441553e-06
3.627542947156069e+02,4.525931293444462e+00,2.757316193787291e-06
3.628042947156069e+02,4.525917012305386e+00,2.757322276477198e-06
3.628542947156069e+02,4.525902733040872e+00,2.757328358067984e-06
3.629042947156069e+02,4.525888455649653e+00,2.757334439148068e-06
3.629542947156069e+02,4.525874180130433e+00,2.757340519795165e-06
3.630042947156069e+02,4.525859906481896e+00,2.757346599065586e-06
3.630542947156069e+02,4.525845634702740e+00,2.757352677614361e-06
3.631042947156070e+02,4.525831364791667e+00,2.757358754697642e-06
3.631542947156070e+02,4.525817096747372e+00,2.757364830548576e-06
3.632042947156070e+02,4.525802830568590e+00,2.757370906599349e-06
3.632542947156070e+02,4.525788566253985e+00,2.757376982106114e-06
3.633042947156070e+02,4.525774303802223e+00,2.757383056547064e-06
3.633542947156070e+02,4.525760043212067e+00,2.757389130688254e-06
3.634042947156070e+02,4.525745784482241e+00,2.757395203430563e-06
3.634542947156070e+02,4.525731527611417e+00,2.757401274851706e-06
3.635042947156070e+02,4.525717272598293e+00,2.757407346283952e-06
3.635542947156071e+02,4.525703019441627e+00,2.757413417360927e-06
3.636042947156071e+02,4.525688768140119e+00,2.757419487860586e-06
3.636542947156071e+02,4.525674518692432e+00,2.757425556439558e-06
3.637042947156071e+02,4.525660271097265e+00,2.757431623086743e-06
3.637542947156071e+02,4.525646025353360e+00,2.757437690000381e-06
3.638042947156071e+02,4.525631781459459e+00,2.757443757269290e-06
3.638542947156071e+02,4.525617539414243e+00,2.757449823505692e-06
3.639042947156071e+02,4.525603299216439e+00,2.757455888842814e-06
3.639542947156071e+02,4.525589060864751e+00,2.757461953269552e-06
3.640042947156072e+02,4.525574824357886e+00,2.757468015953241e-06
3.640542947156072e+02,4.525560589694626e+00,2.757474078048511e-06
3.641042947156072e+02,4.525546356873654e+00,2.757480140310315e-06
3.641542947156072e+02,4.525532125893653e+00,2.757486201517406e-06
3.642042947156072e+02,4.525517896753362e+00,2.757492260559563e-06
3.642542947156072e+02,4.525503669451496e+00,2.757498319524004e-06
3.643042947156072e+02,4.525489443986795e+00,2.757504378366321e-06
3.643542947156072e+02,4.525475220357983e+00,2.757510436020699e-06
3.644042947156073e+02,4.525460998563756e+00,2.757516493586260e-06
3.644542947156073e+02,4.525446778602877e+00,2.757522549919473e-06
3.645042947156073e+02,4.525432560474072e+00,2.757528604787190e-06
3.645542947156073e+02,4.525418344176021e+00,2.757534659488375e-06
3.646042947156073e+02,4.525404129707504e+00,2.757540714433810e-06
3.646542947156073e+02,4.525389917067246e+00,2.757546768979563e-06
3.647042947156073e+02,4.525375706253914e+00,2.757552821304871e-06
3.647542947156073e+02,4.525361497266280e+00,2.757558871254301e-06
3.648042947156073e+02,4.525347290103099e+00,2.757564921647821e-06
3.648542947156074e+02,4.525333084763067e+00,2.757570973107154e-06
3.649042947156074e+02,4.525318881244908e+00,2.757577022279428e-06
3.649542947156074e+02,4.525304679547374e+00,2.757583069852981e-06
3.650042947156074e+02,4.525290479669200e+00,2.757589118103771e-06
3.650542947156074e+02,4.525276281609121e+00,2.757595165866062e-06
3.651042947156074e+02,4.525262085365889e+00,2.757601212840094e-06
3.651542947156074e+02,4.525247890938243e+00,2.757607258526268e-06
3.652042947156074e+02,4.525233698324882e+00,2.757613302769152e-06
3.652542947156074e+02,4.525219507524542e+00,2.757619346612356e-06
3.653042947156075e+02,4.525205318536008e+00,2.757625390677604e-06
3.653542947156075e+02,4.525191131358024e+00,2.757631433654834e-06
3.654042947156075e+02,4.525176945989302e+00,2.757637475455227e-06
3.654542947156075e+02,4.525162762428566e+00,2.757643516589487e-06
3.655042947156075e+02,4.525148580674593e+00,2.757649556569114e-06
3.655542947156075e+02,4.525134400726134e+00,2.757655595649461e-06
3.656042947156075e+02,4.525120222581902e+00,2.757661633475256e-06
3.656542947156075e+02,4.525106046240630e+00,2.757667671245540e-06
3.657042947156075e+02,4.525091871701115e+00,2.757673708160952e-06
3.657542947156076e+02,4.525077698962133e+00,2.757679743300007e-06
3.658042947156076e+02,4.525063528022349e+00,2.757685779049684e-06
3.658542947156076e+02,4.525049358880511e+00,2.757691813511504e-06
3.659042947156076e+02,4.525035191535414e+00,2.757697846274682e-06
3.659542947156076e+02,4.525021025985805e+00,2.757703880536661e-06
3.660042947156076e+02,4.525006862230451e+00,2.757709914210221e-06
3.660542947156076e+02,4.524992700268092e+00,2.757715944675237e-06
3.661042947156076e+02,4.524978540097454e+00,2.757721974685063e-06
3.661542947156076e+02,4.524964381717299e+00,2.757728004439536e-06
3.662042947156077e+02,4.524950225126413e+00,2.757734033017173e-06
3.662542947156077e+02,4.524936070323544e+00,2.757740063249043e-06
3.663042947156077e+02,4.524921917307443e+00,2.757746092614938e-06
3.663542947156077e+02,4.524907766076860e+00,2.757752118061746e-06
3.664042947156077e+02,4.524893616630531e+00,2.757758144008155e-06
3.664542947156077e+02,4.524879468967255e+00,2.757764170998173e-06
3.665042947156077e+02,4.524865323085798e+00,2.757770194923975e-06
3.665542947156077e+02,4.524851178984907e+00,2.757776217295466e-06
3.666042947156078e+02,4.524837036663356e+00,2.757782239988921e-06
3.666542947156078e+02,4.524822896119898e+00,2.757788263603861e-06
3.667042947156078e+02,4.524808757353260e+00,2.757794286685894e-06
3.667542947156078e+02,4.524794620362232e+00,2.757800307691810e-06
3.668042947156078e+02,4.524780485145615e+00,2.757806327698526e-06
3.668542947156078e+02,4.524766351702159e+00,2.757812347583116e-06
3.669042947156078e+02,4.524752220030643e+00,2.757818366557324e-06
3.669542947156078e+02,4.524738090129800e+00,2.757824385154057e-06
3.670042947156078e+02,4.524723961998354e+00,2.757830403817402e-06
3.670542947156079e+02,4.524709835635186e+00,2.757836419960541e-06
3.671042947156079e+02,4.524695711039094e+00,2.757842435104480e-06
3.671542947156079e+02,4.524681588208734e+00,2.757848450159600e-06
3.672042947156079e+02,4.524667467142876e+00,2.757854463738124e-06
3.672542947156079e+02,4.524653347840347e+00,2.757860477361057e-06
3.673042947156079e+02,4.524639230299924e+00,2.757866491228239e-06
3.673542947156079e+02,4.524625114520362e+00,2.757872504307163e-06
3.674042947156079e+02,4.524611000500444e+00,2.757878515409890e-06
3.674542947156079e+02,4.524596888238954e+00,2.757884523848081e-06
3.675042947156080e+02,4.524582777734663e+00,2.757890532519420e-06
3.675542947156080e+02,4.524568668986371e+00,2.757896542622946e-06
3.676042947156080e+02,4.524554561992868e+00,2.757902551094444e-06
3.676542947156080e+02,4.524540456752869e+00,2.757908557945016e-06
3.677042947156080e+02,4.524526353265145e+00,2.757914565317394e-06
3.677542947156080e+02,4.524512251528583e+00,2.757920571635059e-06
3.678042947156080e+02,4.524498151541953e+00,2.757926575798892e-06
3.678542947156080e+02,4.524484053303937e+00,2.757932579563044e-06
3.679042947156080e+02,4.524469956813365e+00,2.757938583737979e-06
3.679542947156081e+02,4.524455862069077e+00,2.757944586780487e-06
3.680042947156081e+02,4.524441769069819e+00,2.757950588912612e-06
3.680542947156081e+02,4.524427677814359e+00,2.757956591488825e-06
3.681042947156081e+02,4.524413588301485e+00,2.757962593043634e-06
3.681542947156081e+02,4.524399500530006e+00,2.757968592366894e-06
3.682042947156081e+02,4.524385414498738e+00,2.757974591612439e-06
3.682542947156081e+02,4.524371330206449e+00,2.757980590902393e-06
3.683042947156081e+02,4.524357247651913e+00,2.757986588815670e-06
3.683542947156081e+02,4.524343166833932e+00,2.757992585441088e-06
3.684042947156082e+02,4.524329087751318e+00,2.757998581566906e-06
3.684542947156082e+02,4.524315010402890e+00,2.758004578070200e-06
3.685042947156082e+02,4.524300934787362e+00,2.758010572786035e-06
3.685542947156082e+02,4.524286860903538e+00,2.758016566125193e-06
3.686042947156082e+02,4.524272788750269e+00,2.758022559997259e-06
3.686542947156082e+02,4.524258718326339e+00,2.758028553303110e-06
3.687042947156082e+02,4.524244649630562e+00,2.758034545654170e-06
3.687542947156082e+02,4.524230582661745e+00,2.758040536672962e-06
3.688042947156083e+02,4.524216517418647e+00,2.758046527480812e-06
3.688542947156083e+02,4.524202453900065e+00,2.758052518310867e-06
3.689042947156083e+02,4.524188392104795e+00,2.758058506953781e-06
3.689542947156083e+02,4.524174332031647e+00,2.758064494064588e-06
3.690042947156083e+02,4.524160273679465e+00,2.758070481230907e-06
3.690542947156083e+02,4.524146217047078e+00,2.758076468841314e-06
3.691042947156083e+02,4.524132162133245e+00,2.758082456096451e-06
3.691542947156083e+02,4.524118108936726e+00,2.758088441064527e-06
3.692042947156083e+02,4.524104057456345e+00,2.758094424778052e-06
3.692542947156084e+02,4.524090007690973e+00,2.758100408214021e-06
3.693042947156084e+02,4.524075959639405e+00,2.758106390595278e-06
3.693542947156084e+02,4.524061913300380e+00,2.758112372865513e-06
3.694042947156084e+02,4.524047868672739e+00,2.758118355280076e-06
3.694542947156084e+02,4.524033825755355e+00,2.758124336362372e-06
3.695042947156084e+02,4.524019784546997e+00,2.758130315202018e-06
3.695542947156084e+02,4.524005745046438e+00,2.758136293653085e-06
3.696042947156084e+02,4.523991707252536e+00,2.758142273169967e-06
3.696542947156084e+02,4.523977671164110e+00,2.758148251665443e-06
3.697042947156085e+02,4.523963636779955e+00,2.758154229883364e-06
3.697542947156085e+02,4.523949604098896e+00,2.758160207634991e-06
3.698042947156085e+02,4.523935573119755e+00,2.758166181956029e-06
3.698542947156085e+02,4.523921543841348e+00,2.758172155466604e-06
3.699042947156085e+02,4.523907516262486e+00,2.758178130298345e-06
3.699542947156085e+02,4.523893490381989e+00,2.758184104219702e-06
3.700042947156085e+02,4.523879466198687e+00,2.758190076764384e-06
3.700542947156085e+02,4.523865443711406e+00,2.758196049486700e-06
3.701042947156085e+02,4.523851422918943e+00,2.758202022020279e-06
3.701542947156086e+02,4.523837403820089e+00,2.758207993132772e-06
3.702042947156086e+02,4.523823386413742e+00,2.758213963889994e-06
3.702542947156086e+02,4.523809370698740e+00,2.758219934214229e-06
3.703042947156086e+02,4.523795356673836e+00,2.758225902429040e-06
3.703542947156086e+02,4.523781344337884e+00,2.758231869322687e-06
3.704042947156086e+02,4.523767333689732e+00,2.758237836149719e-06
3.704542947156086e+02,4.523753324728162e+00,2.758243803387534e-06
3.705042947156086e+02,4.523739317452008e+00,2.758249769825988e-06
3.705542947156086e+02,4.523725311860145e+00,2.758255734643516e-06
3.706042947156087e+02,4.523711307951399e+00,2.758261699183490e-06
3.706542947156087e+02,4.523697305724586e+00,2.758267662790876e-06
3.707042947156087e+02,4.523683305178507e+00,2.758273625532287e-06
3.707542947156087e+02,4.523669306311999e+00,2.758279587896224e-06
3.708042947156087e+02,4.523655309123934e+00,2.758285549838275e-06
3.708542947156087e+02,4.523641313613131e+00,2.758291510847738e-06
3.709042947156087e+02,4.523627319778440e+00,2.758297469980925e-06
3.709542947156087e+02,4.523613327618657e+00,2.758303428126014e-06
3.710042947156088e+02,4.523599337132625e+00,2.758309386282205e-06
3.710542947156088e+02,4.523585348319241e+00,2.758315345226653e-06
3.711042947156088e+02,4.523571361177290e+00,2.758321303538275e-06
3.711542947156088e+02,4.523557375705588e+00,2.758327259940313e-06
3.712042947156088e+02,4.523543391903033e+00,2.758333214044190e-06
3.712542947156088e+02,4.523529409768445e+00,2.758339168037044e-06
3.713042947156088e+02,4.523515429300626e+00,2.758345123184530e-06
3.713542947156088e+02,4.523501450498459e+00,2.758351077177385e-06
3.714042947156088e+02,4.523487473360795e+00,2.758357030226549e-06
3.714542947156089e+02,4.523473497886476e+00,2.758362982498558e-06
3.715042947156089e+02,4.523459524074336e+00,2.758368933471606e-06
3.715542947156089e+02,4.523445551923231e+00,2.758374884178200e-06
3.716042947156089e+02,4.523431581431996e+00,2.758380834707158e-06
3.716542947156089e+02,4.523417612599456e+00,2.758386783881645e-06
3.717042947156089e+02,4.523403645424482e+00,2.758392732434407e-06
3.717542947156089e+02,4.523389679905922e+00,2.758398680765123e-06
3.718042947156089e+02,4.523375716042659e+00,2.758404628396400e-06
3.718542947156089e+02,4.523361753833518e+00,2.758410576160902e-06
3.719042947156090e+02,4.523347793277289e+00,2.758416523126045e-06
3.719542947156090e+02,4.523333834372884e+00,2.758422467870741e-06
3.720042947156090e+02,4.523319877119184e+00,2.758428411949305e-06
3.720542947156090e+02,4.523305921515004e+00,2.758434355295120e-06
3.721042947156090e+02,4.523291967559197e+00,2.758440297952597e-06
3.721542947156090e+02,4.523278015250631e+00,2.758446240143781e-06
3.722042947156090e+02,4.523264064588171e+00,2.758452181646626e-06
3.722542947156090e+02,4.523250115570653e+00,2.758458123038449e-06
3.723042947156090e+02,4.523236168196908e+00,2.758464063186822e-06
3.723542947156091e+02,4.523222222465825e+00,2.758470002347097e-06
3.724042947156091e+02,4.523208278376295e+00,2.758475941929256e-06
3.724542947156091e+02,4.523194335927145e+00,2.758481881211655e-06
3.725042947156091e+02,4.523180395117242e+00,2.758487818762107e-06
3.725542947156091e+02,4.523166455945460e+00,2.758493754480690e-06
3.726042947156091e+02,4.523152518410672e+00,2.758499689844002e-06
3.726542947156091e+02,4.523138582511703e+00,2.758505625162905e-06
3.727042947156091e+02,4.523124648247381e+00,2.758511559582527e-06
3.727542947156091e+02,4.523110715616624e+00,2.758517493802310e-06
3.728042947156092e+02,4.523096784618304e+00,2.758523427933274e-06
3.728542947156092e+02,4.523082855251292e+00,2.758529360665357e-06
3.729042947156092e+02,4.523068927514448e+00,2.758535292775716e-06
3.729542947156092e+02,4.523055001406613e+00,2.758541224819461e-06
3.730042947156092e+02,4.523041076926690e+00,2.758547155875108e-06
3.730542947156092e+02,4.523027154073563e+00,2.758553085121091e-06
3.731042947156092e+02,4.523013232846093e+00,2.758559012812762e-06
3.731542947156092e+02,4.522999313243122e+00,2.758564940659863e-06
3.732042947156093e+02,4.522985395263495e+00,2.758570868284921e-06
3.732542947156093e+02,4.522971478906110e+00,2.758576795277152e-06
3.733042947156093e+02,4.522957564169846e+00,2.758582722002928e-06
3.733542947156093e+02,4.522943651053608e+00,2.758588648617683e-06
3.734042947156093e+02,4.522929739556279e+00,2.758594574066703e-06
3.734542947156093e+02,4.522915829676704e+00,2.758600498127944e-06
3.735042947156093e+02,4.522901921413752e+00,2.758606421156679e-06
3.735542947156093e+02,4.522888014766291e+00,2.758612343064088e-06
3.736042947156093e+02,4.522874109733227e+00,2.758618264971496e-06
3.736542947156094e+02,4.522860206313443e+00,2.758624186345998e-06
3.737042947156094e+02,4.522846304505789e+00,2.758630107109877e-06
3.737542947156094e+02,4.522832404309149e+00,2.758636027018885e-06
3.738042947156094e+02,4.522818505722428e+00,2.758641946406088e-06
3.738542947156094e+02,4.522804608744498e+00,2.758647865604552e-06
3.739042947156094e+02,4.522790713374284e+00,2.758653783326420e-06
3.739542947156094e+02,4.522776819610674e+00,2.758659700226723e-06
3.740042947156094e+02,4.522762927452421e+00,2.758665618048512e-06
3.740542947156094e+02,4.522749036898453e+00,2.758671535082042e-06
3.741042947156095e+02,4.522735147947770e+00,2.758677449895126e-06
3.741542947156095e+02,4.522721260599192e+00,2.758683364719312e-06
3.742042947156095e+02,4.522707374851581e+00,2.758689278510989e-06
3.742542947156095e+02,4.522693490703877e+00,2.758695191247957e-06
3.743042947156095e+02,4.522679608154940e+00,2.758701104728773e-06
3.743542947156095e+02,4.522665727203629e+00,2.758707017099366e-06
3.744042947156095e+02,4.522651847848881e+00,2.758712927205104e-06
3.744542947156095e+02,4.522637970089594e+00,2.758718836566993e-06
3.745042947156095e+02,4.522624093924627e+00,2.758724746250846e-06
3.745542947156096e+02,4.522610219352875e+00,2.758730655912494e-06
3.746042947156096e+02,4.522596346373251e+00,2.758736566573345e-06
3.746542947156096e+02,4.522582474984634e+00,2.758742476756798e-06
3.747042947156096e+02,4.522568605185938e+00,2.758748384386740e-06
3.747542947156096e+02,4.522554736976086e+00,2.758754290873151e-06
3.748042947156096e+02,4.522540870353936e+00,2.758760196882166e-06
3.748542947156096e+02,4.522527005318372e+00,2.758766102291660e-06
3.749042947156096e+02,4.522513141868301e+00,2.758772007012817e-06
3.749542947156096e+02,4.522499280002638e+00,2.758777911056737e-06
3.750042947156097e+02,4.522485419720280e+00,2.758783813546346e-06
3.750542947156097e+02,4.522471561020116e+00,2.758789714526050e-06
3.751042947156097e+02,4.522457703901045e+00,2.758795616471649e-06
3.751542947156097e+02,4.522443848361974e+00,2.758801518639292e-06
3.752042947156097e+02,4.522429994401836e+00,2.758807418764126e-06
3.752542947156097e+02,4.522416142019511e+00,2.758813318833448e-06
3.753042947156097e+02,4.522402291213888e+00,2.758819219513392e-06
3.753542947156097e+02,4.522388441983927e+00,2.758825117251246e-06
3.754042947156098e+02,4.522374594328514e+00,2.758831012757551e-06
3.754542947156098e+02,4.522360748246518e+00,2.758836910306667e-06
3.755042947156098e+02,4.522346903736843e+00,2.758842808732859e-06
3.755542947156098e+02,4.522333060798429e+00,2.758848705038525e-06
3.756042947156098e+02,4.522319219430219e+00,2.758854599934208e-06
3.756542947156098e+02,4.522305379631072e+00,2.758860494874299e-06
3.757042947156098e+02,4.522291541399881e+00,2.758866388149056e-06
3.757542947156098e+02,4.522277704735617e+00,2.758872280335795e-06
3.758042947156098e+02,4.522263869637173e+00,2.758878173011031e-06
3.758542947156099e+02,4.522250036103435e+00,2.758884064009831e-06
3.759042947156099e+02,4.522236204133342e+00,2.758889953276683e-06
3.759542947156099e+02,4.522222373725782e+00,2.758895843920212e-06
3.760042947156099e+02,4.522208544879675e+00,2.758901734952318e-06
3.760542947156099e+02,4.522194717593993e+00,2.758907624374602e-06
3.761042947156099e+02,4.522180891867612e+00,2.758913513441614e-06
3.761542947156099e+02,4.522167067699448e+00,2.758919401642651e-06
3.762042947156099e+02,4.522153245088405e+00,2.758925288766773e-06
3.762542947156099e+02,4.522139424033412e+00,2.758931174947205e-06
3.763042947156100e+02,4.522125604533455e+00,2.758937060505912e-06
3.763542947156100e+02,4.522111786587379e+00,2.758942946186743e-06
3.764042947156100e+02,4.522097970194072e+00,2.758948831590020e-06
3.764542947156100e+02,4.522084155352534e+00,2.758954715294654e-06
3.765042947156100e+02,4.522070342061700e+00,2.758960598199928e-06
3.765542947156100e+02,4.522056530320447e+00,2.758966480971975e-06
3.766042947156100e+02,4.522042720127682e+00,2.758972362711515e-06
3.766542947156100e+02,4.522028911482362e+00,2.758978243451854e-06
3.767042947156100e+02,4.522015104383404e+00,2.758984123537161e-06
3.767542947156101e+02,4.522001298829727e+00,2.758990002823109e-06
3.768042947156101e+02,4.521987494820316e+00,2.758995882053545e-06
3.768542947156101e+02,4.521973692354072e+00,2.759001761494922e-06
3.769042947156101e+02,4.521959891429878e+00,2.759007638926797e-06
3.769542947156101e+02,4.521946092046682e+00,2.759013515181836e-06
3.770042947156101e+02,4.521932294203424e+00,2.759019391880963e-06
3.770542947156101e+02,4.521918497899041e+00,2.759025268469068e-06
3.771042947156101e+02,4.521904703132471e+00,2.759031143847030e-06
3.771542947156101e+02,4.521890909902639e+00,2.759037018747596e-06
3.772042947156102e+02,4.521877118208476e+00,2.759042892871005e-06
3.772542947156102e+02,4.521863328048922e+00,2.759048765107036e-06
3.773042947156102e+02,4.521849539422893e+00,2.759054637276454e-06
3.773542947156102e+02,4.521835752329345e+00,2.759060510156414e-06
3.774042947156102e+02,4.521821966767217e+00,2.759066382625591e-06
3.774542947156102e+02,4.521808182735454e+00,2.759072253307310e-06
3.775042947156102e+02,4.521794400232993e+00,2.759078122534637e-06
3.775542947156102e+02,4.521780619258717e+00,2.759083991673145e-06
3.776042947156103e+02,4.521766839811602e+00,2.759089860756143e-06
3.776542947156103e+02,4.521753061890646e+00,2.759095729217415e-06
3.777042947156103e+02,4.521739285494745e+00,2.759101596157682e-06
3.777542947156103e+02,4.521725510622805e+00,2.759107461543636e-06
3.778042947156103e+02,4.521711737273772e+00,2.759113326696444e-06
3.778542947156103e+02,4.521697965446605e+00,2.759119191327448e-06
3.779042947156103e+02,4.521684195140288e+00,2.759125056169393e-06
3.779542947156103e+02,4.521670426353763e+00,2.759130923087455e-06
3.780042947156103e+02,4.521656659085934e+00,2.759136788107037e-06
3.780542947156104e+02,4.521642893335749e+00,2.759142649540597e-06
3.781042947156104e+02,4.521629129102177e+00,2.759148510940851e-06
3.781542947156104e+02,4.521615366384175e+00,2.759154373073853e-06
3.782042947156104e+02,4.521601605180704e+00,2.759160234884889e-06
3.782542947156104e+02,4.521587845490695e+00,2.759166094642013e-06
3.783042947156104e+02,4.521574087313049e+00,2.759171953633083e-06
3.783542947156104e+02,4.521560330646703e+00,2.759177815166564e-06
3.784042947156104e+02,4.521546575490670e+00,2.759183675412186e-06
3.784542947156104e+02,4.521532821843945e+00,2.759189531905254e-06
3.785042947156105e+02,4.521519069705435e+00,2.759195389219888e-06
3.785542947156105e+02,4.521505319074065e+00,2.759201247056326e-06
3.786042947156105e+02,4.521491569948819e+00,2.759207103083101e-06
3.786542947156105e+02,4.521477822328658e+00,2.759212957999652e-06
3.787042947156105e+02,4.521464076212514e+00,2.759218812250069e-06
3.787542947156105e+02,4.521450331599319e+00,2.759224665001686e-06
3.788042947156105e+02,4.521436588488107e+00,2.759230517420236e-06
3.788542947156105e+02,4.521422846877829e+00,2.759236370937906e-06
3.789042947156105e+02,4.521409106767351e+00,2.759242223822750e-06
3.789542947156106e+02,4.521395368155674e+00,2.759248074531556e-06
3.790042947156106e+02,4.521381631041837e+00,2.759253925395794e-06
3.790542947156106e+02,4.521367895424759e+00,2.759259776726325e-06
3.791042947156106e+02,4.521354161303335e+00,2.759265625636570e-06
3.791542947156106e+02,4.521340428676596e+00,2.759271472936992e-06
3.792042947156106e+02,4.521326697543514e+00,2.759277320825832e-06
3.792542947156106e+02,4.521312967902980e+00,2.759283169092147e-06
3.793042947156106e+02,4.521299239753986e+00,2.759289016148320e-06
3.793542947156106e+02,4.521285513095522e+00,2.759294861661283e-06
3.794042947156107e+02,4.521271787926564e+00,2.759300706674645e-06
3.794542947156107e+02,4.521258064246081e+00,2.759306551710211e-06
3.795042947156107e+02,4.521244342053001e+00,2.759312396934516e-06
3.795542947156107e+02,4.521230621346321e+00,2.759318241492687e-06
3.796042947156107e+02,4.521216902125024e+00,2.759324083719389e-06
3.796542947156107e+02,4.521203184388054e+00,2.759329925080117e-06
3.797042947156107e+02,4.521189468134371e+00,2.759335767018162e-06
3.797542947156107e+02,4.521175753362955e+00,2.759341608567628e-06
3.798042947156108e+02,4.521162040072802e+00,2.759347449972766e-06
3.798542947156108e+02,4.521148328262850e+00,2.759353290611849e-06
3.799042947156108e+02,4.521134617932062e+00,2.759359130429368e-06
3.799542947156108e+02,4.521120909079462e+00,2.759364970202477e-06
3.800042947156108e+02,4.521107201703999e+00,2.759370807688527e-06
3.800542947156108e+02,4.521093495804661e+00,2.759376643997741e-06
3.801042947156108e+02,4.521079791380444e+00,2.759382481683631e-06
3.801542947156108e+02,4.521066088430288e+00,2.759388318292605e-06
3.802042947156108e+02,4.521052386953150e+00,2.759394153114120e-06
3.802542947156109e+02,4.521038686948024e+00,2.759399988246497e-06
3.803042947156109e+02,4.521024988413906e+00,2.759405823267852e-06
3.803542947156109e+02,4.521011291349776e+00,2.759411657079064e-06
3.804042947156109e+02,4.520997595754624e+00,2.759417490201938e-06
3.804542947156109e+02,4.520983901627430e+00,2.759423322003646e-06
3.805042947156109e+02,4.520970208967192e+00,2.759429152195531e-06
3.805542947156109e+02,4.520956517772873e+00,2.759434982775994e-06
3.806042947156109e+02,4.520942828043417e+00,2.759440813323150e-06
3.806542947156109e+02,4.520929139777810e+00,2.759446644092351e-06
3.807042947156110e+02,4.520915452975060e+00,2.759452474639507e-06
3.807542947156110e+02,4.520901767634180e+00,2.759458302688661e-06
3.808042947156110e+02,4.520888083754171e+00,2.759464129783024e-06
3.808542947156110e+02,4.520874401333981e+00,2.759469957876587e-06
3.809042947156110e+02,4.520860720372558e+00,2.759475785481653e-06
3.809542947156110e+02,4.520847040868943e+00,2.759481611676734e-06
3.810042947156110e+02,4.520833362822127e+00,2.759487437250091e-06
3.810542947156110e+02,4.520819686231074e+00,2.759493260958273e-06
3.811042947156110e+02,4.520806011094836e+00,2.759499084044731e-06
3.811542947156111e+02,4.520792337412348e+00,2.759504908319127e-06
3.812042947156111e+02,4.520778665182540e+00,2.759510732271559e-06
3.812542947156111e+02,4.520764994404487e+00,2.759516555557856e-06
3.813042947156111e+02,4.520751325077214e+00,2.759522378089202e-06
3.813542947156111e+02,4.520737657199694e+00,2.759528199732370e-06
3.814042947156111e+02,4.520723990770892e+00,2.759534020620585e-06
3.814542947156111e+02,4.520710325789788e+00,2.759539839898978e-06
3.815042947156111e+02,4.520696662255403e+00,2.759545658489032e-06
3.815542947156111e+02,4.520683000166737e+00,2.759551477256722e-06
3.816042947156112e+02,4.520669339522806e+00,2.759557295524811e-06
3.816542947156112e+02,4.520655680322589e+00,2.759563112960234e-06
3.817042947156112e+02,4.520642022565069e+00,2.759568929918260e-06
3.817542947156112e+02,4.520628366249257e+00,2.759574746232358e-06
3.818042947156112e+02,4.520614711374136e+00,2.759580562268898e-06
3.818542947156112e+02,4.520601057938716e+00,2.759586377728124e-06
3.819042947156112e+02,4.520587405942058e+00,2.759592192032717e-06
3.819542947156112e+02,4.520573755383125e+00,2.759598005793301e-06
3.820042947156113e+02,4.520560106260876e+00,2.759603818499173e-06
3.820542947156113e+02,4.520546458574341e+00,2.759609630760956e-06
3.821042947156113e+02,4.520532812322554e+00,2.759615442933922e-06
3.821542947156113e+02,4.520519167504506e+00,2.759621254573980e-06
3.822042947156113e+02,4.520505524119160e+00,2.759627065037202e-06
3.822542947156113e+02,4.520491882165573e+00,2.759632874046031e-06
3.823042947156113e+02,4.520478241642793e+00,2.759638683299110e-06
3.823542947156113e+02,4.520464602549755e+00,2.759644493473674e-06
3.824042947156113e+02,4.520450964885439e+00,2.759650302637934e-06
3.824542947156114e+02,4.520437328648912e+00,2.759656109426317e-06
3.825042947156114e+02,4.520423693839217e+00,2.759661916037066e-06
3.825542947156114e+02,4.520410060455320e+00,2.759667722958676e-06
3.826042947156114e+02,4.520396428496237e+00,2.759673528603529e-06
3.826542947156114e+02,4.520382797961005e+00,2.759679334104054e-06
3.827042947156114e+02,4.520369168848578e+00,2.759685140337326e-06
3.827542947156114e+02,4.520355541157979e+00,2.759690944860855e-06
3.828042947156114e+02,4.520341914888292e+00,2.759696747252755e-06
3.828542947156114e+02,4.520328290038483e+00,2.759702549766779e-06
3.829042947156115e+02,4.520314666607547e+00,2.759708351825613e-06
3.829542947156115e+02,4.520301044594536e+00,2.759714153729015e-06
3.830042947156115e+02,4.520287423998455e+00,2.759719956209733e-06
3.830542947156115e+02,4.520273804818332e+00,2.759725757335980e-06
3.831042947156115e+02,4.520260187053173e+00,2.759731555964224e-06
3.831542947156115e+02,4.520246570701985e+00,2.759737354115072e-06
3.832042947156115e+02,4.520232955763805e+00,2.759743153065281e-06
3.832542947156115e+02,4.520219342237652e+00,2.759748951471481e-06
3.833042947156115e+02,4.520205730122558e+00,2.759754749244853e-06
3.833542947156116e+02,4.520192119417560e+00,2.759760547018225e-06
3.834042947156116e+02,4.520178510121649e+00,2.759766345280096e-06
3.834542947156116e+02,4.520164902233845e+00,2.759772141654588e-06
3.835042947156116e+02,4.520151295753180e+00,2.759777936186109e-06
3.835542947156116e+02,4.520137690678656e+00,2.759783730251336e-06
3.836042947156116e+02,4.520124087009341e+00,2.759789524372075e-06
3.836542947156116e+02,4.520110484744267e+00,2.759795319425401e-06
3.837042947156116e+02,4.520096883882441e+00,2.759801112224975e-06
3.837542947156116e+02,4.520083284422880e+00,2.759806902781898e-06
3.838042947156117e+02,4.520069686364584e+00,2.759812694060465e-06
3.838542947156117e+02,4.520056089706610e+00,2.759818485616589e-06
3.839042947156117e+02,4.520042494448022e+00,2.759824275918161e-06
3.839542947156117e+02,4.520028900587841e+00,2.759830065575803e-06
3.840042947156117e+02,4.520015308125074e+00,2.759835853812359e-06
3.840542947156117e+02,4.520001717058754e+00,2.759841642193245e-06
3.841042947156117e+02,4.519988127387920e+00,2.759847430107837e-06
3.841542947156117e+02,4.519974539111607e+00,2.759853215957414e-06
3.842042947156118e+02,4.519960952228800e+00,2.759859003316895e-06
3.842542947156118e+02,4.519947366738568e+00,2.759864790132366e-06
3.843042947156118e+02,4.519933782640003e+00,2.759870574105667e-06
3.843542947156118e+02,4.519920199932102e+00,2.759876358167784e-06
3.844042947156118e+02,4.519906618613876e+00,2.759882143784215e-06
3.844542947156118e+02,4.519893038684357e+00,2.759887928667898e-06
3.845042947156118e+02,4.519879460142593e+00,2.759893711819633e-06
3.845542947156118e+02,4.519865882987657e+00,2.759899494094292e-06
3.846042947156118e+02,4.519852307218601e+00,2.759905275547386e-06
3.846542947156119e+02,4.519838732834430e+00,2.759911057311343e-06
3.847042947156119e+02,4.519825159834157e+00,2.759916838930970e-06
3.847542947156119e+02,4.519811588216847e+00,2.759922618863059e-06
3.848042947156119e+02,4.519798017981540e+00,2.759928397540596e-06
3.848542947156119e+02,4.519784449127255e+00,2.759934176362461e-06
3.849042947156119e+02,4.519770881653079e+00,2.759939955994789e-06
3.849542947156119e+02,4.519757315558052e+00,2.759945734294850e-06
3.850042947156119e+02,4.519743750841200e+00,2.759951511018394e-06
3.850542947156119e+02,4.519730187501581e+00,2.759957288130516e-06
3.851042947156120e+02,4.519716625538220e+00,2.759963065509091e-06
3.851542947156120e+02,4.519703064950164e+00,2.759968841666422e-06
3.852042947156120e+02,4.519689505736478e+00,2.759974616868960e-06
3.852542947156120e+02,4.519675947896188e+00,2.759980390972378e-06
3.853042947156120e+02,4.519662391428366e+00,2.759986163032985e-06
3.853542947156120e+02,4.519648836332087e+00,2.759991935704215e-06
3.854042947156120e+02,4.519635282606363e+00,2.759997710129597e-06
3.854542947156120e+02,4.519621730250220e+00,2.760003483555779e-06
3.855042947156120e+02,4.519608179262729e+00,2.760009255305523e-06
3.855542947156121e+02,4.519594629642973e+00,2.760015026411339e-06
3.856042947156121e+02,4.519581081389999e+00,2.760020796706692e-06
3.856542947156121e+02,4.519567534502822e+00,2.760026566158275e-06
3.857042947156121e+02,4.519553988980510e+00,2.760032334111057e-06
3.857542947156121e+02,4.519540444822148e+00,2.760038101952817e-06
3.858042947156121e+02,4.519526902026779e+00,2.760043870138746e-06
3.858542947156121e+02,4.519513360593428e+00,2.760049637103429e-06
3.859042947156121e+02,4.519499820521129e+00,2.760055403790557e-06
3.859542947156121e+02,4.519486281808986e+00,2.760061170277845e-06
3.860042947156122e+02,4.519472744456069e+00,2.760066936210021e-06
3.860542947156122e+02,4.519459208461425e+00,2.760072701786926e-06
3.861042947156122e+02,4.519445673824113e+00,2.760078466464550e-06
3.861542947156122e+02,4.519432140543185e+00,2.760084229354715e-06
3.862042947156122e+02,4.519418608617706e+00,2.760089991767484e-06
3.862542947156122e+02,4.519405078046737e+00,2.760095755212761e-06
3.863042947156122e+02,4.519391548829318e+00,2.760101518547015e-06
3.863542947156122e+02,4.519378020964537e+00,2.760107279727436e-06
3.864042947156123e+02,4.519364494451474e+00,2.760113040075191e-06
3.864542947156123e+02,4.519350969289142e+00,2.760118801566475e-06
3.865042947156123e+02,4.519337445476639e+00,2.760124560892824e-06
3.865542947156123e+02,4.519323923013046e+00,2.760130319863902e-06
3.866042947156123e+02,4.519310401897382e+00,2.760136080400394e-06
3.866542947156123e+02,4.519296882128714e+00,2.760141837561808e-06
3.867042947156123e+02,4.519283363706127e+00,2.760147593368751e-06
3.867542947156123e+02,4.519269846628710e+00,2.760153351851330e-06
3.868042947156123e+02,4.519256330895520e+00,2.760159109878719e-06
3.868542947156124e+02,4.519242816505627e+00,2.760164865363696e-06
3.869042947156124e+02,4.519229303458120e+00,2.760170619738451e-06
3.869542947156124e+02,4.519215791752045e+00,2.760176374213125e-06
3.870042947156124e+02,4.519202281386451e+00,2.760182129520467e-06
3.870542947156124e+02,4.519188772360393e+00,2.760187884194981e-06
3.871042947156124e+02,4.519175264672988e+00,2.760193637037629e-06
3.871542947156124e+02,4.519161758323324e+00,2.760199388681234e-06
3.872042947156124e+02,4.519148253310427e+00,2.760205139736422e-06
3.872542947156124e+02,4.519134749633420e+00,2.760210890203191e-06
3.873042947156125e+02,4.519121247291380e+00,2.760216640780983e-06
3.873542947156125e+02,4.519107746283333e+00,2.760222391525308e-06
3.874042947156125e+02,4.519094246608370e+00,2.760228141459170e-06
3.874542947156125e+02,4.519080748265575e+00,2.760233890504854e-06
3.875042947156125e+02,4.519067251254012e+00,2.760239639006529e-06
3.875542947156125e+02,4.519053755572787e+00,2.760245388052213e-06
3.876042947156125e+02,4.519040261220987e+00,2.760251136054287e-06
3.876542947156125e+02,4.519026768197639e+00,2.760256881536155e-06
3.877042947156125e+02,4.519013276501855e+00,2.760262627462113e-06
3.877542947156126e+02,4.518999786132729e+00,2.760268374043102e-06
3.878042947156126e+02,4.518986297089307e+00,2.760274118692302e-06
3.878542947156126e+02,4.518972809370707e+00,2.760279862353405e-06
3.879042947156126e+02,4.518959322976021e+00,2.760285606758356e-06
3.879542947156126e+02,4.518945837904289e+00,2.760291350963468e-06
3.880042947156126e+02,4.518932354154581e+00,2.760297093991743e-06
3.880542947156126e+02,4.518918871726014e+00,2.760302835976409e-06
3.881042947156126e+02,4.518905390617709e+00,2.760308577195020e-06
3.881542947156127e+02,4.518891910828700e+00,2.760314318713392e-06
3.882042947156127e+02,4.518878432358075e+00,2.760320059565630e-06
3.882542947156127e+02,4.518864955204955e+00,2.760325798463875e-06
3.883042947156127e+02,4.518851479368394e+00,2.760331537528654e-06
3.883542947156127e+02,4.518838004847461e+00,2.760337278325381e-06
3.884042947156127e+02,4.518824531641294e+00,2.760343017001582e-06
3.884542947156127e+02,4.518811059749011e+00,2.760348752835612e-06
3.885042947156127e+02,4.518797589169658e+00,2.760354490357181e-06
3.885542947156127e+02,4.518784119902317e+00,2.760360228855746e-06
3.886042947156128e+02,4.518770651946055e+00,2.760365965611261e-06
3.886542947156128e+02,4.518757185299970e+00,2.760371700745851e-06
3.887042947156128e+02,4.518743719963208e+00,2.760377433959755e-06
3.887542947156128e+02,4.518730255934852e+00,2.760383167206965e-06
3.888042947156128e+02,4.518716793213984e+00,2.760388901064798e-06
3.888542947156128e+02,4.518703331799697e+00,2.760394634423030e-06
3.889042947156128e+02,4.518689871691087e+00,2.760400367892286e-06
3.889542947156128e+02,4.518676412887256e+00,2.760406100861939e-06
3.890042947156128e+02,4.518662955387275e+00,2.760411833098847e-06
3.890542947156129e+02,4.518649499190215e+00,2.760417564303248e-06
3.891042947156129e+02,4.518636044295223e+00,2.760423294108766e-06
3.891542947156129e+02,4.518622590701451e+00,2.760429022792960e-06
3.892042947156129e+02,4.518609138407965e+00,2.760434752098878e-06
3.892542947156129e+02,4.518595687413813e+00,2.760440481971011e-06
3.893042947156129e+02,4.518582237718060e+00,2.760446211598894e-06
3.893542947156129e+02,4.518568789319874e+00,2.760451939927817e-06
3.894042947156129e+02,4.518555342218416e+00,2.760457666735733e-06
3.894542947156129e+02,4.518541896412715e+00,2.760463394176477e-06
3.895042947156130e+02,4.518528451901849e+00,2.760469121184234e-06
3.895542947156130e+02,4.518515008684953e+00,2.760474846537758e-06
3.896042947156130e+02,4.518501566761126e+00,2.760480571813568e-06
3.896542947156130e+02,4.518488126129481e+00,2.760486297044968e-06
3.897042947156130e+02,4.518474686789134e+00,2.760492019578526e-06
3.897542947156130e+02,4.518461248739208e+00,2.760497741445950e-06
3.898042947156130e+02,4.518447811978785e+00,2.760503465200753e-06
3.898542947156130e+02,4.518434376506939e+00,2.760509188000765e-06
3.899042947156130e+02,4.518420942322799e+00,2.760514909768269e-06
3.899542947156131e+02,4.518407509425499e+00,2.760520629948155e-06
3.900042947156131e+02,4.518394077814140e+00,2.760526349828280e-06
3.900542947156131e+02,4.518380647487788e+00,2.760532071018468e-06
3.901042947156131e+02,4.518367218445573e+00,2.760537791187251e-06
3.901542947156131e+02,4.518353790686649e+00,2.760543510478958e-06
3.902042947156131e+02,4.518340364210120e+00,2.760549228971304e-06
3.902542947156131e+02,4.518326939015066e+00,2.760554946686495e-06
3.903042947156131e+02,4.518313515100635e+00,2.760560664312867e-06
3.903542947156132e+02,4.518300092465937e+00,2.760566380895630e-06
3.904042947156132e+02,4.518286671110026e+00,2.760572095924080e-06
3.904542947156132e+02,4.518273251032046e+00,2.760577810519544e-06
3.905042947156132e+02,4.518259832231155e+00,2.760583526058697e-06
3.905542947156132e+02,4.518246414706447e+00,2.760589242108552e-06
3.906042947156132e+02,4.518232998456999e+00,2.760594957092594e-06
3.906542947156132e+02,4.518219583481957e+00,2.760600670999719e-06
3.907042947156132e+02,4.518206169780458e+00,2.760606384107484e-06
3.907542947156132e+02,4.518192757351586e+00,2.760612096660137e-06
3.908042947156133e+02,4.518179346194474e+00,2.760617808013749e-06
3.908542947156133e+02,4.518165936308263e+00,2.760623517613209e-06
3.909042947156133e+02,4.518152527692072e+00,2.760629227612349e-06
3.909542947156133e+02,4.518139120345008e+00,2.760634938877144e-06
3.910042947156133e+02,4.518125714266175e+00,2.760640649520213e-06
3.910542947156133e+02,4.518112309454713e+00,2.760646359186286e-06
3.911042947156133e+02,4.518098905909755e+00,2.760652067653319e-06
3.911542947156133e+02,4.518085503630403e+00,2.760657774710368e-06
3.912042947156133e+02,4.518072102615772e+00,2.760663482455756e-06
3.912542947156134e+02,4.518058702865008e+00,2.760669190811766e-06
3.913042947156134e+02,4.518045304377279e+00,2.760674897668975e-06
3.913542947156134e+02,4.518031907151670e+00,2.760680602438964e-06
3.914042947156134e+02,4.518018511187250e+00,2.760686306742660e-06
3.914542947156134e+02,4.518005116483207e+00,2.760692012267602e-06
3.915042947156134e+02,4.517991723038692e+00,2.760697717459476e-06
3.915542947156134e+02,4.517978330852800e+00,2.760703420886097e-06
3.916042947156134e+02,4.517964939924673e+00,2.760709124012956e-06
3.916542947156134e+02,4.517951550253430e+00,2.760714827428474e-06
3.917042947156135e+02,4.517938161838193e+00,2.760720529389599e-06
3.917542947156135e+02,4.517924774678122e+00,2.760726229196892e-06
3.918042947156135e+02,4.517911388772334e+00,2.760731929692523e-06
3.918542947156135e+02,4.517898004119933e+00,2.760737631575933e-06
3.919042947156135e+02,4.517884620720062e+00,2.760743332504551e-06
3.919542947156135e+02,4.517871238571869e+00,2.760749032378457e-06
3.920042947156135e+02,4.517857857674494e+00,2.760754731397491e-06
3.920542947156135e+02,4.517844478027054e+00,2.760760429583858e-06
3.921042947156135e+02,4.517831099628705e+00,2.760766126815434e-06
3.921542947156136e+02,4.517817722478604e+00,2.760771823913783e-06
3.922042947156136e+02,4.517804346575848e+00,2.760777521445118e-06
3.922542947156136e+02,4.517790971919564e+00,2.760783217566471e-06
3.923042947156136e+02,4.517777598508888e+00,2.760788913199325e-06
3.923542947156136e+02,4.517764226342986e+00,2.760794609520518e-06
3.924042947156136e+02,4.517750855420993e+00,2.760800305253292e-06
3.924542947156136e+02,4.517737485742005e+00,2.760805999787025e-06
3.925042947156136e+02,4.517724117305222e+00,2.760811692777549e-06
3.925542947156137e+02,4.517710750109821e+00,2.760817384646747e-06
3.926042947156137e+02,4.517697384154880e+00,2.760823076693581e-06
3.926542947156137e+02,4.517684019439478e+00,2.760828769750718e-06
3.927042947156137e+02,4.517670655962783e+00,2.760834463018797e-06
3.927542947156137e+02,4.517657293724018e+00,2.760840154932404e-06
3.928042947156137e+02,4.517643932722329e+00,2.760845845036347e-06
3.928542947156137e+02,4.517630572956826e+00,2.760851533208503e-06
3.929042947156137e+02,4.517617214426642e+00,2.760857221114205e-06
3.929542947156137e+02,4.517603857130906e+00,2.760862912394985e-06
3.930042947156138e+02,4.517590501068788e+00,2.760868603209471e-06
3.930542947156138e+02,4.517577146239458e+00,2.760874290648880e-06
3.931042947156138e+02,4.517563792642040e+00,2.760879977422154e-06
3.931542947156138e+02,4.517550440275689e+00,2.760885663273943e-06
3.932042947156138e+02,4.517537089139537e+00,2.760891348381884e-06
3.932542947156138e+02,4.517523739232706e+00,2.760897033767379e-06
3.933042947156138e+02,4.517510390554356e+00,2.760902720296405e-06
3.933542947156138e+02,4.517497043103682e+00,2.760908405926149e-06
3.934042947156138e+02,4.517483696879850e+00,2.760914089912764e-06
3.934542947156139e+02,4.517470351881981e+00,2.760919774210241e-06
3.935042947156139e+02,4.517457008109202e+00,2.760925458396696e-06
3.935542947156139e+02,4.517443665560668e+00,2.760931141273088e-06
3.936042947156139e+02,4.517430324235562e+00,2.760936822495247e-06
3.936542947156139e+02,4.517416984133022e+00,2.760942502818126e-06
3.937042947156139e+02,4.517403645252203e+00,2.760948184284534e-06
3.937542947156139e+02,4.517390307592271e+00,2.760953865462285e-06
3.938042947156139e+02,4.517376971152355e+00,2.760959544264158e-06
3.938542947156139e+02,4.517363635931620e+00,2.760965223188156e-06
3.939042947156140e+02,4.517350301929257e+00,2.760970902767185e-06
3.939542947156140e+02,4.517336969144401e+00,2.760976581335912e-06
3.940042947156140e+02,4.517323637576178e+00,2.760982259771411e-06
3.940542947156140e+02,4.517310307223767e+00,2.760987937596288e-06
3.941042947156140e+02,4.517296978086372e+00,2.760993613911262e-06
3.941542947156140e+02,4.517283650163131e+00,2.760999290426075e-06
3.942042947156140e+02,4.517270323453161e+00,2.761004966774356e-06
3.942542947156140e+02,4.517256997955645e+00,2.761010641879186e-06
3.943042947156140e+02,4.517243673669754e+00,2.761016317061732e-06
3.943542947156141e+02,4.517230350594632e+00,2.761021992688367e-06
3.944042947156141e+02,4.517217028729454e+00,2.761027667415722e-06
3.944542947156141e+02,4.517203708073395e+00,2.761033340644276e-06
3.945042947156141e+02,4.517190388625619e+00,2.761039012718198e-06
3.945542947156141e+02,4.517177070385284e+00,2.761044684525665e-06
3.946042947156141e+02,4.517163753351563e+00,2.761050357410050e-06
3.946542947156141e+02,4.517150437523616e+00,2.761056030172310e-06
3.947042947156141e+02,4.517137122900557e+00,2.761061701546791e-06
3.947542947156142e+02,4.517123809481597e+00,2.761067371744436e-06
3.948042947156142e+02,4.517110497265951e+00,2.761073041486889e-06
3.948542947156142e+02,4.517097186252745e+00,2.761078710552106e-06
3.949042947156142e+02,4.517083876441137e+00,2.761084379450790e-06
3.949542947156142e+02,4.517070567830273e+00,2.761090048793564e-06
3.950042947156142e+02,4.517057260419365e+00,2.761095716659739e-06
3.950542947156142e+02,4.517043954207616e+00,2.761101383304671e-06
3.951042947156142e+02,4.517030649194106e+00,2.761107049239059e-06
3.951542947156142e+02,4.517017345378028e+00,2.761112715040221e-06
3.952042947156143e+02,4.517004042758616e+00,2.761118381263267e-06
3.952542947156143e+02,4.516990741335009e+00,2.761124047264269e-06
3.953042947156143e+02,4.516977441106336e+00,2.761129712254967e-06
3.953542947156143e+02,4.516964142071805e+00,2.761135375713559e-06
3.954042947156143e+02,4.516950844230629e+00,2.761141039260967e-06
3.954542947156143e+02,4.516937547581947e+00,2.761146703485612e-06
3.955042947156143e+02,4.516924252124955e+00,2.761152365567527e-06
3.955542947156143e+02,4.516910957858812e+00,2.761158026772365e-06
3.956042947156143e+02,4.516897664782659e+00,2.761163688399088e-06
3.956542947156144e+02,4.516884372895740e+00,2.761169348959997e-06
3.957042947156144e+02,4.516871082197220e+00,2.761175008987999e-06
3.957542947156144e+02,4.516857792686231e+00,2.761180669004898e-06
3.958042947156144e+02,4.516844504361950e+00,2.761186329854465e-06
3.958542947156144e+02,4.516831217223573e+00,2.761191990370965e-06
3.959042947156144e+02,4.516817931270327e+00,2.761197649421971e-06
3.959542947156144e+02,4.516804646501383e+00,2.761203307740230e-06
3.960042947156144e+02,4.516791362915859e+00,2.761208964948265e-06
3.960542947156144e+02,4.516778080512982e+00,2.761214620502068e-06
3.961042947156145e+02,4.516764799291981e+00,2.761220276089178e-06
3.961542947156145e+02,4.516751519251952e+00,2.761225932264705e-06
3.962042947156145e+02,4.516738240392070e+00,2.761231588418029e-06
3.962542947156145e+02,4.516724962711591e+00,2.761237244593557e-06
3.963042947156145e+02,4.516711686209719e+00,2.761242899303590e-06
3.963542947156145e+02,4.516698410885581e+00,2.761248552692459e-06
3.964042947156145e+02,4.516685136738330e+00,2.761254206225656e-06
3.964542947156145e+02,4.516671863767218e+00,2.761259860058613e-06
3.965042947156145e+02,4.516658591971404e+00,2.761265513358663e-06
3.965542947156146e+02,4.516645321350047e+00,2.761271164826846e-06
3.966042947156146e+02,4.516632051902374e+00,2.761276815517872e-06
3.966542947156146e+02,4.516618783627587e+00,2.761282465942445e-06
3.967042947156146e+02,4.516605516524884e+00,2.761288115301203e-06
3.967542947156146e+02,4.516592250593416e+00,2.761293764793188e-06
3.968042947156146e+02,4.516578985832370e+00,2.761299415628544e-06
3.968542947156146e+02,4.516565722240967e+00,2.761305065953196e-06
3.969042947156146e+02,4.516552459818379e+00,2.761310713724336e-06
3.969542947156147e+02,4.516539198563796e+00,2.761316361750827e-06
3.970042947156147e+02,4.516525938476411e+00,2.761322010632190e-06
3.970542947156147e+02,4.516512679555451e+00,2.761327657881525e-06
3.971042947156147e+02,4.516499421800096e+00,2.761333304164965e-06
3.971542947156147e+02,4.516486165209491e+00,2.761338951003518e-06
3.972042947156147e+02,4.516472909782842e+00,2.761344597475696e-06
3.972542947156147e+02,4.516459655519371e+00,2.761350241916167e-06
3.973042947156147e+02,4.516446402418298e+00,2.761355885346334e-06
3.973542947156147e+02,4.516433150478818e+00,2.761361530075463e-06
3.974042947156148e+02,4.516419899700075e+00,2.761367175426316e-06
3.974542947156148e+02,4.516406650081257e+00,2.761372818734360e-06
3.975042947156148e+02,4.516393401621628e+00,2.761378461231940e-06
3.975542947156148e+02,4.516380154320404e+00,2.761384102941262e-06
3.976042947156148e+02,4.516366908176749e+00,2.761389743917836e-06
3.976542947156148e+02,4.516353663189826e+00,2.761395385826999e-06
3.977042947156148e+02,4.516340419358862e+00,2.761401025882088e-06
3.977542947156148e+02,4.516327176683076e+00,2.761406665293249e-06
3.978042947156148e+02,4.516313935161623e+00,2.761412305403849e-06
3.978542947156149e+02,4.516300694793728e+00,2.761417944892725e-06
3.979042947156149e+02,4.516287455578627e+00,2.761423583926410e-06
3.979542947156149e+02,4.516274217515501e+00,2.761429220994999e-06
3.980042947156149e+02,4.516260980603557e+00,2.761434858185714e-06
3.980542947156149e+02,4.516247744842022e+00,2.761440496830820e-06
3.981042947156149e+02,4.516234510230058e+00,2.761446134598850e-06
3.981542947156149e+02,4.516221276766854e+00,2.761451771256657e-06
3.982042947156149e+02,4.516208044451646e+00,2.761457406837548e-06
3.982542947156149e+02,4.516194813283651e+00,2.761463041297114e-06
3.983042947156150e+02,4.516181583262063e+00,2.761468676500529e-06
3.983542947156150e+02,4.516168354386092e+00,2.761474311648433e-06
3.984042947156150e+02,4.516155126654976e+00,2.761479943887552e-06
3.984542947156150e+02,4.516141900067900e+00,2.761485575882423e-06
3.985042947156150e+02,4.516128674624043e+00,2.761491209353890e-06
3.985542947156150e+02,4.516115450322665e+00,2.761496842148121e-06
3.986042947156150e+02,4.516102227162946e+00,2.761502473854333e-06
3.986542947156150e+02,4.516089005144086e+00,2.761508105505034e-06
3.987042947156150e+02,4.516075784265335e+00,2.761513736545113e-06
3.987542947156151e+02,4.516062564525908e+00,2.761519366241822e-06
3.988042947156151e+02,4.516049345924999e+00,2.761524995827508e-06
3.988542947156151e+02,4.516036128461792e+00,2.761530625135639e-06
3.989042947156151e+02,4.516022912135506e+00,2.761536254343850e-06
3.989542947156151e+02,4.516009696945392e+00,2.761541882797109e-06
3.990042947156151e+02,4.515996482890675e+00,2.761547510550928e-06
3.990542947156151e+02,4.515983269970563e+00,2.761553138204826e-06
3.991042947156151e+02,4.515970058184254e+00,2.761558765003853e-06
3.991542947156152e+02,4.515956847530937e+00,2.761564391947208e-06
3.992042947156152e+02,4.515943638009877e+00,2.761570018246635e-06
3.992542947156152e+02,4.515930429620298e+00,2.761575642925136e-06
3.993042947156152e+02,4.515917222361365e+00,2.761581267525921e-06
3.993542947156152e+02,4.515904016232316e+00,2.761586892759533e-06
3.994042947156152e+02,4.515890811232364e+00,2.761592516483242e-06
3.994542947156152e+02,4.515877607360738e+00,2.761598138974603e-06
3.995042947156152e+02,4.515864404616702e+00,2.761603763153503e-06
3.995542947156152e+02,4.515851202999451e+00,2.761609387809800e-06
3.996042947156153e+02,4.515838002508165e+00,2.761615010256752e-06
3.996542947156153e+02,4.515824803142077e+00,2.761620631471357e-06
3.997042947156153e+02,4.515811604900460e+00,2.761626253651856e-06
3.997542947156153e+02,4.515798407782528e+00,2.761631875732435e-06
3.998042947156153e+02,4.515785211787446e+00,2.761637495903430e-06
3.998542947156153e+02,4.515772016914466e+00,2.761643115297269e-06
3.999042947156153e+02,4.515758823162862e+00,2.761648734868744e-06
3.999542947156153e+02,4.515745630531844e+00,2.761654353951721e-06
4.000042947156153e+02,4.515732439020593e+00,2.761659972601710e-06
4.000542947156154e+02,4.515719248628329e+00,2.761665590463442e-06
4.001042947156154e+02,4.515706059354324e+00,2.761671207203848e-06
4.001542947156154e+02,4.515692871197813e+00,2.761676823711107e-06
4.002042947156154e+02,4.515679684157995e+00,2.761682439874197e-06
4.002542947156154e+02,4.515666498234124e+00,2.761688055559892e-06
4.003042947156154e+02,4.515653313425378e+00,2.761693671778493e-06
4.003542947156154e+02,4.515640129730981e+00,2.761699288085912e-06
4.004042947156154e+02,4.515626947150243e+00,2.761704902739099e-06
4.004542947156154e+02,4.515613765682369e+00,2.761710515260657e-06
4.005042947156155e+02,4.515600585326547e+00,2.761716128270714e-06
4.005542947156155e+02,4.515587406082015e+00,2.761721743356888e-06
4.006042947156155e+02,4.515574227948044e+00,2.761727357910155e-06
4.006542947156155e+02,4.515561050923854e+00,2.761732970143056e-06
4.007042947156155e+02,4.515547875008669e+00,2.761738580677315e-06
4.007542947156155e+02,4.515534700201755e+00,2.761744190878508e-06
4.008042947156155e+02,4.515521526502333e+00,2.761749801301744e-06
4.008542947156155e+02,4.515508353909634e+00,2.761755410581452e-06
4.009042947156155e+02,4.515495182422866e+00,2.761761019306048e-06
4.009542947156156e+02,4.515482012041248e+00,2.761766629962432e-06
4.010042947156156e+02,4.515468842764053e+00,2.761772240374567e-06
4.010542947156156e+02,4.515455674590528e+00,2.761777849632069e-06
4.011042947156156e+02,4.515442507519901e+00,2.761783458323359e-06
4.011542947156156e+02,4.515429341551425e+00,2.761789065937732e-06
4.012042947156156e+02,4.515416176684325e+00,2.761794673063606e-06
4.012542947156156e+02,4.515403012917838e+00,2.761800279012644e-06
4.013042947156156e+02,4.515389850251212e+00,2.761805884761843e-06
4.013542947156157e+02,4.515376688683686e+00,2.761811490633166e-06
4.014042947156157e+02,4.515363528214480e+00,2.761817095150016e-06
4.014542947156157e+02,4.515350368842832e+00,2.761822699356004e-06
4.015042947156157e+02,4.515337210568017e+00,2.761828304228126e-06
4.015542947156157e+02,4.515324053389288e+00,2.761833907668061e-06
4.016042947156157e+02,4.515310897305904e+00,2.761839510930359e-06
4.016542947156157e+02,4.515297742317065e+00,2.761845114581236e-06
4.017042947156157e+02,4.515284588421965e+00,2.761850715933951e-06
4.017542947156157e+02,4.515271435619894e+00,2.761856317397688e-06
4.018042947156158e+02,4.515258283910154e+00,2.761861920404635e-06
4.018542947156158e+02,4.515245133291939e+00,2.761867522279155e-06
4.019042947156158e+02,4.515231983764471e+00,2.761873122055353e-06
4.019542947156158e+02,4.515218835327044e+00,2.761878721709427e-06
4.020042947156158e+02,4.515205687978891e+00,2.761884321352399e-06
4.020542947156158e+02,4.515192541719238e+00,2.761889920373645e-06
4.021042947156158e+02,4.515179396547376e+00,2.761895520027719e-06
4.021542947156158e+02,4.515166252462551e+00,2.761901118693694e-06
4.022042947156158e+02,4.515153109463965e+00,2.761906716038504e-06
4.022542947156159e+02,4.515139967550866e+00,2.761912313372212e-06
4.023042947156159e+02,4.515126826722560e+00,2.761917911183315e-06
4.023542947156159e+02,4.515113686978293e+00,2.761923508827886e-06
4.024042947156159e+02,4.515100548317292e+00,2.761929103763512e-06
4.024542947156159e+02,4.515087410738817e+00,2.761934697755448e-06
4.025042947156159e+02,4.515074274242107e+00,2.761940292835403e-06
4.025542947156159e+02,4.515061138826442e+00,2.761945887593393e-06
4.026042947156159e+02,4.515048004491057e+00,2.761951481518716e-06
4.026542947156159e+02,4.515034871235170e+00,2.761957074278304e-06
4.027042947156160e+02,4.515021739058088e+00,2.761962667337654e-06
4.027542947156160e+02,4.515008607959073e+00,2.761968261063137e-06
4.028042947156160e+02,4.514995477937367e+00,2.761973853456352e-06
4.028542947156160e+02,4.514982348992225e+00,2.761979444561708e-06
4.029042947156160e+02,4.514969221122870e+00,2.761985035844700e-06
4.029542947156160e+02,4.514956094328571e+00,2.761990626616990e-06
4.030042947156160e+02,4.514942968608642e+00,2.761996216467794e-06
4.030542947156160e+02,4.514929843962329e+00,2.762001806185372e-06
4.031042947156160e+02,4.514916720388840e+00,2.762007395481065e-06
4.031542947156161e+02,4.514903597887443e+00,2.762012984699042e-06
4.032042947156161e+02,4.514890476457423e+00,2.762018573439624e-06
4.032542947156161e+02,4.514877356098023e+00,2.762024161414151e-06
4.033042947156161e+02,4.514864236808498e+00,2.762029749266554e-06
4.033542947156161e+02,4.514851118588141e+00,2.762035336674868e-06
4.034042947156161e+02,4.514838001436217e+00,2.762040923095083e-06
4.034542947156161e+02,4.514824885351963e+00,2.762046508460587e-06
4.035042947156161e+02,4.514811770334651e+00,2.762052092837992e-06
4.035542947156162e+02,4.514798656383535e+00,2.762057678225700e-06
4.036042947156162e+02,4.514785543497872e+00,2.762063264468279e-06
4.036542947156162e+02,4.514772431676945e+00,2.762068849012217e-06
4.037042947156162e+02,4.514759320920023e+00,2.762074432634671e-06
4.037542947156162e+02,4.514746211226377e+00,2.762080016134999e-06
4.038042947156162e+02,4.514733102595273e+00,2.762085600245951e-06
4.038542947156162e+02,4.514719995025960e+00,2.762091184401311e-06
4.039042947156162e+02,4.514706888517716e+00,2.762096765658989e-06
4.039542947156162e+02,4.514693783069789e+00,2.762102345262436e-06
4.040042947156163e+02,4.514680678681447e+00,2.762107926764363e-06
4.040542947156163e+02,4.514667575351980e+00,2.762113509154469e-06
4.041042947156163e+02,4.514654473080657e+00,2.762119088924448e-06
4.041542947156163e+02,4.514641371866749e+00,2.762124668550098e-06
4.042042947156163e+02,4.514628271709500e+00,2.762130249674550e-06
4.042542947156163e+02,4.514615172608202e+00,2.762135829178076e-06
4.043042947156163e+02,4.514602074562143e+00,2.762141408182001e-06
4.043542947156163e+02,4.514588977570573e+00,2.762146986541998e-06
4.044042947156163e+02,4.514575881632765e+00,2.762152562714854e-06
4.044542947156164e+02,4.514562786747994e+00,2.762158139376209e-06
4.045042947156164e+02,4.514549692915519e+00,2.762163717269912e-06
4.045542947156164e+02,4.514536600134625e+00,2.762169293986778e-06
4.046042947156164e+02,4.514523508404621e+00,2.762174869526807e-06
4.046542947156164e+02,4.514510417724779e+00,2.762180443956614e-06
4.047042947156164e+02,4.514497328094329e+00,2.762186018342012e-06
4.047542947156164e+02,4.514484239512519e+00,2.762191593748815e-06
4.048042947156164e+02,4.514471151978653e+00,2.762197168966880e-06
4.048542947156164e+02,4.514458065492061e+00,2.762202743541015e-06
4.049042947156165e+02,4.514444980052008e+00,2.762208316860599e-06
4.049542947156165e+02,4.514431895657726e+00,2.762213889325311e-06
4.050042947156165e+02,4.514418812308521e+00,2.762219460857435e-06
4.050542947156165e+02,4.514405730003718e+00,2.762225032123107e-06
4.051042947156165e+02,4.514392648742554e+00,2.762230603832866e-06
4.051542947156165e+02,4.514379568524255e+00,2.762236173766270e-06
4.052042947156165e+02,4.514366489348117e+00,2.762241743011335e-06
4.052542947156165e+02,4.514353411213483e+00,2.762247313233396e-06
4.053042947156165e+02,4.514340334119646e+00,2.762252883533173e-06
4.053542947156166e+02,4.514327258065812e+00,2.762258453588702e-06
4.054042947156166e+02,4.514314183051280e+00,2.762264022645028e-06
4.054542947156166e+02,4.514301109075390e+00,2.762269590313577e-06
4.055042947156166e+02,4.514288036137390e+00,2.762275157227174e-06
4.055542947156166e+02,4.514274964236527e+00,2.762280723474636e-06
4.056042947156166e+02,4.514261893372125e+00,2.762286289955246e-06
4.056542947156166e+02,4.514248823543481e+00,2.762291857823635e-06
4.057042947156166e+02,4.514235754749850e+00,2.762297425725330e-06
4.057542947156167e+02,4.514222686990526e+00,2.762302991895078e-06
4.058042947156167e+02,4.514209620264808e+00,2.762308557520816e-06
4.058542947156167e+02,4.514196554571960e+00,2.762314123168758e-06
4.059042947156167e+02,4.514183489911285e+00,2.762319687539944e-06
4.059542947156167e+02,4.514170426282099e+00,2.762325251733495e-06
4.060042947156167e+02,4.514157363683678e+00,2.762330815494058e-06
4.060542947156167e+02,4.514144302115288e+00,2.762336378244318e-06
4.061042947156167e+02,4.514131241576201e+00,2.762341941127806e-06
4.061542947156167e+02,4.514118182065742e+00,2.762347502701230e-06
4.062042947156168e+02,4.514105123583224e+00,2.762353062376172e-06
4.062542947156168e+02,4.514092066127895e+00,2.762358624005107e-06
4.063042947156168e+02,4.514079009699040e+00,2.762364186877493e-06
4.063542947156168e+02,4.514065954295970e+00,2.762369748262179e-06
4.064042947156168e+02,4.514052899917970e+00,2.762375308447824e-06
4.064542947156168e+02,4.514039846564352e+00,2.762380867789699e-06
4.065042947156168e+02,4.514026794234427e+00,2.762386426310010e-06
4.065542947156168e+02,4.514013742927451e+00,2.762391984175289e-06
4.066042947156168e+02,4.514000692642695e+00,2.762397542462454e-06
4.066542947156169e+02,4.513987643379482e+00,2.762403101082684e-06
4.067042947156169e+02,4.513974595137110e+00,2.762408659658506e-06
4.067542947156169e+02,4.513961547914878e+00,2.762414217634807e-06
4.068042947156169e+02,4.513948501712107e+00,2.762419773601605e-06
4.068542947156169e+02,4.513935456528065e+00,2.762425328891167e-06
4.069042947156169e+02,4.513922412362037e+00,2.762430884047501e-06
4.069542947156169e+02,4.513909369213382e+00,2.762436437660626e-06
4.070042947156169e+02,4.513896327081383e+00,2.762441991229342e-06
4.070542947156169e+02,4.513883285965274e+00,2.762447545397579e-06
4.071042947156170e+02,4.513870245864361e+00,2.762453099776758e-06
4.071542947156170e+02,4.513857206777976e+00,2.762458653989403e-06
4.072042947156170e+02,4.513844168705424e+00,2.762464206814269e-06
4.072542947156170e+02,4.513831131646002e+00,2.762469758018210e-06
4.073042947156170e+02,4.513818095599005e+00,2.762475310176943e-06
4.073542947156170e+02,4.513805060563733e+00,2.762480863146139e-06
4.074042947156170e+02,4.513792026539511e+00,2.762486415160543e-06
4.074542947156170e+02,4.513778993525640e+00,2.762491966997311e-06
4.075042947156170e+02,4.513765961521393e+00,2.762497518378887e-06
4.075542947156171e+02,4.513752930526096e+00,2.762503067595529e-06
4.076042947156171e+02,4.513739900539070e+00,2.762508616734456e-06
4.076542947156171e+02,4.513726871559569e+00,2.762514167960601e-06
4.077042947156171e+02,4.513713843586893e+00,2.762519717554718e-06
4.077542947156171e+02,4.513700816620399e+00,2.762525264462096e-06
4.078042947156171e+02,4.513687790659391e+00,2.762530811347270e-06
4.078542947156171e+02,4.513674765703138e+00,2.762536359187235e-06
4.079042947156171e+02,4.513661741750985e+00,2.762541906982791e-06
4.079542947156172e+02,4.513648718802249e+00,2.762547453723635e-06
4.080042947156172e+02,4.513635696856189e+00,2.762552998865759e-06
4.080542947156172e+02,4.513622675912126e+00,2.762558544729527e-06
4.081042947156172e+02,4.513609655969389e+00,2.762564092114301e-06
4.081542947156172e+02,4.513596637027313e+00,2.762569636989970e-06
4.082042947156172e+02,4.513583619085184e+00,2.762575180000466e-06
4.082542947156172e+02,4.513570602142261e+00,2.762580723999059e-06
4.083042947156172e+02,4.513557586197908e+00,2.762586267997653e-06
4.083542947156172e+02,4.513544571251460e+00,2.762591810675081e-06
4.084042947156173e+02,4.513531557302178e+00,2.762597352664171e-06
4.084542947156173e+02,4.513518544349377e+00,2.762602894786487e-06
4.085042947156173e+02,4.513505532392404e+00,2.762608438218867e-06
4.085542947156173e+02,4.513492521430557e+00,2.762613982195256e-06
4.086042947156173e+02,4.513479511463133e+00,2.762619523729154e-06
4.086542947156173e+02,4.513466502489464e+00,2.762625063087016e-06
4.087042947156173e+02,4.513453494508860e+00,2.762630602722433e-06
4.087542947156173e+02,4.513440487520659e+00,2.762636142402259e-06
4.088042947156173e+02,4.513427481524148e+00,2.762641681227213e-06
4.088542947156174e+02,4.513414476518625e+00,2.762647219541465e-06
4.089042947156174e+02,4.513401472503483e+00,2.762652757311707e-06
4.089542947156174e+02,4.513388469478000e+00,2.762658295503835e-06
4.090042947156174e+02,4.513375467441449e+00,2.762663834595242e-06
4.090542947156174e+02,4.513362466393180e+00,2.762669372831778e-06
4.091042947156174e+02,4.513349466332532e+00,2.762674909180935e-06
4.091542947156174e+02,4.513336467258852e+00,2.762680444875060e-06
4.092042947156174e+02,4.513323469171407e+00,2.762685980180608e-06
4.092542947156174e+02,4.513310472069495e+00,2.762691516052369e-06
4.093042947156175e+02,4.513297475952466e+00,2.762697052556957e-06
4.093542947156175e+02,4.513284480819646e+00,2.762702587751482e-06
4.094042947156175e+02,4.513271486670327e+00,2.762708122213259e-06
4.094542947156175e+02,4.513258493503868e+00,2.762713656230948e-06
4.095042947156175e+02,4.513245501319634e+00,2.762719188938573e-06
4.095542947156175e+02,4.513232510116919e+00,2.762724720991167e-06
4.096042947156175e+02,4.513219519894999e+00,2.762730253976348e-06
4.096542947156175e+02,4.513206530653203e+00,2.762735787849708e-06
4.097042947156176e+02,4.513193542390882e+00,2.762741320246471e-06
4.097542947156176e+02,4.513180555107375e+00,2.762746850167436e-06
4.098042947156176e+02,4.513167568801978e+00,2.762752381087603e-06
4.098542947156176e+02,4.513154583474013e+00,2.762757912562881e-06
4.099042947156176e+02,4.513141599122867e+00,2.762763442117473e-06
4.099542947156176e+02,4.513128615747801e+00,2.762768972182767e-06
4.100042947156176e+02,4.513115633348129e+00,2.762774501637439e-06
4.100542947156176e+02,4.513102651923244e+00,2.762780028594109e-06
4.101042947156176e+02,4.513089671472453e+00,2.762785556694309e-06
4.101542947156177e+02,4.513076691995068e+00,2.762791086615275e-06
4.102042947156177e+02,4.513063713490445e+00,2.762796615537039e-06
4.102542947156177e+02,4.513050735957904e+00,2.762802143304172e-06
4.103042947156177e+02,4.513037759396750e+00,2.762807669161721e-06
4.103542947156177e+02,4.513024783806305e+00,2.762813194397546e-06
4.104042947156177e+02,4.513011809185897e+00,2.762818721121069e-06
4.104542947156177e+02,4.512998835534916e+00,2.762824246578938e-06
4.105042947156177e+02,4.512985862852697e+00,2.762829771082015e-06
4.105542947156177e+02,4.512972891138515e+00,2.762835296606498e-06
4.106042947156178e+02,4.512959920391736e+00,2.762840822264207e-06
4.106542947156178e+02,4.512946950611714e+00,2.762846346500831e-06
4.107042947156178e+02,4.512933981797755e+00,2.762851869860378e-06
4.107542947156178e+02,4.512921013949161e+00,2.762857393097801e-06
4.108042947156178e+02,4.512908047065291e+00,2.762862915968850e-06
4.108542947156178e+02,4.512895081145495e+00,2.762868438851002e-06
4.109042947156178e+02,4.512882116189092e+00,2.762873960289864e-06
4.109542947156178e+02,4.512869152195457e+00,2.762879480540787e-06
4.110042947156178e+02,4.512856189163915e+00,2.762885000913834e-06
4.110542947156179e+02,4.512843227093756e+00,2.762890521364598e-06
4.111042947156179e+02,4.512830265984374e+00,2.762896041326863e-06
4.111542947156179e+02,4.512817305835102e+00,2.762901561677706e-06
4.112042947156179e+02,4.512804346645215e+00,2.762907082916728e-06
4.112542947156179e+02,4.512791388414100e+00,2.762912602623641e-06
4.113042947156179e+02,4.512778431141105e+00,2.762918120565300e-06
4.113542947156179e+02,4.512765474825562e+00,2.762923638296018e-06
4.114042947156179e+02,4.512752519466803e+00,2.762929155349498e-06
4.114542947156179e+02,4.512739565064151e+00,2.762934672280854e-06
4.115042947156180e+02,4.512726611617011e+00,2.762940190067082e-06
4.115542947156180e+02,4.512713659124700e+00,2.762945707831105e-06
4.116042947156180e+02,4.512700707586522e+00,2.762951224540417e-06
4.116542947156180e+02,4.512687757001852e+00,2.762956739972972e-06
4.117042947156180e+02,4.512674807370010e+00,2.762962255105767e-06
4.117542947156180e+02,4.512661858690353e+00,2.762967768162445e-06
4.118042947156180e+02,4.512648910962252e+00,2.762973280841647e-06
4.118542947156180e+02,4.512635964185019e+00,2.762978796407429e-06
4.119042947156181e+02,4.512623018357971e+00,2.762984311951006e-06
4.119542947156181e+02,4.512610073480475e+00,2.762989825707125e-06
4.120042947156181e+02,4.512597129551946e+00,2.762995338319713e-06
4.120542947156181e+02,4.512584186571693e+00,2.763000850932302e-06
4.121042947156181e+02,4.512571244538998e+00,2.763006363600401e-06
4.121542947156181e+02,4.512558303453267e+00,2.763011875580163e-06
4.122042947156181e+02,4.512545363313864e+00,2.763017386960404e-06
4.122542947156181e+02,4.512532424120083e+00,2.763022896519880e-06
4.123042947156181e+02,4.512519485871291e+00,2.763028405824004e-06
4.123542947156182e+02,4.512506548566878e+00,2.763033917015506e-06
4.124042947156182e+02,4.512493612206162e+00,2.763039426785924e-06
4.124542947156182e+02,4.512480676788476e+00,2.763044935024234e-06
4.125042947156182e+02,4.512467742313206e+00,2.763050443873167e-06
4.125542947156182e+02,4.512454808779702e+00,2.763055952233601e-06
4.126042947156182e+02,4.512441876187295e+00,2.763061460294276e-06
4.126542947156182e+02,4.512428944535310e+00,2.763066968032985e-06
4.127042947156182e+02,4.512416013823139e+00,2.763072475538548e-06
4.127542947156182e+02,4.512403084050140e+00,2.763077982577817e-06
4.128042947156183e+02,4.512390155215648e+00,2.763083489172997e-06
4.128542947156183e+02,4.512377227319035e+00,2.763088996611946e-06
4.129042947156183e+02,4.512364300359640e+00,2.763094503529090e-06
4.129542947156183e+02,4.512351374336804e+00,2.763100008869718e-06
4.130042947156183e+02,4.512338449249905e+00,2.763105513766257e-06
4.130542947156183e+02,4.512325525098302e+00,2.763111018418546e-06
4.131042947156183e+02,4.512312601881337e+00,2.763116522260373e-06
4.131542947156183e+02,4.512299679598382e+00,2.763122026846049e-06
4.132042947156183e+02,4.512286758248761e+00,2.763127531598259e-06
4.132542947156184e+02,4.512273837831853e+00,2.763133034118920e-06
4.133042947156184e+02,4.512260918347065e+00,2.763138536040061e-06
4.133542947156184e+02,4.512247999793701e+00,2.763144039126936e-06
4.134042947156184e+02,4.512235082171088e+00,2.763149540670601e-06
4.134542947156184e+02,4.512222165478646e+00,2.763155040393501e-06
4.135042947156184e+02,4.512209249715729e+00,2.763160541204419e-06
4.135542947156184e+02,4.512196334881668e+00,2.763166042481630e-06
4.136042947156184e+02,4.512183420975827e+00,2.763171543736637e-06
4.136542947156184e+02,4.512170507997566e+00,2.763177044214488e-06
4.137042947156185e+02,4.512157595946289e+00,2.763182543071413e-06
4.137542947156185e+02,4.512144684821323e+00,2.763188040629378e-06
4.138042947156185e+02,4.512131774622008e+00,2.763193538253955e-06
4.138542947156185e+02,4.512118865347751e+00,2.763199037488357e-06
4.139042947156185e+02,4.512105956997899e+00,2.763204536400794e-06
4.139542947156185e+02,4.512093049571800e+00,2.763210033481362e-06
4.140042947156185e+02,4.512080143068840e+00,2.763215529673752e-06
4.140542947156185e+02,4.512067237488378e+00,2.763221026399049e-06
4.141042947156186e+02,4.512054332829774e+00,2.763226522824586e-06
4.141542947156186e+02,4.512041429092416e+00,2.763232018905954e-06
4.142042947156186e+02,4.512028526275641e+00,2.763237515109446e-06
4.142542947156186e+02,4.512015624378817e+00,2.763243009836342e-06
4.143042947156186e+02,4.512002723401356e+00,2.763248504352296e-06
4.143542947156186e+02,4.511989823342589e+00,2.763253997502674e-06
4.144042947156186e+02,4.511976924201869e+00,2.763259490086840e-06
4.144542947156186e+02,4.511964025978584e+00,2.763264984724917e-06
4.145042947156186e+02,4.511951128672087e+00,2.763270478663555e-06
4.145542947156187e+02,4.511938232281742e+00,2.763275971292129e-06
4.146042947156187e+02,4.511925336806931e+00,2.763281465363993e-06
4.146542947156187e+02,4.511912442247013e+00,2.763286958469963e-06
4.147042947156187e+02,4.511899548601405e+00,2.763292448522820e-06
4.147542947156187e+02,4.511886655869450e+00,2.763297938731108e-06
4.148042947156187e+02,4.511873764050497e+00,2.763303429505610e-06
4.148542947156187e+02,4.511860873143976e+00,2.763308920024761e-06
4.149042947156187e+02,4.511847983149226e+00,2.763314409788959e-06
4.149542947156187e+02,4.511835094065595e+00,2.763319898687184e-06
4.150042947156188e+02,4.511822205892453e+00,2.763325387652022e-06
4.150542947156188e+02,4.511809318629188e+00,2.763330877660470e-06
4.151042947156188e+02,4.511796432275199e+00,2.763336366825148e-06
4.151542947156188e+02,4.511783546829858e+00,2.763341854180163e-06
4.152042947156188e+02,4.511770662292482e+00,2.763347341657303e-06
4.152542947156188e+02,4.511757778662483e+00,2.763352828634842e-06
4.153042947156188e+02,4.511744895939295e+00,2.763358314957349e-06
4.153542947156188e+02,4.511732014122234e+00,2.763363802478897e-06
4.154042947156188e+02,4.511719133210649e+00,2.763369289556356e-06
4.154542947156189e+02,4.511706253203971e+00,2.763374774169120e-06
4.155042947156189e+02,4.511693374101585e+00,2.763380258992826e-06
4.155542947156189e+02,4.511680495902824e+00,2.763385745293129e-06
4.156042947156189e+02,4.511667618607064e+00,2.763391230871787e-06
4.156542947156189e+02,4.511654742213703e+00,2.763396715406836e-06
4.157042947156189e+02,4.511641866722151e+00,2.763402199120319e-06
4.157542947156189e+02,4.511628992131790e+00,2.763407681557046e-06
4.158042947156189e+02,4.511616118441951e+00,2.763413164138102e-06
4.158542947156189e+02,4.511603245652018e+00,2.763418647784972e-06
4.159042947156190e+02,4.511590373761355e+00,2.763424131887033e-06
4.159542947156190e+02,4.511577502769355e+00,2.763429614135022e-06
4.160042947156190e+02,4.511564632675484e+00,2.763435094750983e-06
4.160542947156190e+02,4.511551763479076e+00,2.763440576499372e-06
4.161042947156190e+02,4.511538895179467e+00,2.763446056793368e-06
4.161542947156190e+02,4.511526027776074e+00,2.763451536265799e-06
4.162042947156190e+02,4.511513161268259e+00,2.763457017658916e-06
4.162542947156190e+02,4.511500295655441e+00,2.763462497775277e-06
4.163042947156191e+02,4.511487430936998e+00,2.763467976614882e-06
4.163542947156191e+02,4.511474567112296e+00,2.763473455321259e-06
4.164042947156191e+02,4.511461704180761e+00,2.763478933217174e-06
4.164542947156191e+02,4.511448842141733e+00,2.763484411757018e-06
4.165042947156191e+02,4.511435980994577e+00,2.763489889863874e-06
4.165542947156191e+02,4.511423120738722e+00,2.763495366338703e-06
4.166042947156191e+02,4.511410261373556e+00,2.763500843546280e-06
4.166542947156191e+02,4.511397402898465e+00,2.763506319787962e-06
4.167042947156191e+02,4.511384545312860e+00,2.763511794397617e-06
4.167542947156192e+02,4.511371688616084e+00,2.763517270572686e-06
4.168042947156192e+02,4.511358832807506e+00,2.763522747158537e-06
4.168542947156192e+02,4.511345977886583e+00,2.763528222634166e-06
4.169042947156192e+02,4.511333123852702e+00,2.763533697088389e-06
4.169542947156192e+02,4.511320270705200e+00,2.763539171165136e-06
4.170042947156192e+02,4.511307418443478e+00,2.763544645042044e-06
4.170542947156192e+02,4.511294567066952e+00,2.763550118130693e-06
4.171042947156192e+02,4.511281716574996e+00,2.763555590841866e-06
4.171542947156192e+02,4.511268866967026e+00,2.763561063897209e-06
4.172042947156193e+02,4.511256018242424e+00,2.763566536475155e-06
4.172542947156193e+02,4.511243170400546e+00,2.763572008076105e-06
4.173042947156193e+02,4.511230323440803e+00,2.763577480143348e-06
4.173542947156193e+02,4.511217477362615e+00,2.763582951999649e-06
4.174042947156193e+02,4.511204632165390e+00,2.763588422135105e-06
4.174542947156193e+02,4.511191787848472e+00,2.763593891238054e-06
4.175042947156193e+02,4.511178944411227e+00,2.763599361717679e-06
4.175542947156193e+02,4.511166101853148e+00,2.763604833396344e-06
4.176042947156193e+02,4.511153260173622e+00,2.763610303909276e-06
4.176542947156194e+02,4.511140419371966e+00,2.763615773034428e-06
4.177042947156194e+02,4.511127579447618e+00,2.763621241160381e-06
4.177542947156194e+02,4.511114740399987e+00,2.763626708053985e-06
4.178042947156194e+02,4.511101902228429e+00,2.763632175880177e-06
4.178542947156194e+02,4.511089064932366e+00,2.763637644861001e-06
4.179042947156194e+02,4.511076228511228e+00,2.763643113253406e-06
4.179542947156194e+02,4.511063392964355e+00,2.763648580291340e-06
4.180042947156194e+02,4.511050558291166e+00,2.763654045142134e-06
4.180542947156194e+02,4.511037724491125e+00,2.763659509881906e-06
4.181042947156195e+02,4.511024891563584e+00,2.763664975998354e-06
4.181542947156195e+02,4.511012059507897e+00,2.763670442014882e-06
4.182042947156195e+02,4.510999228323493e+00,2.763675907320868e-06
4.182542947156195e+02,4.510986398009790e+00,2.763681371416710e-06
4.183042947156195e+02,4.510973568566190e+00,2.763686834324614e-06
4.183542947156195e+02,4.510960739992099e+00,2.763692297043780e-06
4.184042947156195e+02,4.510947912286912e+00,2.763697760961987e-06
4.184542947156195e+02,4.510935085450021e+00,2.763703225357589e-06
4.185042947156196e+02,4.510922259480829e+00,2.763708688021244e-06
4.185542947156196e+02,4.510909434378739e+00,2.763714150052072e-06
4.186042947156196e+02,4.510896610143169e+00,2.763719611960775e-06
4.186542947156196e+02,4.510883786773516e+00,2.763725073869478e-06
4.187042947156196e+02,4.510870964269199e+00,2.763730536311088e-06
4.187542947156196e+02,4.510858142629654e+00,2.763735997320510e-06
4.188042947156196e+02,4.510845321854254e+00,2.763741456775621e-06
4.188542947156196e+02,4.510832501942348e+00,2.763746916907967e-06
4.189042947156196e+02,4.510819682893361e+00,2.763752377328971e-06
4.189542947156197e+02,4.510806864706741e+00,2.763757836295583e-06
4.190042947156197e+02,4.510794047381900e+00,2.763763295239991e-06
4.190542947156197e+02,4.510781230918245e+00,2.763768754417546e-06
4.191042947156197e+02,4.510768415315185e+00,2.763774212362753e-06
4.191542947156197e+02,4.510755600572103e+00,2.763779669919381e-06
4.192042947156197e+02,4.510742786688385e+00,2.763785127242863e-06
4.192542947156197e+02,4.510729973663477e+00,2.763790584533039e-06
4.193042947156197e+02,4.510717161496815e+00,2.763796041667783e-06
4.193542947156197e+02,4.510704350187752e+00,2.763801497747815e-06
4.194042947156198e+02,4.510691539735693e+00,2.763806953761233e-06
4.194542947156198e+02,4.510678730140112e+00,2.763812411140227e-06
4.195042947156198e+02,4.510665921400409e+00,2.763817866987113e-06
4.195542947156198e+02,4.510653113515981e+00,2.763823320757881e-06
4.196042947156198e+02,4.510640306486247e+00,2.763828775083760e-06
4.196542947156198e+02,4.510627500310609e+00,2.763834230431046e-06
4.197042947156198e+02,4.510614694988455e+00,2.763839684690312e-06
4.197542947156198e+02,4.510601890519192e+00,2.763845136840155e-06
4.198042947156198e+02,4.510589086902278e+00,2.763850589889278e-06
4.198542947156199e+02,4.510576284137154e+00,2.763856043637842e-06
4.199042947156199e+02,4.510563482223209e+00,2.763861495721071e-06
4.199542947156199e+02,4.510550681159846e+00,2.763866947204780e-06
4.200042947156199e+02,4.510537880946478e+00,2.763872399065965e-06
4.200542947156199e+02,4.510525081582519e+00,2.763877850682901e-06
4.201042947156199e+02,4.510512283067384e+00,2.763883301922360e-06
4.201542947156199e+02,4.510499485400477e+00,2.763888752628913e-06
4.202042947156199e+02,4.510486688581238e+00,2.763894202658230e-06
4.202542947156199e+02,4.510473892609089e+00,2.763899652254560e-06
4.203042947156200e+02,4.510461097483449e+00,2.763905103083237e-06
4.203542947156200e+02,4.510448303203748e+00,2.763910554533639e-06
4.204042947156200e+02,4.510435509769374e+00,2.763916003430528e-06
4.204542947156200e+02,4.510422717179754e+00,2.763921450373425e-06
4.205042947156200e+02,4.510409925434301e+00,2.763926899059372e-06
4.205542947156200e+02,4.510397134532436e+00,2.763932348988769e-06
4.206042947156200e+02,4.510384344473617e+00,2.763937796075994e-06
4.206542947156200e+02,4.510371555257238e+00,2.763943241397965e-06
4.207042947156201e+02,4.510358766882694e+00,2.763948687885670e-06
4.207542947156201e+02,4.510345979349443e+00,2.763954135072816e-06
4.208042947156201e+02,4.510333192656915e+00,2.763959581327375e-06
4.208542947156201e+02,4.510320406804518e+00,2.763965025639043e-06
4.209042947156201e+02,4.510307621791654e+00,2.763970469939609e-06
4.209542947156201e+02,4.510294837617752e+00,2.763975915472523e-06
4.210042947156201e+02,4.510282054282237e+00,2.763981361349605e-06
4.210542947156201e+02,4.510269271784541e+00,2.763986806516145e-06
4.211042947156201e+02,4.510256490124121e+00,2.763992250017350e-06
4.211542947156202e+02,4.510243709300386e+00,2.763997692308413e-06
4.212042947156202e+02,4.510230929312733e+00,2.764003135321120e-06
4.212542947156202e+02,4.510218150160603e+00,2.764008579166494e-06
4.213042947156202e+02,4.510205371843433e+00,2.764014022501166e-06
4.213542947156202e+02,4.510192594360611e+00,2.764019464192708e-06
4.214042947156202e+02,4.510179817711596e+00,2.764024904540880e-06
4.214542947156202e+02,4.510167041895839e+00,2.764030345233221e-06
4.215042947156202e+02,4.510154266912746e+00,2.764035786069891e-06
4.215542947156202e+02,4.510141492761739e+00,2.764041226384756e-06
4.216042947156203e+02,4.510128719442235e+00,2.764046666666315e-06
4.216542947156203e+02,4.510115946953654e+00,2.764052105671117e-06
4.217042947156203e+02,4.510103175295420e+00,2.764057544398363e-06
4.217542947156203e+02,4.510090404467001e+00,2.764062985157318e-06
4.218042947156203e+02,4.510077634467883e+00,2.764068425239037e-06
4.218542947156203e+02,4.510064865297410e+00,2.764073864221634e-06
4.219042947156203e+02,4.510052096955000e+00,2.764079303170925e-06
4.219542947156203e+02,4.510039329440127e+00,2.764084740366064e-06
4.220042947156203e+02,4.510026562752198e+00,2.764090176639717e-06
4.220542947156204e+02,4.510013796890687e+00,2.764095613157620e-06
4.221042947156204e+02,4.510001031855039e+00,2.764101049830953e-06
4.221542947156204e+02,4.509988267644618e+00,2.764106488091906e-06
4.222042947156204e+02,4.509975504258873e+00,2.764111926064201e-06
4.222542947156204e+02,4.509962741697247e+00,2.764117361394164e-06
4.223042947156204e+02,4.509949979959172e+00,2.764122795769336e-06
4.223542947156204e+02,4.509937219044131e+00,2.764128231343550e-06
4.224042947156204e+02,4.509924458951511e+00,2.764133667528385e-06
4.224542947156204e+02,4.509911699680698e+00,2.764139102325442e-06
4.225042947156205e+02,4.509898941231202e+00,2.764144535590391e-06
4.225542947156205e+02,4.509886183602475e+00,2.764149968577784e-06
4.226042947156205e+02,4.509873426793938e+00,2.764155402009267e-06
4.226542947156205e+02,4.509860670805002e+00,2.764160835862634e-06
4.227042947156205e+02,4.509847915635076e+00,2.764166269049867e-06
4.227542947156205e+02,4.509835161283647e+00,2.764171701171287e-06
4.228042947156205e+02,4.509822407750163e+00,2.764177132160279e-06
4.228542947156205e+02,4.509809655034048e+00,2.764182562527546e-06
4.229042947156206e+02,4.509796903134721e+00,2.764187994093853e-06
4.229542947156206e+02,4.509784152051616e+00,2.764193425349299e-06
4.230042947156206e+02,4.509771401784203e+00,2.764198856660256e-06
4.230542947156206e+02,4.509758652331918e+00,2.764204287593736e-06
4.231042947156206e+02,4.509745903694191e+00,2.764209716284566e-06
4.231542947156206e+02,4.509733155870483e+00,2.764215145186339e-06
4.232042947156206e+02,4.509720408860205e+00,2.764220575653526e-06
4.232542947156206e+02,4.509707662662787e+00,2.764226004821752e-06
4.233042947156206e+02,4.509694917277733e+00,2.764231431924963e-06
4.233542947156207e+02,4.509682172704452e+00,2.764236859350139e-06
4.234042947156207e+02,4.509669428942377e+00,2.764242286475555e-06
4.234542947156207e+02,4.509656685990972e+00,2.764247713234598e-06
4.235042947156207e+02,4.509643943849621e+00,2.764253141248192e-06
4.235542947156207e+02,4.509631202517808e+00,2.764258568862105e-06
4.236042947156207e+02,4.509618461995014e+00,2.764263995354694e-06
4.236542947156207e+02,4.509605722280658e+00,2.764269421081229e-06
4.237042947156207e+02,4.509592983374189e+00,2.764274846696741e-06
4.237542947156207e+02,4.509580245275027e+00,2.764280272623116e-06
4.238042947156208e+02,4.509567507982641e+00,2.764285697417063e-06
4.238542947156208e+02,4.509554771496478e+00,2.764291122299829e-06
4.239042947156208e+02,4.509542035815956e+00,2.764296547726603e-06
4.239542947156208e+02,4.509529300940568e+00,2.764301971621270e-06
4.240042947156208e+02,4.509516566869760e+00,2.764307393972727e-06
4.240542947156208e+02,4.509503833602942e+00,2.764312816146548e-06
4.241042947156208e+02,4.509491101139592e+00,2.764318238720049e-06
4.241542947156208e+02,4.509478369479154e+00,2.764323661693231e-06
4.242042947156208e+02,4.509465638621023e+00,2.764329084699719e-06
4.242542947156209e+02,4.509452908564706e+00,2.764334506518269e-06
4.243042947156209e+02,4.509440179309671e+00,2.764339927981547e-06
4.243542947156209e+02,4.509427450855300e+00,2.764345350199777e-06
4.244042947156209e+02,4.509414723201076e+00,2.764350770364094e-06
4.244542947156209e+02,4.509401996346487e+00,2.764356189673540e-06
4.245042947156209e+02,4.509389270290963e+00,2.764361609615813e-06
4.245542947156209e+02,4.509376545033954e+00,2.764367030157606e-06
4.246042947156209e+02,4.509363820574885e+00,2.764372450233105e-06
4.246542947156209e+02,4.509351096913218e+00,2.764377868510043e-06
4.247042947156210e+02,4.509338374048449e+00,2.764383286720368e-06
4.247542947156210e+02,4.509325651979992e+00,2.764388704519911e-06
4.248042947156210e+02,4.509312930707290e+00,2.764394122952280e-06
4.248542947156210e+02,4.509300210229854e+00,2.764399541673307e-06
4.249042947156210e+02,4.509287490547095e+00,2.764404959117578e-06
4.249542947156210e+02,4.509274771658453e+00,2.764410377105859e-06
4.250042947156210e+02,4.509262053563417e+00,2.764415794805481e-06
4.250542947156210e+02,4.509249336261415e+00,2.764421210473396e-06
4.251042947156211e+02,4.509236619751915e+00,2.764426625996980e-06
4.251542947156211e+02,4.509223904034392e+00,2.764432041609384e-06
4.252042947156211e+02,4.509211189108274e+00,2.764437456222586e-06
4.252542947156211e+02,4.509198474973028e+00,2.764442872334589e-06
4.253042947156211e+02,4.509185761628117e+00,2.764448288424388e-06
4.253542947156211e+02,4.509173049073024e+00,2.764453702515785e-06
4.254042947156211e+02,4.509160337307181e+00,2.764459116962454e-06
4.254542947156211e+02,4.509147626330027e+00,2.764464530742989e-06
4.255042947156211e+02,4.509134916141044e+00,2.764469944312582e-06
4.255542947156212e+02,4.509122206739685e+00,2.764475357859970e-06
4.256042947156212e+02,4.509109498125397e+00,2.764480770574691e-06
4.256542947156212e+02,4.509096790297686e+00,2.764486182889731e-06
4.257042947156212e+02,4.509084083255998e+00,2.764491595249181e-06
4.257542947156212e+02,4.509071376999755e+00,2.764497007419893e-06
4.258042947156212e+02,4.509058671528446e+00,2.764502418280541e-06
4.258542947156212e+02,4.509045966841525e+00,2.764507828885838e-06
4.259042947156212e+02,4.509033262938427e+00,2.764513239657668e-06
4.259542947156212e+02,4.509020559818660e+00,2.764518649363685e-06
4.260042947156213e+02,4.509007857481707e+00,2.764524059469382e-06
4.260542947156213e+02,4.508995155927006e+00,2.764529469031069e-06
4.261042947156213e+02,4.508982455153996e+00,2.764534877038444e-06
4.261542947156213e+02,4.508969755162162e+00,2.764540284845979e-06
4.262042947156213e+02,4.508957055950975e+00,2.764545692886662e-06
4.262542947156213e+02,4.508944357519868e+00,2.764551102459451e-06
4.263042947156213e+02,4.508931659868322e+00,2.764556512598455e-06
4.263542947156213e+02,4.508918962995803e+00,2.764561922504311e-06
4.264042947156213e+02,4.508906266901769e+00,2.764567330278540e-06
4.264542947156214e+02,4.508893571585721e+00,2.764572735676891e-06
4.265042947156214e+02,4.508880877047113e+00,2.764578141896807e-06
4.265542947156214e+02,4.508868183285403e+00,2.764583548671835e-06
4.266042947156214e+02,4.508855490300058e+00,2.764588954891751e-06
4.266542947156214e+02,4.508842798090526e+00,2.764594361000645e-06
4.267042947156214e+02,4.508830106656299e+00,2.764599766876392e-06
4.267542947156214e+02,4.508817415996845e+00,2.764605171897267e-06
4.268042947156214e+02,4.508804726111611e+00,2.764610576351929e-06
4.268542947156214e+02,4.508792037000086e+00,2.764615980295888e-06
4.269042947156215e+02,4.508779348661749e+00,2.764621383773553e-06
4.269542947156215e+02,4.508766661096057e+00,2.764626787506570e-06
4.270042947156215e+02,4.508753974302491e+00,2.764632191328404e-06
4.270542947156215e+02,4.508741288280528e+00,2.764637594139935e-06
4.271042947156215e+02,4.508728603029619e+00,2.764642996318640e-06
4.271542947156215e+02,4.508715918549247e+00,2.764648399674181e-06
4.272042947156215e+02,4.508703234838880e+00,2.764653802918699e-06
4.272542947156215e+02,4.508690551897975e+00,2.764659205075199e-06
4.273042947156216e+02,4.508677869726034e+00,2.764664606765405e-06
4.273542947156216e+02,4.508665188322508e+00,2.764670008411203e-06
4.274042947156216e+02,4.508652507686843e+00,2.764675409157720e-06
4.274542947156216e+02,4.508639827818572e+00,2.764680808494253e-06
4.275042947156216e+02,4.508627148717164e+00,2.764686207342288e-06
4.275542947156216e+02,4.508614470382042e+00,2.764691606911968e-06
4.276042947156216e+02,4.508601792812732e+00,2.764697007602974e-06
4.276542947156216e+02,4.508589116008703e+00,2.764702407872094e-06
4.277042947156216e+02,4.508576439969394e+00,2.764707806731232e-06
4.277542947156217e+02,4.508563764694310e+00,2.764713204879827e-06
4.278042947156217e+02,4.508551090182944e+00,2.764718603294875e-06
4.278542947156217e+02,4.508538416434738e+00,2.764724001931968e-06
4.279042947156217e+02,4.508525743449157e+00,2.764729399048056e-06
4.279542947156217e+02,4.508513071225709e+00,2.764734795309271e-06
4.280042947156217e+02,4.508500399763883e+00,2.764740193158106e-06
4.280542947156217e+02,4.508487729063151e+00,2.764745591462132e-06
4.281042947156217e+02,4.508475059122962e+00,2.764750987279258e-06
4.281542947156217e+02,4.508462389942792e+00,2.764756382141593e-06
4.282042947156218e+02,4.508449721522148e+00,2.764761778536035e-06
4.282542947156218e+02,4.508437053860523e+00,2.764767174486389e-06
4.283042947156218e+02,4.508424386957400e+00,2.764772569359826e-06
4.283542947156218e+02,4.508411720812239e+00,2.764777963889093e-06
4.284042947156218e+02,4.508399055424496e+00,2.764783358307338e-06
4.284542947156218e+02,4.508386390793690e+00,2.764788752392518e-06
4.285042947156218e+02,4.508373726919285e+00,2.764794146666434e-06
4.285542947156218e+02,4.508361063800737e+00,2.764799540307523e-06
4.286042947156218e+02,4.508348401437568e+00,2.764804932793980e-06
4.286542947156219e+02,4.508335739829255e+00,2.764810325069495e-06
4.287042947156219e+02,4.508323078975275e+00,2.764815716834308e-06
4.287542947156219e+02,4.508310418875123e+00,2.764821107666533e-06
4.288042947156219e+02,4.508297759528273e+00,2.764826498787416e-06
4.288542947156219e+02,4.508285100934192e+00,2.764831891373793e-06
4.289042947156219e+02,4.508272443092355e+00,2.764837283627104e-06
4.289542947156219e+02,4.508259786002281e+00,2.764842674736885e-06
4.290042947156219e+02,4.508247129663471e+00,2.764848066346266e-06
4.290542947156219e+02,4.508234474075367e+00,2.764853458033362e-06
4.291042947156220e+02,4.508221819237439e+00,2.764858847488911e-06
4.291542947156220e+02,4.508209165149242e+00,2.764864234901649e-06
4.292042947156220e+02,4.508196511810268e+00,2.764869622980521e-06
4.292542947156220e+02,4.508183859219959e+00,2.764875012214025e-06
4.293042947156220e+02,4.508171207377779e+00,2.764880401769494e-06
4.293542947156220e+02,4.508158556283219e+00,2.764885791036304e-06
4.294042947156220e+02,4.508145905935820e+00,2.764891179048563e-06
4.294542947156220e+02,4.508133256335054e+00,2.764896566039416e-06
4.295042947156221e+02,4.508120607480381e+00,2.764901953374439e-06
4.295542947156221e+02,4.508107959371300e+00,2.764907341098039e-06
4.296042947156221e+02,4.508095312007301e+00,2.764912727667008e-06
4.296542947156221e+02,4.508082665387890e+00,2.764918113247878e-06
4.297042947156221e+02,4.508070019512570e+00,2.764923498617806e-06
4.297542947156221e+02,4.508057374380780e+00,2.764928884676072e-06
4.298042947156221e+02,4.508044729992027e+00,2.764934270623316e-06
4.298542947156221e+02,4.508032086345864e+00,2.764939655748994e-06
4.299042947156221e+02,4.508019443441735e+00,2.764945041019002e-06
4.299542947156222e+02,4.508006801279118e+00,2.764950425023355e-06
4.300042947156222e+02,4.507994159857510e+00,2.764955808727949e-06
4.300542947156222e+02,4.507981519176374e+00,2.764961192810018e-06
4.301042947156222e+02,4.507968879235265e+00,2.764966576370282e-06
4.301542947156222e+02,4.507956240033698e+00,2.764971960585578e-06
4.302042947156222e+02,4.507943601571093e+00,2.764977344578829e-06
4.302542947156222e+02,4.507930963846950e+00,2.764982726262817e-06
4.303042947156222e+02,4.507918326860804e+00,2.764988107114137e-06
4.303542947156222e+02,4.507905690612126e+00,2.764993489453156e-06
4.304042947156223e+02,4.507893055100398e+00,2.764998871303676e-06
4.304542947156223e+02,4.507880420325144e+00,2.765004252232712e-06
4.305042947156223e+02,4.507867786285852e+00,2.765009632784272e-06
4.305542947156223e+02,4.507855152982019e+00,2.765015013591183e-06
4.306042947156223e+02,4.507842520413142e+00,2.765020396052327e-06
4.306542947156223e+02,4.507829888578687e+00,2.765025777669701e-06
4.307042947156223e+02,4.507817257478169e+00,2.765031156711357e-06
4.307542947156223e+02,4.507804627111132e+00,2.765036534975857e-06
4.308042947156223e+02,4.507791997477071e+00,2.765041912885087e-06
4.308542947156224e+02,4.507779368575429e+00,2.765047291360529e-06
4.309042947156224e+02,4.507766740405689e+00,2.765052671123831e-06
4.309542947156224e+02,4.507754112967403e+00,2.765058048588971e-06
4.310042947156224e+02,4.507741486260100e+00,2.765063424855069e-06
4.310542947156224e+02,4.507728860283239e+00,2.765068803297205e-06
4.311042947156224e+02,4.507716235036277e+00,2.765074181395172e-06
4.311542947156224e+02,4.507703610518742e+00,2.765079557905520e-06
4.312042947156224e+02,4.507690986730180e+00,2.765084934482482e-06
4.312542947156224e+02,4.507678363670062e+00,2.765090311203772e-06
4.313042947156225e+02,4.507665741337842e+00,2.765095686981373e-06
4.313542947156225e+02,4.507653119733048e+00,2.765101062081739e-06
4.314042947156225e+02,4.507640498855228e+00,2.765106437903748e-06
4.314542947156225e+02,4.507627878703884e+00,2.765111813781269e-06
4.315042947156225e+02,4.507615259278487e+00,2.765117188992656e-06
4.315542947156225e+02,4.507602640578530e+00,2.765122563227047e-06
4.316042947156225e+02,4.507590022603516e+00,2.765127937083962e-06
4.316542947156225e+02,4.507577405352945e+00,2.765133312128816e-06
4.317042947156226e+02,4.507564788826358e+00,2.765138686185570e-06
4.317542947156226e+02,4.507552173023287e+00,2.765144058144004e-06
4.318042947156226e+02,4.507539557943194e+00,2.765149430957310e-06
4.318542947156226e+02,4.507526943585574e+00,2.765154804347931e-06
4.319042947156226e+02,4.507514329949919e+00,2.765160177139032e-06
4.319542947156226e+02,4.507501717035727e+00,2.765165549197386e-06
4.320042947156226e+02,4.507489104842565e+00,2.765170920023391e-06
4.320542947156226e+02,4.507476493369913e+00,2.765176291015931e-06
4.321042947156226e+02,4.507463882617260e+00,2.765181662108391e-06
4.321542947156227e+02,4.507451272584150e+00,2.765187032645739e-06
4.322042947156227e+02,4.507438663270080e+00,2.765192403438439e-06
4.322542947156227e+02,4.507426054674530e+00,2.765197774042400e-06
4.323042947156227e+02,4.507413446796998e+00,2.765203143891410e-06
4.323542947156227e+02,4.507400839637010e+00,2.765208512685708e-06
4.324042947156227e+02,4.507388233194102e+00,2.765213881380086e-06
4.324542947156227e+02,4.507375627467799e+00,2.765219251362323e-06
4.325042947156227e+02,4.507363022457595e+00,2.765224620656221e-06
4.325542947156227e+02,4.507350418162948e+00,2.765229988251478e-06
4.326042947156228e+02,4.507337814583414e+00,2.765235356002167e-06
4.326542947156228e+02,4.507325211718521e+00,2.765240723586322e-06
4.327042947156228e+02,4.507312609567717e+00,2.765246090038049e-06
4.327542947156228e+02,4.507300008130541e+00,2.765251457411262e-06
4.328042947156228e+02,4.507287407406532e+00,2.765256826127844e-06
4.328542947156228e+02,4.507274807395165e+00,2.765262193667590e-06
4.329042947156228e+02,4.507262208095984e+00,2.765267558886970e-06
4.329542947156228e+02,4.507249609508520e+00,2.765272923917612e-06
4.330042947156228e+02,4.507237011632231e+00,2.765278290169499e-06
4.330542947156229e+02,4.507224414466642e+00,2.765283656732249e-06
4.331042947156229e+02,4.507211818011283e+00,2.765289022817603e-06
4.331542947156229e+02,4.507199222265685e+00,2.765294387437462e-06
4.332042947156229e+02,4.507186627229356e+00,2.765299750647339e-06
4.332542947156229e+02,4.507174032901787e+00,2.765305113746192e-06
4.333042947156229e+02,4.507161439282505e+00,2.765310477844247e-06
4.333542947156229e+02,4.507148846371011e+00,2.765315842164346e-06
4.334042947156229e+02,4.507136254166841e+00,2.765321204830213e-06
4.334542947156230e+02,4.507123662669508e+00,2.765326567163013e-06
4.335042947156230e+02,4.507111071878494e+00,2.765331930994614e-06
4.335542947156230e+02,4.507098481793380e+00,2.765337293482846e-06
4.336042947156230e+02,4.507085892413667e+00,2.765342654228027e-06
4.336542947156230e+02,4.507073303738839e+00,2.765348015939102e-06
4.337042947156230e+02,4.507060715768465e+00,2.765353377661279e-06
4.337542947156230e+02,4.507048128502015e+00,2.765358738539687e-06
4.338042947156230e+02,4.507035541938977e+00,2.765364099562423e-06
4.338542947156230e+02,4.507022956078933e+00,2.765369460396422e-06
4.339042947156231e+02,4.507010370921417e+00,2.765374820841844e-06
4.339542947156231e+02,4.506997786465957e+00,2.765380181265060e-06
4.340042947156231e+02,4.506985202712039e+00,2.765385540777893e-06
4.340542947156231e+02,4.506972619659124e+00,2.765390899347037e-06
4.341042947156231e+02,4.506960037306780e+00,2.765396258437986e-06
4.341542947156231e+02,4.506947455654578e+00,2.765401617462322e-06
4.342042947156231e+02,4.506934874701972e+00,2.765406975698399e-06
4.342542947156231e+02,4.506922294448464e+00,2.765412334256440e-06
4.343042947156231e+02,4.506909714893657e+00,2.765417693080936e-06
4.343542947156232e+02,4.506897136037066e+00,2.765423050761901e-06
4.344042947156232e+02,4.506884557878160e+00,2.765428407288235e-06
4.344542947156232e+02,4.506871980416474e+00,2.765433763559217e-06
4.345042947156232e+02,4.506859403651558e+00,2.765439119930120e-06
4.345542947156232e+02,4.506846827582929e+00,2.765444476900542e-06
4.346042947156232e+02,4.506834252210086e+00,2.765449832649720e-06
4.346542947156232e+02,4.506821677532578e+00,2.765455187477412e-06
4.347042947156232e+02,4.506809103549947e+00,2.765460543159976e-06
4.347542947156232e+02,4.506796530261673e+00,2.765465899042381e-06
4.348042947156233e+02,4.506783957667292e+00,2.765471253936686e-06
4.348542947156233e+02,4.506771385766362e+00,2.765476608509027e-06
4.349042947156233e+02,4.506758814558362e+00,2.765481963647582e-06
4.349542947156233e+02,4.506746244042853e+00,2.765487317764732e-06
4.350042947156233e+02,4.506733674219397e+00,2.765492671459997e-06
4.350542947156233e+02,4.506721105087470e+00,2.765498025066443e-06
4.351042947156233e+02,4.506708536646601e+00,2.765503377529361e-06
4.351542947156233e+02,4.506695968896338e+00,2.765508729426065e-06
4.352042947156233e+02,4.506683401836185e+00,2.765514081678040e-06
4.352542947156234e+02,4.506670835465667e+00,2.765519434263082e-06
4.353042947156234e+02,4.506658269784308e+00,2.765524786614976e-06
4.353542947156234e+02,4.506645704791630e+00,2.765530138300738e-06
4.354042947156234e+02,4.506633140487230e+00,2.765535489464694e-06
4.354542947156234e+02,4.506620576870639e+00,2.765540840228970e-06
4.355042947156234e+02,4.506608013941314e+00,2.765546190493646e-06
4.355542947156234e+02,4.506595451698787e+00,2.765551541579887e-06
4.356042947156234e+02,4.506582890142623e+00,2.765556892555105e-06
4.356542947156235e+02,4.506570329272355e+00,2.765562241531922e-06
4.357042947156235e+02,4.506557769087507e+00,2.765567591063851e-06
4.357542947156235e+02,4.506545209587626e+00,2.765572941128686e-06
4.358042947156235e+02,4.506532650772228e+00,2.765578290371957e-06
4.358542947156235e+02,4.506520092640809e+00,2.765583639992703e-06
4.359042947156235e+02,4.506507535192959e+00,2.765588989446916e-06
4.359542947156235e+02,4.506494978428204e+00,2.765594337757600e-06
4.360042947156235e+02,4.506482422346060e+00,2.765599685601989e-06
4.360542947156235e+02,4.506469866946086e+00,2.765605033368663e-06
4.361042947156236e+02,4.506457312227779e+00,2.765610379925194e-06
4.361542947156236e+02,4.506444758190675e+00,2.765615726925814e-06
4.362042947156236e+02,4.506432204834308e+00,2.765621074870123e-06
4.362542947156236e+02,4.506419652158257e+00,2.765626420249818e-06
4.363042947156236e+02,4.506407100162048e+00,2.765631764019689e-06
4.363542947156236e+02,4.506394548845159e+00,2.765637109055214e-06
4.364042947156236e+02,4.506381998207168e+00,2.765642455478518e-06
4.364542947156236e+02,4.506369448247590e+00,2.765647802068355e-06
4.365042947156236e+02,4.506356898965968e+00,2.765653147381437e-06
4.365542947156237e+02,4.506344350361899e+00,2.765658491506579e-06
4.366042947156237e+02,4.506331802434875e+00,2.765663835753846e-06
4.366542947156237e+02,4.506319255184417e+00,2.765669180678349e-06
4.367042947156237e+02,4.506306708610079e+00,2.765674524470425e-06
4.367542947156237e+02,4.506294162711404e+00,2.765679866752597e-06
4.368042947156237e+02,4.506281617487900e+00,2.765685210677899e-06
4.368542947156237e+02,4.506269072939116e+00,2.765690554991779e-06
4.369042947156237e+02,4.506256529064611e+00,2.765695896685533e-06
4.369542947156237e+02,4.506243985863905e+00,2.765701238057323e-06
4.370042947156238e+02,4.506231443336575e+00,2.765706580772482e-06
4.370542947156238e+02,4.506218901482157e+00,2.765711922110965e-06
4.371042947156238e+02,4.506206360300149e+00,2.765717262905438e-06
4.371542947156238e+02,4.506193819790105e+00,2.765722605232019e-06
4.372042947156238e+02,4.506181279951589e+00,2.765727946748138e-06
4.372542947156238e+02,4.506168740784118e+00,2.765733286332468e-06
4.373042947156238e+02,4.506156202287247e+00,2.765738625528220e-06
4.373542947156238e+02,4.506143664460525e+00,2.765743965523333e-06
4.374042947156238e+02,4.506131127303473e+00,2.765749305063254e-06
4.374542947156239e+02,4.506118590815662e+00,2.765754644236801e-06
4.375042947156239e+02,4.506106054996618e+00,2.765759983565780e-06
4.375542947156239e+02,4.506093519845863e+00,2.765765322428466e-06
4.376042947156239e+02,4.506080985362956e+00,2.765770661735240e-06
4.376542947156239e+02,4.506068451547459e+00,2.765776000520210e-06
4.377042947156239e+02,4.506055918398930e+00,2.765781338006219e-06
4.377542947156239e+02,4.506043385916890e+00,2.765786675703170e-06
4.378042947156239e+02,4.506030854100880e+00,2.765792013744290e-06
4.378542947156240e+02,4.506018322950451e+00,2.765797351474548e-06
4.379042947156240e+02,4.506005792465140e+00,2.765802688372138e-06
4.379542947156240e+02,4.505993262644500e+00,2.765808025314138e-06
4.380042947156240e+02,4.505980733488095e+00,2.765813362589204e-06
4.380542947156240e+02,4.505968204995437e+00,2.765818698110118e-06
4.381042947156240e+02,4.505955677166059e+00,2.765824032720649e-06
4.381542947156240e+02,4.505943149999560e+00,2.765829367542122e-06
4.382042947156240e+02,4.505930623495501e+00,2.765834702707765e-06
4.382542947156240e+02,4.505918097653368e+00,2.765840038650564e-06
4.383042947156241e+02,4.505905572472706e+00,2.765845373338811e-06
4.383542947156241e+02,4.505893047953125e+00,2.765850706816914e-06
4.384042947156241e+02,4.505880524094143e+00,2.765856040661392e-06
4.384542947156241e+02,4.505868000895288e+00,2.765861375904750e-06
4.385042947156241e+02,4.505855478356150e+00,2.765866711325744e-06
4.385542947156241e+02,4.505842956476274e+00,2.765872042883162e-06
4.386042947156241e+02,4.505830435255203e+00,2.765877374373966e-06
4.386542947156241e+02,4.505817914692455e+00,2.765882709961493e-06
4.387042947156241e+02,4.505805394787600e+00,2.765888043139837e-06
4.387542947156242e+02,4.505792875540243e+00,2.765893372165946e-06
4.388042947156242e+02,4.505780356949876e+00,2.765898702080234e-06
4.388542947156242e+02,4.505767839016036e+00,2.765904032993722e-06
4.389042947156242e+02,4.505755321738286e+00,2.765909364584447e-06
4.389542947156242e+02,4.505742805116173e+00,2.765914696574851e-06
4.390042947156242e+02,4.505730289149311e+00,2.765920027355113e-06
4.390542947156242e+02,4.505717773837239e+00,2.765925358601669e-06
4.391042947156242e+02,4.505705259179465e+00,2.765930690447744e-06
4.391542947156242e+02,4.505692745175550e+00,2.765936020251009e-06
4.392042947156243e+02,4.505680231825090e+00,2.765941349254914e-06
4.392542947156243e+02,4.505667719127622e+00,2.765946678936055e-06
4.393042947156243e+02,4.505655207082634e+00,2.765952007828937e-06
4.393542947156243e+02,4.505642695689725e+00,2.765957336621900e-06
4.394042947156243e+02,4.505630184948492e+00,2.765962665814543e-06
4.394542947156243e+02,4.505617674858468e+00,2.765967994252234e-06
4.395042947156243e+02,4.505605165419184e+00,2.765973322157018e-06
4.395542947156243e+02,4.505592656630165e+00,2.765978649428975e-06
4.396042947156243e+02,4.505580148491029e+00,2.765983976478887e-06
4.396542947156244e+02,4.505567641001377e+00,2.765989304172729e-06
4.397042947156244e+02,4.505555134160675e+00,2.765994630567610e-06
4.397542947156244e+02,4.505542627968476e+00,2.765999956884775e-06
4.398042947156244e+02,4.505530122424389e+00,2.766005284389878e-06
4.398542947156244e+02,4.505517617527980e+00,2.766010610940190e-06
4.399042947156244e+02,4.505505113278789e+00,2.766015936902084e-06
4.399542947156244e+02,4.505492609676337e+00,2.766021263552316e-06
4.400042947156244e+02,4.505480106720230e+00,2.766026589669641e-06
4.400542947156245e+02,4.505467604410033e+00,2.766031913710849e-06
4.401042947156245e+02,4.505455102745261e+00,2.766037237319069e-06
4.401542947156245e+02,4.505442601725506e+00,2.766042561637833e-06
4.402042947156245e+02,4.505430101350305e+00,2.766047885867780e-06
4.402542947156245e+02,4.505417601619199e+00,2.766053210997005e-06
4.403042947156245e+02,4.505405102531815e+00,2.766058536004107e-06
4.403542947156245e+02,4.505392604087714e+00,2.766063857114327e-06
4.404042947156245e+02,4.505380106286404e+00,2.766069178169035e-06
4.404542947156245e+02,4.505367609127444e+00,2.766074503098421e-06
4.405042947156246e+02,4.505355112610446e+00,2.766079827272855e-06
4.405542947156246e+02,4.505342616734954e+00,2.766085148605119e-06
4.406042947156246e+02,4.505330121500518e+00,2.766090469848565e-06
4.406542947156246e+02,4.505317626906703e+00,2.766095791314056e-06
4.407042947156246e+02,4.505305132953071e+00,2.766101111647119e-06
4.407542947156246e+02,4.505292639639206e+00,2.766106431835853e-06
4.408042947156246e+02,4.505280146964629e+00,2.766111752657414e-06
4.408542947156246e+02,4.505267654928900e+00,2.766117073667713e-06
4.409042947156246e+02,4.505255163531642e+00,2.766122394478171e-06
4.409542947156247e+02,4.505242672772404e+00,2.766127715543982e-06
4.410042947156247e+02,4.505230182650738e+00,2.766133035588387e-06
4.410542947156247e+02,4.505217693166215e+00,2.766138354833432e-06
4.411042947156247e+02,4.505205204318383e+00,2.766143673878636e-06
4.411542947156247e+02,4.505192716106848e+00,2.766148991635981e-06
4.412042947156247e+02,4.505180228531152e+00,2.766154309493247e-06
4.412542947156247e+02,4.505167741590815e+00,2.766159627861215e-06
4.413042947156247e+02,4.505155255285472e+00,2.766164946617761e-06
4.413542947156247e+02,4.505142769614701e+00,2.766170264574947e-06
4.414042947156248e+02,4.505130284578001e+00,2.766175581399706e-06
4.414542947156248e+02,4.505117800174948e+00,2.766180899001620e-06
4.415042947156248e+02,4.505105316405142e+00,2.766186217391793e-06
4.415542947156248e+02,4.505092833268157e+00,2.766191534349777e-06
4.416042947156248e+02,4.505080350763531e+00,2.766196850463993e-06
4.416542947156248e+02,4.505067868890854e+00,2.766202167333160e-06
4.417042947156248e+02,4.505055387649701e+00,2.766207483347455e-06
4.417542947156248e+02,4.505042907039627e+00,2.766212798462470e-06
4.418042947156248e+02,4.505030427060242e+00,2.766218113555281e-06
4.418542947156249e+02,4.505017947711072e+00,2.766223429314225e-06
4.419042947156249e+02,4.505005468991662e+00,2.766228745417338e-06
4.419542947156249e+02,4.504992990901632e+00,2.766234059433232e-06
4.420042947156249e+02,4.504980513440563e+00,2.766239372583152e-06
4.420542947156249e+02,4.504968036608006e+00,2.766244687576042e-06
4.421042947156249e+02,4.504955560403518e+00,2.766250001825083e-06
4.421542947156249e+02,4.504943084826682e+00,2.766255313898087e-06
4.422042947156249e+02,4.504930609877076e+00,2.766260626770451e-06
4.422542947156250e+02,4.504918135554257e+00,2.766265939753838e-06
4.423042947156250e+02,4.504905661857821e+00,2.766271251871251e-06
4.423542947156250e+02,4.504893188787346e+00,2.766276565098886e-06
4.424042947156250e+02,4.504880716342363e+00,2.766281878426441e-06
4.424542947156250e+02,4.504868244522470e+00,2.766287190288503e-06
4.425042947156250e+02,4.504855773327270e+00,2.766292501950724e-06
4.425542947156250e+02,4.504843302756278e+00,2.766297813723968e-06
4.426042947156250e+02,4.504830832809073e+00,2.766303124464704e-06
4.426542947156250e+02,4.504818363485270e+00,2.766308434683635e-06
4.427042947156251e+02,4.504805894784456e+00,2.766313745224531e-06
4.427542947156251e+02,4.504793426706200e+00,2.766319055754325e-06
4.428042947156251e+02,4.504780959250035e+00,2.766324366461754e-06
4.428542947156251e+02,4.504768492415574e+00,2.766329676181085e-06
4.429042947156251e+02,4.504756026202434e+00,2.766334985056646e-06
4.429542947156251e+02,4.504743560610089e+00,2.766340294764875e-06
4.430042947156251e+02,4.504731095638124e+00,2.766345604262161e-06
4.430542947156251e+02,4.504718631286186e+00,2.766350912871269e-06
4.431042947156251e+02,4.504706167553857e+00,2.766356220980776e-06
4.431542947156252e+02,4.504693704440711e+00,2.766361529489965e-06
4.432042947156252e+02,4.504681241946279e+00,2.766366839253704e-06
4.432542947156252e+02,4.504668780070133e+00,2.766372147829505e-06
4.433042947156252e+02,4.504656318811895e+00,2.766377453796282e-06
4.433542947156252e+02,4.504643858171147e+00,2.766382760118331e-06
4.434042947156252e+02,4.504631398147418e+00,2.766388067339660e-06
4.434542947156252e+02,4.504618938740295e+00,2.766393373972571e-06
4.435042947156252e+02,4.504606479949411e+00,2.766398681404842e-06
4.435542947156252e+02,4.504594021774343e+00,2.766403988059958e-06
4.436042947156253e+02,4.504581564214662e+00,2.766409291517631e-06
4.436542947156253e+02,4.504569107269932e+00,2.766414595641437e-06
4.437042947156253e+02,4.504556650939719e+00,2.766419903206935e-06
4.437542947156253e+02,4.504544195223600e+00,2.766425209673313e-06
4.438042947156253e+02,4.504531740121181e+00,2.766430513563973e-06
4.438542947156253e+02,4.504519285632053e+00,2.766435818564856e-06
4.439042947156253e+02,4.504506831755786e+00,2.766441123177161e-06
4.439542947156253e+02,4.504494378491966e+00,2.766446425835474e-06
4.440042947156253e+02,4.504481925840176e+00,2.766451729437475e-06
4.440542947156254e+02,4.504469473800009e+00,2.766457034449461e-06
4.441042947156254e+02,4.504457022371038e+00,2.766462338251303e-06
4.441542947156254e+02,4.504444571552841e+00,2.766467640465526e-06
4.442042947156254e+02,4.504432121345008e+00,2.766472942579830e-06
4.442542947156254e+02,4.504419671747138e+00,2.766478244949484e-06
4.443042947156254e+02,4.504407222758804e+00,2.766483547574490e-06
4.443542947156254e+02,4.504394774379566e+00,2.766488850432642e-06
4.444042947156254e+02,4.504382326609029e+00,2.766494151536642e-06
4.444542947156255e+02,4.504369879446780e+00,2.766499451419397e-06
4.445042947156255e+02,4.504357432892409e+00,2.766504753467087e-06
4.445542947156255e+02,4.504344986945499e+00,2.766510056602795e-06
4.446042947156255e+02,4.504332541605601e+00,2.766515357706795e-06
4.446542947156255e+02,4.504320096872352e+00,2.766520657278688e-06
4.447042947156255e+02,4.504307652745379e+00,2.766525956717354e-06
4.447542947156255e+02,4.504295209224193e+00,2.766531255933975e-06
4.448042947156255e+02,4.504282766308375e+00,2.766536554850836e-06
4.448542947156255e+02,4.504270323997572e+00,2.766541853523447e-06
4.449042947156256e+02,4.504257882291366e+00,2.766547152473615e-06
4.449542947156256e+02,4.504245441189300e+00,2.766552451412680e-06
4.450042947156256e+02,4.504233000690954e+00,2.766557750940164e-06
4.450542947156256e+02,4.504220560795938e+00,2.766563051222599e-06
4.451042947156256e+02,4.504208121503864e+00,2.766568348862703e-06
4.451542947156256e+02,4.504195682814339e+00,2.766573644770860e-06
4.452042947156256e+02,4.504183244726915e+00,2.766578943110405e-06
4.452542947156256e+02,4.504170807241176e+00,2.766584241894039e-06
4.453042947156256e+02,4.504158370356751e+00,2.766589537524639e-06
4.453542947156257e+02,4.504145934073210e+00,2.766594833155240e-06
4.454042947156257e+02,4.504133498390111e+00,2.766600130073700e-06
4.454542947156257e+02,4.504121063307069e+00,2.766605426004061e-06
4.455042947156257e+02,4.504108628823702e+00,2.766610723544245e-06
4.455542947156257e+02,4.504096194939581e+00,2.766616021817176e-06
4.456042947156257e+02,4.504083761654297e+00,2.766621318036195e-06
4.456542947156257e+02,4.504071328967465e+00,2.766626613144991e-06
4.457042947156257e+02,4.504058896878655e+00,2.766631906344203e-06
4.457542947156257e+02,4.504046465387439e+00,2.766637199765460e-06
4.458042947156258e+02,4.504034034493434e+00,2.766642496328648e-06
4.458542947156258e+02,4.504021604196247e+00,2.766647792403338e-06
4.459042947156258e+02,4.504009174495457e+00,2.766653085924515e-06
4.459542947156258e+02,4.503996745390647e+00,2.766658378701843e-06
4.460042947156258e+02,4.503984316881450e+00,2.766663671690113e-06
4.460542947156258e+02,4.503971888967435e+00,2.766668965122472e-06
4.461042947156258e+02,4.503959461648171e+00,2.766674257999719e-06
4.461542947156258e+02,4.503947034923288e+00,2.766679550499491e-06
4.462042947156258e+02,4.503934608792372e+00,2.766684842532969e-06
4.462542947156259e+02,4.503922183255031e+00,2.766690133722678e-06
4.463042947156259e+02,4.503909758310874e+00,2.766695424967897e-06
4.463542947156259e+02,4.503897333959477e+00,2.766700716390753e-06
4.464042947156259e+02,4.503884910200430e+00,2.766706009045956e-06
4.464542947156259e+02,4.503872487033297e+00,2.766711301812181e-06
4.465042947156259e+02,4.503860064457696e+00,2.766716593712432e-06
4.465542947156259e+02,4.503847642473269e+00,2.766721884491359e-06
4.466042947156259e+02,4.503835221079608e+00,2.766727173505030e-06
4.466542947156260e+02,4.503822800276290e+00,2.766732463773254e-06
4.467042947156260e+02,4.503810380062914e+00,2.766737754629895e-06
4.467542947156260e+02,4.503797960439090e+00,2.766743043454829e-06
4.468042947156260e+02,4.503785541404404e+00,2.766748331336072e-06
4.468542947156260e+02,4.503773122958445e+00,2.766753620127699e-06
4.469042947156260e+02,4.503760705100831e+00,2.766758909074758e-06
4.469542947156260e+02,4.503748287831155e+00,2.766764196456401e-06
4.470042947156260e+02,4.503735871149027e+00,2.766769483616000e-06
4.470542947156260e+02,4.503723455054045e+00,2.766774772718489e-06
4.471042947156261e+02,4.503711039545772e+00,2.766780063863789e-06
4.471542947156261e+02,4.503698624623833e+00,2.766785353887763e-06
4.472042947156261e+02,4.503686210287874e+00,2.766790640470046e-06
4.472542947156261e+02,4.503673796537466e+00,2.766795926097538e-06
4.473042947156261e+02,4.503661383372180e+00,2.766801212235732e-06
4.473542947156261e+02,4.503648970791631e+00,2.766806498407233e-06
4.474042947156261e+02,4.503636558795437e+00,2.766811786332885e-06
4.474542947156261e+02,4.503624147383227e+00,2.766817074858059e-06
4.475042947156261e+02,4.503611736554571e+00,2.766822361418137e-06
4.475542947156262e+02,4.503599326309034e+00,2.766827646446108e-06
4.476042947156262e+02,4.503586916646253e+00,2.766832931462976e-06
4.476542947156262e+02,4.503574507565876e+00,2.766838216135676e-06
4.477042947156262e+02,4.503562099067507e+00,2.766843501130340e-06
4.477542947156262e+02,4.503549691150701e+00,2.766848786768934e-06
4.478042947156262e+02,4.503537283815055e+00,2.766854071874620e-06
4.478542947156262e+02,4.503524877060220e+00,2.766859355725755e-06
4.479042947156262e+02,4.503512470885779e+00,2.766864639188311e-06
4.479542947156262e+02,4.503500065291296e+00,2.766869924915722e-06
4.480042947156263e+02,4.503487660276420e+00,2.766875209655035e-06
4.480542947156263e+02,4.503475255840755e+00,2.766880491685404e-06
4.481042947156263e+02,4.503462851983889e+00,2.766885773460421e-06
4.481542947156263e+02,4.503450448705486e+00,2.766891055335359e-06
4.482042947156263e+02,4.503438046005155e+00,2.766896338042963e-06
4.482542947156263e+02,4.503425643882442e+00,2.766901621094737e-06
4.483042947156263e+02,4.503413242336934e+00,2.766906902803141e-06
4.483542947156263e+02,4.503400841368275e+00,2.766912183745491e-06
4.484042947156263e+02,4.503388440976116e+00,2.766917465198544e-06
4.484542947156264e+02,4.503376041160023e+00,2.766922747573081e-06
4.485042947156264e+02,4.503363641919570e+00,2.766928029392508e-06
4.485542947156264e+02,4.503351243254422e+00,2.766933309224635e-06
4.486042947156264e+02,4.503338845164177e+00,2.766938589234398e-06
4.486542947156264e+02,4.503326447648408e+00,2.766943870620836e-06
4.487042947156264e+02,4.503314050706722e+00,2.766949150486271e-06
4.487542947156264e+02,4.503301654338789e+00,2.766954428930619e-06
4.488042947156264e+02,4.503289258544261e+00,2.766959708840462e-06
4.488542947156265e+02,4.503276863322635e+00,2.766964988572669e-06
4.489042947156265e+02,4.503264468673510e+00,2.766970266395292e-06
4.489542947156265e+02,4.503252074596603e+00,2.766975545183809e-06
4.490042947156265e+02,4.503239681091481e+00,2.766980824860505e-06
4.490542947156265e+02,4.503227288157738e+00,2.766986102283448e-06
4.491042947156265e+02,4.503214895795031e+00,2.766991379828516e-06
4.491542947156265e+02,4.503202504002929e+00,2.766996658639238e-06
4.492042947156265e+02,4.503190112781036e+00,2.767001936583985e-06
4.492542947156265e+02,4.503177722128963e+00,2.767007214439916e-06
4.493042947156266e+02,4.503165332046336e+00,2.767012491352156e-06
4.493542947156266e+02,4.503152942532793e+00,2.767017766743391e-06
4.494042947156266e+02,4.503140553587955e+00,2.767023042612022e-06
4.494542947156266e+02,4.503128165211399e+00,2.767028319024662e-06
4.495042947156266e+02,4.503115777402708e+00,2.767033595515018e-06
4.495542947156266e+02,4.503103390161556e+00,2.767038871594591e-06
4.496042947156266e+02,4.503091003487579e+00,2.767044147685267e-06
4.496542947156266e+02,4.503078617380328e+00,2.767049423809249e-06
4.497042947156266e+02,4.503066231839437e+00,2.767054698689781e-06
4.497542947156267e+02,4.503053846864536e+00,2.767059974092119e-06
4.498042947156267e+02,4.503041462455218e+00,2.767065249538864e-06
4.498542947156267e+02,4.503029078611136e+00,2.767070523475707e-06
4.499042947156267e+02,4.503016695331882e+00,2.767075798411751e-06
4.499542947156267e+02,4.503004312617048e+00,2.767081073458817e-06
4.500042947156267e+02,4.502991930466282e+00,2.767086347129206e-06
4.500542947156267e+02,4.502979548879197e+00,2.767091620621959e-06
4.501042947156267e+02,4.502967167855420e+00,2.767096893259842e-06
4.501542947156267e+02,4.502954787394552e+00,2.767102164809705e-06
4.502042947156268e+02,4.502942407496203e+00,2.767107437081213e-06
4.502542947156268e+02,4.502930028160028e+00,2.767112710074366e-06
4.503042947156268e+02,4.502917649385624e+00,2.767117982778862e-06
4.503542947156268e+02,4.502905271172584e+00,2.767123255383436e-06
4.504042947156268e+02,4.502892893520555e+00,2.767128527033220e-06
4.504542947156268e+02,4.502880516429178e+00,2.767133797961359e-06
4.505042947156268e+02,4.502868139898028e+00,2.767139069955311e-06
4.505542947156268e+02,4.502855763926711e+00,2.767144341804935e-06
4.506042947156268e+02,4.502843388514919e+00,2.767149612832993e-06
4.506542947156269e+02,4.502831013662259e+00,2.767154883594598e-06
4.507042947156269e+02,4.502818639368284e+00,2.767160153590149e-06
4.507542947156269e+02,4.502806265632636e+00,2.767165424040891e-06
4.508042947156269e+02,4.502793892454993e+00,2.767170694069749e-06
4.508542947156269e+02,4.502781519834953e+00,2.767175963776642e-06
4.509042947156269e+02,4.502769147772076e+00,2.767181233228184e-06
4.509542947156269e+02,4.502756776266033e+00,2.767186500481484e-06
4.510042947156269e+02,4.502744405316463e+00,2.767191768856109e-06
4.510542947156270e+02,4.502732034922966e+00,2.767197038041198e-06
4.511042947156270e+02,4.502719665085174e+00,2.767202306526845e-06
4.511542947156270e+02,4.502707295802707e+00,2.767207574990289e-06
4.512042947156270e+02,4.502694927075216e+00,2.767212842465634e-06
4.512542947156270e+02,4.502682558902284e+00,2.767218109863263e-06
4.513042947156270e+02,4.502670191283493e+00,2.767223377605061e-06
4.513542947156270e+02,4.502657824218534e+00,2.767228645735437e-06
4.514042947156270e+02,4.502645457707042e+00,2.767233913554951e-06
4.514542947156270e+02,4.502633091748603e+00,2.767239180508491e-06
4.515042947156271e+02,4.502620726342839e+00,2.767244447062351e-06
4.515542947156271e+02,4.502608361489396e+00,2.767249713038895e-06
4.516042947156271e+02,4.502595997187906e+00,2.767254979515039e-06
4.516542947156271e+02,4.502583633437970e+00,2.767260246213228e-06
4.517042947156271e+02,4.502571270239208e+00,2.767265512256385e-06
4.517542947156271e+02,4.502558907591281e+00,2.767270777433568e-06
4.518042947156271e+02,4.502546545493826e+00,2.767276042055639e-06
4.518542947156271e+02,4.502534183946439e+00,2.767281307121800e-06
4.519042947156271e+02,4.502521822948728e+00,2.767286572143552e-06
4.519542947156272e+02,4.502509462500344e+00,2.767291836743419e-06
4.520042947156272e+02,4.502497102600933e+00,2.767297101076833e-06
4.520542947156272e+02,4.502484743250081e+00,2.767302365721109e-06
4.521042947156272e+02,4.502472384447410e+00,2.767307630032318e-06
4.521542947156272e+02,4.502460026192616e+00,2.767312892622682e-06
4.522042947156272e+02,4.502447668485308e+00,2.767318154768956e-06
4.522542947156272e+02,4.502435311325062e+00,2.767323417725693e-06
4.523042947156272e+02,4.502422954711518e+00,2.767328681648324e-06
4.523542947156272e+02,4.502410598644332e+00,2.767333945237888e-06
4.524042947156273e+02,4.502398243123149e+00,2.767339206662518e-06
4.524542947156273e+02,4.502385888147602e+00,2.767344469108552e-06
4.525042947156273e+02,4.502373533717276e+00,2.767349733031183e-06
4.525542947156273e+02,4.502361179831792e+00,2.767354994278177e-06
4.526042947156273e+02,4.502348826490825e+00,2.767360255214308e-06
4.526542947156273e+02,4.502336473693997e+00,2.767365517083027e-06
4.527042947156273e+02,4.502324121440915e+00,2.767370777297513e-06
4.527542947156273e+02,4.502311769731234e+00,2.767376038033804e-06
4.528042947156273e+02,4.502299418564584e+00,2.767381299669375e-06
4.528542947156274e+02,4.502287067940584e+00,2.767386559473079e-06
4.529042947156274e+02,4.502274717858882e+00,2.767391818899307e-06
4.529542947156274e+02,4.502262368319097e+00,2.767397078825135e-06
4.530042947156274e+02,4.502250019320877e+00,2.767402337818376e-06
4.530542947156274e+02,4.502237670863848e+00,2.767407597755307e-06
4.531042947156274e+02,4.502225322947632e+00,2.767412857592317e-06
4.531542947156274e+02,4.502212975571903e+00,2.767418115397619e-06
4.532042947156274e+02,4.502200628736242e+00,2.767423374002282e-06
4.532542947156275e+02,4.502188282440261e+00,2.767428632440411e-06
4.533042947156275e+02,4.502175936683653e+00,2.767433890423349e-06
4.533542947156275e+02,4.502163591466043e+00,2.767439149893987e-06
4.534042947156275e+02,4.502151246787064e+00,2.767444407521653e-06
4.534542947156275e+02,4.502138902646362e+00,2.767449664194527e-06
4.535042947156275e+02,4.502126559043544e+00,2.767454923243280e-06
4.535542947156275e+02,4.502114215978243e+00,2.767460181670307e-06
4.536042947156275e+02,4.502101873450107e+00,2.767465437499412e-06
4.536542947156275e+02,4.502089531458779e+00,2.767470693350722e-06
4.537042947156276e+02,4.502077190003901e+00,2.767475950012494e-06
4.537542947156276e+02,4.502064849085089e+00,2.767481205874906e-06
4.538042947156276e+02,4.502052508701984e+00,2.767486461315433e-06
4.538542947156276e+02,4.502040168854236e+00,2.767491718332477e-06
4.539042947156276e+02,4.502027829541478e+00,2.767496974750001e-06
4.539542947156276e+02,4.502015490763367e+00,2.767502228314251e-06
4.540042947156276e+02,4.502003152519522e+00,2.767507482089444e-06
4.540542947156276e+02,4.501990814809554e+00,2.767512737130291e-06
4.541042947156276e+02,4.501978477633106e+00,2.767517991771457e-06
4.541542947156277e+02,4.501966140989831e+00,2.767523246057353e-06
4.542042947156277e+02,4.501953804879377e+00,2.767528501586698e-06
4.542542947156277e+02,4.501941469301387e+00,2.767533756594238e-06
4.543042947156277e+02,4.501929134255494e+00,2.767539009425741e-06
4.543542947156277e+02,4.501916799741305e+00,2.767544262434880e-06
4.544042947156277e+02,4.501904465758489e+00,2.767549516221175e-06
4.544542947156277e+02,4.501892132306704e+00,2.767554769707709e-06
4.545042947156277e+02,4.501879799385572e+00,2.767560022317168e-06
4.545542947156277e+02,4.501867466994753e+00,2.767565274282697e-06
4.546042947156278e+02,4.501855135133874e+00,2.767570526792235e-06
4.546542947156278e+02,4.501842803802548e+00,2.767575779990112e-06
4.547042947156278e+02,4.501830473000422e+00,2.767581032677286e-06
4.547542947156278e+02,4.501818142727153e+00,2.767586283998886e-06
4.548042947156278e+02,4.501805812982387e+00,2.767591534909703e-06
4.548542947156278e+02,4.501793483765772e+00,2.767596785975951e-06
4.549042947156278e+02,4.501781155076953e+00,2.767602036931178e-06
4.549542947156278e+02,4.501768826915544e+00,2.767607287164759e-06
4.550042947156279e+02,4.501756499281215e+00,2.767612537087478e-06
4.550542947156279e+02,4.501744172173614e+00,2.767617788209238e-06
4.551042947156279e+02,4.501731845592349e+00,2.767623038098650e-06
4.551542947156279e+02,4.501719519537072e+00,2.767628287599484e-06
4.552042947156279e+02,4.501707194007436e+00,2.767633538377074e-06
4.552542947156279e+02,4.501694869003119e+00,2.767638787711375e-06
4.553042947156279e+02,4.501682544523735e+00,2.767644037944956e-06
4.553542947156279e+02,4.501670220568880e+00,2.767649288422786e-06
4.554042947156279e+02,4.501657897138228e+00,2.767654536713477e-06
4.554542947156280e+02,4.501645574231478e+00,2.767659786858241e-06
4.555042947156280e+02,4.501633251848255e+00,2.767665037680240e-06
4.555542947156280e+02,4.501620929988161e+00,2.767670284638663e-06
4.556042947156280e+02,4.501608608650883e+00,2.767675530764419e-06
4.556542947156280e+02,4.501596287836075e+00,2.767680779521404e-06
4.557042947156280e+02,4.501583967543362e+00,2.767686028267286e-06
4.557542947156280e+02,4.501571647772407e+00,2.767691274148793e-06
4.558042947156280e+02,4.501559328522813e+00,2.767696519952585e-06
4.558542947156280e+02,4.501547009794202e+00,2.767701768198867e-06
4.559042947156281e+02,4.501534691586289e+00,2.767707015878935e-06
4.559542947156281e+02,4.501522373898734e+00,2.767712261704931e-06
4.560042947156281e+02,4.501510056731151e+00,2.767717506565032e-06
4.560542947156281e+02,4.501497740083197e+00,2.767722751103170e-06
4.561042947156281e+02,4.501485423954519e+00,2.767727996973574e-06
4.561542947156281e+02,4.501473108344776e+00,2.767733242910592e-06
4.562042947156281e+02,4.501460793253608e+00,2.767738486438426e-06
4.562542947156281e+02,4.501448478680651e+00,2.767743730543576e-06
4.563042947156281e+02,4.501436164625548e+00,2.767748976835866e-06
4.563542947156282e+02,4.501423851087952e+00,2.767754222228875e-06
4.564042947156282e+02,4.501411538067546e+00,2.767759466289616e-06
4.564542947156282e+02,4.501399225563969e+00,2.767764709495486e-06
4.565042947156282e+02,4.501386913576851e+00,2.767769951224758e-06
4.565542947156282e+02,4.501374602105870e+00,2.767775194486139e-06
4.566042947156282e+02,4.501362291150647e+00,2.767780439757023e-06
4.566542947156282e+02,4.501349980710816e+00,2.767785683040609e-06
4.567042947156282e+02,4.501337670786086e+00,2.767790924525632e-06
4.567542947156282e+02,4.501325361376083e+00,2.767796167265208e-06
4.568042947156283e+02,4.501313052480456e+00,2.767801410737531e-06
4.568542947156283e+02,4.501300744098851e+00,2.767806653554823e-06
4.569042947156283e+02,4.501288436230903e+00,2.767811896938328e-06
4.569542947156283e+02,4.501276128876308e+00,2.767817140221913e-06
4.570042947156283e+02,4.501263822034716e+00,2.767822381684732e-06
4.570542947156283e+02,4.501251515705735e+00,2.767827621371195e-06
4.571042947156283e+02,4.501239209889054e+00,2.767832861679382e-06
4.571542947156283e+02,4.501226904584339e+00,2.767838102953463e-06
4.572042947156284e+02,4.501214599791199e+00,2.767843343894478e-06
4.572542947156284e+02,4.501202295509283e+00,2.767848584036132e-06
4.573042947156284e+02,4.501189991738291e+00,2.767853823678186e-06
4.573542947156284e+02,4.501177688477881e+00,2.767859064474871e-06
4.574042947156284e+02,4.501165385727671e+00,2.767864304882978e-06
4.574542947156284e+02,4.501153083487305e+00,2.767869544336294e-06
4.575042947156284e+02,4.501140781756483e+00,2.767874783401031e-06
4.575542947156284e+02,4.501128480534891e+00,2.767880022321440e-06
4.576042947156284e+02,4.501116179822128e+00,2.767885262252152e-06
4.576542947156285e+02,4.501103879617838e+00,2.767890500928311e-06
4.577042947156285e+02,4.501091579921696e+00,2.767895739204791e-06
4.577542947156285e+02,4.501079280733346e+00,2.767900979368649e-06
4.578042947156285e+02,4.501066982052457e+00,2.767906218722044e-06
4.578542947156285e+02,4.501054683878697e+00,2.767911455877198e-06
4.579042947156285e+02,4.501042386211696e+00,2.767916692643775e-06
4.579542947156285e+02,4.501030089051114e+00,2.767921931120093e-06
4.580042947156285e+02,4.501017792396646e+00,2.767927169429880e-06
4.580542947156285e+02,4.501005496247958e+00,2.767932406129842e-06
4.581042947156286e+02,4.500993200604657e+00,2.767937642874214e-06
4.581542947156286e+02,4.500980905466415e+00,2.767942879207803e-06
4.582042947156286e+02,4.500968610832882e+00,2.767948115741232e-06
4.582542947156286e+02,4.500956316703700e+00,2.767953352796466e-06
4.583042947156286e+02,4.500944023078579e+00,2.767958588652659e-06
4.583542947156286e+02,4.500931729957169e+00,2.767963823587367e-06
4.584042947156286e+02,4.500919437339122e+00,2.767969059221515e-06
4.584542947156286e+02,4.500907145224117e+00,2.767974294000792e-06
4.585042947156286e+02,4.500894853611779e+00,2.767979527880788e-06
4.585542947156287e+02,4.500882562501742e+00,2.767984763859106e-06
4.586042947156287e+02,4.500870271893715e+00,2.767990000170490e-06
4.586542947156287e+02,4.500857981787388e+00,2.767995235249527e-06
4.587042947156287e+02,4.500845692182368e+00,2.768000469340466e-06
4.587542947156287e+02,4.500833403078310e+00,2.768005703053928e-06
4.588042947156287e+02,4.500821114474903e+00,2.768010938166272e-06
4.588542947156287e+02,4.500808826371790e+00,2.768016172712402e-06
4.589042947156287e+02,4.500796538768649e+00,2.768021405337846e-06
4.589542947156287e+02,4.500784251665144e+00,2.768026638251948e-06
4.590042947156288e+02,4.500771965060927e+00,2.768031871698957e-06
4.590542947156288e+02,4.500759678955681e+00,2.768037103735983e-06
4.591042947156288e+02,4.500747393349064e+00,2.768042335184590e-06
4.591542947156288e+02,4.500735108240720e+00,2.768047568098693e-06
4.592042947156288e+02,4.500722823630303e+00,2.768052802167427e-06
4.592542947156288e+02,4.500710539517498e+00,2.768058035270266e-06
4.593042947156288e+02,4.500698255901979e+00,2.768063266818794e-06
4.593542947156288e+02,4.500685972783369e+00,2.768068497523552e-06
4.594042947156289e+02,4.500673690161327e+00,2.768073728561377e-06
4.594542947156289e+02,4.500661408035566e+00,2.768078960642812e-06
4.595042947156289e+02,4.500649126405763e+00,2.768084191169935e-06
4.595542947156289e+02,4.500636845271565e+00,2.768089419865189e-06
4.596042947156289e+02,4.500624564632631e+00,2.768094649992631e-06
4.596542947156289e+02,4.500612284488588e+00,2.768099882840120e-06
4.597042947156289e+02,4.500600004839105e+00,2.768105114166603e-06
4.597542947156289e+02,4.500587725683905e+00,2.768110341940373e-06
4.598042947156289e+02,4.500575447022649e+00,2.768115570668934e-06
4.598542947156290e+02,4.500563168854975e+00,2.768120800763069e-06
4.599042947156290e+02,4.500550891180531e+00,2.768126030790592e-06
4.599542947156290e+02,4.500538613999002e+00,2.768131260607172e-06
4.600042947156290e+02,4.500526337310062e+00,2.768136489069279e-06
4.600542947156290e+02,4.500514061113381e+00,2.768141716998480e-06
4.601042947156290e+02,4.500501785408627e+00,2.768146945427281e-06
4.601542947156290e+02,4.500489510195455e+00,2.768152174244660e-06
4.602042947156290e+02,4.500477235473546e+00,2.768157402806688e-06
4.602542947156290e+02,4.500464961242590e+00,2.768162630036448e-06
4.603042947156291e+02,4.500452687502216e+00,2.768167857055266e-06
4.603542947156291e+02,4.500440414252092e+00,2.768173084962262e-06
4.604042947156291e+02,4.500428141491911e+00,2.768178313379961e-06
4.604542947156291e+02,4.500415869221327e+00,2.768183541098218e-06
4.605042947156291e+02,4.500403597440021e+00,2.768188768194752e-06
4.605542947156291e+02,4.500391326147672e+00,2.768193995069241e-06
4.606042947156291e+02,4.500379055343913e+00,2.768199221111063e-06
4.606542947156291e+02,4.500366785028427e+00,2.768204447585871e-06
4.607042947156291e+02,4.500354515200906e+00,2.768209673194706e-06
4.607542947156292e+02,4.500342245861020e+00,2.768214898237326e-06
4.608042947156292e+02,4.500329977008411e+00,2.768220124723237e-06
4.608542947156292e+02,4.500317708642743e+00,2.768225350576321e-06
4.609042947156292e+02,4.500305440763721e+00,2.768230575352488e-06
4.609542947156292e+02,4.500293173371001e+00,2.768235800539438e-06
4.610042947156292e+02,4.500280906464241e+00,2.768241025348912e-06
4.610542947156292e+02,4.500268640043157e+00,2.768246250036261e-06
4.611042947156292e+02,4.500256374107415e+00,2.768251473813227e-06
4.611542947156292e+02,4.500244108656668e+00,2.768256696402255e-06
4.612042947156293e+02,4.500231843690587e+00,2.768261920101506e-06
4.612542947156293e+02,4.500219579208839e+00,2.768267143811860e-06
4.613042947156293e+02,4.500207315211068e+00,2.768272367966302e-06
4.613542947156293e+02,4.500195051696976e+00,2.768277592564834e-06
4.614042947156293e+02,4.500182788666280e+00,2.768282815953222e-06
4.614542947156293e+02,4.500170526118618e+00,2.768288037942729e-06
4.615042947156293e+02,4.500158264053656e+00,2.768293259410432e-06
4.615542947156293e+02,4.500146002471102e+00,2.768298483342830e-06
4.616042947156294e+02,4.500133741370605e+00,2.768303707763726e-06
4.616542947156294e+02,4.500121480751809e+00,2.768308928709623e-06
4.617042947156294e+02,4.500109220614408e+00,2.768314148323254e-06
4.617542947156294e+02,4.500096960958093e+00,2.768319369591116e-06
4.618042947156294e+02,4.500084701782548e+00,2.768324592435495e-06
4.618542947156294e+02,4.500072443087449e+00,2.768329814191856e-06
4.619042947156294e+02,4.500060184872449e+00,2.768335034371700e-06
4.619542947156294e+02,4.500047927137205e+00,2.768340255728380e-06
4.620042947156294e+02,4.500035669881414e+00,2.768345476696483e-06
4.620542947156295e+02,4.500023413104802e+00,2.768350695544059e-06
4.621042947156295e+02,4.500011156807001e+00,2.768355914269511e-06
4.621542947156295e+02,4.499998900987658e+00,2.768361134515968e-06
4.622042947156295e+02,4.499986645646492e+00,2.768366355617298e-06
4.622542947156295e+02,4.499974390783161e+00,2.768371575686119e-06
4.623042947156295e+02,4.499962136397380e+00,2.768376794256139e-06
4.623542947156295e+02,4.499949882488822e+00,2.768382012892773e-06
4.624042947156295e+02,4.499937629057090e+00,2.768387231518305e-06
4.624542947156295e+02,4.499925376101898e+00,2.768392449444396e-06
4.625042947156296e+02,4.499913123622980e+00,2.768397667026319e-06
4.625542947156296e+02,4.499900871619991e+00,2.768402884386196e-06
4.626042947156296e+02,4.499888620092563e+00,2.768408102290083e-06
4.626542947156296e+02,4.499876369040382e+00,2.768413320715775e-06
4.627042947156296e+02,4.499864118463190e+00,2.768418539052648e-06
4.627542947156296e+02,4.499851868360652e+00,2.768423756745593e-06
4.628042947156296e+02,4.499839618732417e+00,2.768428974172083e-06
4.628542947156296e+02,4.499827369578173e+00,2.768434190799214e-06
4.629042947156296e+02,4.499815120897606e+00,2.768439406993357e-06
4.629542947156297e+02,4.499802872690377e+00,2.768444624308825e-06
4.630042947156297e+02,4.499790624956160e+00,2.768449841901849e-06
4.630542947156297e+02,4.499778377694661e+00,2.768455059150704e-06
4.631042947156297e+02,4.499766130905579e+00,2.768460275977675e-06
4.631542947156297e+02,4.499753884588579e+00,2.768465491983081e-06
4.632042947156297e+02,4.499741638743300e+00,2.768470707932975e-06
4.632542947156297e+02,4.499729393369470e+00,2.768475924271447e-06
4.633042947156297e+02,4.499717148466801e+00,2.768481139999297e-06
4.633542947156297e+02,4.499704904034918e+00,2.768486354616923e-06
4.634042947156298e+02,4.499692660073499e+00,2.768491569334470e-06
4.634542947156298e+02,4.499680416582271e+00,2.768496784407288e-06
4.635042947156298e+02,4.499668173560902e+00,2.768501998125634e-06
4.635542947156298e+02,4.499655931009059e+00,2.768507210722655e-06
4.636042947156298e+02,4.499643688926450e+00,2.768512424263365e-06
4.636542947156298e+02,4.499631447312732e+00,2.768517638947605e-06
4.637042947156298e+02,4.499619206167577e+00,2.768522853887196e-06
4.637542947156298e+02,4.499606965490727e+00,2.768528067616644e-06
4.638042947156299e+02,4.499594725281857e+00,2.768533280402403e-06
4.638542947156299e+02,4.499582485540602e+00,2.768538493898704e-06
4.639042947156299e+02,4.499570246266655e+00,2.768543707328392e-06
4.639542947156299e+02,4.499558007459731e+00,2.768548919681164e-06
4.640042947156299e+02,4.499545769119515e+00,2.768554131600948e-06
4.640542947156299e+02,4.499533531245684e+00,2.768559344042538e-06
4.641042947156299e+02,4.499521293837912e+00,2.768564556939319e-06
4.641542947156299e+02,4.499509056895896e+00,2.768569769680668e-06
4.642042947156299e+02,4.499496820419320e+00,2.768574981733680e-06
4.642542947156300e+02,4.499484584407873e+00,2.768580192521037e-06
4.643042947156300e+02,4.499472348861246e+00,2.768585402897612e-06
4.643542947156300e+02,4.499460113779089e+00,2.768590613696071e-06
4.644042947156300e+02,4.499447879161112e+00,2.768595824638860e-06
4.644542947156300e+02,4.499435645007031e+00,2.768601036059043e-06
4.645042947156300e+02,4.499423411316505e+00,2.768606247257183e-06
4.645542947156300e+02,4.499411178089245e+00,2.768611457078647e-06
4.646042947156300e+02,4.499398945324915e+00,2.768616667743879e-06
4.646542947156300e+02,4.499386713023178e+00,2.768621879297290e-06
4.647042947156301e+02,4.499374481183777e+00,2.768627089340798e-06
4.647542947156301e+02,4.499362249806378e+00,2.768632298695968e-06
4.648042947156301e+02,4.499350018890639e+00,2.768637508228773e-06
4.648542947156301e+02,4.499337788436300e+00,2.768642717506227e-06
4.649042947156301e+02,4.499325558443054e+00,2.768647925307083e-06
4.649542947156301e+02,4.499313328910580e+00,2.768653132930305e-06
4.650042947156301e+02,4.499301099838534e+00,2.768658342274372e-06
4.650542947156301e+02,4.499288871226611e+00,2.768663551574031e-06
4.651042947156301e+02,4.499276643074535e+00,2.768668758286869e-06
4.651542947156302e+02,4.499264415381980e+00,2.768673964910890e-06
4.652042947156302e+02,4.499252188148623e+00,2.768679173466699e-06
4.652542947156302e+02,4.499239961374147e+00,2.768684381467396e-06
4.653042947156302e+02,4.499227735058253e+00,2.768689588646529e-06
4.653542947156302e+02,4.499215509200671e+00,2.768694795992195e-06
4.654042947156302e+02,4.499203283801067e+00,2.768700003415576e-06
4.654542947156302e+02,4.499191058859100e+00,2.768705209573303e-06
4.655042947156302e+02,4.499178834374496e+00,2.768710415198123e-06
4.655542947156302e+02,4.499166610346948e+00,2.768715622521585e-06
4.656042947156303e+02,4.499154386776139e+00,2.768720829811739e-06
4.656542947156303e+02,4.499142163661769e+00,2.768726035336639e-06
4.657042947156303e+02,4.499129941003525e+00,2.768731240262019e-06
4.657542947156303e+02,4.499117718801093e+00,2.768736446508564e-06
4.658042947156303e+02,4.499105497054176e+00,2.768741651989054e-06
4.658542947156303e+02,4.499093275762467e+00,2.768746855448940e-06
4.659042947156303e+02,4.499081054925651e+00,2.768752060263297e-06
4.659542947156303e+02,4.499068834543424e+00,2.768757266265593e-06
4.660042947156304e+02,4.499056614615490e+00,2.768762471368608e-06
4.660542947156304e+02,4.499044395141532e+00,2.768767675749978e-06
4.661042947156304e+02,4.499032176121250e+00,2.768772880375598e-06
4.661542947156304e+02,4.499019957554342e+00,2.768778085167751e-06
4.662042947156304e+02,4.499007739440498e+00,2.768783289615734e-06
4.662542947156304e+02,4.498995521779421e+00,2.768788493009007e-06
4.663042947156304e+02,4.498983304570783e+00,2.768793696424483e-06
4.663542947156304e+02,4.498971087814281e+00,2.768798900184128e-06
4.664042947156304e+02,4.498958871509654e+00,2.768804104099205e-06
4.664542947156305e+02,4.498946655656547e+00,2.768809308691517e-06
4.665042947156305e+02,4.498934440254676e+00,2.768814512684310e-06
4.665542947156305e+02,4.498922225303786e+00,2.768819715156096e-06
4.666042947156305e+02,4.498910010803507e+00,2.768824915940344e-06
4.666542947156305e+02,4.498897796753538e+00,2.768830117057659e-06
4.667042947156305e+02,4.498885583153615e+00,2.768835320040148e-06
4.667542947156305e+02,4.498873370003398e+00,2.768840522345401e-06
4.668042947156305e+02,4.498861157302586e+00,2.768845723784681e-06
4.668542947156305e+02,4.498848945050911e+00,2.768850926089934e-06
4.669042947156306e+02,4.498836733248046e+00,2.768856128028813e-06
4.669542947156306e+02,4.498824521893672e+00,2.768861328491096e-06
4.670042947156306e+02,4.498812310987519e+00,2.768866528464881e-06
4.670542947156306e+02,4.498800100529299e+00,2.768871729671014e-06
4.671042947156306e+02,4.498787890518701e+00,2.768876929023074e-06
4.671542947156306e+02,4.498775680955408e+00,2.768882126121381e-06
4.672042947156306e+02,4.498763471839104e+00,2.768887325340215e-06
4.672542947156306e+02,4.498751263169504e+00,2.768892526224382e-06
4.673042947156306e+02,4.498739054946293e+00,2.768897727075243e-06
4.673542947156307e+02,4.498726847169171e+00,2.768902927415401e-06
4.674042947156307e+02,4.498714639837879e+00,2.768908127766662e-06
4.674542947156307e+02,4.498702432952125e+00,2.768913327640527e-06
4.675042947156307e+02,4.498690226511582e+00,2.768918526337556e-06
4.675542947156307e+02,4.498678020515918e+00,2.768923724324041e-06
4.676042947156307e+02,4.498665814964840e+00,2.768928921477860e-06
4.676542947156307e+02,4.498653609858069e+00,2.768934118431838e-06
4.677042947156307e+02,4.498641405195307e+00,2.768939316129666e-06
4.677542947156307e+02,4.498629200976290e+00,2.768944514304889e-06
4.678042947156308e+02,4.498616997200706e+00,2.768949712779873e-06
4.678542947156308e+02,4.498604793868201e+00,2.768954911232653e-06
4.679042947156308e+02,4.498592590978479e+00,2.768960108908276e-06
4.679542947156308e+02,4.498580388531285e+00,2.768965306606104e-06
4.680042947156308e+02,4.498568186526350e+00,2.768970504315033e-06
4.680542947156308e+02,4.498555984963353e+00,2.768975701180193e-06
4.681042947156308e+02,4.498543783841963e+00,2.768980897434731e-06
4.681542947156308e+02,4.498531583161879e+00,2.768986093522736e-06
4.682042947156309e+02,4.498519382922814e+00,2.768991290010421e-06
4.682542947156309e+02,4.498507183124502e+00,2.768996487408488e-06
4.683042947156309e+02,4.498494983766665e+00,2.769001683896173e-06
4.683542947156309e+02,4.498482784848955e+00,2.769006878407660e-06
4.684042947156309e+02,4.498470586371063e+00,2.769012073063477e-06
4.684542947156309e+02,4.498458388332732e+00,2.769017268685187e-06
4.685042947156309e+02,4.498446190733665e+00,2.769022464417920e-06
4.685542947156309e+02,4.498433993573579e+00,2.769027659573337e-06
4.686042947156309e+02,4.498421796852161e+00,2.769032853796167e-06
4.686542947156310e+02,4.498409600569092e+00,2.769038048274348e-06
4.687042947156310e+02,4.498397404724102e+00,2.769043243152209e-06
4.687542947156310e+02,4.498385209316933e+00,2.769048437397243e-06
4.688042947156310e+02,4.498373014347272e+00,2.769053631942037e-06
4.688542947156310e+02,4.498360819814752e+00,2.769058826242583e-06
4.689042947156310e+02,4.498348625719090e+00,2.769064020631946e-06
4.689542947156310e+02,4.498336432060067e+00,2.769069215487602e-06
4.690042947156310e+02,4.498324238837420e+00,2.769074407334555e-06
4.690542947156310e+02,4.498312046050785e+00,2.769079598248920e-06
4.691042947156311e+02,4.498299853699820e+00,2.769084791972149e-06
4.691542947156311e+02,4.498287661784288e+00,2.769089986894419e-06
4.692042947156311e+02,4.498275470303922e+00,2.769095180362297e-06
4.692542947156311e+02,4.498263279258409e+00,2.769100371420992e-06
4.693042947156311e+02,4.498251088647445e+00,2.769105562646219e-06
4.693542947156311e+02,4.498238898470769e+00,2.769110754815136e-06
4.694042947156311e+02,4.498226708728084e+00,2.769115946939644e-06
4.694542947156311e+02,4.498214519419043e+00,2.769121138631165e-06
4.695042947156311e+02,4.498202330543402e+00,2.769126329989620e-06
4.695542947156312e+02,4.498190142100895e+00,2.769131521392483e-06
4.696042947156312e+02,4.498177954091192e+00,2.769136712118109e-06
4.696542947156312e+02,4.498165766513996e+00,2.769141903132395e-06
4.697042947156312e+02,4.498153579368990e+00,2.769147094812813e-06
4.697542947156312e+02,4.498141392655929e+00,2.769152285538440e-06
4.698042947156312e+02,4.498129206374555e+00,2.769157475120538e-06
4.698542947156312e+02,4.498117020524543e+00,2.769162664802555e-06
4.699042947156312e+02,4.498104835105580e+00,2.769167855072991e-06
4.699542947156312e+02,4.498092650117402e+00,2.769173044699497e-06
4.700042947156313e+02,4.498080465559717e+00,2.769178234403719e-06
4.700542947156313e+02,4.498068281432201e+00,2.769183425551231e-06
4.701042947156313e+02,4.498056097734594e+00,2.769188615577418e-06
4.701542947156313e+02,4.498043914466637e+00,2.769193803283238e-06
4.702042947156313e+02,4.498031731628024e+00,2.769198991144490e-06
4.702542947156313e+02,4.498019549218450e+00,2.769204178939128e-06
4.703042947156313e+02,4.498007367237631e+00,2.769209366112042e-06
4.703542947156313e+02,4.497995185685289e+00,2.769214553817862e-06
4.704042947156314e+02,4.497983004561127e+00,2.769219742212021e-06
4.704542947156314e+02,4.497970823864853e+00,2.769224930095477e-06
4.705042947156314e+02,4.497958643596220e+00,2.769230117335004e-06
4.705542947156314e+02,4.497946463754919e+00,2.769235305462709e-06
4.706042947156314e+02,4.497934284340603e+00,2.769240493668130e-06
4.706542947156314e+02,4.497922105353028e+00,2.769245681018679e-06
4.707042947156314e+02,4.497909926791940e+00,2.769250868280410e-06
4.707542947156314e+02,4.497897748657022e+00,2.769256055286790e-06
4.708042947156314e+02,4.497885570947981e+00,2.769261242270966e-06
4.708542947156315e+02,4.497873393664545e+00,2.769266429599311e-06
4.709042947156315e+02,4.497861216806462e+00,2.769271616072784e-06
4.709542947156315e+02,4.497849040373418e+00,2.769276801935634e-06
4.710042947156315e+02,4.497836864365111e+00,2.769281987498724e-06
4.710542947156315e+02,4.497824688781270e+00,2.769287173661334e-06
4.711042947156315e+02,4.497812513621579e+00,2.769292360023784e-06
4.711542947156315e+02,4.497800338885770e+00,2.769297545520262e-06
4.712042947156315e+02,4.497788164573567e+00,2.769302730861307e-06
4.712542947156315e+02,4.497775990684699e+00,2.769307915713854e-06
4.713042947156316e+02,4.497763817218879e+00,2.769313101587807e-06
4.713542947156316e+02,4.497751644175815e+00,2.769318287694906e-06
4.714042947156316e+02,4.497739471555253e+00,2.769323472214386e-06
4.714542947156316e+02,4.497727299356876e+00,2.769328656056631e-06
4.715042947156316e+02,4.497715127580393e+00,2.769333839676830e-06
4.715542947156316e+02,4.497702956225511e+00,2.769339023297030e-06
4.716042947156316e+02,4.497690785291947e+00,2.769344206439834e-06
4.716542947156316e+02,4.497678614779477e+00,2.769349388761073e-06
4.717042947156316e+02,4.497666444687788e+00,2.769354572103717e-06
4.717542947156317e+02,4.497654275016590e+00,2.769359755990370e-06
4.718042947156317e+02,4.497642105765601e+00,2.769364938478142e-06
4.718542947156317e+02,4.497629936934509e+00,2.769370121987320e-06
4.719042947156317e+02,4.497617768523082e+00,2.769375306684436e-06
4.719542947156317e+02,4.497605600531049e+00,2.769380489483071e-06
4.720042947156317e+02,4.497593432958094e+00,2.769385671049358e-06
4.720542947156317e+02,4.497581265803914e+00,2.769390854691762e-06
4.721042947156317e+02,4.497569099068232e+00,2.769396039766354e-06
4.721542947156317e+02,4.497556932750814e+00,2.769401220944063e-06
4.722042947156318e+02,4.497544766851409e+00,2.769406399390623e-06
4.722542947156318e+02,4.497532601369688e+00,2.769411580634946e-06
4.723042947156318e+02,4.497520436305347e+00,2.769416763799954e-06
4.723542947156318e+02,4.497508271658113e+00,2.769421944278222e-06
4.724042947156318e+02,4.497496107427714e+00,2.769427122347307e-06
4.724542947156318e+02,4.497483943613883e+00,2.769432303169745e-06
4.725042947156318e+02,4.497471780216324e+00,2.769437485679722e-06
4.725542947156318e+02,4.497459617234764e+00,2.769442665980355e-06
4.726042947156319e+02,4.497447454668936e+00,2.769447846403112e-06
4.726542947156319e+02,4.497435292518576e+00,2.769453026470598e-06
4.727042947156319e+02,4.497423130783413e+00,2.769458205827541e-06
4.727542947156319e+02,4.497410969463099e+00,2.769463385828414e-06
4.728042947156319e+02,4.497398808557377e+00,2.769468564807882e-06
4.728542947156319e+02,4.497386648066016e+00,2.769473744064905e-06
4.729042947156319e+02,4.497374487988712e+00,2.769478923177599e-06
4.729542947156319e+02,4.497362328325171e+00,2.769484102379111e-06
4.730042947156319e+02,4.497350169075110e+00,2.769489282080224e-06
4.730542947156320e+02,4.497338010238315e+00,2.769494461637007e-06
4.731042947156320e+02,4.497325851814492e+00,2.769499641315916e-06
4.731542947156320e+02,4.497313693803298e+00,2.769504819151853e-06
4.732042947156320e+02,4.497301536204516e+00,2.769509996066306e-06
4.732542947156320e+02,4.497289379017862e+00,2.769515173624688e-06
4.733042947156320e+02,4.497277222242983e+00,2.769520351826999e-06
4.733542947156320e+02,4.497265065879671e+00,2.769525530251355e-06
4.734042947156320e+02,4.497252909927719e+00,2.769530707654306e-06
4.734542947156320e+02,4.497240754386759e+00,2.769535884280101e-06
4.735042947156321e+02,4.497228599256524e+00,2.769541061127940e-06
4.735542947156321e+02,4.497216444536782e+00,2.769546238608606e-06
4.736042947156321e+02,4.497204290227206e+00,2.769551415711797e-06
4.736542947156321e+02,4.497192136327529e+00,2.769556591815787e-06
4.737042947156321e+02,4.497179982837507e+00,2.769561768219537e-06
4.737542947156321e+02,4.497167829756858e+00,2.769566944467855e-06
4.738042947156321e+02,4.497155677085290e+00,2.769572120671766e-06
4.738542947156321e+02,4.497143524822508e+00,2.769577296598120e-06
4.739042947156321e+02,4.497131372968269e+00,2.769582471747318e-06
4.739542947156322e+02,4.497119221522343e+00,2.769587646907618e-06
4.740042947156322e+02,4.497107070484424e+00,2.769592822389883e-06
4.740542947156322e+02,4.497094919854193e+00,2.769597998405055e-06
4.741042947156322e+02,4.497082769631407e+00,2.769603174819908e-06
4.741542947156322e+02,4.497070619815814e+00,2.769608350479808e-06
4.742042947156322e+02,4.497058470407134e+00,2.769613524285637e-06
4.742542947156322e+02,4.497046321405088e+00,2.769618697214388e-06
4.743042947156322e+02,4.497034172809389e+00,2.769623872396893e-06
4.743542947156322e+02,4.497022024619754e+00,2.769629047834749e-06
4.744042947156323e+02,4.497009876835951e+00,2.769634220519252e-06
4.744542947156323e+02,4.496997729457735e+00,2.769639394891294e-06
4.745042947156323e+02,4.496985582484775e+00,2.769644570540093e-06
4.745542947156323e+02,4.496973435916782e+00,2.769649744146080e-06
4.746042947156323e+02,4.496961289753517e+00,2.769654917219161e-06
4.746542947156323e+02,4.496949143994738e+00,2.769660090125709e-06
4.747042947156323e+02,4.496936998640150e+00,2.769665261411331e-06
4.747542947156323e+02,4.496924853689448e+00,2.769670433107736e-06
4.748042947156324e+02,4.496912709142368e+00,2.769675607135608e-06
4.748542947156324e+02,4.496900564998676e+00,2.769680780963642e-06
4.749042947156324e+02,4.496888421258116e+00,2.769685952360286e-06
4.749542947156324e+02,4.496876277920376e+00,2.769691123934565e-06
4.750042947156324e+02,4.496864134985185e+00,2.769696295853014e-06
4.750542947156324e+02,4.496851992452333e+00,2.769701466794467e-06
4.751042947156324e+02,4.496839850321540e+00,2.769706638002373e-06
4.751542947156324e+02,4.496827708592495e+00,2.769711809188076e-06
4.752042947156324e+02,4.496815567264908e+00,2.769716980917787e-06
4.752542947156325e+02,4.496803426338528e+00,2.769722153402449e-06
4.753042947156325e+02,4.496791285813107e+00,2.769727326475530e-06
4.753542947156325e+02,4.496779145688363e+00,2.769732497616823e-06
4.754042947156325e+02,4.496767005964050e+00,2.769737666482159e-06
4.754542947156325e+02,4.496754866639898e+00,2.769742835658357e-06
4.755042947156325e+02,4.496742727715614e+00,2.769748004490386e-06
4.755542947156325e+02,4.496730589190978e+00,2.769753173877527e-06
4.756042947156325e+02,4.496718451065697e+00,2.769758344707958e-06
4.756542947156325e+02,4.496706313339449e+00,2.769763515060992e-06
4.757042947156326e+02,4.496694176011987e+00,2.769768685214187e-06
4.757542947156326e+02,4.496682039083078e+00,2.769773856133435e-06
4.758042947156326e+02,4.496669902552490e+00,2.769779024732317e-06
4.758542947156326e+02,4.496657766419938e+00,2.769784191710274e-06
4.759042947156326e+02,4.496645630685101e+00,2.769789361552606e-06
4.759542947156326e+02,4.496633495347721e+00,2.769794532749410e-06
4.760042947156326e+02,4.496621360407546e+00,2.769799700637749e-06
4.760542947156326e+02,4.496609225864325e+00,2.769804865917064e-06
4.761042947156326e+02,4.496597091717832e+00,2.769810034082960e-06
4.761542947156327e+02,4.496584957967744e+00,2.769815204225052e-06
4.762042947156327e+02,4.496572824613783e+00,2.769820373045978e-06
4.762542947156327e+02,4.496560691655721e+00,2.769825541633759e-06
4.763042947156327e+02,4.496548559093283e+00,2.769830709766348e-06
4.763542947156327e+02,4.496536426926211e+00,2.769835875967148e-06
4.764042947156327e+02,4.496524295154241e+00,2.769841041612837e-06
4.764542947156327e+02,4.496512163777094e+00,2.769846208890554e-06
4.765042947156327e+02,4.496500032794510e+00,2.769851375990635e-06
4.765542947156328e+02,4.496487902206236e+00,2.769856541292155e-06
4.766042947156328e+02,4.496475772012004e+00,2.769861706960048e-06
4.766542947156328e+02,4.496463642211537e+00,2.769866873327382e-06
4.767042947156328e+02,4.496451512804552e+00,2.769872039295036e-06
4.767542947156328e+02,4.496439383790824e+00,2.769877205085054e-06
4.768042947156328e+02,4.496427255170104e+00,2.769882370508698e-06
4.768542947156328e+02,4.496415126942114e+00,2.769887535899036e-06
4.769042947156328e+02,4.496402999106585e+00,2.769892702110938e-06
4.769542947156328e+02,4.496390871663213e+00,2.769897869488575e-06
4.770042947156329e+02,4.496378744611761e+00,2.769903035966931e-06
4.770542947156329e+02,4.496366617952019e+00,2.769908201013100e-06
4.771042947156329e+02,4.496354491683715e+00,2.769913365437544e-06
4.771542947156329e+02,4.496342365806568e+00,2.769918530206156e-06
4.772042947156329e+02,4.496330240320292e+00,2.769923694852645e-06
4.772542947156329e+02,4.496318115224638e+00,2.769928857556243e-06
4.773042947156329e+02,4.496305990519355e+00,2.769934020437476e-06
4.773542947156329e+02,4.496293866204170e+00,2.769939184362319e-06
4.774042947156329e+02,4.496281742278843e+00,2.769944348753457e-06
4.774542947156330e+02,4.496269618743106e+00,2.769949512422949e-06
4.775042947156330e+02,4.496257495596665e+00,2.769954674638049e-06
4.775542947156330e+02,4.496245372839277e+00,2.769959839439968e-06
4.776042947156330e+02,4.496233250470723e+00,2.769965005418724e-06
4.776542947156330e+02,4.496221128490697e+00,2.769970167600517e-06
4.777042947156330e+02,4.496209006898964e+00,2.769975329071767e-06
4.777542947156330e+02,4.496196885695312e+00,2.769980491631036e-06
4.778042947156330e+02,4.496184764879397e+00,2.769985654445656e-06
4.778542947156330e+02,4.496172644450949e+00,2.769990818514829e-06
4.779042947156331e+02,4.496160524409761e+00,2.769995981551494e-06
4.779542947156331e+02,4.496148404755559e+00,2.770001142767393e-06
4.780042947156331e+02,4.496136285488083e+00,2.770006303916678e-06
4.780542947156331e+02,4.496124166607130e+00,2.770011464921635e-06
4.781042947156331e+02,4.496112048112409e+00,2.770016627225553e-06
4.781542947156331e+02,4.496099930003584e+00,2.770021789396244e-06
4.782042947156331e+02,4.496087812280431e+00,2.770026949279875e-06
4.782542947156331e+02,4.496075694942752e+00,2.770032108797133e-06
4.783042947156331e+02,4.496063577990300e+00,2.770037268614151e-06
4.783542947156332e+02,4.496051461422773e+00,2.770042429630210e-06
4.784042947156332e+02,4.496039345239871e+00,2.770047591379016e-06
4.784542947156332e+02,4.496027229441355e+00,2.770052752106417e-06
4.785042947156332e+02,4.496015114027013e+00,2.770057911612573e-06
4.785542947156332e+02,4.496002998996620e+00,2.770063070075119e-06
4.786042947156332e+02,4.495990884349880e+00,2.770068230358431e-06
4.786542947156332e+02,4.495978770086507e+00,2.770073392196055e-06
4.787042947156332e+02,4.495966656206250e+00,2.770078552235117e-06
4.787542947156333e+02,4.495954542708861e+00,2.770083710087041e-06
4.788042947156333e+02,4.495942429594109e+00,2.770088867072990e-06
4.788542947156333e+02,4.495930316861720e+00,2.770094025679865e-06
4.789042947156333e+02,4.495918204511437e+00,2.770099186007586e-06
4.789542947156333e+02,4.495906092543023e+00,2.770104345380515e-06
4.790042947156333e+02,4.495893980956234e+00,2.770109503354563e-06
4.790542947156333e+02,4.495881869750819e+00,2.770114661961438e-06
4.791042947156333e+02,4.495869758926435e+00,2.770119820990197e-06
4.791542947156333e+02,4.495857648482838e+00,2.770124978631179e-06
4.792042947156334e+02,4.495845538419867e+00,2.770130136127830e-06
4.792542947156334e+02,4.495833428737238e+00,2.770135295012261e-06
4.793042947156334e+02,4.495821319434650e+00,2.770140452953002e-06
4.793542947156334e+02,4.495809210511870e+00,2.770145610194303e-06
4.794042947156334e+02,4.495797101968695e+00,2.770150769245267e-06
4.794542947156334e+02,4.495784993804874e+00,2.770155926097990e-06
4.795042947156334e+02,4.495772886020097e+00,2.770161081329787e-06
4.795542947156334e+02,4.495760778614089e+00,2.770166239170608e-06
4.796042947156334e+02,4.495748671586634e+00,2.770171395590344e-06
4.796542947156335e+02,4.495736564937500e+00,2.770176550200416e-06
4.797042947156335e+02,4.495724458666425e+00,2.770181706620151e-06
4.797542947156335e+02,4.495712352773162e+00,2.770186863450669e-06
4.798042947156335e+02,4.495700247257432e+00,2.770192020303392e-06
4.798542947156335e+02,4.495688142118956e+00,2.770197177944373e-06
4.799042947156335e+02,4.495676037357536e+00,2.770202334042144e-06
4.799542947156335e+02,4.495663932972928e+00,2.770207488607807e-06
4.800042947156335e+02,4.495651828964862e+00,2.770212641996634e-06
4.800542947156335e+02,4.495639725333116e+00,2.770217795363256e-06
4.801042947156336e+02,4.495627622077385e+00,2.770222951771890e-06
4.801542947156336e+02,4.495615519197407e+00,2.770228108258239e-06
4.802042947156336e+02,4.495603416692981e+00,2.770233263112560e-06
4.802542947156336e+02,4.495591314563875e+00,2.770238418688526e-06
4.803042947156336e+02,4.495579212809789e+00,2.770243574220083e-06
4.803542947156336e+02,4.495567111430439e+00,2.770248727175923e-06
4.804042947156336e+02,4.495555010425656e+00,2.770253879709878e-06
4.804542947156336e+02,4.495542909795208e+00,2.770259034331053e-06
4.805042947156336e+02,4.495530809538781e+00,2.770264187908618e-06
4.805542947156337e+02,4.495518709656093e+00,2.770269340797844e-06
4.806042947156337e+02,4.495506610146943e+00,2.770274495019338e-06
4.806542947156337e+02,4.495494511011120e+00,2.770279649707125e-06
4.807042947156337e+02,4.495482412248307e+00,2.770284803018237e-06
4.807542947156337e+02,4.495470313858274e+00,2.770289955718725e-06
4.808042947156337e+02,4.495458215840815e+00,2.770295109884708e-06
4.808542947156337e+02,4.495446118195651e+00,2.770300262785037e-06
4.809042947156337e+02,4.495434020922535e+00,2.770305414108849e-06
4.809542947156338e+02,4.495421924021214e+00,2.770310565676909e-06
4.810042947156338e+02,4.495409827491440e+00,2.770315716123645e-06
4.810542947156338e+02,4.495397731332994e+00,2.770320866859039e-06
4.811042947156338e+02,4.495385635545575e+00,2.770326019481812e-06
4.811542947156338e+02,4.495373540128963e+00,2.770331171616087e-06
4.812042947156338e+02,4.495361445082957e+00,2.770336323461703e-06
4.812542947156338e+02,4.495349350407256e+00,2.770341476439748e-06
4.813042947156338e+02,4.495337256101570e+00,2.770346628074422e-06
4.813542947156338e+02,4.495325162165729e+00,2.770351777133379e-06
4.814042947156339e+02,4.495313068599489e+00,2.770356928190738e-06
4.814542947156339e+02,4.495300975402544e+00,2.770362080957840e-06
4.815042947156339e+02,4.495288882574677e+00,2.770367231093713e-06
4.815542947156339e+02,4.495276790115655e+00,2.770372380996439e-06
4.816042947156339e+02,4.495264698025232e+00,2.770377531998287e-06
4.816542947156339e+02,4.495252606303168e+00,2.770382681701173e-06
4.817042947156339e+02,4.495240514949201e+00,2.770387831448469e-06
4.817542947156339e+02,4.495228423963085e+00,2.770392982050636e-06
4.818042947156339e+02,4.495216333344566e+00,2.770398131298330e-06
4.818542947156340e+02,4.495204243093405e+00,2.770403280146345e-06
4.819042947156340e+02,4.495192153209365e+00,2.770408429993560e-06
4.819542947156340e+02,4.495180063692191e+00,2.770413579763060e-06
4.820042947156340e+02,4.495167974541644e+00,2.770418728488950e-06
4.820542947156340e+02,4.495155885757511e+00,2.770423877214840e-06
4.821042947156340e+02,4.495143797339534e+00,2.770429026407024e-06
4.821542947156340e+02,4.495131709287441e+00,2.770434174200327e-06
4.822042947156340e+02,4.495119621601015e+00,2.770439322015834e-06
4.822542947156340e+02,4.495107534280010e+00,2.770444471851947e-06
4.823042947156341e+02,4.495095447324158e+00,2.770449621277278e-06
4.823542947156341e+02,4.495083360733231e+00,2.770454767460757e-06
4.824042947156341e+02,4.495071274506993e+00,2.770459914066121e-06
4.824542947156341e+02,4.495059188645160e+00,2.770465062614375e-06
4.825042947156341e+02,4.495047103147511e+00,2.770470209908078e-06
4.825542947156341e+02,4.495035018013838e+00,2.770475356646669e-06
4.826042947156341e+02,4.495022933243884e+00,2.770480503485179e-06
4.826542947156341e+02,4.495010848837415e+00,2.770485652266581e-06
4.827042947156341e+02,4.494998764794193e+00,2.770490800837040e-06
4.827542947156342e+02,4.494986681113935e+00,2.770495945921398e-06
4.828042947156342e+02,4.494974597796397e+00,2.770501091472050e-06
4.828542947156342e+02,4.494962514841379e+00,2.770506237822063e-06
4.829042947156342e+02,4.494950432248642e+00,2.770511383594760e-06
4.829542947156342e+02,4.494938350017941e+00,2.770516529811546e-06
4.830042947156342e+02,4.494926268149003e+00,2.770521676450217e-06
4.830542947156342e+02,4.494914186641569e+00,2.770526822611492e-06
4.831042947156342e+02,4.494902105495449e+00,2.770531966940899e-06
4.831542947156343e+02,4.494890024710415e+00,2.770537111425737e-06
4.832042947156343e+02,4.494877944286197e+00,2.770542257142923e-06
4.832542947156343e+02,4.494865864222548e+00,2.770547402726881e-06
4.833042947156343e+02,4.494853784519223e+00,2.770552546578893e-06
4.833542947156343e+02,4.494841705175988e+00,2.770557690086734e-06
4.834042947156343e+02,4.494829626192609e+00,2.770562834593777e-06
4.834542947156343e+02,4.494817547568872e+00,2.770567978012801e-06
4.835042947156343e+02,4.494805469304523e+00,2.770573122020243e-06
4.835542947156343e+02,4.494793391399284e+00,2.770578267581997e-06
4.836042947156344e+02,4.494781313852958e+00,2.770583412688560e-06
4.836542947156344e+02,4.494769236665307e+00,2.770588556995763e-06
4.837042947156344e+02,4.494757159836062e+00,2.770593700636831e-06
4.837542947156344e+02,4.494745083365024e+00,2.770598843556255e-06
4.838042947156344e+02,4.494733007251958e+00,2.770603986542293e-06
4.838542947156344e+02,4.494720931496559e+00,2.770609130016828e-06
4.839042947156344e+02,4.494708856098615e+00,2.770614273791123e-06
4.839542947156344e+02,4.494696781057962e+00,2.770619416499604e-06
4.840042947156344e+02,4.494684706374318e+00,2.770624557986840e-06
4.840542947156345e+02,4.494672632047400e+00,2.770629700850753e-06
4.841042947156345e+02,4.494660558077002e+00,2.770634846690063e-06
4.841542947156345e+02,4.494648484462896e+00,2.770639990841834e-06
4.842042947156345e+02,4.494636411204846e+00,2.770645132329071e-06
4.842542947156345e+02,4.494624338302593e+00,2.770650274882120e-06
4.843042947156345e+02,4.494612265755912e+00,2.770655417368557e-06
4.843542947156345e+02,4.494600193564584e+00,2.770660559854994e-06
4.844042947156345e+02,4.494588121728355e+00,2.770665700687198e-06
4.844542947156345e+02,4.494576050246991e+00,2.770670839532103e-06
4.845042947156346e+02,4.494563979120243e+00,2.770675980275490e-06
4.845542947156346e+02,4.494551908347902e+00,2.770681122961766e-06
4.846042947156346e+02,4.494539837929744e+00,2.770686265581430e-06
4.846542947156346e+02,4.494527767865505e+00,2.770691407956844e-06
4.847042947156346e+02,4.494515698154949e+00,2.770696549621715e-06
4.847542947156346e+02,4.494503628797816e+00,2.770701688699768e-06
4.848042947156346e+02,4.494491559793888e+00,2.770706827566878e-06
4.848542947156346e+02,4.494479491142962e+00,2.770711969797963e-06
4.849042947156346e+02,4.494467422844814e+00,2.770717109830807e-06
4.849542947156347e+02,4.494455354899199e+00,2.770722246699515e-06
4.850042947156347e+02,4.494443287305836e+00,2.770727387720457e-06
4.850542947156347e+02,4.494431220064494e+00,2.770732529818316e-06
4.851042947156347e+02,4.494419153174974e+00,2.770737668241336e-06
4.851542947156347e+02,4.494407086637051e+00,2.770742806342392e-06
4.852042947156347e+02,4.494395020450479e+00,2.770747946253111e-06
4.852542947156347e+02,4.494382954614997e+00,2.770753085930684e-06
4.853042947156347e+02,4.494370889130386e+00,2.770758222133258e-06
4.853542947156348e+02,4.494358823996460e+00,2.770763358324730e-06
4.854042947156348e+02,4.494346759212954e+00,2.770768498080018e-06
4.854542947156348e+02,4.494334694779602e+00,2.770773637024843e-06
4.855042947156348e+02,4.494322630696205e+00,2.770778774237721e-06
4.855542947156348e+02,4.494310566962532e+00,2.770783913471204e-06
4.856042947156348e+02,4.494298503578312e+00,2.770789052893425e-06
4.856542947156348e+02,4.494286440543322e+00,2.770794189218124e-06
4.857042947156348e+02,4.494274377857372e+00,2.770799326208957e-06
4.857542947156348e+02,4.494262315520220e+00,2.770804465997552e-06
4.858042947156349e+02,4.494250253531620e+00,2.770809604187425e-06
4.858542947156349e+02,4.494238191891340e+00,2.770814740589839e-06
4.859042947156349e+02,4.494226130599142e+00,2.770819877625081e-06
4.859542947156349e+02,4.494214069654848e+00,2.770825015581808e-06
4.860042947156349e+02,4.494202009058185e+00,2.770830153682864e-06
4.860542947156349e+02,4.494189948808878e+00,2.770835288653090e-06
4.861042947156349e+02,4.494177888906746e+00,2.770840422879468e-06
4.861542947156349e+02,4.494165829351571e+00,2.770845559603847e-06
4.862042947156349e+02,4.494153770143106e+00,2.770850696627987e-06
4.862542947156350e+02,4.494141711281112e+00,2.770855832741743e-06
4.863042947156350e+02,4.494129652765371e+00,2.770860969044238e-06
4.863542947156350e+02,4.494117594595657e+00,2.770866105224608e-06
4.864042947156350e+02,4.494105536771747e+00,2.770871240483492e-06
4.864542947156350e+02,4.494093479293374e+00,2.770876375276083e-06
4.865042947156350e+02,4.494081422160309e+00,2.770881510279617e-06
4.865542947156350e+02,4.494069365372342e+00,2.770886646415578e-06
4.866042947156350e+02,4.494057308929249e+00,2.770891781963120e-06
4.866542947156350e+02,4.494045252830814e+00,2.770896917088779e-06
4.867042947156351e+02,4.494033197076773e+00,2.770902052913877e-06
4.867542947156351e+02,4.494021141666905e+00,2.770907188039535e-06
4.868042947156351e+02,4.494009086601038e+00,2.770912322154890e-06
4.868542947156351e+02,4.493997031878923e+00,2.770917455959383e-06
4.869042947156351e+02,4.493984977500275e+00,2.770922589919306e-06
4.869542947156351e+02,4.493972923464871e+00,2.770927723357425e-06
4.870042947156351e+02,4.493960869772549e+00,2.770932856395865e-06
4.870542947156351e+02,4.493948816423051e+00,2.770937989378792e-06
4.871042947156351e+02,4.493936763416085e+00,2.770943122350617e-06
4.871542947156352e+02,4.493924710751485e+00,2.770948256266132e-06
4.872042947156352e+02,4.493912658429092e+00,2.770953390126136e-06
4.872542947156352e+02,4.493900606448594e+00,2.770958523641971e-06
4.873042947156352e+02,4.493888554809732e+00,2.770963657257725e-06
4.873542947156352e+02,4.493876503512332e+00,2.770968789618928e-06
4.874042947156352e+02,4.493864452556177e+00,2.770973922513038e-06
4.874542947156352e+02,4.493852401941032e+00,2.770979057227913e-06
4.875042947156352e+02,4.493840351666667e+00,2.770984190821464e-06
4.875542947156353e+02,4.493828301732845e+00,2.770989322649759e-06
4.876042947156353e+02,4.493816252139338e+00,2.770994455765913e-06
4.876542947156353e+02,4.493804202885935e+00,2.770999589426077e-06
4.877042947156353e+02,4.493792153972405e+00,2.771004721065635e-06
4.877542947156353e+02,4.493780105398513e+00,2.771009851295209e-06
4.878042947156353e+02,4.493768057164074e+00,2.771014980636605e-06
4.878542947156353e+02,4.493756009268834e+00,2.771020111210349e-06
4.879042947156353e+02,4.493743961712525e+00,2.771025244259890e-06
4.879542947156353e+02,4.493731914494969e+00,2.771030377742418e-06
4.880042947156354e+02,4.493719867615960e+00,2.771035509848269e-06
4.880542947156354e+02,4.493707821075248e+00,2.771040640255479e-06
4.881042947156354e+02,4.493695774872615e+00,2.771045770318520e-06
4.881542947156354e+02,4.493683729007823e+00,2.771050900581402e-06
4.882042947156354e+02,4.493671683480637e+00,2.771056031077430e-06
4.882542947156354e+02,4.493659638290860e+00,2.771061161673378e-06
4.883042947156354e+02,4.493647593438297e+00,2.771066291847441e-06
4.883542947156354e+02,4.493635548922700e+00,2.771071422498901e-06
4.884042947156354e+02,4.493623504743796e+00,2.771076553216973e-06
4.884542947156355e+02,4.493611460901402e+00,2.771081682458449e-06
4.885042947156355e+02,4.493599417395314e+00,2.771086810756236e-06
4.885542947156355e+02,4.493587374225280e+00,2.771091939153942e-06
4.886042947156355e+02,4.493575331391068e+00,2.771097067240786e-06
4.886542947156355e+02,4.493563288892468e+00,2.771102196493364e-06
4.887042947156355e+02,4.493551246729308e+00,2.771107327322459e-06
4.887542947156355e+02,4.493539204901342e+00,2.771112456652753e-06
4.888042947156355e+02,4.493527163408266e+00,2.771117585039358e-06
4.888542947156355e+02,4.493515122249907e+00,2.771122713681313e-06
4.889042947156356e+02,4.493503081426099e+00,2.771127842312166e-06
4.889542947156356e+02,4.493491040936580e+00,2.771132971320495e-06
4.890042947156356e+02,4.493479000781145e+00,2.771138099862531e-06
4.890542947156356e+02,4.493466960959541e+00,2.771143227216628e-06
4.891042947156356e+02,4.493454921471508e+00,2.771148353671444e-06
4.891542947156356e+02,4.493442882316899e+00,2.771153479804295e-06
4.892042947156356e+02,4.493430843495506e+00,2.771158607591380e-06
4.892542947156356e+02,4.493418805007043e+00,2.771163736266641e-06
4.893042947156356e+02,4.493406766851324e+00,2.771168862477209e-06
4.893542947156357e+02,4.493394729028137e+00,2.771173989331705e-06
4.894042947156357e+02,4.493382691537222e+00,2.771179118928453e-06
4.894542947156357e+02,4.493370654378390e+00,2.771184247703635e-06
4.895042947156357e+02,4.493358617551446e+00,2.771189372803979e-06
4.895542947156357e+02,4.493346581056135e+00,2.771194496660874e-06
4.896042947156357e+02,4.493334544892229e+00,2.771199623981664e-06
4.896542947156357e+02,4.493322509059541e+00,2.771204752301655e-06
4.897042947156357e+02,4.493310473557853e+00,2.771209878823084e-06
4.897542947156358e+02,4.493298438386912e+00,2.771215004622869e-06
4.898042947156358e+02,4.493286403546485e+00,2.771220130034075e-06
4.898542947156358e+02,4.493274369036395e+00,2.771225255622917e-06
4.899042947156358e+02,4.493262334856440e+00,2.771230382321983e-06
4.899542947156358e+02,4.493250301006351e+00,2.771235508765696e-06
4.900042947156358e+02,4.493238267485918e+00,2.771240633877143e-06
4.900542947156358e+02,4.493226234294930e+00,2.771245759787950e-06
4.901042947156358e+02,4.493214201433184e+00,2.771250885199157e-06
4.901542947156358e+02,4.493202168900472e+00,2.771256008245588e-06
4.902042947156359e+02,4.493190136696552e+00,2.771261131991460e-06
4.902542947156359e+02,4.493178104821189e+00,2.771266257058497e-06
4.903042947156359e+02,4.493166073274177e+00,2.771271382269864e-06
4.903542947156359e+02,4.493154042055329e+00,2.771276507125959e-06
4.904042947156359e+02,4.493142011164431e+00,2.771281630794115e-06
4.904542947156359e+02,4.493129980601250e+00,2.771286753540787e-06
4.905042947156359e+02,4.493117950365570e+00,2.771291877053512e-06
4.905542947156359e+02,4.493105920457165e+00,2.771297001187962e-06
4.906042947156359e+02,4.493093890875793e+00,2.771302125155879e-06
4.906542947156360e+02,4.493081861621262e+00,2.771307249678907e-06
4.907042947156360e+02,4.493069832693351e+00,2.771312373757846e-06
4.907542947156360e+02,4.493057804091849e+00,2.771317496460108e-06
4.908042947156360e+02,4.493045775816582e+00,2.771322619284495e-06
4.908542947156360e+02,4.493033747867264e+00,2.771327743652092e-06
4.909042947156360e+02,4.493021720243693e+00,2.771332867120408e-06
4.909542947156360e+02,4.493009692945709e+00,2.771337987979701e-06
4.910042947156360e+02,4.492997665973083e+00,2.771343109094344e-06
4.910542947156360e+02,4.492985639325570e+00,2.771348232018651e-06
4.911042947156361e+02,4.492973613002948e+00,2.771353354898548e-06
4.911542947156361e+02,4.492961587005011e+00,2.771358477412073e-06
4.912042947156361e+02,4.492949561331532e+00,2.771363598715455e-06
4.912542947156361e+02,4.492937535982346e+00,2.771368719064044e-06
4.913042947156361e+02,4.492925510957209e+00,2.771373841832920e-06
4.913542947156361e+02,4.492913486255879e+00,2.771378964635103e-06
4.914042947156361e+02,4.492901461878178e+00,2.771384084151025e-06
4.914542947156361e+02,4.492889437823854e+00,2.771389204022219e-06
4.915042947156361e+02,4.492877414092701e+00,2.771394327568250e-06
4.915542947156362e+02,4.492865390684542e+00,2.771399449870832e-06
4.916042947156362e+02,4.492853367599163e+00,2.771404569797537e-06
4.916542947156362e+02,4.492841344836355e+00,2.771409691234145e-06
4.917042947156362e+02,4.492829322395882e+00,2.771414812259971e-06
4.917542947156362e+02,4.492817300277497e+00,2.771419932408720e-06
4.918042947156362e+02,4.492805278481009e+00,2.771425052757310e-06
4.918542947156362e+02,4.492793257006251e+00,2.771430172883855e-06
4.919042947156362e+02,4.492781235852998e+00,2.771435292943787e-06
4.919542947156363e+02,4.492769215020993e+00,2.771440413281274e-06
4.920042947156363e+02,4.492757194510052e+00,2.771445532763890e-06
4.920542947156363e+02,4.492745174319995e+00,2.771450651780212e-06
4.921042947156363e+02,4.492733154450561e+00,2.771455771174009e-06
4.921542947156363e+02,4.492721134901514e+00,2.771460890345763e-06
4.922042947156363e+02,4.492709115672676e+00,2.771466010105934e-06
4.922542947156363e+02,4.492697096763855e+00,2.771471129832798e-06
4.923042947156363e+02,4.492685078174837e+00,2.771476247661182e-06
4.923542947156363e+02,4.492673059905391e+00,2.771481364312729e-06
4.924042947156364e+02,4.492661041955310e+00,2.771486483484482e-06
4.924542947156364e+02,4.492649024324393e+00,2.771491603821969e-06
4.925042947156364e+02,4.492637007012402e+00,2.771496721694762e-06
4.925542947156364e+02,4.492624990019137e+00,2.771501839234487e-06
4.926042947156364e+02,4.492612973344433e+00,2.771506958606080e-06
4.926542947156364e+02,4.492600956988080e+00,2.771512077733424e-06
4.927042947156364e+02,4.492588940949809e+00,2.771517195006696e-06
4.927542947156364e+02,4.492576925229377e+00,2.771522312346581e-06
4.928042947156364e+02,4.492564909826621e+00,2.771527430574644e-06
4.928542947156365e+02,4.492552894741385e+00,2.771532548025552e-06
4.929042947156365e+02,4.492540879973419e+00,2.771537663711205e-06
4.929542947156365e+02,4.492528865522484e+00,2.771542780207321e-06
4.930042947156365e+02,4.492516851388399e+00,2.771547899367972e-06
4.930542947156365e+02,4.492504837570936e+00,2.771553017429502e-06
4.931042947156365e+02,4.492492824069918e+00,2.771558133348302e-06
4.931542947156365e+02,4.492480810885142e+00,2.771563249455839e-06
4.932042947156365e+02,4.492468798016350e+00,2.771568365663297e-06
4.932542947156365e+02,4.492456785463344e+00,2.771573482148310e-06
4.933042947156366e+02,4.492444773225960e+00,2.771578598711040e-06
4.933542947156366e+02,4.492432761303995e+00,2.771583715529120e-06
4.934042947156366e+02,4.492420749697160e+00,2.771588832147360e-06
4.934542947156366e+02,4.492408738405272e+00,2.771593947577662e-06
4.935042947156366e+02,4.492396727428200e+00,2.771599063230008e-06
4.935542947156366e+02,4.492384716765693e+00,2.771604178627003e-06
4.936042947156366e+02,4.492372706417510e+00,2.771609294368167e-06
4.936542947156366e+02,4.492360696383433e+00,2.771614410930896e-06
4.937042947156366e+02,4.492348686663292e+00,2.771619525084441e-06
4.937542947156367e+02,4.492336677256884e+00,2.771624638338705e-06
4.938042947156367e+02,4.492324668163989e+00,2.771629752891931e-06
4.938542947156367e+02,4.492312659384409e+00,2.771634868644197e-06
4.939042947156367e+02,4.492300650917917e+00,2.771639984951575e-06
4.939542947156367e+02,4.492288642764345e+00,2.771645099660231e-06
4.940042947156367e+02,4.492276634923465e+00,2.771650213280870e-06
4.940542947156367e+02,4.492264627395048e+00,2.771655327800788e-06
4.941042947156367e+02,4.492252620178927e+00,2.771660442942431e-06
4.941542947156368e+02,4.492240613274888e+00,2.771665556196696e-06
4.942042947156368e+02,4.492228606682716e+00,2.771670667596888e-06
4.942542947156368e+02,4.492216600402203e+00,2.771675780662414e-06
4.943042947156368e+02,4.492204594433127e+00,2.771680894793755e-06
4.943542947156368e+02,4.492192588775295e+00,2.771686007881486e-06
4.944042947156368e+02,4.492180583428523e+00,2.771691120691661e-06
4.944542947156368e+02,4.492168578392597e+00,2.771696233690574e-06
4.945042947156368e+02,4.492156573667295e+00,2.771701347522155e-06
4.945542947156368e+02,4.492144569252408e+00,2.771706460676499e-06
4.946042947156369e+02,4.492132565147738e+00,2.771711572454167e-06
4.946542947156369e+02,4.492120561353111e+00,2.771716684864662e-06
4.947042947156369e+02,4.492108557868332e+00,2.771721798296562e-06
4.947542947156369e+02,4.492096554693136e+00,2.771726910806977e-06
4.948042947156369e+02,4.492084551827340e+00,2.771732022851098e-06
4.948542947156369e+02,4.492072549270777e+00,2.771737135072856e-06
4.949042947156369e+02,4.492060547023203e+00,2.771742245862425e-06
4.949542947156369e+02,4.492048545084410e+00,2.771747356674199e-06
4.950042947156369e+02,4.492036543454235e+00,2.771752468540684e-06
4.950542947156370e+02,4.492024542132448e+00,2.771757580928975e-06
4.951042947156370e+02,4.492012541118823e+00,2.771762692762154e-06
4.951542947156370e+02,4.492000540413187e+00,2.771767804029119e-06
4.952042947156370e+02,4.491988540015327e+00,2.771772915862298e-06
4.952542947156370e+02,4.491976539925040e+00,2.771778026585254e-06
4.953042947156370e+02,4.491964540142144e+00,2.771783136486645e-06
4.953542947156370e+02,4.491952540666438e+00,2.771788246432445e-06
4.954042947156370e+02,4.491940541497682e+00,2.771793357655001e-06
4.954542947156370e+02,4.491928542635652e+00,2.771798470498483e-06
4.955042947156371e+02,4.491916544080225e+00,2.771803581043803e-06
4.955542947156371e+02,4.491904545831224e+00,2.771808689846073e-06
4.956042947156371e+02,4.491892547888335e+00,2.771813800091633e-06
4.956542947156371e+02,4.491880550251364e+00,2.771818911214270e-06
4.957042947156371e+02,4.491868552920180e+00,2.771824022858711e-06
4.957542947156371e+02,4.491856555894579e+00,2.771829134369925e-06
4.958042947156371e+02,4.491844559174337e+00,2.771834243560773e-06
4.958542947156371e+02,4.491832562759217e+00,2.771839351941158e-06
4.959042947156371e+02,4.491820566649030e+00,2.771844461065393e-06
4.959542947156372e+02,4.491808570843651e+00,2.771849569345858e-06
4.960042947156372e+02,4.491796575342835e+00,2.771854677726244e-06
4.960542947156372e+02,4.491784580146331e+00,2.771859787716453e-06
4.961042947156372e+02,4.491772585253976e+00,2.771864896574234e-06
4.961542947156372e+02,4.491760590665601e+00,2.771870004110850e-06
4.962042947156372e+02,4.491748596380970e+00,2.771875115921824e-06
4.962542947156372e+02,4.491736602399878e+00,2.771880227077767e-06
4.963042947156372e+02,4.491724608722172e+00,2.771885333382035e-06
4.963542947156373e+02,4.491712615347607e+00,2.771890441207309e-06
4.964042947156373e+02,4.491700622275959e+00,2.771895550531384e-06
4.964542947156373e+02,4.491688629507069e+00,2.771900658412169e-06
4.965042947156373e+02,4.491676637040754e+00,2.771905766714839e-06
4.965542947156373e+02,4.491664644876812e+00,2.771910875339474e-06
4.966042947156373e+02,4.491652653015025e+00,2.771915982598534e-06
4.966542947156373e+02,4.491640661455162e+00,2.771921089480118e-06
4.967042947156373e+02,4.491628670197041e+00,2.771926195617853e-06
4.967542947156373e+02,4.491616679240499e+00,2.771931302144166e-06
4.968042947156374e+02,4.491604688585321e+00,2.771936410535654e-06
4.968542947156374e+02,4.491592698231313e+00,2.771941518882732e-06
4.969042947156374e+02,4.491580708178297e+00,2.771946623899141e-06
4.969542947156374e+02,4.491568718426043e+00,2.771951727894146e-06
4.970042947156374e+02,4.491556728974334e+00,2.771956836119100e-06
4.970542947156374e+02,4.491544739822976e+00,2.771961945698527e-06
4.971042947156374e+02,4.491532750971789e+00,2.771967052380271e-06
4.971542947156374e+02,4.491520762420613e+00,2.771972157441089e-06
4.972042947156374e+02,4.491508774169231e+00,2.771977263156939e-06
4.972542947156375e+02,4.491496786217409e+00,2.771982369516719e-06
4.973042947156375e+02,4.491484798564954e+00,2.771987475598942e-06
4.973542947156375e+02,4.491472811211675e+00,2.771992580870703e-06
4.974042947156375e+02,4.491460824157421e+00,2.771997683555644e-06
4.974542947156375e+02,4.491448837402002e+00,2.772002787284196e-06
4.975042947156375e+02,4.491436850945160e+00,2.772007894854118e-06
4.975542947156375e+02,4.491424864786682e+00,2.772013001213897e-06
4.976042947156375e+02,4.491412878926413e+00,2.772018105564173e-06
4.976542947156375e+02,4.491400893364170e+00,2.772023209847836e-06
4.977042947156376e+02,4.491388908099726e+00,2.772028314164805e-06
4.977542947156376e+02,4.491376923132895e+00,2.772033419081294e-06
4.978042947156376e+02,4.491364938463511e+00,2.772038524852655e-06
4.978542947156376e+02,4.491352954091361e+00,2.772043630357563e-06
4.979042947156376e+02,4.491340970016221e+00,2.772048733653127e-06
4.979542947156376e+02,4.491328986237908e+00,2.772053837170736e-06
4.980042947156376e+02,4.491317002756238e+00,2.772058942886586e-06
4.980542947156376e+02,4.491305019571017e+00,2.772064047414497e-06
4.981042947156376e+02,4.491293036682052e+00,2.772069150066132e-06
4.981542947156377e+02,4.491281054089146e+00,2.772074253539331e-06
4.982042947156377e+02,4.491269071792106e+00,2.772079355780183e-06
4.982542947156377e+02,4.491257089790752e+00,2.772084456733177e-06
4.983042947156377e+02,4.491245108084866e+00,2.772089560417319e-06
4.983542947156377e+02,4.491233126674245e+00,2.772094664079256e-06
4.984042947156377e+02,4.491221145558727e+00,2.772099766153575e-06
4.984542947156377e+02,4.491209164738096e+00,2.772104870337317e-06
4.985042947156377e+02,4.491197184212141e+00,2.772109974554366e-06
4.985542947156378e+02,4.491185203980692e+00,2.772115076006960e-06
4.986042947156378e+02,4.491173224043565e+00,2.772120177492860e-06
4.986542947156378e+02,4.491161244400554e+00,2.772125279955756e-06
4.987042947156378e+02,4.491149265051439e+00,2.772130381741417e-06
4.987542947156378e+02,4.491137285996084e+00,2.772135483327238e-06
4.988042947156378e+02,4.491125307234292e+00,2.772140586212020e-06
4.988542947156378e+02,4.491113328765804e+00,2.772145689274436e-06
4.989042947156378e+02,4.491101350590459e+00,2.772150791137813e-06
4.989542947156378e+02,4.491089372708116e+00,2.772155891935375e-06
4.990042947156379e+02,4.491077395118558e+00,2.772160992166723e-06
4.990542947156379e+02,4.491065417821558e+00,2.772166093474988e-06
4.991042947156379e+02,4.491053440816923e+00,2.772171196159930e-06
4.991542947156379e+02,4.491041464104475e+00,2.772176298345270e-06
4.992042947156379e+02,4.491029487684027e+00,2.772181399509205e-06
4.992542947156379e+02,4.491017511555381e+00,2.772186500251256e-06
4.993042947156379e+02,4.491005535718344e+00,2.772191601714952e-06
4.993542947156379e+02,4.490993560172739e+00,2.772196702612434e-06
4.994042947156379e+02,4.490981584918376e+00,2.772201801178448e-06
4.994542947156380e+02,4.490969609955054e+00,2.772206899489111e-06
4.995042947156380e+02,4.490957635282606e+00,2.772211999820380e-06
4.995542947156380e+02,4.490945660900817e+00,2.772217100851088e-06
4.996042947156380e+02,4.490933686809495e+00,2.772222201426606e-06
4.996542947156380e+02,4.490921713008437e+00,2.772227302190862e-06
4.997042947156380e+02,4.490909739497450e+00,2.772232402710868e-06
4.997542947156380e+02,4.490897766276374e+00,2.772237503419612e-06
4.998042947156380e+02,4.490885793345018e+00,2.772242602718373e-06
4.998542947156380e+02,4.490873820703185e+00,2.772247701328796e-06
4.999042947156381e+02,4.490861848350663e+00,2.772252801271486e-06
4.999542947156381e+02,4.490849876281093e+00,2.772257900539329e-06
5.000000000000000e+02,4.490846148667494e+00,2.772260227009284e-06
