0.000000000000000e+00,1.238143963582793e-01
9.999999717180685e-10,1.238143815194691e-01
1.999999943436137e-09,1.238143766165108e-01
3.999999886872274e-09,1.238143781954424e-01
7.999999773744548e-09,1.238143847194584e-01
1.599999954748910e-08,1.238143937389344e-01
2.898228063551376e-08,1.238143955902820e-01
4.339681496841506e-08,1.238143511012298e-01
5.986506045728682e-08,1.238142098022010e-01
7.829402258622781e-08,1.238141086796500e-01
9.735697748291458e-08,1.238148928255174e-01
1.182915283643514e-07,1.238188287826495e-01
1.386183380311764e-07,1.238311399516450e-01
1.689932602443173e-07,1.238798164813825e-01
2.092984837015607e-07,1.240276387678701e-01
2.590975722772036e-07,1.243890217055880e-01
3.158915633001238e-07,1.250816619411891e-01
3.715487972154925e-07,1.260910666815343e-01
4.409962721289354e-07,1.277679148017711e-01
5.143218178362304e-07,1.299263112274591e-01
5.948215511908385e-07,1.326522138542507e-01
6.967744319284083e-07,1.364475692801839e-01
8.421802544234509e-07,1.421810272843011e-01
9.437320803298645e-07,1.463179411179778e-01
1.063444527389104e-06,1.512809260895457e-01
1.176693286017502e-06,1.560105476653221e-01
1.328265382864785e-06,1.623665975134848e-01
1.504994238040707e-06,1.697925112693682e-01
1.807677297865590e-06,1.825227906431051e-01
2.022585086962942e-06,1.915640654012605e-01
2.212636239795239e-06,1.995603117868211e-01
2.434065672138030e-06,2.088768453885879e-01
2.659253769990921e-06,2.183514474513076e-01
2.989500247538362e-06,2.322461240685205e-01
3.229431052893606e-06,2.423407838273948e-01
3.507546561360894e-06,2.540418659380689e-01
3.823995209196568e-06,2.673556900578418e-01
4.242772944066557e-06,2.849746380849620e-01
4.671451790910853e-06,3.030097822340668e-01
5.202945336705135e-06,3.253702169978139e-01
5.757383409403754e-06,3.486956803882275e-01
6.535114170271496e-06,3.814144575124139e-01
7.417373025972738e-06,4.185223306552386e-01
8.896232500765335e-06,4.806580679697343e-01
1.000000000000000e-05,5.269511688283335e-01
1.000608468401884e-05,5.271620282586631e-01
1.001825405205651e-05,5.276449204047329e-01
1.003018616883279e-05,5.281489696922788e-01
1.004633277824016e-05,5.288343795201484e-01
1.006396256552417e-05,5.295842537721560e-01
1.009510177813776e-05,5.309133163989421e-01
1.013165367369955e-05,5.324517534731221e-01
1.018684732322408e-05,5.346706756634645e-01
1.024635287731742e-05,5.368555957997412e-01
1.029598168251711e-05,5.384220795200159e-01
1.035336333973529e-05,5.398930141594775e-01
1.041358401615127e-05,5.410739242359697e-01
1.049117735669844e-05,5.421560718229019e-01
1.057591380069736e-05,5.429555124766363e-01
1.065112229900693e-05,5.434128355937538e-01
1.073169849887732e-05,5.437239568798995e-01
1.081024260480227e-05,5.439154068994976e-01
1.091040169311825e-05,5.440649042459820e-01
1.099900836124178e-05,5.441444141464824e-01
1.109789262815581e-05,5.441956614154833e-01
1.118741846362513e-05,5.442223291986219e-01
1.132026944140172e-05,5.442431915460808e-01
1.147926870491157e-05,5.442548261840441e-01
1.176099913396981e-05,5.442622995708017e-01
1.195422417801417e-05,5.442639492951513e-01
1.211557130125722e-05,5.442642524183638e-01
1.231105525130111e-05,5.442644317132099e-01
1.248731651616617e-05,5.442645427826651e-01
1.271195855782610e-05,5.442646610479844e-01
1.297749174352753e-05,5.442647958724549e-01
1.319657607950047e-05,5.442649045821895e-01
1.345494281458763e-05,5.442650337920136e-01
1.369101492162628e-05,5.442651513238148e-01
1.402544732651809e-05,5.442653183117205e-01
1.444241639767362e-05,5.442655256390780e-01
1.483889746676115e-05,5.442657231878878e-01
1.527604228228427e-05,5.442659394238696e-01
1.581164229908862e-05,5.442662041847757e-01
1.639864386932477e-05,5.442664942284101e-01
1.711563702680282e-05,5.442668500793273e-01
1.818021844818020e-05,5.442673784432215e-01
1.930382623284173e-05,5.442679364153373e-01
2.125331966041654e-05,5.442689039385764e-01
2.325444314044713e-05,5.442698971961821e-01
2.725669010050831e-05,5.442718831276712e-01
3.526118402063067e-05,5.442758552204014e-01
4.398024803252346e-05,5.442801818268781e-01
6.070469450863221e-05,5.442884810587152e-01
8.380648753300202e-05,5.442999448034676e-01
1.258509110550034e-04,5.443208084023670e-01
2.099397580990062e-04,5.443625353059565e-01
3.781174521870119e-04,5.444459880164434e-01
7.144728403630232e-04,5.446128890695159e-01
1.387183616715046e-03,5.449466736701054e-01
2.732605169419091e-03,5.456141728534400e-01
5.423448274827181e-03,5.469488913214868e-01
1.080513448564336e-02,5.496172099434731e-01
2.156850690727572e-02,5.549493841924102e-01
4.309525175054044e-02,5.655959622676654e-01
8.614874143706988e-02,5.868342745221382e-01
1.361487414370699e-01,6.114163672945709e-01
1.861487414370699e-01,6.359021128124942e-01
2.361487414370699e-01,6.602891708261711e-01
2.861487414370699e-01,6.845787008086930e-01
3.361487414370699e-01,7.087718398782472e-01
3.861487414370698e-01,7.328697032959670e-01
4.361487414370698e-01,7.568733850235569e-01
4.861487414370698e-01,7.807839582884382e-01
5.361487414370698e-01,8.046024761298760e-01
5.861487414370699e-01,8.283299719266068e-01
6.361487414370699e-01,8.519674599070854e-01
6.861487414370699e-01,8.755159356426279e-01
7.361487414370700e-01,8.989763765244665e-01
7.861487414370700e-01,9.223497422250972e-01
8.361487414370701e-01,9.456369751448306e-01
8.861487414370701e-01,9.688390008439027e-01
9.361487414370702e-01,9.919567284608244e-01
9.861487414370702e-01,1.014991051117326e+00
1.036148741437070e+00,1.037942846310770e+00
1.086148741437070e+00,1.060812976294155e+00
1.136148741437070e+00,1.083602288444296e+00
1.186148741437070e+00,1.106311615618672e+00
1.236148741437070e+00,1.128941776501461e+00
1.286148741437070e+00,1.151493575938840e+00
1.336148741437071e+00,1.173967805264308e+00
1.386148741437071e+00,1.196365242614160e+00
1.436148741437071e+00,1.218686653233598e+00
1.486148741437071e+00,1.240932789773783e+00
1.536148741437071e+00,1.263104392580079e+00
1.586148741437071e+00,1.285202189971892e+00
1.636148741437071e+00,1.307226898514486e+00
1.686148741437071e+00,1.329179223282742e+00
1.736148741437071e+00,1.351059858117499e+00
1.786148741437071e+00,1.372869485874624e+00
1.836148741437071e+00,1.394608778666952e+00
1.886148741437071e+00,1.416278398099348e+00
1.936148741437071e+00,1.437878995497342e+00
1.986148741437071e+00,1.459411212129346e+00
2.036148741437071e+00,1.480875679422749e+00
2.086148741437071e+00,1.502273019173980e+00
2.136148741437071e+00,1.523603843752937e+00
2.186148741437071e+00,1.544868756301923e+00
2.236148741437070e+00,1.566068350929074e+00
2.286148741437070e+00,1.587203212896706e+00
2.336148741437070e+00,1.608273918804640e+00
2.386148741437070e+00,1.629281036768561e+00
2.436148741437070e+00,1.650225126593819e+00
2.486148741437070e+00,1.671106739944632e+00
2.536148741437069e+00,1.691926420508872e+00
2.586148741437069e+00,1.712684704158556e+00
2.636148741437069e+00,1.733382119106263e+00
2.686148741437069e+00,1.754019186057570e+00
2.736148741437069e+00,1.774596418359545e+00
2.786148741437068e+00,1.795114322145474e+00
2.836148741437068e+00,1.815573396476014e+00
2.886148741437068e+00,1.835974133476793e+00
2.936148741437068e+00,1.856317018472554e+00
2.986148741437068e+00,1.876602530118020e+00
3.036148741437068e+00,1.896831140525524e+00
3.086148741437067e+00,1.917003315389499e+00
3.136148741437067e+00,1.937119514108026e+00
3.186148741437067e+00,1.957180189901267e+00
3.236148741437067e+00,1.977185789927172e+00
3.286148741437067e+00,1.997136755394434e+00
3.336148741437067e+00,2.017033521672687e+00
3.386148741437066e+00,2.036876518400133e+00
3.436148741437066e+00,2.056666169588584e+00
3.486148741437066e+00,2.076402893726067e+00
3.536148741437066e+00,2.096087103877077e+00
3.586148741437066e+00,2.115719207780470e+00
3.636148741437065e+00,2.135299607945069e+00
3.686148741437065e+00,2.154828701743080e+00
3.736148741437065e+00,2.174306881501362e+00
3.786148741437065e+00,2.193734534590750e+00
3.836148741437065e+00,2.213112043513255e+00
3.886148741437065e+00,2.232439785987199e+00
3.936148741437064e+00,2.251718135030593e+00
3.986148741437064e+00,2.270947459042627e+00
4.036148741437064e+00,2.290128121883338e+00
4.086148741437064e+00,2.309260482951517e+00
4.136148741437064e+00,2.328344897260884e+00
4.186148741437064e+00,2.347381715514635e+00
4.236148741437064e+00,2.366371284178345e+00
4.286148741437064e+00,2.385313945551329e+00
4.336148741437063e+00,2.404210037836441e+00
4.386148741437063e+00,2.423059895208329e+00
4.436148741437063e+00,2.441863847880294e+00
4.486148741437063e+00,2.460622222169729e+00
4.536148741437063e+00,2.479335340562166e+00
4.586148741437063e+00,2.498003521773926e+00
4.636148741437062e+00,2.516627080813548e+00
4.686148741437062e+00,2.535206329041882e+00
4.736148741437062e+00,2.553741574230941e+00
4.786148741437062e+00,2.572233120621496e+00
4.836148741437062e+00,2.590681268979567e+00
4.886148741437061e+00,2.609086316651804e+00
4.936148741437061e+00,2.627448557619541e+00
4.986148741437061e+00,2.645768282551817e+00
5.036148741437061e+00,2.664045778857552e+00
5.086148741437061e+00,2.682281330736426e+00
5.136148741437061e+00,2.700475219228817e+00
5.186148741437060e+00,2.718627722264730e+00
5.236148741437060e+00,2.736739114711731e+00
5.286148741437060e+00,2.754809668422069e+00
5.336148741437060e+00,2.772839652278746e+00
5.386148741437060e+00,2.790829332240678e+00
5.436148741437060e+00,2.808778971387021e+00
5.486148741437059e+00,2.826688829960630e+00
5.536148741437059e+00,2.844559165410704e+00
5.586148741437059e+00,2.862390232434588e+00
5.636148741437059e+00,2.880182283018767e+00
5.686148741437059e+00,2.897935566479036e+00
5.736148741437058e+00,2.915650329500000e+00
5.786148741437058e+00,2.933326816173728e+00
5.836148741437058e+00,2.950965268037755e+00
5.886148741437058e+00,2.968565924112405e+00
5.936148741437058e+00,2.986129020937306e+00
5.986148741437058e+00,3.003654792587330e+00
6.036148741437057e+00,3.021143470727882e+00
6.086148741437057e+00,3.038595284709075e+00
6.136148741437057e+00,3.056010461539770e+00
6.186148741437057e+00,3.073389225861384e+00
6.236148741437057e+00,3.090731800040341e+00
6.286148741437056e+00,3.108038404220046e+00
6.336148741437056e+00,3.125309256332550e+00
6.386148741437056e+00,3.142544572129466e+00
6.436148741437056e+00,3.159744565212361e+00
6.486148741437056e+00,3.176909447062652e+00
6.536148741437056e+00,3.194039427070984e+00
6.586148741437055e+00,3.211134712566015e+00
6.636148741437055e+00,3.228195508842727e+00
6.686148741437055e+00,3.245222019190223e+00
6.736148741437055e+00,3.262214444919050e+00
6.786148741437055e+00,3.279172985388079e+00
6.836148741437055e+00,3.296097838030817e+00
6.886148741437054e+00,3.312989198381417e+00
6.936148741437054e+00,3.329847260100140e+00
6.986148741437054e+00,3.346672214998333e+00
7.036148741437054e+00,3.363464253063091e+00
7.086148741437054e+00,3.380223562481480e+00
7.136148741437053e+00,3.396950329664208e+00
7.186148741437053e+00,3.413644739269000e+00
7.236148741437053e+00,3.430306974223742e+00
7.286148741437053e+00,3.446937215749027e+00
7.336148741437053e+00,3.463535643380255e+00
7.386148741437053e+00,3.480102434989558e+00
7.436148741437052e+00,3.496637766807335e+00
7.486148741437052e+00,3.513141813443256e+00
7.536148741437052e+00,3.529614747907171e+00
7.586148741437052e+00,3.546056741629549e+00
7.636148741437052e+00,3.562467964481457e+00
7.686148741437052e+00,3.578848584794420e+00
7.736148741437051e+00,3.595198769379905e+00
7.786148741437051e+00,3.611518683548443e+00
7.836148741437051e+00,3.627808491128425e+00
7.886148741437051e+00,3.644068354484674e+00
7.936148741437051e+00,3.660298434536625e+00
7.986148741437050e+00,3.676498890776335e+00
8.036148741437051e+00,3.692669881286132e+00
8.086148741437052e+00,3.708811562755918e+00
8.136148741437053e+00,3.724924090500389e+00
8.186148741437053e+00,3.741007618475769e+00
8.236148741437054e+00,3.757062299296371e+00
8.286148741437055e+00,3.773088284251017e+00
8.336148741437055e+00,3.789085723318978e+00
8.386148741437056e+00,3.805054765185847e+00
8.436148741437057e+00,3.820995557259118e+00
8.486148741437058e+00,3.836908245683434e+00
8.536148741437058e+00,3.852792975355726e+00
8.586148741437059e+00,3.868649889940067e+00
8.636148741437060e+00,3.884479131882268e+00
8.686148741437060e+00,3.900280842424324e+00
8.736148741437061e+00,3.916055161618610e+00
8.786148741437062e+00,3.931802228341822e+00
8.836148741437063e+00,3.947522180308763e+00
8.886148741437063e+00,3.963215154085898e+00
8.936148741437064e+00,3.978881285104657e+00
8.986148741437065e+00,3.994520707674640e+00
9.036148741437065e+00,4.010133554996677e+00
9.086148741437066e+00,4.025719959175440e+00
9.136148741437067e+00,4.041280051232013e+00
9.186148741437067e+00,4.056813961116414e+00
9.236148741437068e+00,4.072321817719728e+00
9.286148741437069e+00,4.087803748886180e+00
9.336148741437070e+00,4.103259881424947e+00
9.386148741437070e+00,4.118690341121900e+00
9.436148741437071e+00,4.134095252751099e+00
9.486148741437072e+00,4.149474740086109e+00
9.536148741437072e+00,4.164828925911232e+00
9.586148741437073e+00,4.180157932032523e+00
9.636148741437074e+00,4.195461879288706e+00
9.686148741437075e+00,4.210740887561794e+00
9.736148741437075e+00,4.225995075787726e+00
9.786148741437076e+00,4.241224561966763e+00
9.836148741437077e+00,4.256429463173736e+00
9.886148741437077e+00,4.271609895568240e+00
9.936148741437078e+00,4.286765974404519e+00
9.986148741437079e+00,4.301897814041326e+00
1.003614874143708e+01,4.317005527951718e+00
1.008614874143708e+01,4.332089228732483e+00
1.013614874143708e+01,4.347149028113682e+00
1.018614874143708e+01,4.362185036967992e+00
1.023614874143708e+01,4.377197365319759e+00
1.028614874143708e+01,4.392186122354107e+00
1.033614874143708e+01,4.407151416425858e+00
1.038614874143708e+01,4.422093355068388e+00
1.043614874143709e+01,4.437012045002318e+00
1.048614874143709e+01,4.451907592143957e+00
1.053614874143709e+01,4.466780101613873e+00
1.058614874143709e+01,4.481629677745216e+00
1.063614874143709e+01,4.496456424091923e+00
1.068614874143709e+01,4.511260443436898e+00
1.073614874143709e+01,4.526041837799911e+00
1.078614874143709e+01,4.540800708445527e+00
1.083614874143709e+01,4.555537155890987e+00
1.088614874143709e+01,4.570251279913823e+00
1.093614874143709e+01,4.584943179559483e+00
1.098614874143709e+01,4.599612953148887e+00
1.103614874143709e+01,4.614260698285722e+00
1.108614874143709e+01,4.628886511863693e+00
1.113614874143710e+01,4.643490490073825e+00
1.118614874143710e+01,4.658072728411598e+00
1.123614874143710e+01,4.672633321683936e+00
1.128614874143710e+01,4.687172364016022e+00
1.133614874143710e+01,4.701689948858270e+00
1.138614874143710e+01,4.716186168993083e+00
1.143614874143710e+01,4.730661116541386e+00
1.148614874143710e+01,4.745114882969291e+00
1.153614874143710e+01,4.759547559094637e+00
1.158614874143710e+01,4.773959235093265e+00
1.163614874143710e+01,4.788350000505416e+00
1.168614874143710e+01,4.802719944242093e+00
1.173614874143710e+01,4.817069154591080e+00
1.178614874143710e+01,4.831397719222966e+00
1.183614874143711e+01,4.845705725197362e+00
1.188614874143711e+01,4.859993258968778e+00
1.193614874143711e+01,4.874260406392491e+00
1.198614874143711e+01,4.888507252730313e+00
1.203614874143711e+01,4.902733882656206e+00
1.208614874143711e+01,4.916940380262122e+00
1.213614874143711e+01,4.931126829063534e+00
1.218614874143711e+01,4.945293312004837e+00
1.223614874143711e+01,4.959439911464951e+00
1.228614874143711e+01,4.973566709262632e+00
1.233614874143711e+01,4.987673786661759e+00
1.238614874143711e+01,5.001761224376581e+00
1.243614874143711e+01,5.015829102576916e+00
1.248614874143711e+01,5.029877500893384e+00
1.253614874143712e+01,5.043906498422291e+00
1.258614874143712e+01,5.057916173730681e+00
1.263614874143712e+01,5.071906604861391e+00
1.268614874143712e+01,5.085877869337730e+00
1.273614874143712e+01,5.099830044168425e+00
1.278614874143712e+01,5.113763205852419e+00
1.283614874143712e+01,5.127677430383558e+00
1.288614874143712e+01,5.141572793255194e+00
1.293614874143712e+01,5.155449369464758e+00
1.298614874143712e+01,5.169307233518379e+00
1.303614874143712e+01,5.183146459435347e+00
1.308614874143712e+01,5.196967120752550e+00
1.313614874143712e+01,5.210769290528860e+00
1.318614874143712e+01,5.224553041349425e+00
1.323614874143713e+01,5.238318445330068e+00
1.328614874143713e+01,5.252065574121421e+00
1.333614874143713e+01,5.265794498913030e+00
1.338614874143713e+01,5.279505290437677e+00
1.343614874143713e+01,5.293198018975469e+00
1.348614874143713e+01,5.306872754357719e+00
1.353614874143713e+01,5.320529565971047e+00
1.358614874143713e+01,5.334168522761279e+00
1.363614874143713e+01,5.347789693237315e+00
1.368614874143713e+01,5.361393145475119e+00
1.373614874143713e+01,5.374978947121460e+00
1.378614874143713e+01,5.388547165397661e+00
1.383614874143713e+01,5.402097867103452e+00
1.388614874143713e+01,5.415631118620551e+00
1.393614874143714e+01,5.429146985916298e+00
1.398614874143714e+01,5.442645534547232e+00
1.403614874143714e+01,5.456126829662734e+00
1.408614874143714e+01,5.469590936008576e+00
1.413614874143714e+01,5.483037917930416e+00
1.418614874143714e+01,5.496467839377157e+00
1.423614874143714e+01,5.509882130026785e+00
1.427000000000000e+01,5.518955823804665e+00
1.427000001000000e+01,5.518956197614936e+00
1.427000003000000e+01,5.518956473354683e+00
1.427000004051729e+01,5.518956787052906e+00
1.427000004984516e+01,5.518957408179001e+00
1.427000006217225e+01,5.518958449328007e+00
1.427000007783856e+01,5.518958650195604e+00
1.427000009331467e+01,5.518955659633627e+00
1.427000010000000e+01,5.518952552105427e+00
1.427000010023375e+01,5.518950800900709e+00
1.427000010070125e+01,5.518950059796492e+00
1.427000010163625e+01,5.518950886103831e+00
1.427000010350626e+01,5.518949126838979e+00
1.427000010724627e+01,5.518943354414747e+00
1.427000011472628e+01,5.518925437736326e+00
1.427000012968632e+01,5.518855898939645e+00
1.427000014900851e+01,5.518661158535400e+00
1.427000017827701e+01,5.518066064759966e+00
1.427000020762570e+01,5.516982668065218e+00
1.427000023722001e+01,5.515193059290144e+00
1.427000026829638e+01,5.512336306852226e+00
1.427000031000143e+01,5.507056233122055e+00
1.427000034041567e+01,5.502102461956904e+00
1.427000037169734e+01,5.495862787923561e+00
1.427000040657067e+01,5.487824825160965e+00
1.427000043469091e+01,5.480591273767185e+00
1.427000045762097e+01,5.474186755214032e+00
1.427000047855658e+01,5.467977907161934e+00
1.427000049912528e+01,5.461564752080958e+00
1.427000051976981e+01,5.454803024962601e+00
1.427000054413824e+01,5.446426519510474e+00
1.427000055979414e+01,5.440666288276667e+00
1.427000057183620e+01,5.435494069967623e+00
1.427000057943685e+01,5.431435931230022e+00
1.427000058639829e+01,5.427210661295899e+00
1.427000059417613e+01,5.422431640596789e+00
1.427000060347012e+01,5.416884231624759e+00
1.427000061191954e+01,5.412028004386405e+00
1.427000062039946e+01,5.407355178699761e+00
1.427000063114711e+01,5.401706182994877e+00
1.427000064365786e+01,5.395458729001730e+00
1.427000065518000e+01,5.390012628313832e+00
1.427000066663348e+01,5.384886871288407e+00
1.427000067764012e+01,5.380211858170330e+00
1.427000068903643e+01,5.375613534300724e+00
1.427000070028186e+01,5.371306808858312e+00
1.427000071184656e+01,5.367107486605036e+00
1.427000072339832e+01,5.363041333589734e+00
1.427000073536675e+01,5.358723493412771e+00
1.427000074758924e+01,5.354019928196982e+00
1.427000076049091e+01,5.348751419008724e+00
1.427000076776260e+01,5.345643627120207e+00
1.427000077361480e+01,5.343042247811626e+00
1.427000078033024e+01,5.339939167366239e+00
1.427000078713427e+01,5.336631971245827e+00
1.427000079613597e+01,5.331981199017836e+00
1.427000080544710e+01,5.326823797849176e+00
1.427000081783968e+01,5.319481252163595e+00
1.427000083163287e+01,5.310933086326946e+00
1.427000084363066e+01,5.303410413855375e+00
1.427000085383536e+01,5.297136062315980e+00
1.427000086275520e+01,5.291844757093036e+00
1.427000087133148e+01,5.286955306867495e+00
1.427000087995742e+01,5.282230530032833e+00
1.427000088966420e+01,5.277129487051202e+00
1.427000090195066e+01,5.270941407899420e+00
1.427000091568792e+01,5.264314755945170e+00
1.427000093139549e+01,5.257051762216839e+00
1.427000094826836e+01,5.249553962122540e+00
1.427000096786699e+01,5.241160564026988e+00
1.427000098929369e+01,5.232254824662962e+00
1.427000100000000e+01,5.227890651375236e+00
1.427000100248389e+01,5.226903572986481e+00
1.427000100745168e+01,5.224934964570910e+00
1.427000101738725e+01,5.221043820924686e+00
1.427000103725839e+01,5.213428478998720e+00
1.427000106235326e+01,5.204096528607630e+00
1.427000108489476e+01,5.196020968369811e+00
1.427000110493822e+01,5.189126737677309e+00
1.427000112394957e+01,5.182848198777983e+00
1.427000114185338e+01,5.177177237348166e+00
1.427000116125869e+01,5.171285195510316e+00
1.427000117892225e+01,5.166156151022566e+00
1.427000120070702e+01,5.160116776470814e+00
1.427000122131983e+01,5.154668076779825e+00
1.427000124023927e+01,5.149934028384639e+00
1.427000125738137e+01,5.145939979994202e+00
1.427000127804756e+01,5.141584120982106e+00
1.427000129956099e+01,5.137667969199136e+00
1.427000132149242e+01,5.134421060658844e+00
1.427000134456553e+01,5.131786444633539e+00
1.427000137324166e+01,5.129263568762839e+00
1.427000140442763e+01,5.126925034196211e+00
1.427000143392791e+01,5.124691821393099e+00
1.427000146932975e+01,5.121699192308062e+00
1.427000150701607e+01,5.118267973866026e+00
1.427000154100898e+01,5.115233959076587e+00
1.427000157550252e+01,5.112488237383653e+00
1.427000161749763e+01,5.109717875708834e+00
1.427000166002646e+01,5.107557547495608e+00
1.427000171727427e+01,5.105496166595701e+00
1.427000178863791e+01,5.103782732902871e+00
1.427000185421663e+01,5.102797330141727e+00
1.427000192322770e+01,5.102167197157597e+00
1.427000199085905e+01,5.101776826418624e+00
1.427000206068202e+01,5.101509186347551e+00
1.427000212890622e+01,5.101320766448749e+00
1.427000219870654e+01,5.101169818826355e+00
1.427000226766663e+01,5.101043587165698e+00
1.427000233806646e+01,5.100927970554964e+00
1.427000240814653e+01,5.100820152068745e+00
1.427000248171148e+01,5.100710748390775e+00
1.427000256884700e+01,5.100581891309206e+00
1.427000266772584e+01,5.100432068288988e+00
1.427000278594291e+01,5.100244019497205e+00
1.427000292439107e+01,5.100015536283679e+00
1.427000305693705e+01,5.099803769814807e+00
1.427000317794009e+01,5.099630788078431e+00
1.427000324454125e+01,5.099548336635521e+00
1.427000329213790e+01,5.099496584840613e+00
1.427000334489370e+01,5.099445889136799e+00
1.427000339700782e+01,5.099403057789419e+00
1.427000344535139e+01,5.099370255891470e+00
1.427000349763847e+01,5.099341154730547e+00
1.427000354541032e+01,5.099319152878580e+00
1.427000359510781e+01,5.099300053896016e+00
1.427000364276300e+01,5.099284612469738e+00
1.427000369405910e+01,5.099270557948289e+00
1.427000374514144e+01,5.099258698970875e+00
1.427000380137129e+01,5.099247658756546e+00
1.427000385951546e+01,5.099238007387687e+00
1.427000392638114e+01,5.099228646306590e+00
1.427000399837338e+01,5.099220172638234e+00
1.427000408631776e+01,5.099211493915898e+00
1.427000418498594e+01,5.099203232788210e+00
1.427000427786039e+01,5.099196532099027e+00
1.427000437893134e+01,5.099190096569543e+00
1.427000448563126e+01,5.099183977964118e+00
1.427000463861725e+01,5.099175982142642e+00
1.427000485394178e+01,5.099165505908315e+00
1.427000499965834e+01,5.099158779579133e+00
1.427000514988921e+01,5.099152099532567e+00
1.427000531743899e+01,5.099144832967231e+00
1.427000551064640e+01,5.099136633374854e+00
1.427000569485141e+01,5.099128972301216e+00
1.427000590690448e+01,5.099120335386915e+00
1.427000618162728e+01,5.099109366168196e+00
1.427000639049681e+01,5.099101190718675e+00
1.427000661730936e+01,5.099092492288921e+00
1.427000686876236e+01,5.099083048270050e+00
1.427000717446303e+01,5.099071859261499e+00
1.427000765011407e+01,5.099054945733184e+00
1.427000805734348e+01,5.099040924240430e+00
1.427000850973564e+01,5.099025890026365e+00
1.427000898827029e+01,5.099010532797061e+00
1.427000946365204e+01,5.098995815669840e+00
1.427000994757589e+01,5.098981357640489e+00
1.427001038433044e+01,5.098968758899314e+00
1.427001085171388e+01,5.098955728232375e+00
1.427001128974306e+01,5.098943912024126e+00
1.427001172836232e+01,5.098932475889417e+00
1.427001223291428e+01,5.098919771843724e+00
1.427001275861547e+01,5.098907043885474e+00
1.427001345003498e+01,5.098891034524234e+00
1.427001419797650e+01,5.098874598684329e+00
1.427001515235014e+01,5.098854873245354e+00
1.427001619466045e+01,5.098834839723597e+00
1.427001757429218e+01,5.098810624428489e+00
1.427001941766374e+01,5.098781999607374e+00
1.427002240060524e+01,5.098743511445458e+00
1.427002766653813e+01,5.098691394499377e+00
1.427003451748556e+01,5.098644014130327e+00
1.427004305529242e+01,5.098606637618435e+00
1.427005326317911e+01,5.098580836430131e+00
1.427006732316796e+01,5.098562130436970e+00
1.427008282710859e+01,5.098551916144153e+00
1.427010371710697e+01,5.098545161767447e+00
1.427012959052607e+01,5.098540196984601e+00
1.427016866355811e+01,5.098534887536318e+00
1.427022829581265e+01,5.098528803652137e+00
1.427033311858372e+01,5.098521302068740e+00
1.427047772417017e+01,5.098514625352116e+00
1.427062110427187e+01,5.098510627169936e+00
1.427078928571845e+01,5.098507771305051e+00
1.427099267841714e+01,5.098505444601824e+00
1.427129253126021e+01,5.098502862007219e+00
1.427174418491073e+01,5.098499515484479e+00
1.427253684120167e+01,5.098493942474675e+00
1.427412215378355e+01,5.098482888418125e+00
1.427729277894730e+01,5.098460786479778e+00
1.428363402927480e+01,5.098416585684860e+00
1.429631652992980e+01,5.098328197842924e+00
1.432168153123980e+01,5.098151475913372e+00
1.437168153123980e+01,5.097803273255642e+00
1.442168153123980e+01,5.097455267569080e+00
1.447168153123980e+01,5.097107486412094e+00
1.452168153123980e+01,5.096759929641892e+00
1.457168153123980e+01,5.096412597116511e+00
1.462168153123980e+01,5.096065488693441e+00
1.467168153123980e+01,5.095718604230751e+00
1.472168153123980e+01,5.095371943586106e+00
1.477168153123980e+01,5.095025506617847e+00
1.482168153123980e+01,5.094679293183767e+00
1.487168153123980e+01,5.094333303142352e+00
1.492168153123981e+01,5.093987536351530e+00
1.497168153123981e+01,5.093641992669870e+00
1.502168153123981e+01,5.093296671955581e+00
1.507168153123981e+01,5.092951574067372e+00
1.512168153123981e+01,5.092606698863600e+00
1.517168153123981e+01,5.092262046203223e+00
1.522168153123981e+01,5.091917615944682e+00
1.527168153123981e+01,5.091573407946992e+00
1.532168153123981e+01,5.091229422068889e+00
1.537168153123981e+01,5.090885658169564e+00
1.542168153123981e+01,5.090542116107763e+00
1.547168153123981e+01,5.090198795742889e+00
1.552168153123981e+01,5.089855696934055e+00
1.557168153123981e+01,5.089512819540661e+00
1.562168153123982e+01,5.089170163421805e+00
1.567168153123982e+01,5.088827728437256e+00
1.572168153123982e+01,5.088485514446397e+00
1.577168153123982e+01,5.088143521308957e+00
1.582168153123982e+01,5.087801748884428e+00
1.587168153123982e+01,5.087460197032812e+00
1.592168153123982e+01,5.087118865613808e+00
1.597168153123982e+01,5.086777754487487e+00
1.602168153123982e+01,5.086436863513674e+00
1.607168153123982e+01,5.086096192552674e+00
1.612168153123982e+01,5.085755741464478e+00
1.617168153123982e+01,5.085415510109508e+00
1.622168153123982e+01,5.085075498347960e+00
1.627168153123982e+01,5.084735706040365e+00
1.632168153123983e+01,5.084396133047088e+00
1.637168153123983e+01,5.084056779228895e+00
1.642168153123983e+01,5.083717644446222e+00
1.647168153123983e+01,5.083378728559930e+00
1.652168153123983e+01,5.083040031430759e+00
1.657168153123983e+01,5.082701552919702e+00
1.662168153123983e+01,5.082363292887564e+00
1.667168153123983e+01,5.082025251195572e+00
1.672168153123983e+01,5.081687427704757e+00
1.677168153123983e+01,5.081349822276448e+00
1.682168153123983e+01,5.081012434771718e+00
1.687168153123983e+01,5.080675265052080e+00
1.692168153123983e+01,5.080338312978938e+00
1.697168153123983e+01,5.080001578413894e+00
1.702168153123984e+01,5.079665061218403e+00
1.707168153123984e+01,5.079328761254238e+00
1.712168153123984e+01,5.078992678383099e+00
1.717168153123984e+01,5.078656812466988e+00
1.722168153123984e+01,5.078321163367648e+00
1.727168153123984e+01,5.077985730947159e+00
1.732168153123984e+01,5.077650515067544e+00
1.737168153123984e+01,5.077315515591080e+00
1.742168153123984e+01,5.076980732379878e+00
1.747168153123984e+01,5.076646165296342e+00
1.752168153123984e+01,5.076311814202803e+00
1.757168153123984e+01,5.075977678961796e+00
1.762168153123984e+01,5.075643759435685e+00
1.767168153123984e+01,5.075310055487282e+00
1.772168153123985e+01,5.074976566979283e+00
1.777168153123985e+01,5.074643293774461e+00
1.782168153123985e+01,5.074310235735585e+00
1.787168153123985e+01,5.073977392725718e+00
1.792168153123985e+01,5.073644764607792e+00
1.797168153123985e+01,5.073312351244983e+00
1.802168153123985e+01,5.072980152500389e+00
1.807168153123985e+01,5.072648168237341e+00
1.812168153123985e+01,5.072316398319144e+00
1.817168153123985e+01,5.071984842609266e+00
1.822168153123985e+01,5.071653500971069e+00
1.827168153123985e+01,5.071322373268202e+00
1.832168153123985e+01,5.070991459364296e+00
1.837168153123985e+01,5.070660759123132e+00
1.842168153123986e+01,5.070330272408389e+00
1.847168153123986e+01,5.069999999084068e+00
1.852168153123986e+01,5.069669939014105e+00
1.857168153123986e+01,5.069340092062503e+00
1.862168153123986e+01,5.069010458093331e+00
1.867168153123986e+01,5.068681036970919e+00
1.872168153123986e+01,5.068351828559464e+00
1.877168153123986e+01,5.068022832723333e+00
1.882168153123986e+01,5.067694049326892e+00
1.887168153123986e+01,5.067365478234700e+00
1.892168153123986e+01,5.067037119311331e+00
1.897168153123986e+01,5.066708972421499e+00
1.902168153123986e+01,5.066381037429838e+00
1.907168153123986e+01,5.066053314201223e+00
1.912168153123987e+01,5.065725802600503e+00
1.917168153123987e+01,5.065398502492726e+00
1.922168153123987e+01,5.065071413742906e+00
1.927168153123987e+01,5.064744536216176e+00
1.932168153123987e+01,5.064417869777695e+00
1.937168153123987e+01,5.064091414292809e+00
1.942168153123987e+01,5.063765169626797e+00
1.947168153123987e+01,5.063439135645122e+00
1.952168153123987e+01,5.063113312213326e+00
1.957168153123987e+01,5.062787699197068e+00
1.962168153123987e+01,5.062462296461929e+00
1.967168153123987e+01,5.062137103873637e+00
1.972168153123987e+01,5.061812121298008e+00
1.977168153123987e+01,5.061487348601061e+00
1.982168153123988e+01,5.061162785648705e+00
1.987168153123988e+01,5.060838432306954e+00
1.992168153123988e+01,5.060514288441894e+00
1.997168153123988e+01,5.060190353919839e+00
2.002168153123988e+01,5.059866628607060e+00
2.007168153123988e+01,5.059543112369886e+00
2.012168153123988e+01,5.059219805074735e+00
2.017168153123988e+01,5.058896706588203e+00
2.022168153123988e+01,5.058573816776831e+00
2.027168153123988e+01,5.058251135507319e+00
2.032168153123988e+01,5.057928662646353e+00
2.037168153123988e+01,5.057606398060788e+00
2.042168153123988e+01,5.057284341617529e+00
2.047168153123988e+01,5.056962493183589e+00
2.052168153123989e+01,5.056640852625993e+00
2.057168153123989e+01,5.056319419811899e+00
2.062168153123989e+01,5.055998194608473e+00
2.067168153123989e+01,5.055677176882974e+00
2.072168153123989e+01,5.055356366502761e+00
2.077168153123989e+01,5.055035763335338e+00
2.082168153123989e+01,5.054715367248169e+00
2.087168153123989e+01,5.054395178108875e+00
2.092168153123989e+01,5.054075195785132e+00
2.097168153123989e+01,5.053755420144659e+00
2.102168153123989e+01,5.053435851055225e+00
2.107168153123989e+01,5.053116488384779e+00
2.112168153123989e+01,5.052797332001302e+00
2.117168153123989e+01,5.052478381772887e+00
2.122168153123989e+01,5.052159637567569e+00
2.127168153123990e+01,5.051841099253536e+00
2.132168153123990e+01,5.051522766699128e+00
2.137168153123990e+01,5.051204639772724e+00
2.142168153123990e+01,5.050886718342636e+00
2.147168153123990e+01,5.050569002277435e+00
2.152168153123990e+01,5.050251491445760e+00
2.157168153123990e+01,5.049934185716220e+00
2.162168153123990e+01,5.049617084957513e+00
2.167168153123990e+01,5.049300189038477e+00
2.172168153123990e+01,5.048983497827980e+00
2.177168153123990e+01,5.048667011195030e+00
2.182168153123990e+01,5.048350729008646e+00
2.187168153123990e+01,5.048034651137921e+00
2.192168153123990e+01,5.047718777451977e+00
2.197168153123991e+01,5.047403107820164e+00
2.202168153123991e+01,5.047087642111862e+00
2.207168153123991e+01,5.046772380196417e+00
2.212168153123991e+01,5.046457321943314e+00
2.217168153123991e+01,5.046142467222142e+00
2.222168153123991e+01,5.045827815902506e+00
2.227168153123991e+01,5.045513367854170e+00
2.232168153123991e+01,5.045199122946923e+00
2.237168153123991e+01,5.044885081050588e+00
2.242168153123991e+01,5.044571242035102e+00
2.247168153123991e+01,5.044257605770559e+00
2.252168153123991e+01,5.043944172127047e+00
2.257168153123991e+01,5.043630940974693e+00
2.262168153123991e+01,5.043317912183728e+00
2.267168153123992e+01,5.043005085624517e+00
2.272168153123992e+01,5.042692461167419e+00
2.277168153123992e+01,5.042380038682918e+00
2.282168153123992e+01,5.042067818041552e+00
2.287168153123992e+01,5.041755799113982e+00
2.292168153123992e+01,5.041443981770882e+00
2.297168153123992e+01,5.041132365882944e+00
2.302168153123992e+01,5.040820951321062e+00
2.307168153123992e+01,5.040509737956220e+00
2.312168153123992e+01,5.040198725659387e+00
2.317168153123992e+01,5.039887914301659e+00
2.322168153123992e+01,5.039577303754118e+00
2.327168153123992e+01,5.039266893887961e+00
2.332168153123992e+01,5.038956684574509e+00
2.337168153123993e+01,5.038646675685187e+00
2.342168153123993e+01,5.038336867091437e+00
2.347168153123993e+01,5.038027258664725e+00
2.352168153123993e+01,5.037717850276654e+00
2.357168153123993e+01,5.037408641798908e+00
2.362168153123993e+01,5.037099633103195e+00
2.367168153123993e+01,5.036790824061375e+00
2.372168153123993e+01,5.036482214545351e+00
2.377168153123993e+01,5.036173804427087e+00
2.382168153123993e+01,5.035865593578591e+00
2.387168153123993e+01,5.035557581871966e+00
2.392168153123993e+01,5.035249769179371e+00
2.397168153123993e+01,5.034942155373154e+00
2.402168153123993e+01,5.034634740325676e+00
2.407168153123994e+01,5.034327523909290e+00
2.412168153123994e+01,5.034020505996498e+00
2.417168153123994e+01,5.033713686459834e+00
2.422168153123994e+01,5.033407065171910e+00
2.427168153123994e+01,5.033100642005525e+00
2.432168153123994e+01,5.032794416833499e+00
2.437168153123994e+01,5.032488389528593e+00
2.442168153123994e+01,5.032182559963685e+00
2.447168153123994e+01,5.031876928011894e+00
2.452168153123994e+01,5.031571493546264e+00
2.457168153123994e+01,5.031266256439908e+00
2.462168153123994e+01,5.030961216566116e+00
2.467168153123994e+01,5.030656373798202e+00
2.472168153123994e+01,5.030351728009505e+00
2.477168153123995e+01,5.030047279073461e+00
2.482168153123995e+01,5.029743026863579e+00
2.487168153123995e+01,5.029438971253515e+00
2.492168153123995e+01,5.029135112116927e+00
2.497168153123995e+01,5.028831449327535e+00
2.502168153123995e+01,5.028527982759192e+00
2.507168153123995e+01,5.028224712285778e+00
2.512168153123995e+01,5.027921637781198e+00
2.517168153123995e+01,5.027618759119513e+00
2.522168153123995e+01,5.027316076174905e+00
2.527168153123995e+01,5.027013588821537e+00
2.532168153123995e+01,5.026711296933613e+00
2.537168153123995e+01,5.026409200385523e+00
2.542168153123995e+01,5.026107299051680e+00
2.547168153123996e+01,5.025805592806529e+00
2.552168153123996e+01,5.025504081524605e+00
2.557168153123996e+01,5.025202765080565e+00
2.562168153123996e+01,5.024901643349135e+00
2.567168153123996e+01,5.024600716205051e+00
2.572168153123996e+01,5.024299983523145e+00
2.577168153123996e+01,5.023999445178372e+00
2.582168153123996e+01,5.023699101045717e+00
2.587168153123996e+01,5.023398951000257e+00
2.592168153123996e+01,5.023098994917127e+00
2.597168153123996e+01,5.022799232671491e+00
2.602168153123996e+01,5.022499664138645e+00
2.607168153123996e+01,5.022200289194014e+00
2.612168153123996e+01,5.021901107713002e+00
2.617168153123997e+01,5.021602119571090e+00
2.622168153123997e+01,5.021303324643872e+00
2.627168153123997e+01,5.021004722806940e+00
2.632168153123997e+01,5.020706313936041e+00
2.637168153123997e+01,5.020408097907027e+00
2.642168153123997e+01,5.020110074595743e+00
2.647168153123997e+01,5.019812243878115e+00
2.652168153123997e+01,5.019514605630148e+00
2.657168153123997e+01,5.019217159727951e+00
2.662168153123997e+01,5.018919906047667e+00
2.667168153123997e+01,5.018622844465510e+00
2.672168153123997e+01,5.018325974857809e+00
2.677168153123997e+01,5.018029297100947e+00
2.682168153123997e+01,5.017732811071349e+00
2.687168153123998e+01,5.017436516645517e+00
2.692168153123998e+01,5.017140413700093e+00
2.697168153123998e+01,5.016844502111733e+00
2.702168153123998e+01,5.016548781757129e+00
2.707168153123998e+01,5.016253252513138e+00
2.712168153123998e+01,5.015957914256666e+00
2.717168153123998e+01,5.015662766864637e+00
2.722168153123998e+01,5.015367810214011e+00
2.727168153123998e+01,5.015073044181960e+00
2.732168153123998e+01,5.014778468645689e+00
2.737168153123998e+01,5.014484083482375e+00
2.742168153123998e+01,5.014189888569310e+00
2.747168153123998e+01,5.013895883783880e+00
2.752168153123998e+01,5.013602069003646e+00
2.757168153123999e+01,5.013308444106160e+00
2.762168153123999e+01,5.013015008968909e+00
2.767168153123999e+01,5.012721763469576e+00
2.772168153123999e+01,5.012428707485924e+00
2.777168153123999e+01,5.012135840895771e+00
2.782168153123999e+01,5.011843163577067e+00
2.787168153123999e+01,5.011550675407739e+00
2.792168153123999e+01,5.011258376265771e+00
2.797168153123999e+01,5.010966266029311e+00
2.802168153123999e+01,5.010674344576537e+00
2.807168153123999e+01,5.010382611785687e+00
2.812168153123999e+01,5.010091067535123e+00
2.817168153123999e+01,5.009799711703189e+00
2.822168153123999e+01,5.009508544168316e+00
2.827168153124000e+01,5.009217564809118e+00
2.832168153124000e+01,5.008926773504180e+00
2.837168153124000e+01,5.008636170132157e+00
2.842168153124000e+01,5.008345754571802e+00
2.847168153124000e+01,5.008055526701908e+00
2.852168153124000e+01,5.007765486401446e+00
2.857168153124000e+01,5.007475633549406e+00
2.862168153124000e+01,5.007185968024720e+00
2.867168153124000e+01,5.006896489706461e+00
2.872168153124000e+01,5.006607198473874e+00
2.877168153124000e+01,5.006318094206235e+00
2.882168153124000e+01,5.006029176782860e+00
2.887168153124000e+01,5.005740446083114e+00
2.892168153124000e+01,5.005451901986449e+00
2.897168153124001e+01,5.005163544372436e+00
2.902168153124001e+01,5.004875373120641e+00
2.907168153124001e+01,5.004587388110695e+00
2.912168153124001e+01,5.004299589222390e+00
2.917168153124001e+01,5.004011976335601e+00
2.922168153124001e+01,5.003724549330176e+00
2.927168153124001e+01,5.003437308086019e+00
2.932168153124001e+01,5.003150252483195e+00
2.937168153124001e+01,5.002863382401832e+00
2.942168153124001e+01,5.002576697722072e+00
2.947168153124001e+01,5.002290198324140e+00
2.952168153124001e+01,5.002003884088364e+00
2.957168153124001e+01,5.001717754895131e+00
2.962168153124001e+01,5.001431810624919e+00
2.967168153124002e+01,5.001146051158245e+00
2.972168153124002e+01,5.000860476375625e+00
2.977168153124002e+01,5.000575086157760e+00
2.982168153124002e+01,5.000289880385447e+00
2.987168153124002e+01,5.000004858939492e+00
2.992168153124002e+01,4.999720021700717e+00
2.997168153124002e+01,4.999435368550086e+00
3.002168153124002e+01,4.999150899368640e+00
3.007168153124002e+01,4.998866614037398e+00
3.012168153124002e+01,4.998582512437522e+00
3.017168153124002e+01,4.998298594450293e+00
3.022168153124002e+01,4.998014859957006e+00
3.027168153124002e+01,4.997731308838994e+00
3.032168153124002e+01,4.997447940977718e+00
3.037168153124003e+01,4.997164756254702e+00
3.042168153124003e+01,4.996881754551483e+00
3.047168153124003e+01,4.996598935749703e+00
3.052168153124003e+01,4.996316299731112e+00
3.057168153124003e+01,4.996033846377549e+00
3.062168153124003e+01,4.995751575570821e+00
3.067168153124003e+01,4.995469487192795e+00
3.072168153124003e+01,4.995187581125533e+00
3.077168153124003e+01,4.994905857251101e+00
3.082168153124003e+01,4.994624315451619e+00
3.087168153124003e+01,4.994342955609332e+00
3.092168153124003e+01,4.994061777606468e+00
3.097168153124003e+01,4.993780781325398e+00
3.102168153124003e+01,4.993499966648568e+00
3.107168153124003e+01,4.993219333458388e+00
3.112168153124004e+01,4.992938881637440e+00
3.117168153124004e+01,4.992658611068388e+00
3.122168153124004e+01,4.992378521633882e+00
3.127168153124004e+01,4.992098613216672e+00
3.132168153124004e+01,4.991818885699662e+00
3.137168153124004e+01,4.991539338965784e+00
3.142168153124004e+01,4.991259972897939e+00
3.147168153124004e+01,4.990980787379127e+00
3.152168153124004e+01,4.990701782292515e+00
3.157168153124004e+01,4.990422957521338e+00
3.162168153124004e+01,4.990144312948742e+00
3.167168153124004e+01,4.989865848458073e+00
3.172168153124004e+01,4.989587563932776e+00
3.177168153124004e+01,4.989309459256235e+00
3.182168153124005e+01,4.989031534312014e+00
3.187168153124005e+01,4.988753788983689e+00
3.192168153124005e+01,4.988476223154927e+00
3.197168153124005e+01,4.988198836709513e+00
3.202168153124005e+01,4.987921629531213e+00
3.207168153124005e+01,4.987644601503887e+00
3.212168153124004e+01,4.987367752511499e+00
3.217168153124004e+01,4.987091082438021e+00
3.222168153124004e+01,4.986814591167541e+00
3.227168153124003e+01,4.986538278584244e+00
3.232168153124003e+01,4.986262144572315e+00
3.237168153124003e+01,4.985986189016053e+00
3.242168153124003e+01,4.985710411799843e+00
3.247168153124002e+01,4.985434812808044e+00
3.252168153124002e+01,4.985159391925115e+00
3.257168153124002e+01,4.984884149035731e+00
3.262168153124001e+01,4.984609084024522e+00
3.267168153124001e+01,4.984334196776099e+00
3.272168153124001e+01,4.984059487175228e+00
3.277168153124001e+01,4.983784955106726e+00
3.282168153124000e+01,4.983510600455552e+00
3.287168153124000e+01,4.983236423106697e+00
3.292168153124000e+01,4.982962422945134e+00
3.297168153123999e+01,4.982688599856028e+00
3.302168153123999e+01,4.982414953724562e+00
3.307168153123999e+01,4.982141484435904e+00
3.312168153123999e+01,4.981868191875433e+00
3.317168153123998e+01,4.981595075928558e+00
3.322168153123998e+01,4.981322136480670e+00
3.327168153123998e+01,4.981049373417267e+00
3.332168153123997e+01,4.980776786623908e+00
3.337168153123997e+01,4.980504375986312e+00
3.342168153123997e+01,4.980232141390279e+00
3.347168153123997e+01,4.979960082721491e+00
3.352168153123996e+01,4.979688199865773e+00
3.357168153123996e+01,4.979416492709146e+00
3.362168153123996e+01,4.979144961137585e+00
3.367168153123995e+01,4.978873605037101e+00
3.372168153123995e+01,4.978602424293827e+00
3.377168153123995e+01,4.978331418794008e+00
3.382168153123995e+01,4.978060588423904e+00
3.387168153123994e+01,4.977789933069821e+00
3.392168153123994e+01,4.977519452618164e+00
3.397168153123994e+01,4.977249146955375e+00
3.402168153123993e+01,4.976979015968039e+00
3.407168153123993e+01,4.976709059542758e+00
3.412168153123993e+01,4.976439277566162e+00
3.417168153123993e+01,4.976169669925071e+00
3.422168153123992e+01,4.975900236506248e+00
3.427168153123992e+01,4.975630977196525e+00
3.432168153123992e+01,4.975361891882895e+00
3.437168153123991e+01,4.975092980452331e+00
3.442168153123991e+01,4.974824242791902e+00
3.447168153123991e+01,4.974555678788835e+00
3.452168153123991e+01,4.974287288330276e+00
3.457168153123990e+01,4.974019071303445e+00
3.462168153123990e+01,4.973751027595807e+00
3.467168153123990e+01,4.973483157094768e+00
3.472168153123989e+01,4.973215459687702e+00
3.477168153123989e+01,4.972947935262201e+00
3.482168153123989e+01,4.972680583705958e+00
3.487168153123989e+01,4.972413404906594e+00
3.492168153123988e+01,4.972146398751836e+00
3.497168153123988e+01,4.971879565129548e+00
3.502168153123988e+01,4.971612903927586e+00
3.507168153123988e+01,4.971346415033888e+00
3.512168153123987e+01,4.971080098336504e+00
3.517168153123987e+01,4.970813953723497e+00
3.522168153123987e+01,4.970547981083007e+00
3.527168153123986e+01,4.970282180303276e+00
3.532168153123986e+01,4.970016551272593e+00
3.537168153123986e+01,4.969751093879292e+00
3.542168153123986e+01,4.969485808011838e+00
3.547168153123985e+01,4.969220693558715e+00
3.552168153123985e+01,4.968955750408409e+00
3.557168153123985e+01,4.968690978449549e+00
3.562168153123984e+01,4.968426377570833e+00
3.567168153123984e+01,4.968161947661014e+00
3.572168153123984e+01,4.967897688608919e+00
3.577168153123984e+01,4.967633600303416e+00
3.582168153123983e+01,4.967369682633473e+00
3.587168153123983e+01,4.967105935488146e+00
3.592168153123983e+01,4.966842358756517e+00
3.597168153123982e+01,4.966578952327652e+00
3.602168153123982e+01,4.966315716090772e+00
3.607168153123982e+01,4.966052649935210e+00
3.612168153123982e+01,4.965789753750369e+00
3.617168153123981e+01,4.965527027425647e+00
3.622168153123981e+01,4.965264470850443e+00
3.627168153123981e+01,4.965002083914337e+00
3.632168153123980e+01,4.964739866506994e+00
3.637168153123980e+01,4.964477818518067e+00
3.642168153123980e+01,4.964215939837243e+00
3.647168153123980e+01,4.963954230354398e+00
3.652168153123979e+01,4.963692689959471e+00
3.657168153123979e+01,4.963431318542326e+00
3.662168153123979e+01,4.963170115992979e+00
3.667168153123978e+01,4.962909082201545e+00
3.672168153123978e+01,4.962648217058117e+00
3.677168153123978e+01,4.962387520452883e+00
3.682168153123978e+01,4.962126992276204e+00
3.687168153123977e+01,4.961866632418436e+00
3.692168153123977e+01,4.961606440769943e+00
3.697168153123977e+01,4.961346417221186e+00
3.702168153123976e+01,4.961086561662659e+00
3.707168153123976e+01,4.960826873984992e+00
3.712168153123976e+01,4.960567354078948e+00
3.717168153123976e+01,4.960308001835202e+00
3.722168153123975e+01,4.960048817144486e+00
3.727168153123975e+01,4.959789799897727e+00
3.732168153123975e+01,4.959530949985916e+00
3.737168153123974e+01,4.959272267299998e+00
3.742168153123974e+01,4.959013751730994e+00
3.747168153123974e+01,4.958755403170069e+00
3.752168153123974e+01,4.958497221508392e+00
3.757168153123973e+01,4.958239206637223e+00
3.762168153123973e+01,4.957981358447954e+00
3.767168153123973e+01,4.957723676831955e+00
3.772168153123972e+01,4.957466161680663e+00
3.777168153123972e+01,4.957208812885630e+00
3.782168153123972e+01,4.956951630338424e+00
3.787168153123972e+01,4.956694613930660e+00
3.792168153123971e+01,4.956437763554074e+00
3.797168153123971e+01,4.956181079100472e+00
3.802168153123971e+01,4.955924560461679e+00
3.807168153123970e+01,4.955668207529603e+00
3.812168153123970e+01,4.955412020196220e+00
3.817168153123970e+01,4.955155998353584e+00
3.822168153123970e+01,4.954900141893812e+00
3.827168153123969e+01,4.954644450709043e+00
3.832168153123969e+01,4.954388924691534e+00
3.837168153123969e+01,4.954133563733620e+00
3.842168153123968e+01,4.953878367727626e+00
3.847168153123968e+01,4.953623336565979e+00
3.852168153123968e+01,4.953368470141231e+00
3.857168153123968e+01,4.953113768345889e+00
3.862168153123967e+01,4.952859231072530e+00
3.867168153123967e+01,4.952604858213895e+00
3.872168153123967e+01,4.952350649662761e+00
3.877168153123966e+01,4.952096605311968e+00
3.882168153123966e+01,4.951842725054420e+00
3.887168153123966e+01,4.951589008783043e+00
3.892168153123966e+01,4.951335456390765e+00
3.897168153123965e+01,4.951082067770638e+00
3.902168153123965e+01,4.950828842815936e+00
3.907168153123965e+01,4.950575781419855e+00
3.912168153123964e+01,4.950322883475618e+00
3.917168153123964e+01,4.950070148876600e+00
3.922168153123964e+01,4.949817577516164e+00
3.927168153123964e+01,4.949565169287773e+00
3.932168153123963e+01,4.949312924084968e+00
3.937168153123963e+01,4.949060841801329e+00
3.942168153123963e+01,4.948808922330519e+00
3.947168153123962e+01,4.948557165566272e+00
3.952168153123962e+01,4.948305571402368e+00
3.957168153123962e+01,4.948054139732665e+00
3.962168153123962e+01,4.947802870451065e+00
3.967168153123961e+01,4.947551763451493e+00
3.972168153123961e+01,4.947300818628044e+00
3.977168153123961e+01,4.947050035874860e+00
3.982168153123961e+01,4.946799415086097e+00
3.987168153123960e+01,4.946548956155987e+00
3.992168153123960e+01,4.946298658978775e+00
3.997168153123960e+01,4.946048523448821e+00
4.002168153123959e+01,4.945798549460597e+00
4.007168153123959e+01,4.945548736908590e+00
4.012168153123959e+01,4.945299085687361e+00
4.017168153123959e+01,4.945049595691486e+00
4.022168153123958e+01,4.944800266815613e+00
4.027168153123958e+01,4.944551098954546e+00
4.032168153123958e+01,4.944302092003100e+00
4.037168153123957e+01,4.944053245856147e+00
4.042168153123957e+01,4.943804560408608e+00
4.047168153123957e+01,4.943556035555439e+00
4.052168153123957e+01,4.943307671191738e+00
4.057168153123956e+01,4.943059467212661e+00
4.062168153123956e+01,4.942811423513372e+00
4.067168153123956e+01,4.942563539989093e+00
4.072168153123955e+01,4.942315816535152e+00
4.077168153123955e+01,4.942068253046950e+00
4.082168153123955e+01,4.941820849419911e+00
4.087168153123955e+01,4.941573605549558e+00
4.092168153123954e+01,4.941326521331461e+00
4.097168153123954e+01,4.941079596661230e+00
4.102168153123954e+01,4.940832831434563e+00
4.107168153123953e+01,4.940586225547209e+00
4.112168153123953e+01,4.940339778895019e+00
4.117168153123953e+01,4.940093491373875e+00
4.122168153123953e+01,4.939847362879658e+00
4.127168153123952e+01,4.939601393308413e+00
4.132168153123952e+01,4.939355582556260e+00
4.137168153123952e+01,4.939109930519334e+00
4.142168153123951e+01,4.938864437093835e+00
4.147168153123951e+01,4.938619102175945e+00
4.152168153123951e+01,4.938373925661995e+00
4.157168153123951e+01,4.938128907448466e+00
4.162168153123950e+01,4.937884047431777e+00
4.167168153123950e+01,4.937639345508424e+00
4.172168153123950e+01,4.937394801574998e+00
4.177168153123949e+01,4.937150415528082e+00
4.182168153123949e+01,4.936906187264385e+00
4.187168153123949e+01,4.936662116680762e+00
4.192168153123949e+01,4.936418203674027e+00
4.197168153123948e+01,4.936174448140991e+00
4.202168153123948e+01,4.935930849978629e+00
4.207168153123948e+01,4.935687409083980e+00
4.212168153123947e+01,4.935444125354096e+00
4.217168153123947e+01,4.935200998686104e+00
4.222168153123947e+01,4.934958028977219e+00
4.227168153123947e+01,4.934715216124720e+00
4.232168153123946e+01,4.934472560025927e+00
4.237168153123946e+01,4.934230060578239e+00
4.242168153123946e+01,4.933987717679125e+00
4.247168153123945e+01,4.933745531226076e+00
4.252168153123945e+01,4.933503501116653e+00
4.257168153123945e+01,4.933261627248490e+00
4.262168153123945e+01,4.933019909519290e+00
4.267168153123944e+01,4.932778347826868e+00
4.272168153123944e+01,4.932536942069041e+00
4.277168153123944e+01,4.932295692143643e+00
4.282168153123943e+01,4.932054597948609e+00
4.287168153123943e+01,4.931813659381950e+00
4.292168153123943e+01,4.931572876341787e+00
4.297168153123943e+01,4.931332248726298e+00
4.302168153123942e+01,4.931091776433599e+00
4.307168153123942e+01,4.930851459361945e+00
4.312168153123942e+01,4.930611297409693e+00
4.317168153123941e+01,4.930371290475200e+00
4.322168153123941e+01,4.930131438456940e+00
4.327168153123941e+01,4.929891741253394e+00
4.332168153123941e+01,4.929652198763116e+00
4.337168153123940e+01,4.929412810884795e+00
4.342168153123940e+01,4.929173577517100e+00
4.347168153123940e+01,4.928934498558723e+00
4.352168153123939e+01,4.928695573908517e+00
4.357168153123939e+01,4.928456803465392e+00
4.362168153123939e+01,4.928218187128231e+00
4.367168153123939e+01,4.927979724796071e+00
4.372168153123938e+01,4.927741416367941e+00
4.377168153123938e+01,4.927503261742938e+00
4.382168153123938e+01,4.927265260820335e+00
4.387168153123937e+01,4.927027413499360e+00
4.392168153123937e+01,4.926789719679270e+00
4.397168153123937e+01,4.926552179259414e+00
4.402168153123937e+01,4.926314792139218e+00
4.407168153123936e+01,4.926077558218208e+00
4.412168153123936e+01,4.925840477395959e+00
4.417168153123936e+01,4.925603549572073e+00
4.422168153123935e+01,4.925366774646198e+00
4.427168153123935e+01,4.925130152518075e+00
4.432168153123935e+01,4.924893683087546e+00
4.437168153123935e+01,4.924657366254414e+00
4.442168153123934e+01,4.924421201918537e+00
4.447168153123934e+01,4.924185189979992e+00
4.452168153123934e+01,4.923949330338825e+00
4.457168153123934e+01,4.923713622895060e+00
4.462168153123933e+01,4.923478067548912e+00
4.467168153123933e+01,4.923242664200661e+00
4.472168153123933e+01,4.923007412750502e+00
4.477168153123932e+01,4.922772313098709e+00
4.482168153123932e+01,4.922537365145774e+00
4.487168153123932e+01,4.922302568792199e+00
4.492168153123932e+01,4.922067923938489e+00
4.497168153123931e+01,4.921833430485237e+00
4.502168153123931e+01,4.921599088333084e+00
4.507168153123931e+01,4.921364897382685e+00
4.512168153123930e+01,4.921130857534815e+00
4.517168153123930e+01,4.920896968690371e+00
4.522168153123930e+01,4.920663230750210e+00
4.527168153123930e+01,4.920429643615265e+00
4.532168153123929e+01,4.920196207186546e+00
4.537168153123929e+01,4.919962921365146e+00
4.542168153123929e+01,4.919729786052227e+00
4.547168153123928e+01,4.919496801148942e+00
4.552168153123928e+01,4.919263966556541e+00
4.557168153123928e+01,4.919031282176388e+00
4.562168153123928e+01,4.918798747909800e+00
4.567168153123927e+01,4.918566363658194e+00
4.572168153123927e+01,4.918334129323126e+00
4.577168153123927e+01,4.918102044806121e+00
4.582168153123926e+01,4.917870110008735e+00
4.587168153123926e+01,4.917638324832686e+00
4.592168153123926e+01,4.917406689179757e+00
4.597168153123926e+01,4.917175202951714e+00
4.602168153123925e+01,4.916943866050396e+00
4.607168153123925e+01,4.916712678377732e+00
4.612168153123925e+01,4.916481639835731e+00
4.617168153123924e+01,4.916250750326368e+00
4.622168153123924e+01,4.916020009751724e+00
4.627168153123924e+01,4.915789418013999e+00
4.632168153123924e+01,4.915558975015392e+00
4.637168153123923e+01,4.915328680658184e+00
4.642168153123923e+01,4.915098534844676e+00
4.647168153123923e+01,4.914868537477296e+00
4.652168153123922e+01,4.914638688458500e+00
4.657168153123922e+01,4.914408987690806e+00
4.662168153123922e+01,4.914179435076818e+00
4.667168153123922e+01,4.913950030519080e+00
4.672168153123921e+01,4.913720773920291e+00
4.677168153123921e+01,4.913491665183283e+00
4.682168153123921e+01,4.913262704210828e+00
4.687168153123920e+01,4.913033890905770e+00
4.692168153123920e+01,4.912805225171062e+00
4.697168153123920e+01,4.912576706909687e+00
4.702168153123920e+01,4.912348336024715e+00
4.707168153123919e+01,4.912120112419248e+00
4.712168153123919e+01,4.911892035996446e+00
4.717168153123919e+01,4.911664106659532e+00
4.722168153123918e+01,4.911436324311802e+00
4.727168153123918e+01,4.911208688856632e+00
4.732168153123918e+01,4.910981200197376e+00
4.737168153123918e+01,4.910753858237464e+00
4.742168153123917e+01,4.910526662880452e+00
4.747168153123917e+01,4.910299614029980e+00
4.752168153123917e+01,4.910072711589692e+00
4.757168153123916e+01,4.909845955463241e+00
4.762168153123916e+01,4.909619345554392e+00
4.767168153123916e+01,4.909392881766955e+00
4.772168153123916e+01,4.909166564004810e+00
4.777168153123915e+01,4.908940392171928e+00
4.782168153123915e+01,4.908714366172270e+00
4.787168153123915e+01,4.908488485909879e+00
4.792168153123914e+01,4.908262751288911e+00
4.797168153123914e+01,4.908037162213519e+00
4.802168153123914e+01,4.907811718587945e+00
4.807168153123914e+01,4.907586420316463e+00
4.812168153123913e+01,4.907361267303402e+00
4.817168153123913e+01,4.907136259453249e+00
4.822168153123913e+01,4.906911396670397e+00
4.827168153123912e+01,4.906686678859345e+00
4.832168153123912e+01,4.906462105924752e+00
4.837168153123912e+01,4.906237677771220e+00
4.842168153123912e+01,4.906013394303494e+00
4.847168153123911e+01,4.905789255426354e+00
4.852168153123911e+01,4.905565261044522e+00
4.857168153123911e+01,4.905341411062872e+00
4.862168153123910e+01,4.905117705386414e+00
4.867168153123910e+01,4.904894143920139e+00
4.872168153123910e+01,4.904670726569059e+00
4.877168153123910e+01,4.904447453238288e+00
4.882168153123909e+01,4.904224323833011e+00
4.887168153123909e+01,4.904001338258449e+00
4.892168153123909e+01,4.903778496419880e+00
4.897168153123908e+01,4.903555798222658e+00
4.902168153123908e+01,4.903333243572185e+00
4.907168153123908e+01,4.903110832373901e+00
4.912168153123908e+01,4.902888564533357e+00
4.917168153123907e+01,4.902666439956146e+00
4.922168153123907e+01,4.902444458547818e+00
4.927168153123907e+01,4.902222620214061e+00
4.932168153123907e+01,4.902000924860717e+00
4.937168153123906e+01,4.901779372393565e+00
4.942168153123906e+01,4.901557962718410e+00
4.947168153123906e+01,4.901336695741266e+00
4.952168153123905e+01,4.901115571368145e+00
4.957168153123905e+01,4.900894589505034e+00
4.962168153123905e+01,4.900673750057992e+00
4.967168153123905e+01,4.900453052933156e+00
4.972168153123904e+01,4.900232498036779e+00
4.977168153123904e+01,4.900012085275145e+00
4.982168153123904e+01,4.899791814554569e+00
4.987168153123903e+01,4.899571685781443e+00
4.992168153123903e+01,4.899351698862216e+00
4.997168153123903e+01,4.899131853703387e+00
5.002168153123903e+01,4.898912150211478e+00
5.007168153123902e+01,4.898692588293131e+00
5.012168153123902e+01,4.898473167855053e+00
5.017168153123902e+01,4.898253888803954e+00
5.022168153123901e+01,4.898034751046597e+00
5.027168153123901e+01,4.897815754489852e+00
5.032168153123901e+01,4.897596899040661e+00
5.037168153123901e+01,4.897378184605944e+00
5.042168153123900e+01,4.897159611092679e+00
5.047168153123900e+01,4.896941178408034e+00
5.052168153123900e+01,4.896722886459133e+00
5.057168153123899e+01,4.896504735153075e+00
5.062168153123899e+01,4.896286724397152e+00
5.067168153123899e+01,4.896068854098726e+00
5.072168153123899e+01,4.895851124165119e+00
5.077168153123898e+01,4.895633534503716e+00
5.082168153123898e+01,4.895416085022030e+00
5.087168153123898e+01,4.895198775627625e+00
5.092168153123897e+01,4.894981606228060e+00
5.097168153123897e+01,4.894764576730956e+00
5.102168153123897e+01,4.894547687044025e+00
5.107168153123897e+01,4.894330937075069e+00
5.112168153123896e+01,4.894114326731937e+00
5.117168153123896e+01,4.893897855922473e+00
5.122168153123896e+01,4.893681524554541e+00
5.127168153123895e+01,4.893465332536136e+00
5.132168153123895e+01,4.893249279775348e+00
5.137168153123895e+01,4.893033366180289e+00
5.142168153123895e+01,4.892817591659140e+00
5.147168153123894e+01,4.892601956120077e+00
5.152168153123894e+01,4.892386459471382e+00
5.157168153123894e+01,4.892171101621397e+00
5.162168153123893e+01,4.891955882478524e+00
5.167168153123893e+01,4.891740801951198e+00
5.172168153123893e+01,4.891525859947865e+00
5.177168153123893e+01,4.891311056377122e+00
5.182168153123892e+01,4.891096391147628e+00
5.187168153123892e+01,4.890881864168011e+00
5.192168153123892e+01,4.890667475346924e+00
5.197168153123891e+01,4.890453224593212e+00
5.202168153123891e+01,4.890239111815769e+00
5.207168153123891e+01,4.890025136923462e+00
5.212168153123891e+01,4.889811299825222e+00
5.217168153123890e+01,4.889597600430021e+00
5.222168153123890e+01,4.889384038646936e+00
5.227168153123890e+01,4.889170614385121e+00
5.232168153123889e+01,4.888957327553776e+00
5.237168153123889e+01,4.888744178062129e+00
5.242168153123889e+01,4.888531165819392e+00
5.247168153123889e+01,4.888318290734943e+00
5.252168153123888e+01,4.888105552718265e+00
5.257168153123888e+01,4.887892951678745e+00
5.262168153123888e+01,4.887680487525812e+00
5.267168153123887e+01,4.887468160169131e+00
5.272168153123887e+01,4.887255969518399e+00
5.277168153123887e+01,4.887043915483204e+00
5.282168153123887e+01,4.886831997973257e+00
5.287168153123886e+01,4.886620216898428e+00
5.292168153123886e+01,4.886408572168535e+00
5.297168153123886e+01,4.886197063693420e+00
5.302168153123885e+01,4.885985691383125e+00
5.307168153123885e+01,4.885774455147669e+00
5.312168153123885e+01,4.885563354897111e+00
5.317168153123885e+01,4.885352390541611e+00
5.322168153123884e+01,4.885141561991253e+00
5.327168153123884e+01,4.884930869156299e+00
5.332168153123884e+01,4.884720311947138e+00
5.337168153123883e+01,4.884509890274061e+00
5.342168153123883e+01,4.884299604047456e+00
5.347168153123883e+01,4.884089453177795e+00
5.352168153123883e+01,4.883879437575613e+00
5.357168153123882e+01,4.883669557151478e+00
5.362168153123882e+01,4.883459811815971e+00
5.367168153123882e+01,4.883250201479820e+00
5.372168153123881e+01,4.883040726053813e+00
5.377168153123881e+01,4.882831385448670e+00
5.382168153123881e+01,4.882622179575250e+00
5.387168153123881e+01,4.882413108344488e+00
5.392168153123880e+01,4.882204171667276e+00
5.397168153123880e+01,4.881995369454686e+00
5.402168153123880e+01,4.881786701617812e+00
5.407168153123880e+01,4.881578168067757e+00
5.412168153123879e+01,4.881369768715706e+00
5.417168153123879e+01,4.881161503472882e+00
5.422168153123879e+01,4.880953372250588e+00
5.427168153123878e+01,4.880745374960156e+00
5.432168153123878e+01,4.880537511512975e+00
5.437168153123878e+01,4.880329781820500e+00
5.442168153123878e+01,4.880122185794296e+00
5.447168153123877e+01,4.879914723345939e+00
5.452168153123877e+01,4.879707394386954e+00
5.457168153123877e+01,4.879500198829033e+00
5.462168153123876e+01,4.879293136583972e+00
5.467168153123876e+01,4.879086207563540e+00
5.472168153123876e+01,4.878879411679589e+00
5.477168153123876e+01,4.878672748844012e+00
5.482168153123875e+01,4.878466218968708e+00
5.487168153123875e+01,4.878259821965715e+00
5.492168153123875e+01,4.878053557747069e+00
5.497168153123874e+01,4.877847426224900e+00
5.502168153123874e+01,4.877641427311375e+00
5.507168153123874e+01,4.877435560918702e+00
5.512168153123874e+01,4.877229826959215e+00
5.517168153123873e+01,4.877024225345238e+00
5.522168153123873e+01,4.876818755989110e+00
5.527168153123873e+01,4.876613418803270e+00
5.532168153123872e+01,4.876408213700222e+00
5.537168153123872e+01,4.876203140592542e+00
5.542168153123872e+01,4.875998199392888e+00
5.547168153123872e+01,4.875793390013865e+00
5.552168153123871e+01,4.875588712368155e+00
5.557168153123871e+01,4.875384166368565e+00
5.562168153123871e+01,4.875179751927838e+00
5.567168153123870e+01,4.874975468958893e+00
5.572168153123870e+01,4.874771317374759e+00
5.577168153123870e+01,4.874567297088345e+00
5.582168153123870e+01,4.874363408012667e+00
5.587168153123869e+01,4.874159650060842e+00
5.592168153123869e+01,4.873956023146019e+00
5.597168153123869e+01,4.873752527181376e+00
5.602168153123868e+01,4.873549162080183e+00
5.607168153123868e+01,4.873345927755782e+00
5.612168153123868e+01,4.873142824121476e+00
5.617168153123868e+01,4.872939851090694e+00
5.622168153123867e+01,4.872737008576977e+00
5.627168153123867e+01,4.872534296493808e+00
5.632168153123867e+01,4.872331714754751e+00
5.637168153123866e+01,4.872129263273453e+00
5.642168153123866e+01,4.871926941963587e+00
5.647168153123866e+01,4.871724750738889e+00
5.652168153123866e+01,4.871522689513154e+00
5.657168153123865e+01,4.871320758200220e+00
5.662168153123865e+01,4.871118956713988e+00
5.667168153123865e+01,4.870917284968451e+00
5.672168153123864e+01,4.870715742877593e+00
5.677168153123864e+01,4.870514330355508e+00
5.682168153123864e+01,4.870313047316341e+00
5.687168153123864e+01,4.870111893674188e+00
5.692168153123863e+01,4.869910869343247e+00
5.697168153123863e+01,4.869709974237840e+00
5.702168153123863e+01,4.869509208272297e+00
5.707168153123862e+01,4.869308571360974e+00
5.712168153123862e+01,4.869108063418339e+00
5.717168153123862e+01,4.868907684358925e+00
5.722168153123862e+01,4.868707434097247e+00
5.727168153123861e+01,4.868507312547848e+00
5.732168153123861e+01,4.868307319625382e+00
5.737168153123861e+01,4.868107455244591e+00
5.742168153123860e+01,4.867907719320229e+00
5.747168153123860e+01,4.867708111767111e+00
5.752168153123860e+01,4.867508632500100e+00
5.757168153123860e+01,4.867309281434101e+00
5.762168153123859e+01,4.867110058484079e+00
5.767168153123859e+01,4.866910963565052e+00
5.772168153123859e+01,4.866711996592116e+00
5.777168153123858e+01,4.866513157480390e+00
5.782168153123858e+01,4.866314446145050e+00
5.787168153123858e+01,4.866115862501349e+00
5.792168153123858e+01,4.865917406464551e+00
5.797168153123857e+01,4.865719077949997e+00
5.802168153123857e+01,4.865520876873092e+00
5.807168153123857e+01,4.865322803149297e+00
5.812168153123856e+01,4.865124856694091e+00
5.817168153123856e+01,4.864927037422997e+00
5.822168153123856e+01,4.864729345251624e+00
5.827168153123856e+01,4.864531780095661e+00
5.832168153123855e+01,4.864334341870841e+00
5.837168153123855e+01,4.864137030492881e+00
5.842168153123855e+01,4.863939845877617e+00
5.847168153123854e+01,4.863742787940948e+00
5.852168153123854e+01,4.863545856598728e+00
5.857168153123854e+01,4.863349051766944e+00
5.862168153123854e+01,4.863152373361692e+00
5.867168153123853e+01,4.862955821298972e+00
5.872168153123853e+01,4.862759395494878e+00
5.877168153123853e+01,4.862563095865698e+00
5.882168153123853e+01,4.862366922327643e+00
5.887168153123852e+01,4.862170874796974e+00
5.892168153123852e+01,4.861974953190074e+00
5.897168153123852e+01,4.861779157423270e+00
5.902168153123851e+01,4.861583487413002e+00
5.907168153123851e+01,4.861387943075827e+00
5.912168153123851e+01,4.861192524328278e+00
5.917168153123851e+01,4.860997231086943e+00
5.922168153123850e+01,4.860802063268472e+00
5.927168153123850e+01,4.860607020789558e+00
5.932168153123850e+01,4.860412103567011e+00
5.937168153123849e+01,4.860217311517622e+00
5.942168153123849e+01,4.860022644558218e+00
5.947168153123849e+01,4.859828102605748e+00
5.952168153123849e+01,4.859633685577156e+00
5.957168153123848e+01,4.859439393389462e+00
5.962168153123848e+01,4.859245225959778e+00
5.967168153123848e+01,4.859051183205226e+00
5.972168153123847e+01,4.858857265042915e+00
5.977168153123847e+01,4.858663471390106e+00
5.982168153123847e+01,4.858469802164123e+00
5.987168153123847e+01,4.858276257282205e+00
5.992168153123846e+01,4.858082836661718e+00
5.997168153123846e+01,4.857889540220198e+00
6.002168153123846e+01,4.857696367875153e+00
6.007168153123845e+01,4.857503319544058e+00
6.012168153123845e+01,4.857310395144477e+00
6.017168153123845e+01,4.857117594594039e+00
6.022168153123845e+01,4.856924917810451e+00
6.027168153123844e+01,4.856732364711498e+00
6.032168153123844e+01,4.856539935214955e+00
6.037168153123844e+01,4.856347629238684e+00
6.042168153123843e+01,4.856155446700583e+00
6.047168153123843e+01,4.855963387518591e+00
6.052168153123843e+01,4.855771451610715e+00
6.057168153123843e+01,4.855579638894952e+00
6.062168153123842e+01,4.855387949289407e+00
6.067168153123842e+01,4.855196382712309e+00
6.072168153123842e+01,4.855004939081855e+00
6.077168153123841e+01,4.854813618316270e+00
6.082168153123841e+01,4.854622420333874e+00
6.087168153123841e+01,4.854431345053026e+00
6.092168153123841e+01,4.854240392392146e+00
6.097168153123840e+01,4.854049562269705e+00
6.102168153123840e+01,4.853858854604213e+00
6.107168153123840e+01,4.853668269314168e+00
6.112168153123839e+01,4.853477806318188e+00
6.117168153123839e+01,4.853287465535038e+00
6.122168153123839e+01,4.853097246883442e+00
6.127168153123839e+01,4.852907150282153e+00
6.132168153123838e+01,4.852717175649924e+00
6.137168153123838e+01,4.852527322905612e+00
6.142168153123838e+01,4.852337591968239e+00
6.147168153123837e+01,4.852147982756738e+00
6.152168153123837e+01,4.851958495190088e+00
6.157168153123837e+01,4.851769129187418e+00
6.162168153123837e+01,4.851579884667871e+00
6.167168153123836e+01,4.851390761550588e+00
6.172168153123836e+01,4.851201759754787e+00
6.177168153123836e+01,4.851012879199778e+00
6.182168153123835e+01,4.850824119804870e+00
6.187168153123835e+01,4.850635481489417e+00
6.192168153123835e+01,4.850446964172876e+00
6.197168153123835e+01,4.850258567774767e+00
6.202168153123834e+01,4.850070292214607e+00
6.207168153123834e+01,4.849882137411904e+00
6.212168153123834e+01,4.849694103286277e+00
6.217168153123833e+01,4.849506189757504e+00
6.222168153123833e+01,4.849318396745345e+00
6.227168153123833e+01,4.849130724169571e+00
6.232168153123833e+01,4.848943171949970e+00
6.237168153123832e+01,4.848755740006352e+00
6.242168153123832e+01,4.848568428258728e+00
6.247168153123832e+01,4.848381236627156e+00
6.252168153123831e+01,4.848194165031623e+00
6.257168153123831e+01,4.848007213392192e+00
6.262168153123831e+01,4.847820381628980e+00
6.267168153123831e+01,4.847633669662196e+00
6.272168153123830e+01,4.847447077412096e+00
6.277168153123830e+01,4.847260604798963e+00
6.282168153123830e+01,4.847074251743147e+00
6.287168153123829e+01,4.846888018164992e+00
6.292168153123829e+01,4.846701903984948e+00
6.297168153123829e+01,4.846515909123538e+00
6.302168153123829e+01,4.846330033501274e+00
6.307168153123828e+01,4.846144277038773e+00
6.312168153123828e+01,4.845958639656682e+00
6.317168153123828e+01,4.845773121275645e+00
6.322168153123827e+01,4.845587721816401e+00
6.327168153123827e+01,4.845402441199726e+00
6.332168153123827e+01,4.845217279346477e+00
6.337168153123827e+01,4.845032236177572e+00
6.342168153123826e+01,4.844847311613942e+00
6.347168153123826e+01,4.844662505576552e+00
6.352168153123826e+01,4.844477817986431e+00
6.357168153123826e+01,4.844293248764695e+00
6.362168153123825e+01,4.844108797832504e+00
6.367168153123825e+01,4.843924465111010e+00
6.372168153123825e+01,4.843740250521391e+00
6.377168153123824e+01,4.843556153984962e+00
6.382168153123824e+01,4.843372175423136e+00
6.387168153123824e+01,4.843188314757308e+00
6.392168153123824e+01,4.843004571908838e+00
6.397168153123823e+01,4.842820946799168e+00
6.402168153123823e+01,4.842637439349884e+00
6.407168153123823e+01,4.842454049482567e+00
6.412168153123822e+01,4.842270777118884e+00
6.417168153123822e+01,4.842087622180546e+00
6.422168153123822e+01,4.841904584589224e+00
6.427168153123822e+01,4.841721664266676e+00
6.432168153123821e+01,4.841538861134733e+00
6.437168153123821e+01,4.841356175115334e+00
6.442168153123821e+01,4.841173606130389e+00
6.447168153123820e+01,4.840991154101819e+00
6.452168153123820e+01,4.840808818951725e+00
6.457168153123820e+01,4.840626600602183e+00
6.462168153123820e+01,4.840444498975303e+00
6.467168153123819e+01,4.840262513993240e+00
6.472168153123819e+01,4.840080645578190e+00
6.477168153123819e+01,4.839898893652496e+00
6.482168153123818e+01,4.839717258138504e+00
6.487168153123818e+01,4.839535738958511e+00
6.492168153123818e+01,4.839354336034908e+00
6.497168153123818e+01,4.839173049290218e+00
6.502168153123817e+01,4.838991878646996e+00
6.507168153123817e+01,4.838810824027782e+00
6.512168153123817e+01,4.838629885355161e+00
6.517168153123816e+01,4.838449062551806e+00
6.522168153123816e+01,4.838268355540437e+00
6.527168153123816e+01,4.838087764243818e+00
6.532168153123816e+01,4.837907288584790e+00
6.537168153123815e+01,4.837726928486178e+00
6.542168153123815e+01,4.837546683870882e+00
6.547168153123815e+01,4.837366554661891e+00
6.552168153123814e+01,4.837186540782229e+00
6.557168153123814e+01,4.837006642154928e+00
6.562168153123814e+01,4.836826858703036e+00
6.567168153123814e+01,4.836647190349712e+00
6.572168153123813e+01,4.836467637018233e+00
6.577168153123813e+01,4.836288198631887e+00
6.582168153123813e+01,4.836108875113891e+00
6.587168153123812e+01,4.835929666387581e+00
6.592168153123812e+01,4.835750572376382e+00
6.597168153123812e+01,4.835571593003690e+00
6.602168153123812e+01,4.835392728193052e+00
6.607168153123811e+01,4.835213977868057e+00
6.612168153123811e+01,4.835035341952196e+00
6.617168153123811e+01,4.834856820369090e+00
6.622168153123810e+01,4.834678413042478e+00
6.627168153123810e+01,4.834500119896085e+00
6.632168153123810e+01,4.834321940853718e+00
6.637168153123810e+01,4.834143875839204e+00
6.642168153123809e+01,4.833965924776436e+00
6.647168153123809e+01,4.833788087589307e+00
6.652168153123809e+01,4.833610364201737e+00
6.657168153123808e+01,4.833432754537819e+00
6.662168153123808e+01,4.833255258521621e+00
6.667168153123808e+01,4.833077876077276e+00
6.672168153123808e+01,4.832900607128928e+00
6.677168153123807e+01,4.832723451600716e+00
6.682168153123807e+01,4.832546409416994e+00
6.687168153123807e+01,4.832369480502120e+00
6.692168153123806e+01,4.832192664780376e+00
6.697168153123806e+01,4.832015962176166e+00
6.702168153123806e+01,4.831839372613955e+00
6.707168153123806e+01,4.831662896018235e+00
6.712168153123805e+01,4.831486532313591e+00
6.717168153123805e+01,4.831310281424631e+00
6.722168153123805e+01,4.831134143275974e+00
6.727168153123804e+01,4.830958117792290e+00
6.732168153123804e+01,4.830782204898342e+00
6.737168153123804e+01,4.830606404518926e+00
6.742168153123804e+01,4.830430716578852e+00
6.747168153123803e+01,4.830255141003018e+00
6.752168153123803e+01,4.830079677716383e+00
6.757168153123803e+01,4.829904326643964e+00
6.762168153123802e+01,4.829729087710749e+00
6.767168153123802e+01,4.829553960841746e+00
6.772168153123802e+01,4.829378945962082e+00
6.777168153123802e+01,4.829204042996966e+00
6.782168153123801e+01,4.829029251871660e+00
6.787168153123801e+01,4.828854572511425e+00
6.792168153123801e+01,4.828680004841562e+00
6.797168153123800e+01,4.828505548787392e+00
6.802168153123800e+01,4.828331204274297e+00
6.807168153123800e+01,4.828156971227748e+00
6.812168153123800e+01,4.827982849573287e+00
6.817168153123799e+01,4.827808839236475e+00
6.822168153123799e+01,4.827634940142843e+00
6.827168153123799e+01,4.827461152218055e+00
6.832168153123799e+01,4.827287475387871e+00
6.837168153123798e+01,4.827113909577997e+00
6.842168153123798e+01,4.826940454714158e+00
6.847168153123798e+01,4.826767110722192e+00
6.852168153123797e+01,4.826593877528012e+00
6.857168153123797e+01,4.826420755057558e+00
6.862168153123797e+01,4.826247743236764e+00
6.867168153123797e+01,4.826074841991659e+00
6.872168153123796e+01,4.825902051248343e+00
6.877168153123796e+01,4.825729370932901e+00
6.882168153123796e+01,4.825556800971483e+00
6.887168153123795e+01,4.825384341290325e+00
6.892168153123795e+01,4.825211991815674e+00
6.897168153123795e+01,4.825039752473829e+00
6.902168153123795e+01,4.824867623191151e+00
6.907168153123794e+01,4.824695603894024e+00
6.912168153123794e+01,4.824523694508878e+00
6.917168153123794e+01,4.824351894962163e+00
6.922168153123793e+01,4.824180205180461e+00
6.927168153123793e+01,4.824008625090401e+00
6.932168153123793e+01,4.823837154618548e+00
6.937168153123793e+01,4.823665793691591e+00
6.942168153123792e+01,4.823494542236261e+00
6.947168153123792e+01,4.823323400179306e+00
6.952168153123792e+01,4.823152367447564e+00
6.957168153123791e+01,4.822981443967904e+00
6.962168153123791e+01,4.822810629667180e+00
6.967168153123791e+01,4.822639924472336e+00
6.972168153123791e+01,4.822469328310429e+00
6.977168153123790e+01,4.822298841108541e+00
6.982168153123790e+01,4.822128462793739e+00
6.987168153123790e+01,4.821958193293112e+00
6.992168153123789e+01,4.821788032533876e+00
6.997168153123789e+01,4.821617980443274e+00
7.002168153123789e+01,4.821448036948563e+00
7.007168153123789e+01,4.821278201977113e+00
7.012168153123788e+01,4.821108475456268e+00
7.017168153123788e+01,4.820938857313376e+00
7.022168153123788e+01,4.820769347475938e+00
7.027168153123787e+01,4.820599945871559e+00
7.032168153123787e+01,4.820430652427757e+00
7.037168153123787e+01,4.820261467072071e+00
7.042168153123787e+01,4.820092389732168e+00
7.047168153123786e+01,4.819923420335756e+00
7.052168153123786e+01,4.819754558810604e+00
7.057168153123786e+01,4.819585805084471e+00
7.062168153123785e+01,4.819417159085172e+00
7.067168153123785e+01,4.819248620740565e+00
7.072168153123785e+01,4.819080189978601e+00
7.077168153123785e+01,4.818911866727318e+00
7.082168153123784e+01,4.818743650914669e+00
7.087168153123784e+01,4.818575542468707e+00
7.092168153123784e+01,4.818407541317567e+00
7.097168153123783e+01,4.818239647389362e+00
7.102168153123783e+01,4.818071860612326e+00
7.107168153123783e+01,4.817904180914684e+00
7.112168153123783e+01,4.817736608224716e+00
7.117168153123782e+01,4.817569142470853e+00
7.122168153123782e+01,4.817401783581451e+00
7.127168153123782e+01,4.817234531484820e+00
7.132168153123781e+01,4.817067386109435e+00
7.137168153123781e+01,4.816900347383924e+00
7.142168153123781e+01,4.816733415236842e+00
7.147168153123781e+01,4.816566589596712e+00
7.152168153123780e+01,4.816399870392243e+00
7.157168153123780e+01,4.816233257552200e+00
7.162168153123780e+01,4.816066751005257e+00
7.167168153123779e+01,4.815900350680176e+00
7.172168153123779e+01,4.815734056505852e+00
7.177168153123779e+01,4.815567868411184e+00
7.182168153123779e+01,4.815401786325057e+00
7.187168153123778e+01,4.815235810176408e+00
7.192168153123778e+01,4.815069939894290e+00
7.197168153123778e+01,4.814904175407805e+00
7.202168153123777e+01,4.814738516646067e+00
7.207168153123777e+01,4.814572963538163e+00
7.212168153123777e+01,4.814407516013268e+00
7.217168153123777e+01,4.814242174000680e+00
7.222168153123776e+01,4.814076937429718e+00
7.227168153123776e+01,4.813911806229728e+00
7.232168153123776e+01,4.813746780330066e+00
7.237168153123775e+01,4.813581859660103e+00
7.242168153123775e+01,4.813417044149340e+00
7.247168153123775e+01,4.813252333727306e+00
7.252168153123775e+01,4.813087728323576e+00
7.257168153123774e+01,4.812923227867767e+00
7.262168153123774e+01,4.812758832289482e+00
7.267168153123774e+01,4.812594541518404e+00
7.272168153123773e+01,4.812430355484302e+00
7.277168153123773e+01,4.812266274116970e+00
7.282168153123773e+01,4.812102297346214e+00
7.287168153123773e+01,4.811938425101917e+00
7.292168153123772e+01,4.811774657314032e+00
7.297168153123772e+01,4.811610993912468e+00
7.302168153123772e+01,4.811447434827230e+00
7.307168153123772e+01,4.811283979988420e+00
7.312168153123771e+01,4.811120629326119e+00
7.317168153123771e+01,4.810957382770476e+00
7.322168153123771e+01,4.810794240251663e+00
7.327168153123770e+01,4.810631201699875e+00
7.332168153123770e+01,4.810468267045391e+00
7.337168153123770e+01,4.810305436218596e+00
7.342168153123770e+01,4.810142709149887e+00
7.347168153123769e+01,4.809980085769594e+00
7.352168153123769e+01,4.809817566008174e+00
7.357168153123769e+01,4.809655149796199e+00
7.362168153123768e+01,4.809492837064159e+00
7.367168153123768e+01,4.809330627742573e+00
7.372168153123768e+01,4.809168521762095e+00
7.377168153123768e+01,4.809006519053487e+00
7.382168153123767e+01,4.808844619547512e+00
7.387168153123767e+01,4.808682823174827e+00
7.392168153123767e+01,4.808521129866180e+00
7.397168153123766e+01,4.808359539552540e+00
7.402168153123766e+01,4.808198052164818e+00
7.407168153123766e+01,4.808036667633899e+00
7.412168153123766e+01,4.807875385890755e+00
7.417168153123765e+01,4.807714206866446e+00
7.422168153123765e+01,4.807553130492082e+00
7.427168153123765e+01,4.807392156698740e+00
7.432168153123764e+01,4.807231285417554e+00
7.437168153123764e+01,4.807070516579768e+00
7.442168153123764e+01,4.806909850116670e+00
7.447168153123764e+01,4.806749285959520e+00
7.452168153123763e+01,4.806588824039618e+00
7.457168153123763e+01,4.806428464288357e+00
7.462168153123763e+01,4.806268206637193e+00
7.467168153123762e+01,4.806108051017607e+00
7.472168153123762e+01,4.805947997361068e+00
7.477168153123762e+01,4.805788045599164e+00
7.482168153123762e+01,4.805628195663514e+00
7.487168153123761e+01,4.805468447485706e+00
7.492168153123761e+01,4.805308800997448e+00
7.497168153123761e+01,4.805149256130495e+00
7.502168153123760e+01,4.804989812816642e+00
7.507168153123760e+01,4.804830470987739e+00
7.512168153123760e+01,4.804671230575569e+00
7.517168153123760e+01,4.804512091512005e+00
7.522168153123759e+01,4.804353053729097e+00
7.527168153123759e+01,4.804194117158833e+00
7.532168153123759e+01,4.804035281733158e+00
7.537168153123758e+01,4.803876547384231e+00
7.542168153123758e+01,4.803717914044226e+00
7.547168153123758e+01,4.803559381645213e+00
7.552168153123758e+01,4.803400950119414e+00
7.557168153123757e+01,4.803242619399154e+00
7.562168153123757e+01,4.803084389416727e+00
7.567168153123757e+01,4.802926260104459e+00
7.572168153123756e+01,4.802768231394675e+00
7.577168153123756e+01,4.802610303219833e+00
7.582168153123756e+01,4.802452475512442e+00
7.587168153123756e+01,4.802294748204975e+00
7.592168153123755e+01,4.802137121230015e+00
7.597168153123755e+01,4.801979594520144e+00
7.602168153123755e+01,4.801822168008029e+00
7.607168153123754e+01,4.801664841626400e+00
7.612168153123754e+01,4.801507615307935e+00
7.617168153123754e+01,4.801350488985407e+00
7.622168153123754e+01,4.801193462591651e+00
7.627168153123753e+01,4.801036536059501e+00
7.632168153123753e+01,4.800879709321902e+00
7.637168153123753e+01,4.800722982311814e+00
7.642168153123752e+01,4.800566354962175e+00
7.647168153123752e+01,4.800409827206047e+00
7.652168153123752e+01,4.800253398976535e+00
7.657168153123752e+01,4.800097070206718e+00
7.662168153123751e+01,4.799940840829748e+00
7.667168153123751e+01,4.799784710778857e+00
7.672168153123751e+01,4.799628679987278e+00
7.677168153123750e+01,4.799472748388334e+00
7.682168153123750e+01,4.799316915915343e+00
7.687168153123750e+01,4.799161182501621e+00
7.692168153123750e+01,4.799005548080637e+00
7.697168153123749e+01,4.798850012585904e+00
7.702168153123749e+01,4.798694575950887e+00
7.707168153123749e+01,4.798539238109101e+00
7.712168153123748e+01,4.798383998994151e+00
7.717168153123748e+01,4.798228858539686e+00
7.722168153123748e+01,4.798073816679397e+00
7.727168153123748e+01,4.797918873346992e+00
7.732168153123747e+01,4.797764028476180e+00
7.737168153123747e+01,4.797609282000835e+00
7.742168153123747e+01,4.797454633854817e+00
7.747168153123746e+01,4.797300083971894e+00
7.752168153123746e+01,4.797145632286060e+00
7.757168153123746e+01,4.796991278731338e+00
7.762168153123746e+01,4.796837023241694e+00
7.767168153123745e+01,4.796682865751198e+00
7.772168153123745e+01,4.796528806193932e+00
7.777168153123745e+01,4.796374844504058e+00
7.782168153123745e+01,4.796220980615810e+00
7.787168153123744e+01,4.796067214463392e+00
7.792168153123744e+01,4.795913545981022e+00
7.797168153123744e+01,4.795759975102996e+00
7.802168153123743e+01,4.795606501763729e+00
7.807168153123743e+01,4.795453125897627e+00
7.812168153123743e+01,4.795299847439053e+00
7.817168153123743e+01,4.795146666322515e+00
7.822168153123742e+01,4.794993582482595e+00
7.827168153123742e+01,4.794840595853842e+00
7.832168153123742e+01,4.794687706370821e+00
7.837168153123741e+01,4.794534913968189e+00
7.842168153123741e+01,4.794382218580644e+00
7.847168153123741e+01,4.794229620142919e+00
7.852168153123741e+01,4.794077118589811e+00
7.857168153123740e+01,4.793924713856133e+00
7.862168153123740e+01,4.793772405876692e+00
7.867168153123740e+01,4.793620194586418e+00
7.872168153123739e+01,4.793468079920283e+00
7.877168153123739e+01,4.793316061813255e+00
7.882168153123739e+01,4.793164140200367e+00
7.887168153123739e+01,4.793012315016649e+00
7.892168153123738e+01,4.792860586197213e+00
7.897168153123738e+01,4.792708953677252e+00
7.902168153123738e+01,4.792557417391964e+00
7.907168153123737e+01,4.792405977276544e+00
7.912168153123737e+01,4.792254633266329e+00
7.917168153123737e+01,4.792103385296621e+00
7.922168153123737e+01,4.791952233302693e+00
7.927168153123736e+01,4.791801177219994e+00
7.932168153123736e+01,4.791650216984006e+00
7.937168153123736e+01,4.791499352530214e+00
7.942168153123735e+01,4.791348583794133e+00
7.947168153123735e+01,4.791197910711303e+00
7.952168153123735e+01,4.791047333217344e+00
7.957168153123735e+01,4.790896851247906e+00
7.962168153123734e+01,4.790746464738651e+00
7.967168153123734e+01,4.790596173625329e+00
7.972168153123734e+01,4.790445977843770e+00
7.977168153123733e+01,4.790295877329791e+00
7.982168153123733e+01,4.790145872019218e+00
7.987168153123733e+01,4.789995961847954e+00
7.992168153123733e+01,4.789846146751923e+00
7.997168153123732e+01,4.789696426667117e+00
8.002168153123732e+01,4.789546801529572e+00
8.007168153123732e+01,4.789397271275298e+00
8.012168153123731e+01,4.789247835840443e+00
8.017168153123731e+01,4.789098495161179e+00
8.022168153123731e+01,4.788949249173653e+00
8.027168153123731e+01,4.788800097814122e+00
8.032168153123730e+01,4.788651041018877e+00
8.037168153123730e+01,4.788502078724161e+00
8.042168153123730e+01,4.788353210866333e+00
8.047168153123729e+01,4.788204437381807e+00
8.052168153123729e+01,4.788055758207040e+00
8.057168153123729e+01,4.787907173278509e+00
8.062168153123729e+01,4.787758682532687e+00
8.067168153123728e+01,4.787610285906176e+00
8.072168153123728e+01,4.787461983335600e+00
8.077168153123728e+01,4.787313774757521e+00
8.082168153123727e+01,4.787165660108612e+00
8.087168153123727e+01,4.787017639325652e+00
8.092168153123727e+01,4.786869712345382e+00
8.097168153123727e+01,4.786721879104625e+00
8.102168153123726e+01,4.786574139540233e+00
8.107168153123726e+01,4.786426493589045e+00
8.112168153123726e+01,4.786278941187954e+00
8.117168153123725e+01,4.786131482273960e+00
8.122168153123725e+01,4.785984116784143e+00
8.127168153123725e+01,4.785836844655519e+00
8.132168153123725e+01,4.785689665825092e+00
8.137168153123724e+01,4.785542580229981e+00
8.142168153123724e+01,4.785395587807471e+00
8.147168153123724e+01,4.785248688494780e+00
8.152168153123723e+01,4.785101882229045e+00
8.157168153123723e+01,4.784955168947580e+00
8.162168153123723e+01,4.784808548587778e+00
8.167168153123723e+01,4.784662021086972e+00
8.172168153123722e+01,4.784515586382557e+00
8.177168153123722e+01,4.784369244412013e+00
8.182168153123722e+01,4.784222995112811e+00
8.187168153123721e+01,4.784076838422506e+00
8.192168153123721e+01,4.783930774278658e+00
8.197168153123721e+01,4.783784802618855e+00
8.202168153123721e+01,4.783638923380821e+00
8.207168153123720e+01,4.783493136502186e+00
8.212168153123720e+01,4.783347441920691e+00
8.217168153123720e+01,4.783201839574156e+00
8.222168153123719e+01,4.783056329400329e+00
8.227168153123719e+01,4.782910911337096e+00
8.232168153123719e+01,4.782765585322350e+00
8.237168153123719e+01,4.782620351294027e+00
8.242168153123718e+01,4.782475209190133e+00
8.247168153123718e+01,4.782330158948660e+00
8.252168153123718e+01,4.782185200507634e+00
8.257168153123718e+01,4.782040333805158e+00
8.262168153123717e+01,4.781895558779393e+00
8.267168153123717e+01,4.781750875368524e+00
8.272168153123717e+01,4.781606283510771e+00
8.277168153123716e+01,4.781461783144326e+00
8.282168153123716e+01,4.781317374207513e+00
8.287168153123716e+01,4.781173056638733e+00
8.292168153123716e+01,4.781028830376282e+00
8.297168153123715e+01,4.780884695358576e+00
8.302168153123715e+01,4.780740651524088e+00
8.307168153123715e+01,4.780596698811292e+00
8.312168153123714e+01,4.780452837158788e+00
8.317168153123714e+01,4.780309066505141e+00
8.322168153123714e+01,4.780165386788902e+00
8.327168153123714e+01,4.780021797948741e+00
8.332168153123713e+01,4.779878299923360e+00
8.337168153123713e+01,4.779734892651515e+00
8.342168153123713e+01,4.779591576071977e+00
8.347168153123712e+01,4.779448350123505e+00
8.352168153123712e+01,4.779305214744991e+00
8.357168153123712e+01,4.779162169875331e+00
8.362168153123712e+01,4.779019215453441e+00
8.367168153123711e+01,4.778876351418309e+00
8.372168153123711e+01,4.778733577708948e+00
8.377168153123711e+01,4.778590894264390e+00
8.382168153123710e+01,4.778448301023711e+00
8.387168153123710e+01,4.778305797926028e+00
8.392168153123710e+01,4.778163384910487e+00
8.397168153123710e+01,4.778021061916373e+00
8.402168153123709e+01,4.777878828882946e+00
8.407168153123709e+01,4.777736685749419e+00
8.412168153123709e+01,4.777594632455124e+00
8.417168153123708e+01,4.777452668939455e+00
8.422168153123708e+01,4.777310795141790e+00
8.427168153123708e+01,4.777169011001581e+00
8.432168153123708e+01,4.777027316458340e+00
8.437168153123707e+01,4.776885711451571e+00
8.442168153123707e+01,4.776744195920845e+00
8.447168153123707e+01,4.776602769805747e+00
8.452168153123706e+01,4.776461433045853e+00
8.457168153123706e+01,4.776320185580873e+00
8.462168153123706e+01,4.776179027350619e+00
8.467168153123706e+01,4.776037958294785e+00
8.472168153123705e+01,4.775896978353099e+00
8.477168153123705e+01,4.775756087465478e+00
8.482168153123705e+01,4.775615285571790e+00
8.487168153123704e+01,4.775474572611919e+00
8.492168153123704e+01,4.775333948525842e+00
8.497168153123704e+01,4.775193413253520e+00
8.502168153123704e+01,4.775052966734964e+00
8.507168153123703e+01,4.774912608910276e+00
8.512168153123703e+01,4.774772339719539e+00
8.517168153123703e+01,4.774632159102914e+00
8.522168153123702e+01,4.774492067000595e+00
8.527168153123702e+01,4.774352063352766e+00
8.532168153123702e+01,4.774212148099743e+00
8.537168153123702e+01,4.774072321181816e+00
8.542168153123701e+01,4.773932582539281e+00
8.547168153123701e+01,4.773792932112544e+00
8.552168153123701e+01,4.773653369842045e+00
8.557168153123700e+01,4.773513895668215e+00
8.562168153123700e+01,4.773374509531550e+00
8.567168153123700e+01,4.773235211372540e+00
8.572168153123700e+01,4.773096001131749e+00
8.577168153123699e+01,4.772956878749908e+00
8.582168153123699e+01,4.772817844167617e+00
8.587168153123699e+01,4.772678897325497e+00
8.592168153123698e+01,4.772540038164286e+00
8.597168153123698e+01,4.772401266624711e+00
8.602168153123698e+01,4.772262582647655e+00
8.607168153123698e+01,4.772123986173987e+00
8.612168153123697e+01,4.771985477144511e+00
8.617168153123697e+01,4.771847055500158e+00
8.622168153123697e+01,4.771708721181911e+00
8.627168153123696e+01,4.771570474130759e+00
8.632168153123696e+01,4.771432314287706e+00
8.637168153123696e+01,4.771294241593814e+00
8.642168153123696e+01,4.771156255990203e+00
8.647168153123695e+01,4.771018357418015e+00
8.652168153123695e+01,4.770880545818476e+00
8.657168153123695e+01,4.770742821132798e+00
8.662168153123694e+01,4.770605183302196e+00
8.667168153123694e+01,4.770467632267987e+00
8.672168153123694e+01,4.770330167971538e+00
8.677168153123694e+01,4.770192790354209e+00
8.682168153123693e+01,4.770055499357378e+00
8.687168153123693e+01,4.769918294922543e+00
8.692168153123693e+01,4.769781176991218e+00
8.697168153123692e+01,4.769644145504878e+00
8.702168153123692e+01,4.769507200405060e+00
8.707168153123692e+01,4.769370341633401e+00
8.712168153123692e+01,4.769233569131565e+00
8.717168153123691e+01,4.769096882841246e+00
8.722168153123691e+01,4.768960282704106e+00
8.727168153123691e+01,4.768823768661888e+00
8.732168153123691e+01,4.768687340656482e+00
8.737168153123690e+01,4.768550998629689e+00
8.742168153123690e+01,4.768414742523287e+00
8.747168153123690e+01,4.768278572279231e+00
8.752168153123689e+01,4.768142487839484e+00
8.757168153123689e+01,4.768006489146013e+00
8.762168153123689e+01,4.767870576140903e+00
8.767168153123689e+01,4.767734748766177e+00
8.772168153123688e+01,4.767599006963850e+00
8.777168153123688e+01,4.767463350676092e+00
8.782168153123688e+01,4.767327779845113e+00
8.787168153123687e+01,4.767192294413091e+00
8.792168153123687e+01,4.767056894322285e+00
8.797168153123687e+01,4.766921579515023e+00
8.802168153123687e+01,4.766786349933590e+00
8.807168153123686e+01,4.766651205520325e+00
8.812168153123686e+01,4.766516146217569e+00
8.817168153123686e+01,4.766381171967756e+00
8.822168153123685e+01,4.766246282713460e+00
8.827168153123685e+01,4.766111478397178e+00
8.832168153123685e+01,4.765976758961389e+00
8.837168153123685e+01,4.765842124348732e+00
8.842168153123684e+01,4.765707574501863e+00
8.847168153123684e+01,4.765573109363335e+00
8.852168153123684e+01,4.765438728875867e+00
8.857168153123683e+01,4.765304432982250e+00
8.862168153123683e+01,4.765170221625202e+00
8.867168153123683e+01,4.765036094747516e+00
8.872168153123683e+01,4.764902052292027e+00
8.877168153123682e+01,4.764768094201678e+00
8.882168153123682e+01,4.764634220419384e+00
8.887168153123682e+01,4.764500430888012e+00
8.892168153123681e+01,4.764366725550625e+00
8.897168153123681e+01,4.764233104350300e+00
8.902168153123681e+01,4.764099567230069e+00
8.907168153123681e+01,4.763966114133030e+00
8.912168153123680e+01,4.763832745002290e+00
8.917168153123680e+01,4.763699459780987e+00
8.922168153123680e+01,4.763566258412363e+00
8.927168153123679e+01,4.763433140839721e+00
8.932168153123679e+01,4.763300107006369e+00
8.937168153123679e+01,4.763167156855624e+00
8.942168153123679e+01,4.763034290330804e+00
8.947168153123678e+01,4.762901507375290e+00
8.952168153123678e+01,4.762768807932521e+00
8.957168153123678e+01,4.762636191946027e+00
8.962168153123677e+01,4.762503659359305e+00
8.967168153123677e+01,4.762371210115872e+00
8.972168153123677e+01,4.762238844159318e+00
8.977168153123677e+01,4.762106561433213e+00
8.982168153123676e+01,4.761974361881300e+00
8.987168153123676e+01,4.761842245447306e+00
8.992168153123676e+01,4.761710212074853e+00
8.997168153123675e+01,4.761578261707736e+00
9.002168153123675e+01,4.761446394289830e+00
9.007168153123675e+01,4.761314609764910e+00
9.012168153123675e+01,4.761182908076819e+00
9.017168153123674e+01,4.761051289169522e+00
9.022168153123674e+01,4.760919752986987e+00
9.027168153123674e+01,4.760788299473210e+00
9.032168153123673e+01,4.760656928572168e+00
9.037168153123673e+01,4.760525640227892e+00
9.042168153123673e+01,4.760394434384497e+00
9.047168153123673e+01,4.760263310986160e+00
9.052168153123672e+01,4.760132269977067e+00
9.057168153123672e+01,4.760001311301369e+00
9.062168153123672e+01,4.759870434903301e+00
9.067168153123671e+01,4.759739640727163e+00
9.072168153123671e+01,4.759608928717265e+00
9.077168153123671e+01,4.759478298817936e+00
9.082168153123671e+01,4.759347750973587e+00
9.087168153123670e+01,4.759217285128701e+00
9.092168153123670e+01,4.759086901227644e+00
9.097168153123670e+01,4.758956599214898e+00
9.102168153123669e+01,4.758826379035076e+00
9.107168153123669e+01,4.758696240632749e+00
9.112168153123669e+01,4.758566183952477e+00
9.117168153123669e+01,4.758436208938890e+00
9.122168153123668e+01,4.758306315536693e+00
9.127168153123668e+01,4.758176503690604e+00
9.132168153123668e+01,4.758046773345321e+00
9.137168153123667e+01,4.757917124445675e+00
9.142168153123667e+01,4.757787556936501e+00
9.147168153123667e+01,4.757658070762590e+00
9.152168153123667e+01,4.757528665868858e+00
9.157168153123666e+01,4.757399342200267e+00
9.162168153123666e+01,4.757270099701784e+00
9.167168153123666e+01,4.757140938318430e+00
9.172168153123665e+01,4.757011857995166e+00
9.177168153123665e+01,4.756882858677057e+00
9.182168153123665e+01,4.756753940309283e+00
9.187168153123665e+01,4.756625102836971e+00
9.192168153123664e+01,4.756496346205305e+00
9.197168153123664e+01,4.756367670359500e+00
9.202168153123664e+01,4.756239075244784e+00
9.207168153123664e+01,4.756110560806449e+00
9.212168153123663e+01,4.755982126989813e+00
9.217168153123663e+01,4.755853773740226e+00
9.222168153123663e+01,4.755725501003082e+00
9.227168153123662e+01,4.755597308723869e+00
9.232168153123662e+01,4.755469196848042e+00
9.237168153123662e+01,4.755341165321056e+00
9.242168153123662e+01,4.755213214088454e+00
9.247168153123661e+01,4.755085343095828e+00
9.252168153123661e+01,4.754957552288784e+00
9.257168153123661e+01,4.754829841612928e+00
9.262168153123660e+01,4.754702211013970e+00
9.267168153123660e+01,4.754574660437668e+00
9.272168153123660e+01,4.754447189829731e+00
9.277168153123660e+01,4.754319799135944e+00
9.282168153123659e+01,4.754192488302140e+00
9.287168153123659e+01,4.754065257274140e+00
9.292168153123659e+01,4.753938105997859e+00
9.297168153123658e+01,4.753811034419250e+00
9.302168153123658e+01,4.753684042484205e+00
9.307168153123658e+01,4.753557130138767e+00
9.312168153123658e+01,4.753430297329023e+00
9.317168153123657e+01,4.753303544000985e+00
9.322168153123657e+01,4.753176870100736e+00
9.327168153123657e+01,4.753050275574442e+00
9.332168153123656e+01,4.752923760368296e+00
9.337168153123656e+01,4.752797324428476e+00
9.342168153123656e+01,4.752670967701218e+00
9.347168153123656e+01,4.752544690132834e+00
9.352168153123655e+01,4.752418491669621e+00
9.357168153123655e+01,4.752292372257938e+00
9.362168153123655e+01,4.752166331844188e+00
9.367168153123654e+01,4.752040370374761e+00
9.372168153123654e+01,4.751914487796106e+00
9.377168153123654e+01,4.751788684054729e+00
9.382168153123654e+01,4.751662959097138e+00
9.387168153123653e+01,4.751537312869901e+00
9.392168153123653e+01,4.751411745319635e+00
9.397168153123653e+01,4.751286256392949e+00
9.402168153123652e+01,4.751160846036520e+00
9.407168153123652e+01,4.751035514197063e+00
9.412168153123652e+01,4.750910260821287e+00
9.417168153123652e+01,4.750785085855942e+00
9.422168153123651e+01,4.750659989247846e+00
9.427168153123651e+01,4.750534970943860e+00
9.432168153123651e+01,4.750410030890880e+00
9.437168153123650e+01,4.750285169035805e+00
9.442168153123650e+01,4.750160385325522e+00
9.447168153123650e+01,4.750035679707019e+00
9.452168153123650e+01,4.749911052127375e+00
9.457168153123649e+01,4.749786502533582e+00
9.462168153123649e+01,4.749662030872691e+00
9.467168153123649e+01,4.749537637091914e+00
9.472168153123648e+01,4.749413321138393e+00
9.477168153123648e+01,4.749289082959268e+00
9.482168153123648e+01,4.749164922501744e+00
9.487168153123648e+01,4.749040839713105e+00
9.492168153123647e+01,4.748916834540675e+00
9.497168153123647e+01,4.748792906931728e+00
9.502168153123647e+01,4.748669056833633e+00
9.507168153123646e+01,4.748545284193772e+00
9.512168153123646e+01,4.748421588959565e+00
9.517168153123646e+01,4.748297971078501e+00
9.522168153123646e+01,4.748174430498052e+00
9.527168153123645e+01,4.748050967165753e+00
9.532168153123645e+01,4.747927581029192e+00
9.537168153123645e+01,4.747804272036004e+00
9.542168153123644e+01,4.747681040133812e+00
9.547168153123644e+01,4.747557885270226e+00
9.552168153123644e+01,4.747434807392984e+00
9.557168153123644e+01,4.747311806449845e+00
9.562168153123643e+01,4.747188882388506e+00
9.567168153123643e+01,4.747066035156800e+00
9.572168153123643e+01,4.746943264702619e+00
9.577168153123642e+01,4.746820570973827e+00
9.582168153123642e+01,4.746697953918326e+00
9.587168153123642e+01,4.746575413484044e+00
9.592168153123642e+01,4.746452949618933e+00
9.597168153123641e+01,4.746330562270993e+00
9.602168153123641e+01,4.746208251388307e+00
9.607168153123641e+01,4.746086016918981e+00
9.612168153123640e+01,4.745963858811089e+00
9.617168153123640e+01,4.745841777012777e+00
9.622168153123640e+01,4.745719771472240e+00
9.627168153123640e+01,4.745597842137703e+00
9.632168153123639e+01,4.745475988957402e+00
9.637168153123639e+01,4.745354211879609e+00
9.642168153123639e+01,4.745232510852648e+00
9.647168153123638e+01,4.745110885824866e+00
9.652168153123638e+01,4.744989336744640e+00
9.657168153123638e+01,4.744867863560446e+00
9.662168153123638e+01,4.744746466220704e+00
9.667168153123637e+01,4.744625144673830e+00
9.672168153123637e+01,4.744503898868443e+00
9.677168153123637e+01,4.744382728753068e+00
9.682168153123637e+01,4.744261634276210e+00
9.687168153123636e+01,4.744140615386563e+00
9.692168153123636e+01,4.744019672032803e+00
9.697168153123636e+01,4.743898804163600e+00
9.702168153123635e+01,4.743778011727693e+00
9.707168153123635e+01,4.743657294673801e+00
9.712168153123635e+01,4.743536652950705e+00
9.717168153123635e+01,4.743416086507289e+00
9.722168153123634e+01,4.743295595292397e+00
9.727168153123634e+01,4.743175179254823e+00
9.732168153123634e+01,4.743054838343496e+00
9.737168153123633e+01,4.742934572507468e+00
9.742168153123633e+01,4.742814381695775e+00
9.747168153123633e+01,4.742694265857381e+00
9.752168153123633e+01,4.742574224941289e+00
9.757168153123632e+01,4.742454258896640e+00
9.762168153123632e+01,4.742334367672560e+00
9.767168153123632e+01,4.742214551218163e+00
9.772168153123631e+01,4.742094809482665e+00
9.777168153123631e+01,4.741975142415342e+00
9.782168153123631e+01,4.741855549965425e+00
9.787168153123631e+01,4.741736032082178e+00
9.792168153123630e+01,4.741616588714908e+00
9.797168153123630e+01,4.741497219813011e+00
9.802168153123630e+01,4.741377925325899e+00
9.807168153123629e+01,4.741258705202910e+00
9.812168153123629e+01,4.741139559393530e+00
9.817168153123629e+01,4.741020487847356e+00
9.822168153123629e+01,4.740901490513886e+00
9.827168153123628e+01,4.740782567342565e+00
9.832168153123628e+01,4.740663718283013e+00
9.837168153123628e+01,4.740544943284918e+00
9.842168153123627e+01,4.740426242297903e+00
9.847168153123627e+01,4.740307615271676e+00
9.852168153123627e+01,4.740189062155956e+00
9.857168153123627e+01,4.740070582900465e+00
9.862168153123626e+01,4.739952177455026e+00
9.867168153123626e+01,4.739833845769486e+00
9.872168153123626e+01,4.739715587793638e+00
9.877168153123625e+01,4.739597403477355e+00
9.882168153123625e+01,4.739479292770620e+00
9.887168153123625e+01,4.739361255623377e+00
9.892168153123625e+01,4.739243291985609e+00
9.897168153123624e+01,4.739125401807346e+00
9.902168153123624e+01,4.739007585038602e+00
9.907168153123624e+01,4.738889841629452e+00
9.912168153123623e+01,4.738772171530041e+00
9.917168153123623e+01,4.738654574690550e+00
9.922168153123623e+01,4.738537051061163e+00
9.927168153123623e+01,4.738419600592042e+00
9.932168153123622e+01,4.738302223233429e+00
9.937168153123622e+01,4.738184918935652e+00
9.942168153123622e+01,4.738067687649042e+00
9.947168153123621e+01,4.737950529323928e+00
9.952168153123621e+01,4.737833443910687e+00
9.957168153123621e+01,4.737716431359724e+00
9.962168153123621e+01,4.737599491621475e+00
9.967168153123620e+01,4.737482624646420e+00
9.972168153123620e+01,4.737365830385084e+00
9.977168153123620e+01,4.737249108788024e+00
9.982168153123619e+01,4.737132459805798e+00
9.987168153123619e+01,4.737015883389006e+00
9.992168153123619e+01,4.736899379488278e+00
9.997168153123619e+01,4.736782948054293e+00
1.000216815312362e+02,4.736666589037782e+00
1.000716815312362e+02,4.736550302389471e+00
1.001216815312362e+02,4.736434088060140e+00
1.001716815312362e+02,4.736317946000633e+00
1.002216815312362e+02,4.736201876161687e+00
1.002716815312362e+02,4.736085878494126e+00
1.003216815312362e+02,4.735969952948986e+00
1.003716815312362e+02,4.735854099477220e+00
1.004216815312362e+02,4.735738318029666e+00
1.004716815312362e+02,4.735622608557345e+00
1.005216815312362e+02,4.735506971011358e+00
1.005716815312362e+02,4.735391405342713e+00
1.006216815312361e+02,4.735275911502534e+00
1.006716815312361e+02,4.735160489441980e+00
1.007216815312361e+02,4.735045139112122e+00
1.007716815312361e+02,4.734929860464161e+00
1.008216815312361e+02,4.734814653449360e+00
1.008716815312361e+02,4.734699518018966e+00
1.009216815312361e+02,4.734584454124290e+00
1.009716815312361e+02,4.734469461716593e+00
1.010216815312361e+02,4.734354540747243e+00
1.010716815312361e+02,4.734239691167671e+00
1.011216815312361e+02,4.734124912929230e+00
1.011716815312361e+02,4.734010205983394e+00
1.012216815312361e+02,4.733895570281638e+00
1.012716815312361e+02,4.733781005775466e+00
1.013216815312361e+02,4.733666512416441e+00
1.013716815312361e+02,4.733552090156095e+00
1.014216815312361e+02,4.733437738946098e+00
1.014716815312361e+02,4.733323458738081e+00
1.015216815312361e+02,4.733209249483616e+00
1.015716815312361e+02,4.733095111134450e+00
1.016216815312361e+02,4.732981043642373e+00
1.016716815312361e+02,4.732867046959177e+00
1.017216815312361e+02,4.732753121036602e+00
1.017716815312361e+02,4.732639265826442e+00
1.018216815312361e+02,4.732525481280621e+00
1.018716815312361e+02,4.732411767351021e+00
1.019216815312361e+02,4.732298123989477e+00
1.019716815312361e+02,4.732184551147987e+00
1.020216815312361e+02,4.732071048778657e+00
1.020716815312361e+02,4.731957616833446e+00
1.021216815312361e+02,4.731844255264293e+00
1.021716815312361e+02,4.731730964023334e+00
1.022216815312361e+02,4.731617743062777e+00
1.022716815312361e+02,4.731504592334763e+00
1.023216815312361e+02,4.731391511791395e+00
1.023716815312360e+02,4.731278501384885e+00
1.024216815312360e+02,4.731165561067478e+00
1.024716815312360e+02,4.731052690791455e+00
1.025216815312360e+02,4.730939890509135e+00
1.025716815312360e+02,4.730827160172823e+00
1.026216815312360e+02,4.730714499734920e+00
1.026716815312360e+02,4.730601909147806e+00
1.027216815312360e+02,4.730489388363888e+00
1.027716815312360e+02,4.730376937335679e+00
1.028216815312360e+02,4.730264556015673e+00
1.028716815312360e+02,4.730152244356336e+00
1.029216815312360e+02,4.730040002310190e+00
1.029716815312360e+02,4.729927829829892e+00
1.030216815312360e+02,4.729815726868074e+00
1.030716815312360e+02,4.729703693377338e+00
1.031216815312360e+02,4.729591729310391e+00
1.031716815312360e+02,4.729479834619958e+00
1.032216815312360e+02,4.729368009258765e+00
1.032716815312360e+02,4.729256253179564e+00
1.033216815312360e+02,4.729144566335163e+00
1.033716815312360e+02,4.729032948678397e+00
1.034216815312360e+02,4.728921400162150e+00
1.034716815312360e+02,4.728809920739386e+00
1.035216815312360e+02,4.728698510362964e+00
1.035716815312360e+02,4.728587168985777e+00
1.036216815312360e+02,4.728475896560874e+00
1.036716815312360e+02,4.728364693041295e+00
1.037216815312360e+02,4.728253558380098e+00
1.037716815312360e+02,4.728142492530393e+00
1.038216815312360e+02,4.728031495445278e+00
1.038716815312360e+02,4.727920567077856e+00
1.039216815312360e+02,4.727809707381288e+00
1.039716815312360e+02,4.727698916308819e+00
1.040216815312360e+02,4.727588193813686e+00
1.040716815312360e+02,4.727477539849153e+00
1.041216815312360e+02,4.727366954368547e+00
1.041716815312359e+02,4.727256437325190e+00
1.042216815312359e+02,4.727145988672453e+00
1.042716815312359e+02,4.727035608363708e+00
1.043216815312359e+02,4.726925296352356e+00
1.043716815312359e+02,4.726815052591916e+00
1.044216815312359e+02,4.726704877035846e+00
1.044716815312359e+02,4.726594769637612e+00
1.045216815312359e+02,4.726484730350822e+00
1.045716815312359e+02,4.726374759129072e+00
1.046216815312359e+02,4.726264855925941e+00
1.046716815312359e+02,4.726155020695026e+00
1.047216815312359e+02,4.726045253390001e+00
1.047716815312359e+02,4.725935553964611e+00
1.048216815312359e+02,4.725825922372588e+00
1.048716815312359e+02,4.725716358567676e+00
1.049216815312359e+02,4.725606862503652e+00
1.049716815312359e+02,4.725497434134367e+00
1.050216815312359e+02,4.725388073413661e+00
1.050716815312359e+02,4.725278780295429e+00
1.051216815312359e+02,4.725169554733617e+00
1.051716815312359e+02,4.725060396682100e+00
1.052216815312359e+02,4.724951306094839e+00
1.052716815312359e+02,4.724842282925897e+00
1.053216815312359e+02,4.724733327129335e+00
1.053716815312359e+02,4.724624438659155e+00
1.054216815312359e+02,4.724515617469451e+00
1.054716815312359e+02,4.724406863514404e+00
1.055216815312359e+02,4.724298176748156e+00
1.055716815312359e+02,4.724189557124903e+00
1.056216815312359e+02,4.724081004598840e+00
1.056716815312359e+02,4.723972519124165e+00
1.057216815312359e+02,4.723864100655215e+00
1.057716815312359e+02,4.723755749146279e+00
1.058216815312359e+02,4.723647464551703e+00
1.058716815312359e+02,4.723539246825939e+00
1.059216815312358e+02,4.723431095923339e+00
1.059716815312358e+02,4.723323011798235e+00
1.060216815312358e+02,4.723214994405142e+00
1.060716815312358e+02,4.723107043698600e+00
1.061216815312358e+02,4.722999159633068e+00
1.061716815312358e+02,4.722891342163102e+00
1.062216815312358e+02,4.722783591243307e+00
1.062716815312358e+02,4.722675906828290e+00
1.063216815312358e+02,4.722568288872700e+00
1.063716815312358e+02,4.722460737331197e+00
1.064216815312358e+02,4.722353252158477e+00
1.064716815312358e+02,4.722245833309282e+00
1.065216815312358e+02,4.722138480738369e+00
1.065716815312358e+02,4.722031194400502e+00
1.066216815312358e+02,4.721923974250545e+00
1.066716815312358e+02,4.721816820243343e+00
1.067216815312358e+02,4.721709732333728e+00
1.067716815312358e+02,4.721602710476631e+00
1.068216815312358e+02,4.721495754626974e+00
1.068716815312358e+02,4.721388864739724e+00
1.069216815312358e+02,4.721282040769935e+00
1.069716815312358e+02,4.721175282672636e+00
1.070216815312358e+02,4.721068590402894e+00
1.070716815312358e+02,4.720961963915780e+00
1.071216815312358e+02,4.720855403166367e+00
1.071716815312358e+02,4.720748908109802e+00
1.072216815312358e+02,4.720642478701276e+00
1.072716815312358e+02,4.720536114896023e+00
1.073216815312358e+02,4.720429816649266e+00
1.073716815312358e+02,4.720323583916243e+00
1.074216815312358e+02,4.720217416652292e+00
1.074716815312358e+02,4.720111314812774e+00
1.075216815312358e+02,4.720005278353000e+00
1.075716815312358e+02,4.719899307228353e+00
1.076216815312358e+02,4.719793401394237e+00
1.076716815312357e+02,4.719687560806072e+00
1.077216815312357e+02,4.719581785419381e+00
1.077716815312357e+02,4.719476075189681e+00
1.078216815312357e+02,4.719370430072484e+00
1.078716815312357e+02,4.719264850023326e+00
1.079216815312357e+02,4.719159334997805e+00
1.079716815312357e+02,4.719053884951566e+00
1.080216815312357e+02,4.718948499840217e+00
1.080716815312357e+02,4.718843179619451e+00
1.081216815312357e+02,4.718737924245040e+00
1.081716815312357e+02,4.718632733672710e+00
1.082216815312357e+02,4.718527607858185e+00
1.082716815312357e+02,4.718422546757249e+00
1.083216815312357e+02,4.718317550325712e+00
1.083716815312357e+02,4.718212618519517e+00
1.084216815312357e+02,4.718107751294592e+00
1.084716815312357e+02,4.718002948606703e+00
1.085216815312357e+02,4.717898210411772e+00
1.085716815312357e+02,4.717793536665896e+00
1.086216815312357e+02,4.717688927325053e+00
1.086716815312357e+02,4.717584382345247e+00
1.087216815312357e+02,4.717479901682538e+00
1.087716815312357e+02,4.717375485293006e+00
1.088216815312357e+02,4.717271133132809e+00
1.088716815312357e+02,4.717166845158100e+00
1.089216815312357e+02,4.717062621325016e+00
1.089716815312357e+02,4.716958461589759e+00
1.090216815312357e+02,4.716854365908592e+00
1.090716815312357e+02,4.716750334237770e+00
1.091216815312357e+02,4.716646366533573e+00
1.091716815312357e+02,4.716542462752317e+00
1.092216815312357e+02,4.716438622850383e+00
1.092716815312357e+02,4.716334846784123e+00
1.093216815312357e+02,4.716231134509961e+00
1.093716815312357e+02,4.716127485984386e+00
1.094216815312356e+02,4.716023901163776e+00
1.094716815312356e+02,4.715920380004643e+00
1.095216815312356e+02,4.715816922463526e+00
1.095716815312356e+02,4.715713528496965e+00
1.096216815312356e+02,4.715610198061628e+00
1.096716815312356e+02,4.715506931114065e+00
1.097216815312356e+02,4.715403727610847e+00
1.097716815312356e+02,4.715300587508684e+00
1.098216815312356e+02,4.715197510764296e+00
1.098716815312356e+02,4.715094497334432e+00
1.099216815312356e+02,4.714991547175837e+00
1.099716815312356e+02,4.714888660245236e+00
1.100216815312356e+02,4.714785836499463e+00
1.100716815312356e+02,4.714683075895438e+00
1.101216815312356e+02,4.714580378390010e+00
1.101716815312356e+02,4.714477743939981e+00
1.102216815312356e+02,4.714375172502289e+00
1.102716815312356e+02,4.714272664033927e+00
1.103216815312356e+02,4.714170218491926e+00
1.103716815312356e+02,4.714067835833302e+00
1.104216815312356e+02,4.713965516015031e+00
1.104716815312356e+02,4.713863258994172e+00
1.105216815312356e+02,4.713761064727849e+00
1.105716815312356e+02,4.713658933173202e+00
1.106216815312356e+02,4.713556864287386e+00
1.106716815312356e+02,4.713454858027547e+00
1.107216815312356e+02,4.713352914350908e+00
1.107716815312356e+02,4.713251033214750e+00
1.108216815312356e+02,4.713149214576331e+00
1.108716815312356e+02,4.713047458392931e+00
1.109216815312356e+02,4.712945764621880e+00
1.109716815312356e+02,4.712844133220506e+00
1.110216815312356e+02,4.712742564146216e+00
1.110716815312356e+02,4.712641057356442e+00
1.111216815312356e+02,4.712539612808617e+00
1.111716815312355e+02,4.712438230460189e+00
1.112216815312355e+02,4.712336910268628e+00
1.112716815312355e+02,4.712235652191438e+00
1.113216815312355e+02,4.712134456186180e+00
1.113716815312355e+02,4.712033322210504e+00
1.114216815312355e+02,4.711932250222062e+00
1.114716815312355e+02,4.711831240178393e+00
1.115216815312355e+02,4.711730292037125e+00
1.115716815312355e+02,4.711629405756010e+00
1.116216815312355e+02,4.711528581292782e+00
1.116716815312355e+02,4.711427818605174e+00
1.117216815312355e+02,4.711327117650970e+00
1.117716815312355e+02,4.711226478387948e+00
1.118216815312355e+02,4.711125900773935e+00
1.118716815312355e+02,4.711025384766814e+00
1.119216815312355e+02,4.710924930324476e+00
1.119716815312355e+02,4.710824537404863e+00
1.120216815312355e+02,4.710724205965922e+00
1.120716815312355e+02,4.710623935965556e+00
1.121216815312355e+02,4.710523727361781e+00
1.121716815312355e+02,4.710423580112681e+00
1.122216815312355e+02,4.710323494176262e+00
1.122716815312355e+02,4.710223469510637e+00
1.123216815312355e+02,4.710123506073931e+00
1.123716815312355e+02,4.710023603824238e+00
1.124216815312355e+02,4.709923762719768e+00
1.124716815312355e+02,4.709823982718715e+00
1.125216815312355e+02,4.709724263779270e+00
1.125716815312355e+02,4.709624605859679e+00
1.126216815312355e+02,4.709525008918262e+00
1.126716815312355e+02,4.709425472913309e+00
1.127216815312355e+02,4.709325997803134e+00
1.127716815312355e+02,4.709226583546118e+00
1.128216815312355e+02,4.709127230100657e+00
1.128716815312355e+02,4.709027937425176e+00
1.129216815312354e+02,4.708928705478107e+00
1.129716815312354e+02,4.708829534217911e+00
1.130216815312354e+02,4.708730423603127e+00
1.130716815312354e+02,4.708631373592274e+00
1.131216815312354e+02,4.708532384143862e+00
1.131716815312354e+02,4.708433455216495e+00
1.132216815312354e+02,4.708334586768797e+00
1.132716815312354e+02,4.708235778759390e+00
1.133216815312354e+02,4.708137031146974e+00
1.133716815312354e+02,4.708038343890204e+00
1.134216815312354e+02,4.707939716947804e+00
1.134716815312354e+02,4.707841150278595e+00
1.135216815312354e+02,4.707742643841279e+00
1.135716815312354e+02,4.707644197594644e+00
1.136216815312354e+02,4.707545811497579e+00
1.136716815312354e+02,4.707447485508909e+00
1.137216815312354e+02,4.707349219587497e+00
1.137716815312354e+02,4.707251013692309e+00
1.138216815312354e+02,4.707152867782258e+00
1.138716815312354e+02,4.707054781816287e+00
1.139216815312354e+02,4.706956755753446e+00
1.139716815312354e+02,4.706858789552757e+00
1.140216815312354e+02,4.706760883173263e+00
1.140716815312354e+02,4.706663036573994e+00
1.141216815312354e+02,4.706565249714011e+00
1.141716815312354e+02,4.706467522552551e+00
1.142216815312354e+02,4.706369855048782e+00
1.142716815312354e+02,4.706272247161826e+00
1.143216815312354e+02,4.706174698850919e+00
1.143716815312354e+02,4.706077210075304e+00
1.144216815312354e+02,4.705979780794252e+00
1.144716815312354e+02,4.705882410967035e+00
1.145216815312354e+02,4.705785100552951e+00
1.145716815312354e+02,4.705687849511392e+00
1.146216815312354e+02,4.705590657801736e+00
1.146716815312354e+02,4.705493525383399e+00
1.147216815312353e+02,4.705396452215793e+00
1.147716815312353e+02,4.705299438258350e+00
1.148216815312353e+02,4.705202483470582e+00
1.148716815312353e+02,4.705105587811990e+00
1.149216815312353e+02,4.705008751242127e+00
1.149716815312353e+02,4.704911973720549e+00
1.150216815312353e+02,4.704815255206830e+00
1.150716815312353e+02,4.704718595660598e+00
1.151216815312353e+02,4.704621995041490e+00
1.151716815312353e+02,4.704525453309170e+00
1.152216815312353e+02,4.704428970423368e+00
1.152716815312353e+02,4.704332546343855e+00
1.153216815312353e+02,4.704236181030324e+00
1.153716815312353e+02,4.704139874442540e+00
1.154216815312353e+02,4.704043626540334e+00
1.154716815312353e+02,4.703947437283500e+00
1.155216815312353e+02,4.703851306631931e+00
1.155716815312353e+02,4.703755234545511e+00
1.156216815312353e+02,4.703659220984143e+00
1.156716815312353e+02,4.703563265907835e+00
1.157216815312353e+02,4.703467369276537e+00
1.157716815312353e+02,4.703371531050181e+00
1.158216815312353e+02,4.703275751188819e+00
1.158716815312353e+02,4.703180029652478e+00
1.159216815312353e+02,4.703084366401193e+00
1.159716815312353e+02,4.702988761395124e+00
1.160216815312353e+02,4.702893214594434e+00
1.160716815312353e+02,4.702797725959248e+00
1.161216815312353e+02,4.702702295449737e+00
1.161716815312353e+02,4.702606923026123e+00
1.162216815312353e+02,4.702511608648613e+00
1.162716815312353e+02,4.702416352277469e+00
1.163216815312353e+02,4.702321153872966e+00
1.163716815312353e+02,4.702226013395418e+00
1.164216815312353e+02,4.702130930805223e+00
1.164716815312352e+02,4.702035906062710e+00
1.165216815312352e+02,4.701940939128215e+00
1.165716815312352e+02,4.701846029962229e+00
1.166216815312352e+02,4.701751178525178e+00
1.166716815312352e+02,4.701656384777509e+00
1.167216815312352e+02,4.701561648679790e+00
1.167716815312352e+02,4.701466970192496e+00
1.168216815312352e+02,4.701372349276144e+00
1.168716815312352e+02,4.701277785891349e+00
1.169216815312352e+02,4.701183279998688e+00
1.169716815312352e+02,4.701088831558815e+00
1.170216815312352e+02,4.700994440532432e+00
1.170716815312352e+02,4.700900106880154e+00
1.171216815312352e+02,4.700805830562694e+00
1.171716815312352e+02,4.700711611540854e+00
1.172216815312352e+02,4.700617449775311e+00
1.172716815312352e+02,4.700523345226857e+00
1.173216815312352e+02,4.700429297856352e+00
1.173716815312352e+02,4.700335307624576e+00
1.174216815312352e+02,4.700241374492428e+00
1.174716815312352e+02,4.700147498420848e+00
1.175216815312352e+02,4.700053679370697e+00
1.175716815312352e+02,4.699959917302904e+00
1.176216815312352e+02,4.699866212178475e+00
1.176716815312352e+02,4.699772563958398e+00
1.177216815312352e+02,4.699678972603687e+00
1.177716815312352e+02,4.699585438075418e+00
1.178216815312352e+02,4.699491960334652e+00
1.178716815312352e+02,4.699398539342441e+00
1.179216815312352e+02,4.699305175059938e+00
1.179716815312352e+02,4.699211867448320e+00
1.180216815312352e+02,4.699118616468730e+00
1.180716815312352e+02,4.699025422082391e+00
1.181216815312352e+02,4.698932284250533e+00
1.181716815312352e+02,4.698839202934414e+00
1.182216815312351e+02,4.698746178095323e+00
1.182716815312351e+02,4.698653209694533e+00
1.183216815312351e+02,4.698560297693405e+00
1.183716815312351e+02,4.698467442053287e+00
1.184216815312351e+02,4.698374642735575e+00
1.184716815312351e+02,4.698281899701692e+00
1.185216815312351e+02,4.698189212913061e+00
1.185716815312351e+02,4.698096582331149e+00
1.186216815312351e+02,4.698004007917397e+00
1.186716815312351e+02,4.697911489633336e+00
1.187216815312351e+02,4.697819027440550e+00
1.187716815312351e+02,4.697726621300569e+00
1.188216815312351e+02,4.697634271174971e+00
1.188716815312351e+02,4.697541977025402e+00
1.189216815312351e+02,4.697449738813543e+00
1.189716815312351e+02,4.697357556501000e+00
1.190216815312351e+02,4.697265430049420e+00
1.190716815312351e+02,4.697173359420598e+00
1.191216815312351e+02,4.697081344576296e+00
1.191716815312351e+02,4.696989385478235e+00
1.192216815312351e+02,4.696897482088172e+00
1.192716815312351e+02,4.696805634367998e+00
1.193216815312351e+02,4.696713842279615e+00
1.193716815312351e+02,4.696622105784794e+00
1.194216815312351e+02,4.696530424845427e+00
1.194716815312351e+02,4.696438799423479e+00
1.195216815312351e+02,4.696347229480883e+00
1.195716815312351e+02,4.696255714979651e+00
1.196216815312351e+02,4.696164255881754e+00
1.196716815312351e+02,4.696072852149165e+00
1.197216815312351e+02,4.695981503743985e+00
1.197716815312351e+02,4.695890210628332e+00
1.198216815312351e+02,4.695798972764265e+00
1.198716815312351e+02,4.695707790113858e+00
1.199216815312351e+02,4.695616662639290e+00
1.199716815312350e+02,4.695525590302778e+00
1.200216815312350e+02,4.695434573066525e+00
1.200716815312350e+02,4.695343610892735e+00
1.201216815312350e+02,4.695252703743662e+00
1.201716815312350e+02,4.695161851581586e+00
1.202216815312350e+02,4.695071054368765e+00
1.202716815312350e+02,4.694980312067567e+00
1.203216815312350e+02,4.694889624640392e+00
1.203716815312350e+02,4.694798992049598e+00
1.204216815312350e+02,4.694708414257573e+00
1.204716815312350e+02,4.694617891226703e+00
1.205216815312350e+02,4.694527422919438e+00
1.205716815312350e+02,4.694437009298300e+00
1.206216815312350e+02,4.694346650325793e+00
1.206716815312350e+02,4.694256345964446e+00
1.207216815312350e+02,4.694166096176819e+00
1.207716815312350e+02,4.694075900925514e+00
1.208216815312350e+02,4.693985760173130e+00
1.208716815312350e+02,4.693895673882251e+00
1.209216815312350e+02,4.693805642015531e+00
1.209716815312350e+02,4.693715664535690e+00
1.210216815312350e+02,4.693625741405400e+00
1.210716815312350e+02,4.693535872587381e+00
1.211216815312350e+02,4.693446058044398e+00
1.211716815312350e+02,4.693356297739245e+00
1.212216815312350e+02,4.693266591634772e+00
1.212716815312350e+02,4.693176939693758e+00
1.213216815312350e+02,4.693087341879043e+00
1.213716815312350e+02,4.692997798153542e+00
1.214216815312350e+02,4.692908308480123e+00
1.214716815312350e+02,4.692818872821703e+00
1.215216815312350e+02,4.692729491141254e+00
1.215716815312350e+02,4.692640163401764e+00
1.216216815312350e+02,4.692550889566238e+00
1.216716815312350e+02,4.692461669597726e+00
1.217216815312349e+02,4.692372503459234e+00
1.217716815312349e+02,4.692283391113854e+00
1.218216815312349e+02,4.692194332524744e+00
1.218716815312349e+02,4.692105327654938e+00
1.219216815312349e+02,4.692016376467620e+00
1.219716815312349e+02,4.691927478926019e+00
1.220216815312349e+02,4.691838634993277e+00
1.220716815312349e+02,4.691749844632622e+00
1.221216815312349e+02,4.691661107807318e+00
1.221716815312349e+02,4.691572424480640e+00
1.222216815312349e+02,4.691483794615860e+00
1.222716815312349e+02,4.691395218176303e+00
1.223216815312349e+02,4.691306695125360e+00
1.223716815312349e+02,4.691218225426402e+00
1.224216815312349e+02,4.691129809042810e+00
1.224716815312349e+02,4.691041445938033e+00
1.225216815312349e+02,4.690953136075486e+00
1.225716815312349e+02,4.690864879418598e+00
1.226216815312349e+02,4.690776675930928e+00
1.226716815312349e+02,4.690688525576022e+00
1.227216815312349e+02,4.690600428317366e+00
1.227716815312349e+02,4.690512384118509e+00
1.228216815312349e+02,4.690424392943073e+00
1.228716815312349e+02,4.690336454754691e+00
1.229216815312349e+02,4.690248569517003e+00
1.229716815312349e+02,4.690160737193692e+00
1.230216815312349e+02,4.690072957748420e+00
1.230716815312349e+02,4.689985231144870e+00
1.231216815312349e+02,4.689897557346804e+00
1.231716815312349e+02,4.689809936317976e+00
1.232216815312349e+02,4.689722368022207e+00
1.232716815312349e+02,4.689634852423355e+00
1.233216815312349e+02,4.689547389485210e+00
1.233716815312349e+02,4.689459979171573e+00
1.234216815312349e+02,4.689372621446386e+00
1.234716815312349e+02,4.689285316273551e+00
1.235216815312348e+02,4.689198063616947e+00
1.235716815312348e+02,4.689110863440589e+00
1.236216815312348e+02,4.689023715708504e+00
1.236716815312348e+02,4.688936620384647e+00
1.237216815312348e+02,4.688849577433030e+00
1.237716815312348e+02,4.688762586817742e+00
1.238216815312348e+02,4.688675648502843e+00
1.238716815312348e+02,4.688588762452405e+00
1.239216815312348e+02,4.688501928630577e+00
1.239716815312348e+02,4.688415147001535e+00
1.240216815312348e+02,4.688328417529448e+00
1.240716815312348e+02,4.688241740178491e+00
1.241216815312348e+02,4.688155114912906e+00
1.241716815312348e+02,4.688068541696930e+00
1.242216815312348e+02,4.687982020494802e+00
1.242716815312348e+02,4.687895551270853e+00
1.243216815312348e+02,4.687809133989441e+00
1.243716815312348e+02,4.687722768614853e+00
1.244216815312348e+02,4.687636455111386e+00
1.244716815312348e+02,4.687550193443506e+00
1.245216815312348e+02,4.687463983575722e+00
1.245716815312348e+02,4.687377825472424e+00
1.246216815312348e+02,4.687291719097973e+00
1.246716815312348e+02,4.687205664416863e+00
1.247216815312348e+02,4.687119661393651e+00
1.247716815312348e+02,4.687033709992861e+00
1.248216815312348e+02,4.686947810179094e+00
1.248716815312348e+02,4.686861961916917e+00
1.249216815312348e+02,4.686776165170861e+00
1.249716815312348e+02,4.686690419905597e+00
1.250216815312348e+02,4.686604726085803e+00
1.250716815312348e+02,4.686519083676139e+00
1.251216815312348e+02,4.686433492641342e+00
1.251716815312348e+02,4.686347952946086e+00
1.252216815312348e+02,4.686262464555093e+00
1.252716815312347e+02,4.686177027433147e+00
1.253216815312347e+02,4.686091641545072e+00
1.253716815312347e+02,4.686006306855698e+00
1.254216815312347e+02,4.685921023329801e+00
1.254716815312347e+02,4.685835790932296e+00
1.255216815312347e+02,4.685750609628089e+00
1.255716815312347e+02,4.685665479382067e+00
1.256216815312347e+02,4.685580400159188e+00
1.256716815312347e+02,4.685495371924373e+00
1.257216815312347e+02,4.685410394642583e+00
1.257716815312347e+02,4.685325468278870e+00
1.258216815312347e+02,4.685240592798254e+00
1.258716815312347e+02,4.685155768165775e+00
1.259216815312347e+02,4.685070994346531e+00
1.259716815312347e+02,4.684986271305617e+00
1.260216815312347e+02,4.684901599008160e+00
1.260716815312347e+02,4.684816977419304e+00
1.261216815312347e+02,4.684732406504209e+00
1.261716815312347e+02,4.684647886228061e+00
1.262216815312347e+02,4.684563416556075e+00
1.262716815312347e+02,4.684478997453533e+00
1.263216815312347e+02,4.684394628885696e+00
1.263716815312347e+02,4.684310310817798e+00
1.264216815312347e+02,4.684226043215148e+00
1.264716815312347e+02,4.684141826043112e+00
1.265216815312347e+02,4.684057659267074e+00
1.265716815312347e+02,4.683973542852376e+00
1.266216815312347e+02,4.683889476764414e+00
1.266716815312347e+02,4.683805460968661e+00
1.267216815312347e+02,4.683721495430547e+00
1.267716815312347e+02,4.683637580115515e+00
1.268216815312347e+02,4.683553714989039e+00
1.268716815312347e+02,4.683469900016656e+00
1.269216815312347e+02,4.683386135163927e+00
1.269716815312347e+02,4.683302420396461e+00
1.270216815312346e+02,4.683218755679840e+00
1.270716815312346e+02,4.683135140979642e+00
1.271216815312346e+02,4.683051576261506e+00
1.271716815312346e+02,4.682968061491027e+00
1.272216815312346e+02,4.682884596633919e+00
1.272716815312346e+02,4.682801181655988e+00
1.273216815312346e+02,4.682717816522920e+00
1.273716815312346e+02,4.682634501200366e+00
1.274216815312346e+02,4.682551235654135e+00
1.274716815312346e+02,4.682468019850121e+00
1.275216815312346e+02,4.682384853754098e+00
1.275716815312346e+02,4.682301737331843e+00
1.276216815312346e+02,4.682218670549266e+00
1.276716815312346e+02,4.682135653372275e+00
1.277216815312346e+02,4.682052685766784e+00
1.277716815312346e+02,4.681969767698689e+00
1.278216815312346e+02,4.681886899133900e+00
1.278716815312346e+02,4.681804080038445e+00
1.279216815312346e+02,4.681721310378373e+00
1.279716815312346e+02,4.681638590119715e+00
1.280216815312346e+02,4.681555919228517e+00
1.280716815312346e+02,4.681473297670764e+00
1.281216815312346e+02,4.681390725412562e+00
1.281716815312346e+02,4.681308202420111e+00
1.282216815312347e+02,4.681225728659500e+00
1.282716815312347e+02,4.681143304096879e+00
1.283216815312347e+02,4.681060928698461e+00
1.283716815312347e+02,4.680978602430458e+00
1.284216815312347e+02,4.680896325259081e+00
1.284716815312347e+02,4.680814097150559e+00
1.285216815312347e+02,4.680731918071195e+00
1.285716815312347e+02,4.680649787987302e+00
1.286216815312347e+02,4.680567706865212e+00
1.286716815312348e+02,4.680485674671263e+00
1.287216815312348e+02,4.680403691371782e+00
1.287716815312348e+02,4.680321756933180e+00
1.288216815312348e+02,4.680239871321878e+00
1.288716815312348e+02,4.680158034504297e+00
1.289216815312348e+02,4.680076246446904e+00
1.289716815312348e+02,4.679994507116159e+00
1.290216815312348e+02,4.679912816478567e+00
1.290716815312348e+02,4.679831174500706e+00
1.291216815312349e+02,4.679749581149087e+00
1.291716815312349e+02,4.679668036390257e+00
1.292216815312349e+02,4.679586540190829e+00
1.292716815312349e+02,4.679505092517419e+00
1.293216815312349e+02,4.679423693336636e+00
1.293716815312349e+02,4.679342342615159e+00
1.294216815312349e+02,4.679261040319695e+00
1.294716815312349e+02,4.679179786416938e+00
1.295216815312349e+02,4.679098580873610e+00
1.295716815312350e+02,4.679017423656435e+00
1.296216815312350e+02,4.678936314732185e+00
1.296716815312350e+02,4.678855254067689e+00
1.297216815312350e+02,4.678774241629759e+00
1.297716815312350e+02,4.678693277385209e+00
1.298216815312350e+02,4.678612361300928e+00
1.298716815312350e+02,4.678531493343808e+00
1.299216815312350e+02,4.678450673480692e+00
1.299716815312350e+02,4.678369901678513e+00
1.300216815312351e+02,4.678289177904299e+00
1.300716815312351e+02,4.678208502125027e+00
1.301216815312351e+02,4.678127874307617e+00
1.301716815312351e+02,4.678047294419068e+00
1.302216815312351e+02,4.677966762426476e+00
1.302716815312351e+02,4.677886278296898e+00
1.303216815312351e+02,4.677805841997403e+00
1.303716815312351e+02,4.677725453495091e+00
1.304216815312352e+02,4.677645112757063e+00
1.304716815312352e+02,4.677564819750526e+00
1.305216815312352e+02,4.677484574442684e+00
1.305716815312352e+02,4.677404376800697e+00
1.306216815312352e+02,4.677324226791727e+00
1.306716815312352e+02,4.677244124383024e+00
1.307216815312352e+02,4.677164069541883e+00
1.307716815312352e+02,4.677084062235586e+00
1.308216815312352e+02,4.677004102431432e+00
1.308716815312353e+02,4.676924190096713e+00
1.309216815312353e+02,4.676844325198819e+00
1.309716815312353e+02,4.676764507705119e+00
1.310216815312353e+02,4.676684737582983e+00
1.310716815312353e+02,4.676605014799843e+00
1.311216815312353e+02,4.676525339323150e+00
1.311716815312353e+02,4.676445711120332e+00
1.312216815312353e+02,4.676366130158805e+00
1.312716815312353e+02,4.676286596406139e+00
1.313216815312354e+02,4.676207109829900e+00
1.313716815312354e+02,4.676127670397593e+00
1.314216815312354e+02,4.676048278076830e+00
1.314716815312354e+02,4.675968932835165e+00
1.315216815312354e+02,4.675889634640167e+00
1.315716815312354e+02,4.675810383459506e+00
1.316216815312354e+02,4.675731179260840e+00
1.316716815312354e+02,4.675652022011856e+00
1.317216815312354e+02,4.675572911680225e+00
1.317716815312355e+02,4.675493848233667e+00
1.318216815312355e+02,4.675414831639947e+00
1.318716815312355e+02,4.675335861866796e+00
1.319216815312355e+02,4.675256938882035e+00
1.319716815312355e+02,4.675178062653489e+00
1.320216815312355e+02,4.675099233148951e+00
1.320716815312355e+02,4.675020450336277e+00
1.321216815312355e+02,4.674941714183316e+00
1.321716815312355e+02,4.674863024657953e+00
1.322216815312356e+02,4.674784381728118e+00
1.322716815312356e+02,4.674705785361795e+00
1.323216815312356e+02,4.674627235526946e+00
1.323716815312356e+02,4.674548732191519e+00
1.324216815312356e+02,4.674470275323511e+00
1.324716815312356e+02,4.674391864890914e+00
1.325216815312356e+02,4.674313500861804e+00
1.325716815312356e+02,4.674235183204279e+00
1.326216815312357e+02,4.674156911886388e+00
1.326716815312357e+02,4.674078686876254e+00
1.327216815312357e+02,4.674000508142016e+00
1.327716815312357e+02,4.673922375651816e+00
1.328216815312357e+02,4.673844289373804e+00
1.328716815312357e+02,4.673766249276213e+00
1.329216815312357e+02,4.673688255327273e+00
1.329716815312357e+02,4.673610307495155e+00
1.330216815312357e+02,4.673532405748143e+00
1.330716815312358e+02,4.673454550054563e+00
1.331216815312358e+02,4.673376740382681e+00
1.331716815312358e+02,4.673298976700837e+00
1.332216815312358e+02,4.673221258977399e+00
1.332716815312358e+02,4.673143587180712e+00
1.333216815312358e+02,4.673065961279097e+00
1.333716815312358e+02,4.672988381240989e+00
1.334216815312358e+02,4.672910847034887e+00
1.334716815312358e+02,4.672833358629220e+00
1.335216815312359e+02,4.672755915992459e+00
1.335716815312359e+02,4.672678519093098e+00
1.336216815312359e+02,4.672601167899586e+00
1.336716815312359e+02,4.672523862380536e+00
1.337216815312359e+02,4.672446602504576e+00
1.337716815312359e+02,4.672369388240178e+00
1.338216815312359e+02,4.672292219555886e+00
1.338716815312359e+02,4.672215096420367e+00
1.339216815312359e+02,4.672138018802312e+00
1.339716815312360e+02,4.672060986670393e+00
1.340216815312360e+02,4.671983999993264e+00
1.340716815312360e+02,4.671907058739636e+00
1.341216815312360e+02,4.671830162878248e+00
1.341716815312360e+02,4.671753312377827e+00
1.342216815312360e+02,4.671676507207158e+00
1.342716815312360e+02,4.671599747335017e+00
1.343216815312360e+02,4.671523032730184e+00
1.343716815312360e+02,4.671446363361549e+00
1.344216815312361e+02,4.671369739198022e+00
1.344716815312361e+02,4.671293160208384e+00
1.345216815312361e+02,4.671216626361470e+00
1.345716815312361e+02,4.671140137626286e+00
1.346216815312361e+02,4.671063693971818e+00
1.346716815312361e+02,4.670987295366992e+00
1.347216815312361e+02,4.670910941780731e+00
1.347716815312361e+02,4.670834633182072e+00
1.348216815312362e+02,4.670758369540036e+00
1.348716815312362e+02,4.670682150823630e+00
1.349216815312362e+02,4.670605977001966e+00
1.349716815312362e+02,4.670529848044107e+00
1.350216815312362e+02,4.670453763919162e+00
1.350716815312362e+02,4.670377724596297e+00
1.351216815312362e+02,4.670301730044603e+00
1.351716815312362e+02,4.670225780233224e+00
1.352216815312362e+02,4.670149875131400e+00
1.352716815312363e+02,4.670074014708342e+00
1.353216815312363e+02,4.669998198933278e+00
1.353716815312363e+02,4.669922427775460e+00
1.354216815312363e+02,4.669846701204149e+00
1.354716815312363e+02,4.669771019188635e+00
1.355216815312363e+02,4.669695381698221e+00
1.355716815312363e+02,4.669619788702239e+00
1.356216815312363e+02,4.669544240170046e+00
1.356716815312363e+02,4.669468736071033e+00
1.357216815312364e+02,4.669393276374604e+00
1.357716815312364e+02,4.669317861050200e+00
1.358216815312364e+02,4.669242490067223e+00
1.358716815312364e+02,4.669167163395080e+00
1.359216815312364e+02,4.669091881003295e+00
1.359716815312364e+02,4.669016642861390e+00
1.360216815312364e+02,4.668941448938889e+00
1.360716815312364e+02,4.668866299205286e+00
1.361216815312364e+02,4.668791193630120e+00
1.361716815312365e+02,4.668716132183043e+00
1.362216815312365e+02,4.668641114833660e+00
1.362716815312365e+02,4.668566141551546e+00
1.363216815312365e+02,4.668491212306360e+00
1.363716815312365e+02,4.668416327067795e+00
1.364216815312365e+02,4.668341485805503e+00
1.364716815312365e+02,4.668266688489162e+00
1.365216815312365e+02,4.668191935088513e+00
1.365716815312365e+02,4.668117225573322e+00
1.366216815312366e+02,4.668042559913361e+00
1.366716815312366e+02,4.667967938078438e+00
1.367216815312366e+02,4.667893360038348e+00
1.367716815312366e+02,4.667818825762884e+00
1.368216815312366e+02,4.667744335221860e+00
1.368716815312366e+02,4.667669888385160e+00
1.369216815312366e+02,4.667595485222742e+00
1.369716815312366e+02,4.667521125704468e+00
1.370216815312367e+02,4.667446809800257e+00
1.370716815312367e+02,4.667372537480110e+00
1.371216815312367e+02,4.667298308713942e+00
1.371716815312367e+02,4.667224123471756e+00
1.372216815312367e+02,4.667149981723590e+00
1.372716815312367e+02,4.667075883439435e+00
1.373216815312367e+02,4.667001828589381e+00
1.373716815312367e+02,4.666927817143500e+00
1.374216815312367e+02,4.666853849071804e+00
1.374716815312368e+02,4.666779924344448e+00
1.375216815312368e+02,4.666706042931622e+00
1.375716815312368e+02,4.666632204803435e+00
1.376216815312368e+02,4.666558409930050e+00
1.376716815312368e+02,4.666484658281669e+00
1.377216815312368e+02,4.666410949828490e+00
1.377716815312368e+02,4.666337284540741e+00
1.378216815312368e+02,4.666263662388664e+00
1.378716815312368e+02,4.666190083342577e+00
1.379216815312369e+02,4.666116547372797e+00
1.379716815312369e+02,4.666043054449566e+00
1.380216815312369e+02,4.665969604543230e+00
1.380716815312369e+02,4.665896197624186e+00
1.381216815312369e+02,4.665822833662729e+00
1.381716815312369e+02,4.665749512629280e+00
1.382216815312369e+02,4.665676234494330e+00
1.382716815312369e+02,4.665602999228268e+00
1.383216815312369e+02,4.665529806801516e+00
1.383716815312370e+02,4.665456657184533e+00
1.384216815312370e+02,4.665383550347802e+00
1.384716815312370e+02,4.665310486261914e+00
1.385216815312370e+02,4.665237464897422e+00
1.385716815312370e+02,4.665164486224807e+00
1.386216815312370e+02,4.665091550214643e+00
1.386716815312370e+02,4.665018656837538e+00
1.387216815312370e+02,4.664945806064093e+00
1.387716815312370e+02,4.664872997864956e+00
1.388216815312371e+02,4.664800232210757e+00
1.388716815312371e+02,4.664727509072156e+00
1.389216815312371e+02,4.664654828419878e+00
1.389716815312371e+02,4.664582190224637e+00
1.390216815312371e+02,4.664509594457164e+00
1.390716815312371e+02,4.664437041088219e+00
1.391216815312371e+02,4.664364530088539e+00
1.391716815312371e+02,4.664292061428931e+00
1.392216815312372e+02,4.664219635080233e+00
1.392716815312372e+02,4.664147251013217e+00
1.393216815312372e+02,4.664074909198754e+00
1.393716815312372e+02,4.664002609607786e+00
1.394216815312372e+02,4.663930352211166e+00
1.394716815312372e+02,4.663858136979721e+00
1.395216815312372e+02,4.663785963884409e+00
1.395716815312372e+02,4.663713832896263e+00
1.396216815312372e+02,4.663641743986196e+00
1.396716815312373e+02,4.663569697125181e+00
1.397216815312373e+02,4.663497692284247e+00
1.397716815312373e+02,4.663425729434387e+00
1.398216815312373e+02,4.663353808546661e+00
1.398716815312373e+02,4.663281929592176e+00
1.399216815312373e+02,4.663210092542037e+00
1.399716815312373e+02,4.663138297367313e+00
1.400216815312373e+02,4.663066544039098e+00
1.400716815312373e+02,4.662994832528535e+00
1.401216815312374e+02,4.662923162806807e+00
1.401716815312374e+02,4.662851534845164e+00
1.402216815312374e+02,4.662779948614731e+00
1.402716815312374e+02,4.662708404086703e+00
1.403216815312374e+02,4.662636901232418e+00
1.403716815312374e+02,4.662565440023116e+00
1.404216815312374e+02,4.662494020430011e+00
1.404716815312374e+02,4.662422642424416e+00
1.405216815312374e+02,4.662351305977704e+00
1.405716815312375e+02,4.662280011061205e+00
1.406216815312375e+02,4.662208757646245e+00
1.406716815312375e+02,4.662137545704224e+00
1.407216815312375e+02,4.662066375206518e+00
1.407716815312375e+02,4.661995246124567e+00
1.408216815312375e+02,4.661924158429841e+00
1.408716815312375e+02,4.661853112093755e+00
1.409216815312375e+02,4.661782107087780e+00
1.409716815312376e+02,4.661711143383378e+00
1.410216815312376e+02,4.661640220952071e+00
1.410716815312376e+02,4.661569339765467e+00
1.411216815312376e+02,4.661498499795105e+00
1.411716815312376e+02,4.661427701012505e+00
1.412216815312376e+02,4.661356943389269e+00
1.412716815312376e+02,4.661286226897036e+00
1.413216815312376e+02,4.661215551507424e+00
1.413716815312376e+02,4.661144917192054e+00
1.414216815312377e+02,4.661074323922588e+00
1.414716815312377e+02,4.661003771670737e+00
1.415216815312377e+02,4.660933260408198e+00
1.415716815312377e+02,4.660862790106710e+00
1.416216815312377e+02,4.660792360738051e+00
1.416716815312377e+02,4.660721972273961e+00
1.417216815312377e+02,4.660651624686182e+00
1.417716815312377e+02,4.660581317946524e+00
1.418216815312377e+02,4.660511052026818e+00
1.418716815312378e+02,4.660440826898884e+00
1.419216815312378e+02,4.660370642534615e+00
1.419716815312378e+02,4.660300498905910e+00
1.420216815312378e+02,4.660230395984676e+00
1.420716815312378e+02,4.660160333742813e+00
1.421216815312378e+02,4.660090312152182e+00
1.421716815312378e+02,4.660020331184754e+00
1.422216815312378e+02,4.659950390812547e+00
1.422716815312378e+02,4.659880491007565e+00
1.423216815312379e+02,4.659810631741823e+00
1.423716815312379e+02,4.659740812987323e+00
1.424216815312379e+02,4.659671034716096e+00
1.424716815312379e+02,4.659601296900233e+00
1.425216815312379e+02,4.659531599511830e+00
1.425716815312379e+02,4.659461942522969e+00
1.426216815312379e+02,4.659392325905805e+00
1.426716815312379e+02,4.659322749632468e+00
1.427216815312379e+02,4.659253213675084e+00
1.427716815312380e+02,4.659183718005908e+00
1.428216815312380e+02,4.659114262597087e+00
1.428716815312380e+02,4.659044847420787e+00
1.429216815312380e+02,4.658975472449350e+00
1.429716815312380e+02,4.658906137655062e+00
1.430216815312380e+02,4.658836843010137e+00
1.430716815312380e+02,4.658767588486825e+00
1.431216815312380e+02,4.658698374057472e+00
1.431716815312381e+02,4.658629199694434e+00
1.432216815312381e+02,4.658560065370072e+00
1.432716815312381e+02,4.658490971056717e+00
1.433216815312381e+02,4.658421916726710e+00
1.433716815312381e+02,4.658352902352529e+00
1.434216815312381e+02,4.658283927906600e+00
1.434716815312381e+02,4.658214993361354e+00
1.435216815312381e+02,4.658146098689260e+00
1.435716815312381e+02,4.658077243862771e+00
1.436216815312382e+02,4.658008428854448e+00
1.436716815312382e+02,4.657939653636782e+00
1.437216815312382e+02,4.657870918182262e+00
1.437716815312382e+02,4.657802222463501e+00
1.438216815312382e+02,4.657733566453055e+00
1.438716815312382e+02,4.657664950123514e+00
1.439216815312382e+02,4.657596373447500e+00
1.439716815312382e+02,4.657527836397628e+00
1.440216815312382e+02,4.657459338946573e+00
1.440716815312383e+02,4.657390881066983e+00
1.441216815312383e+02,4.657322462731524e+00
1.441716815312383e+02,4.657254083912935e+00
1.442216815312383e+02,4.657185744583939e+00
1.442716815312383e+02,4.657117444717255e+00
1.443216815312383e+02,4.657049184285659e+00
1.443716815312383e+02,4.656980963261955e+00
1.444216815312383e+02,4.656912781618922e+00
1.444716815312383e+02,4.656844639329360e+00
1.445216815312384e+02,4.656776536366144e+00
1.445716815312384e+02,4.656708472702093e+00
1.446216815312384e+02,4.656640448310021e+00
1.446716815312384e+02,4.656572463162891e+00
1.447216815312384e+02,4.656504517233616e+00
1.447716815312384e+02,4.656436610495042e+00
1.448216815312384e+02,4.656368742920175e+00
1.448716815312384e+02,4.656300914482039e+00
1.449216815312384e+02,4.656233125153520e+00
1.449716815312385e+02,4.656165374907621e+00
1.450216815312385e+02,4.656097663717445e+00
1.450716815312385e+02,4.656029991555969e+00
1.451216815312385e+02,4.655962358396211e+00
1.451716815312385e+02,4.655894764211288e+00
1.452216815312385e+02,4.655827208974300e+00
1.452716815312385e+02,4.655759692658345e+00
1.453216815312385e+02,4.655692215236570e+00
1.453716815312386e+02,4.655624776682106e+00
1.454216815312386e+02,4.655557376968056e+00
1.454716815312386e+02,4.655490016067657e+00
1.455216815312386e+02,4.655422693954157e+00
1.455716815312386e+02,4.655355410600711e+00
1.456216815312386e+02,4.655288165980569e+00
1.456716815312386e+02,4.655220960066963e+00
1.457216815312386e+02,4.655153792833146e+00
1.457716815312386e+02,4.655086664252509e+00
1.458216815312387e+02,4.655019574298356e+00
1.458716815312387e+02,4.654952522943930e+00
1.459216815312387e+02,4.654885510162586e+00
1.459716815312387e+02,4.654818535927737e+00
1.460216815312387e+02,4.654751600212769e+00
1.460716815312387e+02,4.654684702991031e+00
1.461216815312387e+02,4.654617844235956e+00
1.461716815312387e+02,4.654551023921019e+00
1.462216815312387e+02,4.654484242019651e+00
1.462716815312388e+02,4.654417498505258e+00
1.463216815312388e+02,4.654350793351377e+00
1.463716815312388e+02,4.654284126531596e+00
1.464216815312388e+02,4.654217498019388e+00
1.464716815312388e+02,4.654150907788234e+00
1.465216815312388e+02,4.654084355811755e+00
1.465716815312388e+02,4.654017842063552e+00
1.466216815312388e+02,4.653951366517167e+00
1.466716815312388e+02,4.653884929146219e+00
1.467216815312389e+02,4.653818529924369e+00
1.467716815312389e+02,4.653752168825267e+00
1.468216815312389e+02,4.653685845822591e+00
1.468716815312389e+02,4.653619560890013e+00
1.469216815312389e+02,4.653553314001244e+00
1.469716815312389e+02,4.653487105130010e+00
1.470216815312389e+02,4.653420934250078e+00
1.470716815312389e+02,4.653354801335184e+00
1.471216815312389e+02,4.653288706359036e+00
1.471716815312390e+02,4.653222649295502e+00
1.472216815312390e+02,4.653156630118417e+00
1.472716815312390e+02,4.653090648801576e+00
1.473216815312390e+02,4.653024705318823e+00
1.473716815312390e+02,4.652958799644005e+00
1.474216815312390e+02,4.652892931751026e+00
1.474716815312390e+02,4.652827101613801e+00
1.475216815312390e+02,4.652761309206226e+00
1.475716815312391e+02,4.652695554502253e+00
1.476216815312391e+02,4.652629837475882e+00
1.476716815312391e+02,4.652564158101033e+00
1.477216815312391e+02,4.652498516351656e+00
1.477716815312391e+02,4.652432912201786e+00
1.478216815312391e+02,4.652367345625475e+00
1.478716815312391e+02,4.652301816596787e+00
1.479216815312391e+02,4.652236325089743e+00
1.479716815312391e+02,4.652170871078404e+00
1.480216815312392e+02,4.652105454536906e+00
1.480716815312392e+02,4.652040075439330e+00
1.481216815312392e+02,4.651974733759804e+00
1.481716815312392e+02,4.651909429472520e+00
1.482216815312392e+02,4.651844162551622e+00
1.482716815312392e+02,4.651778932971307e+00
1.483216815312392e+02,4.651713740705751e+00
1.483716815312392e+02,4.651648585729143e+00
1.484216815312392e+02,4.651583468015784e+00
1.484716815312393e+02,4.651518387539930e+00
1.485216815312393e+02,4.651453344275803e+00
1.485716815312393e+02,4.651388338197683e+00
1.486216815312393e+02,4.651323369279917e+00
1.486716815312393e+02,4.651258437496857e+00
1.487216815312393e+02,4.651193542822797e+00
1.487716815312393e+02,4.651128685232058e+00
1.488216815312393e+02,4.651063864699053e+00
1.488716815312393e+02,4.650999081198176e+00
1.489216815312394e+02,4.650934334703805e+00
1.489716815312394e+02,4.650869625190444e+00
1.490216815312394e+02,4.650804952632568e+00
1.490716815312394e+02,4.650740317004556e+00
1.491216815312394e+02,4.650675718280873e+00
1.491716815312394e+02,4.650611156436041e+00
1.492216815312394e+02,4.650546631444606e+00
1.492716815312394e+02,4.650482143281074e+00
1.493216815312394e+02,4.650417691919985e+00
1.493716815312395e+02,4.650353277335943e+00
1.494216815312395e+02,4.650288899503511e+00
1.494716815312395e+02,4.650224558397302e+00
1.495216815312395e+02,4.650160253991920e+00
1.495716815312395e+02,4.650095986261958e+00
1.496216815312395e+02,4.650031755182091e+00
1.496716815312395e+02,4.649967560727029e+00
1.497216815312395e+02,4.649903402871463e+00
1.497716815312396e+02,4.649839281590073e+00
1.498216815312396e+02,4.649775196857587e+00
1.498716815312396e+02,4.649711148648752e+00
1.499216815312396e+02,4.649647136938299e+00
1.499716815312396e+02,4.649583161701003e+00
1.500216815312396e+02,4.649519222911703e+00
1.500716815312396e+02,4.649455320545164e+00
1.501216815312396e+02,4.649391454576188e+00
1.501716815312396e+02,4.649327624979677e+00
1.502216815312397e+02,4.649263831730481e+00
1.502716815312397e+02,4.649200074803460e+00
1.503216815312397e+02,4.649136354173496e+00
1.503716815312397e+02,4.649072669815494e+00
1.504216815312397e+02,4.649009021704374e+00
1.504716815312397e+02,4.648945409815106e+00
1.505216815312397e+02,4.648881834122701e+00
1.505716815312397e+02,4.648818294602082e+00
1.506216815312397e+02,4.648754791228217e+00
1.506716815312398e+02,4.648691323976166e+00
1.507216815312398e+02,4.648627892820946e+00
1.507716815312398e+02,4.648564497737585e+00
1.508216815312398e+02,4.648501138701161e+00
1.508716815312398e+02,4.648437815686795e+00
1.509216815312398e+02,4.648374528669549e+00
1.509716815312398e+02,4.648311277624481e+00
1.510216815312398e+02,4.648248062526774e+00
1.510716815312398e+02,4.648184883351607e+00
1.511216815312399e+02,4.648121740074148e+00
1.511716815312399e+02,4.648058632669556e+00
1.512216815312399e+02,4.647995561113006e+00
1.512716815312399e+02,4.647932525379730e+00
1.513216815312399e+02,4.647869525444941e+00
1.513716815312399e+02,4.647806561283891e+00
1.514216815312399e+02,4.647743632871893e+00
1.514716815312399e+02,4.647680740184227e+00
1.515216815312399e+02,4.647617883196177e+00
1.515716815312400e+02,4.647555061883073e+00
1.516216815312400e+02,4.647492276220222e+00
1.516716815312400e+02,4.647429526182957e+00
1.517216815312400e+02,4.647366811746681e+00
1.517716815312400e+02,4.647304132886737e+00
1.518216815312400e+02,4.647241489578589e+00
1.518716815312400e+02,4.647178881797696e+00
1.519216815312400e+02,4.647116309519376e+00
1.519716815312401e+02,4.647053772719083e+00
1.520216815312401e+02,4.646991271372316e+00
1.520716815312401e+02,4.646928805454584e+00
1.521216815312401e+02,4.646866374941413e+00
1.521716815312401e+02,4.646803979808270e+00
1.522216815312401e+02,4.646741620030700e+00
1.522716815312401e+02,4.646679295584295e+00
1.523216815312401e+02,4.646617006444552e+00
1.523716815312401e+02,4.646554752587055e+00
1.524216815312402e+02,4.646492533987468e+00
1.524716815312402e+02,4.646430350621391e+00
1.525216815312402e+02,4.646368202464430e+00
1.525716815312402e+02,4.646306089492258e+00
1.526216815312402e+02,4.646244011680548e+00
1.526716815312402e+02,4.646181969005012e+00
1.527216815312402e+02,4.646119961441308e+00
1.527716815312402e+02,4.646057988965121e+00
1.528216815312402e+02,4.645996051552226e+00
1.528716815312403e+02,4.645934149178386e+00
1.529216815312403e+02,4.645872281819348e+00
1.529716815312403e+02,4.645810449450897e+00
1.530216815312403e+02,4.645748652048841e+00
1.530716815312403e+02,4.645686889588985e+00
1.531216815312403e+02,4.645625162047173e+00
1.531716815312403e+02,4.645563469399276e+00
1.532216815312403e+02,4.645501811621160e+00
1.532716815312403e+02,4.645440188688671e+00
1.533216815312404e+02,4.645378600577691e+00
1.533716815312404e+02,4.645317047264176e+00
1.534216815312404e+02,4.645255528724030e+00
1.534716815312404e+02,4.645194044933202e+00
1.535216815312404e+02,4.645132595867700e+00
1.535716815312404e+02,4.645071181503456e+00
1.536216815312404e+02,4.645009801816497e+00
1.536716815312404e+02,4.644948456782849e+00
1.537216815312404e+02,4.644887146378474e+00
1.537716815312405e+02,4.644825870579462e+00
1.538216815312405e+02,4.644764629361893e+00
1.538716815312405e+02,4.644703422701790e+00
1.539216815312405e+02,4.644642250575321e+00
1.539716815312405e+02,4.644581112958601e+00
1.540216815312405e+02,4.644520009827666e+00
1.540716815312405e+02,4.644458941158733e+00
1.541216815312405e+02,4.644397906928000e+00
1.541716815312406e+02,4.644336907111540e+00
1.542216815312406e+02,4.644275941685541e+00
1.542716815312406e+02,4.644215010626257e+00
1.543216815312406e+02,4.644154113909922e+00
1.543716815312406e+02,4.644093251512808e+00
1.544216815312406e+02,4.644032423411167e+00
1.544716815312406e+02,4.643971629581234e+00
1.545216815312406e+02,4.643910869999285e+00
1.545716815312406e+02,4.643850144641654e+00
1.546216815312407e+02,4.643789453484709e+00
1.546716815312407e+02,4.643728796504701e+00
1.547216815312407e+02,4.643668173677980e+00
1.547716815312407e+02,4.643607584981027e+00
1.548216815312407e+02,4.643547030390158e+00
1.548716815312407e+02,4.643486509881725e+00
1.549216815312407e+02,4.643426023432172e+00
1.549716815312407e+02,4.643365571017966e+00
1.550216815312407e+02,4.643305152615599e+00
1.550716815312408e+02,4.643244768201491e+00
1.551216815312408e+02,4.643184417752121e+00
1.551716815312408e+02,4.643124101244017e+00
1.552216815312408e+02,4.643063818653622e+00
1.552716815312408e+02,4.643003569957526e+00
1.553216815312408e+02,4.642943355132306e+00
1.553716815312408e+02,4.642883174154416e+00
1.554216815312408e+02,4.642823027000492e+00
1.554716815312408e+02,4.642762913647193e+00
1.555216815312409e+02,4.642702834071076e+00
1.555716815312409e+02,4.642642788248773e+00
1.556216815312409e+02,4.642582776156924e+00
1.556716815312409e+02,4.642522797772155e+00
1.557216815312409e+02,4.642462853071166e+00
1.557716815312409e+02,4.642402942030692e+00
1.558216815312409e+02,4.642343064627398e+00
1.558716815312409e+02,4.642283220838002e+00
1.559216815312409e+02,4.642223410639281e+00
1.559716815312410e+02,4.642163634007970e+00
1.560216815312410e+02,4.642103890920794e+00
1.560716815312410e+02,4.642044181354525e+00
1.561216815312410e+02,4.641984505285992e+00
1.561716815312410e+02,4.641924862692056e+00
1.562216815312410e+02,4.641865253549577e+00
1.562716815312410e+02,4.641805677835351e+00
1.563216815312410e+02,4.641746135526223e+00
1.563716815312411e+02,4.641686626599129e+00
1.564216815312411e+02,4.641627151030923e+00
1.564716815312411e+02,4.641567708798497e+00
1.565216815312411e+02,4.641508299878829e+00
1.565716815312411e+02,4.641448924248855e+00
1.566216815312411e+02,4.641389581885473e+00
1.566716815312411e+02,4.641330272765712e+00
1.567216815312411e+02,4.641270996866623e+00
1.567716815312411e+02,4.641211754165108e+00
1.568216815312412e+02,4.641152544638170e+00
1.568716815312412e+02,4.641093368262951e+00
1.569216815312412e+02,4.641034225016504e+00
1.569716815312412e+02,4.640975114875832e+00
1.570216815312412e+02,4.640916037817991e+00
1.570716815312412e+02,4.640856993820138e+00
1.571216815312412e+02,4.640797982859451e+00
1.571716815312412e+02,4.640739004913002e+00
1.572216815312412e+02,4.640680059957879e+00
1.572716815312413e+02,4.640621147971302e+00
1.573216815312413e+02,4.640562268930471e+00
1.573716815312413e+02,4.640503422812542e+00
1.574216815312413e+02,4.640444609594720e+00
1.574716815312413e+02,4.640385829254237e+00
1.575216815312413e+02,4.640327081768334e+00
1.575716815312413e+02,4.640268367114276e+00
1.576216815312413e+02,4.640209685269345e+00
1.576716815312413e+02,4.640151036210811e+00
1.577216815312414e+02,4.640092419915993e+00
1.577716815312414e+02,4.640033836362198e+00
1.578216815312414e+02,4.639975285526754e+00
1.578716815312414e+02,4.639916767387046e+00
1.579216815312414e+02,4.639858281920398e+00
1.579716815312414e+02,4.639799829104177e+00
1.580216815312414e+02,4.639741408915823e+00
1.580716815312414e+02,4.639683021332742e+00
1.581216815312414e+02,4.639624666332328e+00
1.581716815312415e+02,4.639566343892036e+00
1.582216815312415e+02,4.639508053989338e+00
1.582716815312415e+02,4.639449796601677e+00
1.583216815312415e+02,4.639391571706563e+00
1.583716815312415e+02,4.639333379281541e+00
1.584216815312415e+02,4.639275219304101e+00
1.584716815312415e+02,4.639217091751692e+00
1.585216815312415e+02,4.639158996601944e+00
1.585716815312416e+02,4.639100933832464e+00
1.586216815312416e+02,4.639042903420753e+00
1.586716815312416e+02,4.638984905344429e+00
1.587216815312416e+02,4.638926939581110e+00
1.587716815312416e+02,4.638869006108425e+00
1.588216815312416e+02,4.638811104904031e+00
1.588716815312416e+02,4.638753235945561e+00
1.589216815312416e+02,4.638695399210661e+00
1.589716815312416e+02,4.638637594677010e+00
1.590216815312417e+02,4.638579822322348e+00
1.590716815312417e+02,4.638522082124413e+00
1.591216815312417e+02,4.638464374060942e+00
1.591716815312417e+02,4.638406698109677e+00
1.592216815312417e+02,4.638349054248361e+00
1.592716815312417e+02,4.638291442454732e+00
1.593216815312417e+02,4.638233862706612e+00
1.593716815312417e+02,4.638176314981866e+00
1.594216815312417e+02,4.638118799258274e+00
1.594716815312418e+02,4.638061315513629e+00
1.595216815312418e+02,4.638003863725813e+00
1.595716815312418e+02,4.637946443872720e+00
1.596216815312418e+02,4.637889055932225e+00
1.596716815312418e+02,4.637831699882244e+00
1.597216815312418e+02,4.637774375700712e+00
1.597716815312418e+02,4.637717083365491e+00
1.598216815312418e+02,4.637659822854546e+00
1.598716815312418e+02,4.637602594145883e+00
1.599216815312419e+02,4.637545397217425e+00
1.599716815312419e+02,4.637488232047154e+00
1.600216815312419e+02,4.637431098613108e+00
1.600716815312419e+02,4.637373996893313e+00
1.601216815312419e+02,4.637316926865799e+00
1.601716815312419e+02,4.637259888508579e+00
1.602216815312419e+02,4.637202881799737e+00
1.602716815312419e+02,4.637145906717366e+00
1.603216815312419e+02,4.637088963239567e+00
1.603716815312420e+02,4.637032051344470e+00
1.604216815312420e+02,4.636975171010158e+00
1.604716815312420e+02,4.636918322214759e+00
1.605216815312420e+02,4.636861504936453e+00
1.605716815312420e+02,4.636804719153410e+00
1.606216815312420e+02,4.636747964843844e+00
1.606716815312420e+02,4.636691241985908e+00
1.607216815312420e+02,4.636634550557774e+00
1.607716815312421e+02,4.636577890537758e+00
1.608216815312421e+02,4.636521261904074e+00
1.608716815312421e+02,4.636464664634954e+00
1.609216815312421e+02,4.636408098708736e+00
1.609716815312421e+02,4.636351564103682e+00
1.610216815312421e+02,4.636295060798081e+00
1.610716815312421e+02,4.636238588770253e+00
1.611216815312421e+02,4.636182147998523e+00
1.611716815312421e+02,4.636125738461241e+00
1.612216815312422e+02,4.636069360136776e+00
1.612716815312422e+02,4.636013013003503e+00
1.613216815312422e+02,4.635956697039824e+00
1.613716815312422e+02,4.635900412224147e+00
1.614216815312422e+02,4.635844158534879e+00
1.614716815312422e+02,4.635787935950460e+00
1.615216815312422e+02,4.635731744449329e+00
1.615716815312422e+02,4.635675584009980e+00
1.616216815312422e+02,4.635619454610907e+00
1.616716815312423e+02,4.635563356230556e+00
1.617216815312423e+02,4.635507288847458e+00
1.617716815312423e+02,4.635451252440154e+00
1.618216815312423e+02,4.635395246987168e+00
1.618716815312423e+02,4.635339272467065e+00
1.619216815312423e+02,4.635283328858425e+00
1.619716815312423e+02,4.635227416139790e+00
1.620216815312423e+02,4.635171534289783e+00
1.620716815312423e+02,4.635115683287045e+00
1.621216815312424e+02,4.635059863110138e+00
1.621716815312424e+02,4.635004073737731e+00
1.622216815312424e+02,4.634948315148494e+00
1.622716815312424e+02,4.634892587321093e+00
1.623216815312424e+02,4.634836890234237e+00
1.623716815312424e+02,4.634781223866612e+00
1.624216815312424e+02,4.634725588196921e+00
1.624716815312424e+02,4.634669983203883e+00
1.625216815312425e+02,4.634614408866241e+00
1.625716815312425e+02,4.634558865162760e+00
1.626216815312425e+02,4.634503352072250e+00
1.626716815312425e+02,4.634447869573504e+00
1.627216815312425e+02,4.634392417645283e+00
1.627716815312425e+02,4.634336996266383e+00
1.628216815312425e+02,4.634281605415641e+00
1.628716815312425e+02,4.634226245071959e+00
1.629216815312425e+02,4.634170915214177e+00
1.629716815312426e+02,4.634115615821118e+00
1.630216815312426e+02,4.634060346871712e+00
1.630716815312426e+02,4.634005108344859e+00
1.631216815312426e+02,4.633949900219466e+00
1.631716815312426e+02,4.633894722474518e+00
1.632216815312426e+02,4.633839575088928e+00
1.632716815312426e+02,4.633784458041603e+00
1.633216815312426e+02,4.633729371311572e+00
1.633716815312426e+02,4.633674314877831e+00
1.634216815312427e+02,4.633619288719400e+00
1.634716815312427e+02,4.633564292815272e+00
1.635216815312427e+02,4.633509327144412e+00
1.635716815312427e+02,4.633454391685940e+00
1.636216815312427e+02,4.633399486418940e+00
1.636716815312427e+02,4.633344611322455e+00
1.637216815312427e+02,4.633289766375556e+00
1.637716815312427e+02,4.633234951557344e+00
1.638216815312427e+02,4.633180166847002e+00
1.638716815312428e+02,4.633125412223647e+00
1.639216815312428e+02,4.633070687666371e+00
1.639716815312428e+02,4.633015993154355e+00
1.640216815312428e+02,4.632961328666784e+00
1.640716815312428e+02,4.632906694182873e+00
1.641216815312428e+02,4.632852089681820e+00
1.641716815312428e+02,4.632797515142827e+00
1.642216815312428e+02,4.632742970545126e+00
1.642716815312428e+02,4.632688455867963e+00
1.643216815312429e+02,4.632633971090599e+00
1.643716815312429e+02,4.632579516192307e+00
1.644216815312429e+02,4.632525091152360e+00
1.644716815312429e+02,4.632470695950087e+00
1.645216815312429e+02,4.632416330564850e+00
1.645716815312429e+02,4.632361994975939e+00
1.646216815312429e+02,4.632307689162663e+00
1.646716815312429e+02,4.632253413104404e+00
1.647216815312430e+02,4.632199166780582e+00
1.647716815312430e+02,4.632144950170572e+00
1.648216815312430e+02,4.632090763253710e+00
1.648716815312430e+02,4.632036606009466e+00
1.649216815312430e+02,4.631982478417301e+00
1.649716815312430e+02,4.631928380456574e+00
1.650216815312430e+02,4.631874312106738e+00
1.650716815312430e+02,4.631820273347382e+00
1.651216815312430e+02,4.631766264158014e+00
1.651716815312431e+02,4.631712284518005e+00
1.652216815312431e+02,4.631658334406866e+00
1.652716815312431e+02,4.631604413804197e+00
1.653216815312431e+02,4.631550522689508e+00
1.653716815312431e+02,4.631496661042363e+00
1.654216815312431e+02,4.631442828842387e+00
1.654716815312431e+02,4.631389026069132e+00
1.655216815312431e+02,4.631335252702165e+00
1.655716815312431e+02,4.631281508721125e+00
1.656216815312432e+02,4.631227794105635e+00
1.656716815312432e+02,4.631174108835325e+00
1.657216815312432e+02,4.631120452889890e+00
1.657716815312432e+02,4.631066826248973e+00
1.658216815312432e+02,4.631013228892227e+00
1.658716815312432e+02,4.630959660799388e+00
1.659216815312432e+02,4.630906121950138e+00
1.659716815312432e+02,4.630852612324198e+00
1.660216815312432e+02,4.630799131901361e+00
1.660716815312433e+02,4.630745680661358e+00
1.661216815312433e+02,4.630692258583930e+00
1.661716815312433e+02,4.630638865648844e+00
1.662216815312433e+02,4.630585501835898e+00
1.662716815312433e+02,4.630532167124920e+00
1.663216815312433e+02,4.630478861495745e+00
1.663716815312433e+02,4.630425584928207e+00
1.664216815312433e+02,4.630372337402150e+00
1.664716815312433e+02,4.630319118897441e+00
1.665216815312434e+02,4.630265929393931e+00
1.665716815312434e+02,4.630212768871496e+00
1.666216815312434e+02,4.630159637310078e+00
1.666716815312434e+02,4.630106534689603e+00
1.667216815312434e+02,4.630053460989998e+00
1.667716815312434e+02,4.630000416191224e+00
1.668216815312434e+02,4.629947400273204e+00
1.668716815312434e+02,4.629894413215922e+00
1.669216815312435e+02,4.629841454999358e+00
1.669716815312435e+02,4.629788525603487e+00
1.670216815312435e+02,4.629735625008399e+00
1.670716815312435e+02,4.629682753194079e+00
1.671216815312435e+02,4.629629910140510e+00
1.671716815312435e+02,4.629577095827804e+00
1.672216815312435e+02,4.629524310236063e+00
1.672716815312435e+02,4.629471553345345e+00
1.673216815312435e+02,4.629418825135724e+00
1.673716815312436e+02,4.629366125587310e+00
1.674216815312436e+02,4.629313454680219e+00
1.674716815312436e+02,4.629260812394623e+00
1.675216815312436e+02,4.629208198710733e+00
1.675716815312436e+02,4.629155613608647e+00
1.676216815312436e+02,4.629103057068476e+00
1.676716815312436e+02,4.629050529070453e+00
1.677216815312436e+02,4.628998029594814e+00
1.677716815312436e+02,4.628945558621781e+00
1.678216815312437e+02,4.628893116131557e+00
1.678716815312437e+02,4.628840702104342e+00
1.679216815312437e+02,4.628788316520463e+00
1.679716815312437e+02,4.628735959360246e+00
1.680216815312437e+02,4.628683630603936e+00
1.680716815312437e+02,4.628631330231773e+00
1.681216815312437e+02,4.628579058224096e+00
1.681716815312437e+02,4.628526814561239e+00
1.682216815312437e+02,4.628474599223543e+00
1.682716815312438e+02,4.628422412191408e+00
1.683216815312438e+02,4.628370253445133e+00
1.683716815312438e+02,4.628318122965113e+00
1.684216815312438e+02,4.628266020731806e+00
1.684716815312438e+02,4.628213946725551e+00
1.685216815312438e+02,4.628161900926740e+00
1.685716815312438e+02,4.628109883315854e+00
1.686216815312438e+02,4.628057893873320e+00
1.686716815312438e+02,4.628005932579650e+00
1.687216815312439e+02,4.627953999415332e+00
1.687716815312439e+02,4.627902094360770e+00
1.688216815312439e+02,4.627850217396477e+00
1.688716815312439e+02,4.627798368503008e+00
1.689216815312439e+02,4.627746547660892e+00
1.689716815312439e+02,4.627694754850681e+00
1.690216815312439e+02,4.627642990052899e+00
1.690716815312439e+02,4.627591253248083e+00
1.691216815312440e+02,4.627539544416852e+00
1.691716815312440e+02,4.627487863539814e+00
1.692216815312440e+02,4.627436210597536e+00
1.692716815312440e+02,4.627384585570667e+00
1.693216815312440e+02,4.627332988439894e+00
1.693716815312440e+02,4.627281419185835e+00
1.694216815312440e+02,4.627229877789060e+00
1.694716815312440e+02,4.627178364230277e+00
1.695216815312440e+02,4.627126878490261e+00
1.695716815312441e+02,4.627075420549682e+00
1.696216815312441e+02,4.627023990389183e+00
1.696716815312441e+02,4.626972587989510e+00
1.697216815312441e+02,4.626921213331493e+00
1.697716815312441e+02,4.626869866395845e+00
1.698216815312441e+02,4.626818547163283e+00
1.698716815312441e+02,4.626767255614621e+00
1.699216815312441e+02,4.626715991730647e+00
1.699716815312441e+02,4.626664755492148e+00
1.700216815312442e+02,4.626613546879956e+00
1.700716815312442e+02,4.626562365874938e+00
1.701216815312442e+02,4.626511212457894e+00
1.701716815312442e+02,4.626460086609697e+00
1.702216815312442e+02,4.626408988311283e+00
1.702716815312442e+02,4.626357917543467e+00
1.703216815312442e+02,4.626306874287112e+00
1.703716815312442e+02,4.626255858523191e+00
1.704216815312442e+02,4.626204870232624e+00
1.704716815312443e+02,4.626153909396336e+00
1.705216815312443e+02,4.626102975995301e+00
1.705716815312443e+02,4.626052070010476e+00
1.706216815312443e+02,4.626001191422814e+00
1.706716815312443e+02,4.625950340213294e+00
1.707216815312443e+02,4.625899516362919e+00
1.707716815312443e+02,4.625848719852698e+00
1.708216815312443e+02,4.625797950663711e+00
1.708716815312443e+02,4.625747208777054e+00
1.709216815312444e+02,4.625696494173703e+00
1.709716815312444e+02,4.625645806834669e+00
1.710216815312444e+02,4.625595146741090e+00
1.710716815312444e+02,4.625544513874089e+00
1.711216815312444e+02,4.625493908214752e+00
1.711716815312444e+02,4.625443329744171e+00
1.712216815312444e+02,4.625392778443466e+00
1.712716815312444e+02,4.625342254293852e+00
1.713216815312445e+02,4.625291757276505e+00
1.713716815312445e+02,4.625241287372540e+00
1.714216815312445e+02,4.625190844563110e+00
1.714716815312445e+02,4.625140428829453e+00
1.715216815312445e+02,4.625090040152797e+00
1.715716815312445e+02,4.625039678514327e+00
1.716216815312445e+02,4.624989343895298e+00
1.716716815312445e+02,4.624939036276919e+00
1.717216815312445e+02,4.624888755640443e+00
1.717716815312446e+02,4.624838501967244e+00
1.718216815312446e+02,4.624788275238600e+00
1.718716815312446e+02,4.624738075435734e+00
1.719216815312446e+02,4.624687902539971e+00
1.719716815312446e+02,4.624637756532704e+00
1.720216815312446e+02,4.624587637395252e+00
1.720716815312446e+02,4.624537545108915e+00
1.721216815312446e+02,4.624487479655020e+00
1.721716815312446e+02,4.624437441014988e+00
1.722216815312447e+02,4.624387429170251e+00
1.722716815312447e+02,4.624337444102208e+00
1.723216815312447e+02,4.624287485792295e+00
1.723716815312447e+02,4.624237554221931e+00
1.724216815312447e+02,4.624187649372509e+00
1.724716815312447e+02,4.624137771225477e+00
1.725216815312447e+02,4.624087919762318e+00
1.725716815312447e+02,4.624038094964509e+00
1.726216815312447e+02,4.623988296813551e+00
1.726716815312448e+02,4.623938525290963e+00
1.727216815312448e+02,4.623888780378260e+00
1.727716815312448e+02,4.623839062056938e+00
1.728216815312448e+02,4.623789370308528e+00
1.728716815312448e+02,4.623739705114675e+00
1.729216815312448e+02,4.623690066456928e+00
1.729716815312448e+02,4.623640454316773e+00
1.730216815312448e+02,4.623590868675817e+00
1.730716815312448e+02,4.623541309515745e+00
1.731216815312449e+02,4.623491776818192e+00
1.731716815312449e+02,4.623442270564725e+00
1.732216815312449e+02,4.623392790736980e+00
1.732716815312449e+02,4.623343337316623e+00
1.733216815312449e+02,4.623293910285319e+00
1.733716815312449e+02,4.623244509624775e+00
1.734216815312449e+02,4.623195135316698e+00
1.734716815312449e+02,4.623145787342784e+00
1.735216815312450e+02,4.623096465684711e+00
1.735716815312450e+02,4.623047170324226e+00
1.736216815312450e+02,4.622997901243124e+00
1.736716815312450e+02,4.622948658423123e+00
1.737216815312450e+02,4.622899441845978e+00
1.737716815312450e+02,4.622850251493483e+00
1.738216815312450e+02,4.622801087347439e+00
1.738716815312450e+02,4.622751949389674e+00
1.739216815312450e+02,4.622702837601989e+00
1.739716815312451e+02,4.622653751966174e+00
1.740216815312451e+02,4.622604692464103e+00
1.740716815312451e+02,4.622555659077662e+00
1.741216815312451e+02,4.622506651788703e+00
1.741716815312451e+02,4.622457670579080e+00
1.742216815312451e+02,4.622408715430712e+00
1.742716815312451e+02,4.622359786325529e+00
1.743216815312451e+02,4.622310883245421e+00
1.743716815312451e+02,4.622262006172301e+00
1.744216815312452e+02,4.622213155088106e+00
1.744716815312452e+02,4.622164329974829e+00
1.745216815312452e+02,4.622115530814492e+00
1.745716815312452e+02,4.622066757589027e+00
1.746216815312452e+02,4.622018010280363e+00
1.746716815312452e+02,4.621969288870564e+00
1.747216815312452e+02,4.621920593341650e+00
1.747716815312452e+02,4.621871923675664e+00
1.748216815312452e+02,4.621823279854634e+00
1.748716815312453e+02,4.621774661860559e+00
1.749216815312453e+02,4.621726069675551e+00
1.749716815312453e+02,4.621677503281694e+00
1.750216815312453e+02,4.621628962661082e+00
1.750716815312453e+02,4.621580447795877e+00
1.751216815312453e+02,4.621531958668127e+00
1.751716815312453e+02,4.621483495259930e+00
1.752216815312453e+02,4.621435057553505e+00
1.752716815312453e+02,4.621386645530987e+00
1.753216815312454e+02,4.621338259174490e+00
1.753716815312454e+02,4.621289898466189e+00
1.754216815312454e+02,4.621241563388321e+00
1.754716815312454e+02,4.621193253923123e+00
1.755216815312454e+02,4.621144970052779e+00
1.755716815312454e+02,4.621096711759491e+00
1.756216815312454e+02,4.621048479025525e+00
1.756716815312454e+02,4.621000271833102e+00
1.757216815312455e+02,4.620952090164464e+00
1.757716815312455e+02,4.620903934001946e+00
1.758216815312455e+02,4.620855803327815e+00
1.758716815312455e+02,4.620807698124369e+00
1.759216815312455e+02,4.620759618373982e+00
1.759716815312455e+02,4.620711564058884e+00
1.760216815312455e+02,4.620663535161383e+00
1.760716815312455e+02,4.620615531663891e+00
1.761216815312455e+02,4.620567553548765e+00
1.761716815312456e+02,4.620519600798427e+00
1.762216815312456e+02,4.620471673395223e+00
1.762716815312456e+02,4.620423771321500e+00
1.763216815312456e+02,4.620375894559703e+00
1.763716815312456e+02,4.620328043092260e+00
1.764216815312456e+02,4.620280216901633e+00
1.764716815312456e+02,4.620232415970248e+00
1.765216815312456e+02,4.620184640280542e+00
1.765716815312456e+02,4.620136889814988e+00
1.766216815312457e+02,4.620089164556083e+00
1.766716815312457e+02,4.620041464486330e+00
1.767216815312457e+02,4.619993789588206e+00
1.767716815312457e+02,4.619946139844222e+00
1.768216815312457e+02,4.619898515236943e+00
1.768716815312457e+02,4.619850915748885e+00
1.769216815312457e+02,4.619803341362599e+00
1.769716815312457e+02,4.619755792060691e+00
1.770216815312457e+02,4.619708267825717e+00
1.770716815312458e+02,4.619660768640229e+00
1.771216815312458e+02,4.619613294486822e+00
1.771716815312458e+02,4.619565845348161e+00
1.772216815312458e+02,4.619518421206899e+00
1.772716815312458e+02,4.619471022045599e+00
1.773216815312458e+02,4.619423647846952e+00
1.773716815312458e+02,4.619376298593638e+00
1.774216815312458e+02,4.619328974268297e+00
1.774716815312458e+02,4.619281674853608e+00
1.775216815312459e+02,4.619234400332275e+00
1.775716815312459e+02,4.619187150687016e+00
1.776216815312459e+02,4.619139925900536e+00
1.776716815312459e+02,4.619092725955562e+00
1.777216815312459e+02,4.619045550834858e+00
1.777716815312459e+02,4.618998400521200e+00
1.778216815312459e+02,4.618951274997329e+00
1.778716815312459e+02,4.618904174246032e+00
1.779216815312460e+02,4.618857098250106e+00
1.779716815312460e+02,4.618810046992360e+00
1.780216815312460e+02,4.618763020455611e+00
1.780716815312460e+02,4.618716018622637e+00
1.781216815312460e+02,4.618669041476307e+00
1.781716815312460e+02,4.618622088999524e+00
1.782216815312460e+02,4.618575161175090e+00
1.782716815312460e+02,4.618528257985848e+00
1.783216815312460e+02,4.618481379414740e+00
1.783716815312461e+02,4.618434525444683e+00
1.784216815312461e+02,4.618387696058543e+00
1.784716815312461e+02,4.618340891239259e+00
1.785216815312461e+02,4.618294110969777e+00
1.785716815312461e+02,4.618247355233014e+00
1.786216815312461e+02,4.618200624011957e+00
1.786716815312461e+02,4.618153917289573e+00
1.787216815312461e+02,4.618107235048822e+00
1.787716815312461e+02,4.618060577272691e+00
1.788216815312462e+02,4.618013943944193e+00
1.788716815312462e+02,4.617967335046340e+00
1.789216815312462e+02,4.617920750562170e+00
1.789716815312462e+02,4.617874190474735e+00
1.790216815312462e+02,4.617827654767049e+00
1.790716815312462e+02,4.617781143422175e+00
1.791216815312462e+02,4.617734656423218e+00
1.791716815312462e+02,4.617688193753250e+00
1.792216815312462e+02,4.617641755395391e+00
1.792716815312463e+02,4.617595341332723e+00
1.793216815312463e+02,4.617548951548327e+00
1.793716815312463e+02,4.617502586025387e+00
1.794216815312463e+02,4.617456244747071e+00
1.794716815312463e+02,4.617409927696510e+00
1.795216815312463e+02,4.617363634856817e+00
1.795716815312463e+02,4.617317366211187e+00
1.796216815312463e+02,4.617271121742874e+00
1.796716815312463e+02,4.617224901435052e+00
1.797216815312464e+02,4.617178705270901e+00
1.797716815312464e+02,4.617132533233629e+00
1.798216815312464e+02,4.617086385306528e+00
1.798716815312464e+02,4.617040261472892e+00
1.799216815312464e+02,4.616994161715930e+00
1.799716815312464e+02,4.616948086018854e+00
1.800216815312464e+02,4.616902034364966e+00
1.800716815312464e+02,4.616856006737612e+00
1.801216815312465e+02,4.616810003120039e+00
1.801716815312465e+02,4.616764023495570e+00
1.802216815312465e+02,4.616718067847596e+00
1.802716815312465e+02,4.616672136159422e+00
1.803216815312465e+02,4.616626228414411e+00
1.803716815312465e+02,4.616580344595934e+00
1.804216815312465e+02,4.616534484687301e+00
1.804716815312465e+02,4.616488648671906e+00
1.805216815312465e+02,4.616442836533178e+00
1.805716815312466e+02,4.616397048254505e+00
1.806216815312466e+02,4.616351283819346e+00
1.806716815312466e+02,4.616305543211160e+00
1.807216815312466e+02,4.616259826413310e+00
1.807716815312466e+02,4.616214133409229e+00
1.808216815312466e+02,4.616168464182460e+00
1.808716815312466e+02,4.616122818716482e+00
1.809216815312466e+02,4.616077196994750e+00
1.809716815312466e+02,4.616031599000737e+00
1.810216815312467e+02,4.615986024717941e+00
1.810716815312467e+02,4.615940474129975e+00
1.811216815312467e+02,4.615894947220368e+00
1.811716815312467e+02,4.615849443972576e+00
1.812216815312467e+02,4.615803964370155e+00
1.812716815312467e+02,4.615758508396701e+00
1.813216815312467e+02,4.615713076035850e+00
1.813716815312467e+02,4.615667667271177e+00
1.814216815312467e+02,4.615622282086225e+00
1.814716815312468e+02,4.615576920464634e+00
1.815216815312468e+02,4.615531582390043e+00
1.815716815312468e+02,4.615486267846065e+00
1.816216815312468e+02,4.615440976816354e+00
1.816716815312468e+02,4.615395709284547e+00
1.817216815312468e+02,4.615350465234311e+00
1.817716815312468e+02,4.615305244649361e+00
1.818216815312468e+02,4.615260047513404e+00
1.818716815312468e+02,4.615214873810149e+00
1.819216815312469e+02,4.615169723523267e+00
1.819716815312469e+02,4.615124596636477e+00
1.820216815312469e+02,4.615079493133532e+00
1.820716815312469e+02,4.615034412998165e+00
1.821216815312469e+02,4.614989356214155e+00
1.821716815312469e+02,4.614944322765231e+00
1.822216815312469e+02,4.614899312635175e+00
1.822716815312469e+02,4.614854325807841e+00
1.823216815312470e+02,4.614809362267036e+00
1.823716815312470e+02,4.614764421996535e+00
1.824216815312470e+02,4.614719504980168e+00
1.824716815312470e+02,4.614674611201765e+00
1.825216815312470e+02,4.614629740645156e+00
1.825716815312470e+02,4.614584893294226e+00
1.826216815312470e+02,4.614540069132841e+00
1.826716815312470e+02,4.614495268144869e+00
1.827216815312470e+02,4.614450490314232e+00
1.827716815312471e+02,4.614405735624827e+00
1.828216815312471e+02,4.614361004060552e+00
1.828716815312471e+02,4.614316295605345e+00
1.829216815312471e+02,4.614271610243111e+00
1.829716815312471e+02,4.614226947957784e+00
1.830216815312471e+02,4.614182308733376e+00
1.830716815312471e+02,4.614137692553881e+00
1.831216815312471e+02,4.614093099403246e+00
1.831716815312471e+02,4.614048529265434e+00
1.832216815312472e+02,4.614003982124489e+00
1.832716815312472e+02,4.613959457964421e+00
1.833216815312472e+02,4.613914956769219e+00
1.833716815312472e+02,4.613870478522917e+00
1.834216815312472e+02,4.613826023209575e+00
1.834716815312472e+02,4.613781590813291e+00
1.835216815312472e+02,4.613737181318106e+00
1.835716815312472e+02,4.613692794708077e+00
1.836216815312472e+02,4.613648430967301e+00
1.836716815312473e+02,4.613604090079892e+00
1.837216815312473e+02,4.613559772029988e+00
1.837716815312473e+02,4.613515476801689e+00
1.838216815312473e+02,4.613471204379128e+00
1.838716815312473e+02,4.613426954746454e+00
1.839216815312473e+02,4.613382727887802e+00
1.839716815312473e+02,4.613338523787345e+00
1.840216815312473e+02,4.613294342429273e+00
1.840716815312473e+02,4.613250183797778e+00
1.841216815312474e+02,4.613206047877036e+00
1.841716815312474e+02,4.613161934651279e+00
1.842216815312474e+02,4.613117844104745e+00
1.842716815312474e+02,4.613073776221660e+00
1.843216815312474e+02,4.613029730986256e+00
1.843716815312474e+02,4.612985708382755e+00
1.844216815312474e+02,4.612941708395438e+00
1.844716815312474e+02,4.612897731008622e+00
1.845216815312475e+02,4.612853776206584e+00
1.845716815312475e+02,4.612809843973587e+00
1.846216815312475e+02,4.612765934293942e+00
1.846716815312475e+02,4.612722047152014e+00
1.847216815312475e+02,4.612678182532116e+00
1.847716815312475e+02,4.612634340418551e+00
1.848216815312475e+02,4.612590520795684e+00
1.848716815312475e+02,4.612546723647891e+00
1.849216815312475e+02,4.612502948959520e+00
1.849716815312476e+02,4.612459196714984e+00
1.850216815312476e+02,4.612415466898679e+00
1.850716815312476e+02,4.612371759494993e+00
1.851216815312476e+02,4.612328074488364e+00
1.851716815312476e+02,4.612284411863219e+00
1.852216815312476e+02,4.612240771603977e+00
1.852716815312476e+02,4.612197153695065e+00
1.853216815312476e+02,4.612153558120966e+00
1.853716815312476e+02,4.612109984866185e+00
1.854216815312477e+02,4.612066433915150e+00
1.854716815312477e+02,4.612022905252346e+00
1.855216815312477e+02,4.611979398862336e+00
1.855716815312477e+02,4.611935914729595e+00
1.856216815312477e+02,4.611892452838627e+00
1.856716815312477e+02,4.611849013173972e+00
1.857216815312477e+02,4.611805595720177e+00
1.857716815312477e+02,4.611762200461832e+00
1.858216815312477e+02,4.611718827383484e+00
1.858716815312478e+02,4.611675476469707e+00
1.859216815312478e+02,4.611632147705081e+00
1.859716815312478e+02,4.611588841074183e+00
1.860216815312478e+02,4.611545556561683e+00
1.860716815312478e+02,4.611502294152168e+00
1.861216815312478e+02,4.611459053830213e+00
1.861716815312478e+02,4.611415835580514e+00
1.862216815312478e+02,4.611372639387732e+00
1.862716815312479e+02,4.611329465236513e+00
1.863216815312479e+02,4.611286313111498e+00
1.863716815312479e+02,4.611243182997389e+00
1.864216815312479e+02,4.611200074878933e+00
1.864716815312479e+02,4.611156988740787e+00
1.865216815312479e+02,4.611113924567642e+00
1.865716815312479e+02,4.611070882344253e+00
1.866216815312479e+02,4.611027862055358e+00
1.866716815312479e+02,4.610984863685665e+00
1.867216815312480e+02,4.610941887219924e+00
1.867716815312480e+02,4.610898932642968e+00
1.868216815312480e+02,4.610855999939602e+00
1.868716815312480e+02,4.610813089094520e+00
1.869216815312480e+02,4.610770200092498e+00
1.869716815312480e+02,4.610727332918410e+00
1.870216815312480e+02,4.610684487557095e+00
1.870716815312480e+02,4.610641663993374e+00
1.871216815312480e+02,4.610598862212049e+00
1.871716815312481e+02,4.610556082197943e+00
1.872216815312481e+02,4.610513323935979e+00
1.872716815312481e+02,4.610470587411029e+00
1.873216815312481e+02,4.610427872607911e+00
1.873716815312481e+02,4.610385179511558e+00
1.874216815312481e+02,4.610342508106901e+00
1.874716815312481e+02,4.610299858378803e+00
1.875216815312481e+02,4.610257230312238e+00
1.875716815312481e+02,4.610214623892125e+00
1.876216815312482e+02,4.610172039103364e+00
1.876716815312482e+02,4.610129475930963e+00
1.877216815312482e+02,4.610086934359873e+00
1.877716815312482e+02,4.610044414375020e+00
1.878216815312482e+02,4.610001915961417e+00
1.878716815312482e+02,4.609959439104082e+00
1.879216815312482e+02,4.609916983788017e+00
1.879716815312482e+02,4.609874549998247e+00
1.880216815312482e+02,4.609832137719793e+00
1.880716815312483e+02,4.609789746937672e+00
1.881216815312483e+02,4.609747377636925e+00
1.881716815312483e+02,4.609705029802647e+00
1.882216815312483e+02,4.609662703419931e+00
1.882716815312483e+02,4.609620398473781e+00
1.883216815312483e+02,4.609578114949246e+00
1.883716815312483e+02,4.609535852831513e+00
1.884216815312483e+02,4.609493612105747e+00
1.884716815312484e+02,4.609451392756987e+00
1.885216815312484e+02,4.609409194770343e+00
1.885716815312484e+02,4.609367018131003e+00
1.886216815312484e+02,4.609324862824106e+00
1.886716815312484e+02,4.609282728834780e+00
1.887216815312484e+02,4.609240616148181e+00
1.887716815312484e+02,4.609198524749553e+00
1.888216815312484e+02,4.609156454624101e+00
1.888716815312484e+02,4.609114405756950e+00
1.889216815312485e+02,4.609072378133333e+00
1.889716815312485e+02,4.609030371738533e+00
1.890216815312485e+02,4.608988386557738e+00
1.890716815312485e+02,4.608946422576149e+00
1.891216815312485e+02,4.608904479779059e+00
1.891716815312485e+02,4.608862558151730e+00
1.892216815312485e+02,4.608820657679431e+00
1.892716815312485e+02,4.608778778347469e+00
1.893216815312485e+02,4.608736920141143e+00
1.893716815312486e+02,4.608695083045719e+00
1.894216815312486e+02,4.608653267046502e+00
1.894716815312486e+02,4.608611472128835e+00
1.895216815312486e+02,4.608569698278058e+00
1.895716815312486e+02,4.608527945479507e+00
1.896216815312486e+02,4.608486213718527e+00
1.896716815312486e+02,4.608444502980518e+00
1.897216815312486e+02,4.608402813250825e+00
1.897716815312486e+02,4.608361144514775e+00
1.898216815312487e+02,4.608319496757846e+00
1.898716815312487e+02,4.608277869965472e+00
1.899216815312487e+02,4.608236264122966e+00
1.899716815312487e+02,4.608194679215794e+00
1.900216815312487e+02,4.608153115229435e+00
1.900716815312487e+02,4.608111572149281e+00
1.901216815312487e+02,4.608070049960773e+00
1.901716815312487e+02,4.608028548649392e+00
1.902216815312487e+02,4.607987068200628e+00
1.902716815312488e+02,4.607945608599967e+00
1.903216815312488e+02,4.607904169832927e+00
1.903716815312488e+02,4.607862751885007e+00
1.904216815312488e+02,4.607821354741669e+00
1.904716815312488e+02,4.607779978388450e+00
1.905216815312488e+02,4.607738622810902e+00
1.905716815312488e+02,4.607697287994577e+00
1.906216815312488e+02,4.607655973924990e+00
1.906716815312489e+02,4.607614680587737e+00
1.907216815312489e+02,4.607573407968446e+00
1.907716815312489e+02,4.607532156052634e+00
1.908216815312489e+02,4.607490924825885e+00
1.908716815312489e+02,4.607449714273848e+00
1.909216815312489e+02,4.607408524382107e+00
1.909716815312489e+02,4.607367355136260e+00
1.910216815312489e+02,4.607326206521971e+00
1.910716815312489e+02,4.607285078524921e+00
1.911216815312490e+02,4.607243971130766e+00
1.911716815312490e+02,4.607202884325112e+00
1.912216815312490e+02,4.607161818093641e+00
1.912716815312490e+02,4.607120772422080e+00
1.913216815312490e+02,4.607079747296075e+00
1.913716815312490e+02,4.607038742701328e+00
1.914216815312490e+02,4.606997758623586e+00
1.914716815312490e+02,4.606956795048578e+00
1.915216815312490e+02,4.606915851962007e+00
1.915716815312491e+02,4.606874929349624e+00
1.916216815312491e+02,4.606834027197189e+00
1.916716815312491e+02,4.606793145490453e+00
1.917216815312491e+02,4.606752284215204e+00
1.917716815312491e+02,4.606711443357221e+00
1.918216815312491e+02,4.606670622902266e+00
1.918716815312491e+02,4.606629822836146e+00
1.919216815312491e+02,4.606589043144711e+00
1.919716815312491e+02,4.606548283813778e+00
1.920216815312492e+02,4.606507544829177e+00
1.920716815312492e+02,4.606466826176744e+00
1.921216815312492e+02,4.606426127842290e+00
1.921716815312492e+02,4.606385449811694e+00
1.922216815312492e+02,4.606344792070846e+00
1.922716815312492e+02,4.606304154605623e+00
1.923216815312492e+02,4.606263537401921e+00
1.923716815312492e+02,4.606222940445607e+00
1.924216815312492e+02,4.606182363722604e+00
1.924716815312493e+02,4.606141807218854e+00
1.925216815312493e+02,4.606101270920242e+00
1.925716815312493e+02,4.606060754812710e+00
1.926216815312493e+02,4.606020258882238e+00
1.926716815312493e+02,4.605979783114815e+00
1.927216815312493e+02,4.605939327496392e+00
1.927716815312493e+02,4.605898892012894e+00
1.928216815312493e+02,4.605858476650344e+00
1.928716815312494e+02,4.605818081394738e+00
1.929216815312494e+02,4.605777706232054e+00
1.929716815312494e+02,4.605737351148333e+00
1.930216815312494e+02,4.605697016129601e+00
1.930716815312494e+02,4.605656701161851e+00
1.931216815312494e+02,4.605616406231134e+00
1.931716815312494e+02,4.605576131323579e+00
1.932216815312494e+02,4.605535876425249e+00
1.932716815312494e+02,4.605495641522173e+00
1.933216815312495e+02,4.605455426600444e+00
1.933716815312495e+02,4.605415231646113e+00
1.934216815312495e+02,4.605375056645269e+00
1.934716815312495e+02,4.605334901584075e+00
1.935216815312495e+02,4.605294766448674e+00
1.935716815312495e+02,4.605254651225174e+00
1.936216815312495e+02,4.605214555899722e+00
1.936716815312495e+02,4.605174480458481e+00
1.937216815312495e+02,4.605134424887563e+00
1.937716815312496e+02,4.605094389173149e+00
1.938216815312496e+02,4.605054373301452e+00
1.938716815312496e+02,4.605014377258636e+00
1.939216815312496e+02,4.604974401030906e+00
1.939716815312496e+02,4.604934444604459e+00
1.940216815312496e+02,4.604894507965493e+00
1.940716815312496e+02,4.604854591100292e+00
1.941216815312496e+02,4.604814693995078e+00
1.941716815312496e+02,4.604774816636037e+00
1.942216815312497e+02,4.604734959009495e+00
1.942716815312497e+02,4.604695121101734e+00
1.943216815312497e+02,4.604655302898958e+00
1.943716815312497e+02,4.604615504387440e+00
1.944216815312497e+02,4.604575725553489e+00
1.944716815312497e+02,4.604535966383434e+00
1.945216815312497e+02,4.604496226863631e+00
1.945716815312497e+02,4.604456506980359e+00
1.946216815312497e+02,4.604416806719898e+00
1.946716815312498e+02,4.604377126068624e+00
1.947216815312498e+02,4.604337465012933e+00
1.947716815312498e+02,4.604297823539148e+00
1.948216815312498e+02,4.604258201633606e+00
1.948716815312498e+02,4.604218599282714e+00
1.949216815312498e+02,4.604179016472861e+00
1.949716815312498e+02,4.604139453190447e+00
1.950216815312498e+02,4.604099909421892e+00
1.950716815312499e+02,4.604060385153568e+00
1.951216815312499e+02,4.604020880371920e+00
1.951716815312499e+02,4.603981395063407e+00
1.952216815312499e+02,4.603941929214446e+00
1.952716815312499e+02,4.603902482811488e+00
1.953216815312499e+02,4.603863055840992e+00
1.953716815312499e+02,4.603823648289459e+00
1.954216815312499e+02,4.603784260143373e+00
1.954716815312499e+02,4.603744891389192e+00
1.955216815312500e+02,4.603705542013433e+00
1.955716815312500e+02,4.603666212002621e+00
1.956216815312500e+02,4.603626901343226e+00
1.956716815312500e+02,4.603587610021790e+00
1.957216815312500e+02,4.603548338024886e+00
1.957716815312500e+02,4.603509085339040e+00
1.958216815312500e+02,4.603469851950802e+00
1.958716815312500e+02,4.603430637846725e+00
1.959216815312500e+02,4.603391443013397e+00
1.959716815312501e+02,4.603352267437408e+00
1.960216815312501e+02,4.603313111105360e+00
1.960716815312501e+02,4.603273974003863e+00
1.961216815312501e+02,4.603234856119492e+00
1.961716815312501e+02,4.603195757438860e+00
1.962216815312501e+02,4.603156677948623e+00
1.962716815312501e+02,4.603117617635425e+00
1.963216815312501e+02,4.603078576485900e+00
1.963716815312501e+02,4.603039554486736e+00
1.964216815312502e+02,4.603000551624586e+00
1.964716815312502e+02,4.602961567886073e+00
1.965216815312502e+02,4.602922603257936e+00
1.965716815312502e+02,4.602883657726891e+00
1.966216815312502e+02,4.602844731279594e+00
1.966716815312502e+02,4.602805823902762e+00
1.967216815312502e+02,4.602766935583120e+00
1.967716815312502e+02,4.602728066307407e+00
1.968216815312502e+02,4.602689216062363e+00
1.968716815312503e+02,4.602650384834727e+00
1.969216815312503e+02,4.602611572611266e+00
1.969716815312503e+02,4.602572779378752e+00
1.970216815312503e+02,4.602534005123980e+00
1.970716815312503e+02,4.602495249833738e+00
1.971216815312503e+02,4.602456513494782e+00
1.971716815312503e+02,4.602417796093895e+00
1.972216815312503e+02,4.602379097617934e+00
1.972716815312504e+02,4.602340418053745e+00
1.973216815312504e+02,4.602301757388138e+00
1.973716815312504e+02,4.602263115607917e+00
1.974216815312504e+02,4.602224492699929e+00
1.974716815312504e+02,4.602185888651105e+00
1.975216815312504e+02,4.602147303448301e+00
1.975716815312504e+02,4.602108737078308e+00
1.976216815312504e+02,4.602070189528069e+00
1.976716815312504e+02,4.602031660784523e+00
1.977216815312505e+02,4.601993150834520e+00
1.977716815312505e+02,4.601954659664997e+00
1.978216815312505e+02,4.601916187262875e+00
1.978716815312505e+02,4.601877733615013e+00
1.979216815312505e+02,4.601839298708403e+00
1.979716815312505e+02,4.601800882530057e+00
1.980216815312505e+02,4.601762485066876e+00
1.980716815312505e+02,4.601724106305785e+00
1.981216815312505e+02,4.601685746233804e+00
1.981716815312506e+02,4.601647404837961e+00
1.982216815312506e+02,4.601609082105206e+00
1.982716815312506e+02,4.601570778022539e+00
1.983216815312506e+02,4.601532492577000e+00
1.983716815312506e+02,4.601494225755573e+00
1.984216815312506e+02,4.601455977545322e+00
1.984716815312506e+02,4.601417747933300e+00
1.985216815312506e+02,4.601379536906482e+00
1.985716815312506e+02,4.601341344451948e+00
1.986216815312507e+02,4.601303170556814e+00
1.986716815312507e+02,4.601265015208132e+00
1.987216815312507e+02,4.601226878392968e+00
1.987716815312507e+02,4.601188760098413e+00
1.988216815312507e+02,4.601150660311600e+00
1.988716815312507e+02,4.601112579019637e+00
1.989216815312507e+02,4.601074516209602e+00
1.989716815312507e+02,4.601036471868655e+00
1.990216815312507e+02,4.600998445983945e+00
1.990716815312508e+02,4.600960438542583e+00
1.991216815312508e+02,4.600922449531748e+00
1.991716815312508e+02,4.600884478938604e+00
1.992216815312508e+02,4.600846526750308e+00
1.992716815312508e+02,4.600808592954083e+00
1.993216815312508e+02,4.600770677537117e+00
1.993716815312508e+02,4.600732780486568e+00
1.994216815312508e+02,4.600694901789677e+00
1.994716815312509e+02,4.600657041433656e+00
1.995216815312509e+02,4.600619199405658e+00
1.995716815312509e+02,4.600581375692963e+00
1.996216815312509e+02,4.600543570282890e+00
1.996716815312509e+02,4.600505783162654e+00
1.997216815312509e+02,4.600468014319461e+00
1.997716815312509e+02,4.600430263740609e+00
1.998216815312509e+02,4.600392531413402e+00
1.998716815312509e+02,4.600354817325151e+00
1.999216815312510e+02,4.600317121463116e+00
1.999716815312510e+02,4.600279443814540e+00
2.000216815312510e+02,4.600241784366783e+00
2.000716815312510e+02,4.600204143107200e+00
2.001216815312510e+02,4.600166520023141e+00
2.001716815312510e+02,4.600128915101917e+00
2.002216815312510e+02,4.600091328330834e+00
2.002716815312510e+02,4.600053759697286e+00
2.003216815312510e+02,4.600016209188651e+00
2.003716815312511e+02,4.599978676792292e+00
2.004216815312511e+02,4.599941162495584e+00
2.004716815312511e+02,4.599903666285929e+00
2.005216815312511e+02,4.599866188150753e+00
2.005716815312511e+02,4.599828728077466e+00
2.006216815312511e+02,4.599791286053467e+00
2.006716815312511e+02,4.599753862066156e+00
2.007216815312511e+02,4.599716456103000e+00
2.007716815312511e+02,4.599679068151453e+00
2.008216815312512e+02,4.599641698198928e+00
2.008716815312512e+02,4.599604346232899e+00
2.009216815312512e+02,4.599567012240884e+00
2.009716815312512e+02,4.599529696210369e+00
2.010216815312512e+02,4.599492398128779e+00
2.010716815312512e+02,4.599455117983614e+00
2.011216815312512e+02,4.599417855762415e+00
2.011716815312512e+02,4.599380611452686e+00
2.012216815312512e+02,4.599343385041962e+00
2.012716815312513e+02,4.599306176517780e+00
2.013216815312513e+02,4.599268985867667e+00
2.013716815312513e+02,4.599231813079131e+00
2.014216815312513e+02,4.599194658139759e+00
2.014716815312513e+02,4.599157521037155e+00
2.015216815312513e+02,4.599120401758873e+00
2.015716815312513e+02,4.599083300292496e+00
2.016216815312513e+02,4.599046216625583e+00
2.016716815312514e+02,4.599009150745761e+00
2.017216815312514e+02,4.598972102640673e+00
2.017716815312514e+02,4.598935072297875e+00
2.018216815312514e+02,4.598898059704996e+00
2.018716815312514e+02,4.598861064849710e+00
2.019216815312514e+02,4.598824087719675e+00
2.019716815312514e+02,4.598787128302496e+00
2.020216815312514e+02,4.598750186585835e+00
2.020716815312514e+02,4.598713262557384e+00
2.021216815312515e+02,4.598676356204813e+00
2.021716815312515e+02,4.598639467515839e+00
2.022216815312515e+02,4.598602596478115e+00
2.022716815312515e+02,4.598565743079313e+00
2.023216815312515e+02,4.598528907307225e+00
2.023716815312515e+02,4.598492089149566e+00
2.024216815312515e+02,4.598455288594004e+00
2.024716815312515e+02,4.598418505628276e+00
2.025216815312515e+02,4.598381740240161e+00
2.025716815312516e+02,4.598344992417418e+00
2.026216815312516e+02,4.598308262147811e+00
2.026716815312516e+02,4.598271549419104e+00
2.027216815312516e+02,4.598234854219042e+00
2.027716815312516e+02,4.598198176535450e+00
2.028216815312516e+02,4.598161516356152e+00
2.028716815312516e+02,4.598124873668905e+00
2.029216815312516e+02,4.598088248461539e+00
2.029716815312516e+02,4.598051640721870e+00
2.030216815312517e+02,4.598015050437721e+00
2.030716815312517e+02,4.597978477596937e+00
2.031216815312517e+02,4.597941922187383e+00
2.031716815312517e+02,4.597905384196916e+00
2.032216815312517e+02,4.597868863613362e+00
2.032716815312517e+02,4.597832360424625e+00
2.033216815312517e+02,4.597795874618575e+00
2.033716815312517e+02,4.597759406183068e+00
2.034216815312517e+02,4.597722955106045e+00
2.034716815312518e+02,4.597686521375445e+00
2.035216815312518e+02,4.597650104979135e+00
2.035716815312518e+02,4.597613705905011e+00
2.036216815312518e+02,4.597577324141056e+00
2.036716815312518e+02,4.597540959675170e+00
2.037216815312518e+02,4.597504612495272e+00
2.037716815312518e+02,4.597468282589421e+00
2.038216815312518e+02,4.597431969945543e+00
2.038716815312519e+02,4.597395674551549e+00
2.039216815312519e+02,4.597359396395498e+00
2.039716815312519e+02,4.597323135465367e+00
2.040216815312519e+02,4.597286891749093e+00
2.040716815312519e+02,4.597250665234725e+00
2.041216815312519e+02,4.597214455910284e+00
2.041716815312519e+02,4.597178263763768e+00
2.042216815312519e+02,4.597142088783221e+00
2.042716815312519e+02,4.597105930956675e+00
2.043216815312520e+02,4.597069790272187e+00
2.043716815312520e+02,4.597033666717795e+00
2.044216815312520e+02,4.596997560281602e+00
2.044716815312520e+02,4.596961470951691e+00
2.045216815312520e+02,4.596925398716068e+00
2.045716815312520e+02,4.596889343562835e+00
2.046216815312520e+02,4.596853305480119e+00
2.046716815312520e+02,4.596817284456027e+00
2.047216815312520e+02,4.596781280478682e+00
2.047716815312521e+02,4.596745293536184e+00
2.048216815312521e+02,4.596709323616668e+00
2.048716815312521e+02,4.596673370708269e+00
2.049216815312521e+02,4.596637434799117e+00
2.049716815312521e+02,4.596601515877381e+00
2.050216815312521e+02,4.596565613931250e+00
2.050716815312521e+02,4.596529728948888e+00
2.051216815312521e+02,4.596493860918438e+00
2.051716815312521e+02,4.596458009828106e+00
2.052216815312522e+02,4.596422175666080e+00
2.052716815312522e+02,4.596386358420547e+00
2.053216815312522e+02,4.596350558079776e+00
2.053716815312522e+02,4.596314774631984e+00
2.054216815312522e+02,4.596279008065356e+00
2.054716815312522e+02,4.596243258368124e+00
2.055216815312522e+02,4.596207525528547e+00
2.055716815312522e+02,4.596171809534883e+00
2.056216815312522e+02,4.596136110375404e+00
2.056716815312523e+02,4.596100428038383e+00
2.057216815312523e+02,4.596064762512060e+00
2.057716815312523e+02,4.596029113784740e+00
2.058216815312523e+02,4.595993481844713e+00
2.058716815312523e+02,4.595957866680272e+00
2.059216815312523e+02,4.595922268279725e+00
2.059716815312523e+02,4.595886686631393e+00
2.060216815312523e+02,4.595851121723628e+00
2.060716815312524e+02,4.595815573544753e+00
2.061216815312524e+02,4.595780042083118e+00
2.061716815312524e+02,4.595744527327065e+00
2.062216815312524e+02,4.595709029264922e+00
2.062716815312524e+02,4.595673547885078e+00
2.063216815312524e+02,4.595638083175906e+00
2.063716815312524e+02,4.595602635125773e+00
2.064216815312524e+02,4.595567203723081e+00
2.064716815312524e+02,4.595531788956241e+00
2.065216815312525e+02,4.595496390813625e+00
2.065716815312525e+02,4.595461009283667e+00
2.066216815312525e+02,4.595425644354800e+00
2.066716815312525e+02,4.595390296015463e+00
2.067216815312525e+02,4.595354964254081e+00
2.067716815312525e+02,4.595319649059052e+00
2.068216815312525e+02,4.595284350418877e+00
2.068716815312525e+02,4.595249068322077e+00
2.069216815312525e+02,4.595213802757041e+00
2.069716815312526e+02,4.595178553712242e+00
2.070216815312526e+02,4.595143321176209e+00
2.070716815312526e+02,4.595108105137396e+00
2.071216815312526e+02,4.595072905584327e+00
2.071716815312526e+02,4.595037722505527e+00
2.072216815312526e+02,4.595002555889508e+00
2.072716815312526e+02,4.594967405724787e+00
2.073216815312526e+02,4.594932271999860e+00
2.073716815312526e+02,4.594897154703297e+00
2.074216815312527e+02,4.594862053823690e+00
2.074716815312527e+02,4.594826969349580e+00
2.075216815312527e+02,4.594791901269500e+00
2.075716815312527e+02,4.594756849572043e+00
2.076216815312527e+02,4.594721814245804e+00
2.076716815312527e+02,4.594686795279316e+00
2.077216815312527e+02,4.594651792661177e+00
2.077716815312527e+02,4.594616806380074e+00
2.078216815312528e+02,4.594581836424599e+00
2.078716815312528e+02,4.594546882783320e+00
2.079216815312528e+02,4.594511945444906e+00
2.079716815312528e+02,4.594477024398000e+00
2.080216815312528e+02,4.594442119631216e+00
2.080716815312528e+02,4.594407231133220e+00
2.081216815312528e+02,4.594372358892659e+00
2.081716815312528e+02,4.594337502898217e+00
2.082216815312528e+02,4.594302663138587e+00
2.082716815312529e+02,4.594267839602415e+00
2.083216815312529e+02,4.594233032278413e+00
2.083716815312529e+02,4.594198241155309e+00
2.084216815312529e+02,4.594163466221779e+00
2.084716815312529e+02,4.594128707466525e+00
2.085216815312529e+02,4.594093964878258e+00
2.085716815312529e+02,4.594059238445717e+00
2.086216815312529e+02,4.594024528157682e+00
2.086716815312529e+02,4.593989834002911e+00
2.087216815312530e+02,4.593955155970120e+00
2.087716815312530e+02,4.593920494048036e+00
2.088216815312530e+02,4.593885848225447e+00
2.088716815312530e+02,4.593851218491199e+00
2.089216815312530e+02,4.593816604834065e+00
2.089716815312530e+02,4.593782007242758e+00
2.090216815312530e+02,4.593747425706090e+00
2.090716815312530e+02,4.593712860212911e+00
2.091216815312530e+02,4.593678310752059e+00
2.091716815312531e+02,4.593643777312322e+00
2.092216815312531e+02,4.593609259882523e+00
2.092716815312531e+02,4.593574758451551e+00
2.093216815312531e+02,4.593540273008200e+00
2.093716815312531e+02,4.593505803541315e+00
2.094216815312531e+02,4.593471350039787e+00
2.094716815312531e+02,4.593436912492522e+00
2.095216815312531e+02,4.593402490888385e+00
2.095716815312531e+02,4.593368085216194e+00
2.096216815312532e+02,4.593333695464866e+00
2.096716815312532e+02,4.593299321623346e+00
2.097216815312532e+02,4.593264963680530e+00
2.097716815312532e+02,4.593230621625324e+00
2.098216815312532e+02,4.593196295446645e+00
2.098716815312532e+02,4.593161985133413e+00
2.099216815312532e+02,4.593127690674593e+00
2.099716815312532e+02,4.593093412059172e+00
2.100216815312533e+02,4.593059149276056e+00
2.100716815312533e+02,4.593024902314166e+00
2.101216815312533e+02,4.592990671162521e+00
2.101716815312533e+02,4.592956455810140e+00
2.102216815312533e+02,4.592922256245970e+00
2.102716815312533e+02,4.592888072458987e+00
2.103216815312533e+02,4.592853904438214e+00
2.103716815312533e+02,4.592819752172662e+00
2.104216815312533e+02,4.592785615651327e+00
2.104716815312534e+02,4.592751494863220e+00
2.105216815312534e+02,4.592717389797385e+00
2.105716815312534e+02,4.592683300442887e+00
2.106216815312534e+02,4.592649226788758e+00
2.106716815312534e+02,4.592615168824064e+00
2.107216815312534e+02,4.592581126537868e+00
2.107716815312534e+02,4.592547099919186e+00
2.108216815312534e+02,4.592513088957118e+00
2.108716815312534e+02,4.592479093640788e+00
2.109216815312535e+02,4.592445113959254e+00
2.109716815312535e+02,4.592411149901619e+00
2.110216815312535e+02,4.592377201457014e+00
2.110716815312535e+02,4.592343268614518e+00
2.111216815312535e+02,4.592309351363268e+00
2.111716815312535e+02,4.592275449692419e+00
2.112216815312535e+02,4.592241563591089e+00
2.112716815312535e+02,4.592207693048404e+00
2.113216815312535e+02,4.592173838053531e+00
2.113716815312536e+02,4.592139998595633e+00
2.114216815312536e+02,4.592106174663836e+00
2.114716815312536e+02,4.592072366247342e+00
2.115216815312536e+02,4.592038573335384e+00
2.115716815312536e+02,4.592004795917133e+00
2.116216815312536e+02,4.591971033981752e+00
2.116716815312536e+02,4.591937287518451e+00
2.117216815312536e+02,4.591903556516449e+00
2.117716815312536e+02,4.591869840964960e+00
2.118216815312537e+02,4.591836140853220e+00
2.118716815312537e+02,4.591802456170477e+00
2.119216815312537e+02,4.591768786905978e+00
2.119716815312537e+02,4.591735133048934e+00
2.120216815312537e+02,4.591701494588602e+00
2.120716815312537e+02,4.591667871514296e+00
2.121216815312537e+02,4.591634263815275e+00
2.121716815312537e+02,4.591600671480774e+00
2.122216815312538e+02,4.591567094500107e+00
2.122716815312538e+02,4.591533532862570e+00
2.123216815312538e+02,4.591499986557448e+00
2.123716815312538e+02,4.591466455574073e+00
2.124216815312538e+02,4.591432939901749e+00
2.124716815312538e+02,4.591399439529813e+00
2.125216815312538e+02,4.591365954447613e+00
2.125716815312538e+02,4.591332484644468e+00
2.126216815312538e+02,4.591299030109731e+00
2.126716815312539e+02,4.591265590832731e+00
2.127216815312539e+02,4.591232166802825e+00
2.127716815312539e+02,4.591198758009415e+00
2.128216815312539e+02,4.591165364441865e+00
2.128716815312539e+02,4.591131986089534e+00
2.129216815312539e+02,4.591098622941797e+00
2.129716815312539e+02,4.591065274988105e+00
2.130216815312539e+02,4.591031942217884e+00
2.130716815312539e+02,4.590998624620502e+00
2.131216815312540e+02,4.590965322185366e+00
2.131716815312540e+02,4.590932034901908e+00
2.132216815312540e+02,4.590898762759592e+00
2.132716815312540e+02,4.590865505747864e+00
2.133216815312540e+02,4.590832263856118e+00
2.133716815312540e+02,4.590799037073820e+00
2.134216815312540e+02,4.590765825390476e+00
2.134716815312540e+02,4.590732628795581e+00
2.135216815312540e+02,4.590699447278602e+00
2.135716815312541e+02,4.590666280828961e+00
2.136216815312541e+02,4.590633129436166e+00
2.136716815312541e+02,4.590599993089723e+00
2.137216815312541e+02,4.590566871779161e+00
2.137716815312541e+02,4.590533765493992e+00
2.138216815312541e+02,4.590500674223726e+00
2.138716815312541e+02,4.590467597957937e+00
2.139216815312541e+02,4.590434536686128e+00
2.139716815312541e+02,4.590401490397797e+00
2.140216815312542e+02,4.590368459082545e+00
2.140716815312542e+02,4.590335442729936e+00
2.141216815312542e+02,4.590302441329499e+00
2.141716815312542e+02,4.590269454870810e+00
2.142216815312542e+02,4.590236483343467e+00
2.142716815312542e+02,4.590203526737102e+00
2.143216815312542e+02,4.590170585041291e+00
2.143716815312542e+02,4.590137658245555e+00
2.144216815312543e+02,4.590104746339535e+00
2.144716815312543e+02,4.590071849312922e+00
2.145216815312543e+02,4.590038967155278e+00
2.145716815312543e+02,4.590006099856243e+00
2.146216815312543e+02,4.589973247405486e+00
2.146716815312543e+02,4.589940409792597e+00
2.147216815312543e+02,4.589907587007242e+00
2.147716815312543e+02,4.589874779039100e+00
2.148216815312543e+02,4.589841985877812e+00
2.148716815312544e+02,4.589809207513088e+00
2.149216815312544e+02,4.589776443934602e+00
2.149716815312544e+02,4.589743695131991e+00
2.150216815312544e+02,4.589710961094966e+00
2.150716815312544e+02,4.589678241813285e+00
2.151216815312544e+02,4.589645537276660e+00
2.151716815312544e+02,4.589612847474783e+00
2.152216815312544e+02,4.589580172397327e+00
2.152716815312544e+02,4.589547512034033e+00
2.153216815312545e+02,4.589514866374697e+00
2.153716815312545e+02,4.589482235409045e+00
2.154216815312545e+02,4.589449619126816e+00
2.154716815312545e+02,4.589417017517768e+00
2.155216815312545e+02,4.589384430571657e+00
2.155716815312545e+02,4.589351858278270e+00
2.156216815312545e+02,4.589319300627396e+00
2.156716815312545e+02,4.589286757608802e+00
2.157216815312545e+02,4.589254229212290e+00
2.157716815312546e+02,4.589221715427686e+00
2.158216815312546e+02,4.589189216244804e+00
2.158716815312546e+02,4.589156731653418e+00
2.159216815312546e+02,4.589124261643303e+00
2.159716815312546e+02,4.589091806204413e+00
2.160216815312546e+02,4.589059365326580e+00
2.160716815312546e+02,4.589026938999544e+00
2.161216815312546e+02,4.588994527213210e+00
2.161716815312546e+02,4.588962129957449e+00
2.162216815312547e+02,4.588929747222087e+00
2.162716815312547e+02,4.588897378997032e+00
2.163216815312547e+02,4.588865025272159e+00
2.163716815312547e+02,4.588832686037295e+00
2.164216815312547e+02,4.588800361282394e+00
2.164716815312547e+02,4.588768050997390e+00
2.165216815312547e+02,4.588735755172140e+00
2.165716815312547e+02,4.588703473796567e+00
2.166216815312548e+02,4.588671206860598e+00
2.166716815312548e+02,4.588638954354146e+00
2.167216815312548e+02,4.588606716267163e+00
2.167716815312548e+02,4.588574492589577e+00
2.168216815312548e+02,4.588542283311333e+00
2.168716815312548e+02,4.588510088422425e+00
2.169216815312548e+02,4.588477907912784e+00
2.169716815312548e+02,4.588445741772360e+00
2.170216815312548e+02,4.588413589991177e+00
2.170716815312549e+02,4.588381452559219e+00
2.171216815312549e+02,4.588349329466455e+00
2.171716815312549e+02,4.588317220702895e+00
2.172216815312549e+02,4.588285126258508e+00
2.172716815312549e+02,4.588253046123327e+00
2.173216815312549e+02,4.588220980287396e+00
2.173716815312549e+02,4.588188928740717e+00
2.174216815312549e+02,4.588156891473325e+00
2.174716815312549e+02,4.588124868475261e+00
2.175216815312550e+02,4.588092859736551e+00
2.175716815312550e+02,4.588060865247259e+00
2.176216815312550e+02,4.588028884997490e+00
2.176716815312550e+02,4.587996918977292e+00
2.177216815312550e+02,4.587964967176729e+00
2.177716815312550e+02,4.587933029585871e+00
2.178216815312550e+02,4.587901106194762e+00
2.178716815312550e+02,4.587869196993568e+00
2.179216815312550e+02,4.587837301972409e+00
2.179716815312551e+02,4.587805421121330e+00
2.180216815312551e+02,4.587773554430481e+00
2.180716815312551e+02,4.587741701889988e+00
2.181216815312551e+02,4.587709863489930e+00
2.181716815312551e+02,4.587678039220481e+00
2.182216815312551e+02,4.587646229071786e+00
2.182716815312551e+02,4.587614433033978e+00
2.183216815312551e+02,4.587582651097274e+00
2.183716815312551e+02,4.587550883251796e+00
2.184216815312552e+02,4.587519129487653e+00
2.184716815312552e+02,4.587487389795060e+00
2.185216815312552e+02,4.587455664164271e+00
2.185716815312552e+02,4.587423952585462e+00
2.186216815312552e+02,4.587392255048734e+00
2.186716815312552e+02,4.587360571544354e+00
2.187216815312552e+02,4.587328902062558e+00
2.187716815312552e+02,4.587297246593491e+00
2.188216815312553e+02,4.587265605127437e+00
2.188716815312553e+02,4.587233977654630e+00
2.189216815312553e+02,4.587202364165264e+00
2.189716815312553e+02,4.587170764649609e+00
2.190216815312553e+02,4.587139179097941e+00
2.190716815312553e+02,4.587107607500490e+00
2.191216815312553e+02,4.587076049847492e+00
2.191716815312553e+02,4.587044506129264e+00
2.192216815312553e+02,4.587012976336112e+00
2.192716815312554e+02,4.586981460458268e+00
2.193216815312554e+02,4.586949958486009e+00
2.193716815312554e+02,4.586918470409683e+00
2.194216815312554e+02,4.586886996219593e+00
2.194716815312554e+02,4.586855535906009e+00
2.195216815312554e+02,4.586824089459272e+00
2.195716815312554e+02,4.586792656869734e+00
2.196216815312554e+02,4.586761238127707e+00
2.196716815312554e+02,4.586729833223517e+00
2.197216815312555e+02,4.586698442147541e+00
2.197716815312555e+02,4.586667064890132e+00
2.198216815312555e+02,4.586635701441602e+00
2.198716815312555e+02,4.586604351792325e+00
2.199216815312555e+02,4.586573015932703e+00
2.199716815312555e+02,4.586541693853111e+00
2.200216815312555e+02,4.586510385543959e+00
2.200716815312555e+02,4.586479090995622e+00
2.201216815312555e+02,4.586447810198470e+00
2.201716815312556e+02,4.586416543142935e+00
2.202216815312556e+02,4.586385289819427e+00
2.202716815312556e+02,4.586354050218357e+00
2.203216815312556e+02,4.586322824330161e+00
2.203716815312556e+02,4.586291612145255e+00
2.204216815312556e+02,4.586260413654061e+00
2.204716815312556e+02,4.586229228847071e+00
2.205216815312556e+02,4.586198057714762e+00
2.205716815312556e+02,4.586166900247560e+00
2.206216815312557e+02,4.586135756435896e+00
2.206716815312557e+02,4.586104626270249e+00
2.207216815312557e+02,4.586073509741142e+00
2.207716815312557e+02,4.586042406839061e+00
2.208216815312557e+02,4.586011317554475e+00
2.208716815312557e+02,4.585980241877889e+00
2.209216815312557e+02,4.585949179799782e+00
2.209716815312557e+02,4.585918131310672e+00
2.210216815312558e+02,4.585887096401103e+00
2.210716815312558e+02,4.585856075061613e+00
2.211216815312558e+02,4.585825067282692e+00
2.211716815312558e+02,4.585794073054859e+00
2.212216815312558e+02,4.585763092368741e+00
2.212716815312558e+02,4.585732125214897e+00
2.213216815312558e+02,4.585701171583836e+00
2.213716815312558e+02,4.585670231466107e+00
2.214216815312558e+02,4.585639304852273e+00
2.214716815312559e+02,4.585608391732923e+00
2.215216815312559e+02,4.585577492098655e+00
2.215716815312559e+02,4.585546605940084e+00
2.216216815312559e+02,4.585515733247808e+00
2.216716815312559e+02,4.585484874012399e+00
2.217216815312559e+02,4.585454028224461e+00
2.217716815312559e+02,4.585423195874609e+00
2.218216815312559e+02,4.585392376953458e+00
2.218716815312559e+02,4.585361571451694e+00
2.219216815312560e+02,4.585330779359965e+00
2.219716815312560e+02,4.585300000668865e+00
2.220216815312560e+02,4.585269235369038e+00
2.220716815312560e+02,4.585238483451143e+00
2.221216815312560e+02,4.585207744905825e+00
2.221716815312560e+02,4.585177019723782e+00
2.222216815312560e+02,4.585146307895720e+00
2.222716815312560e+02,4.585115609412291e+00
2.223216815312560e+02,4.585084924264160e+00
2.223716815312561e+02,4.585054252442044e+00
2.224216815312561e+02,4.585023593936675e+00
2.224716815312561e+02,4.584992948738738e+00
2.225216815312561e+02,4.584962316838909e+00
2.225716815312561e+02,4.584931698227924e+00
2.226216815312561e+02,4.584901092896536e+00
2.226716815312561e+02,4.584870500835485e+00
2.227216815312561e+02,4.584839922035502e+00
2.227716815312561e+02,4.584809356487309e+00
2.228216815312562e+02,4.584778804181675e+00
2.228716815312562e+02,4.584748265109395e+00
2.229216815312562e+02,4.584717739261183e+00
2.229716815312562e+02,4.584687226627789e+00
2.230216815312562e+02,4.584656727200040e+00
2.230716815312562e+02,4.584626240968762e+00
2.231216815312562e+02,4.584595767924697e+00
2.231716815312562e+02,4.584565308058608e+00
2.232216815312563e+02,4.584534861361345e+00
2.232716815312563e+02,4.584504427823700e+00
2.233216815312563e+02,4.584474007436501e+00
2.233716815312563e+02,4.584443600190584e+00
2.234216815312563e+02,4.584413206076738e+00
2.234716815312563e+02,4.584382825085829e+00
2.235216815312563e+02,4.584352457208734e+00
2.235716815312563e+02,4.584322102436265e+00
2.236216815312563e+02,4.584291760759251e+00
2.236716815312564e+02,4.584261432168577e+00
2.237216815312564e+02,4.584231116655123e+00
2.237716815312564e+02,4.584200814209732e+00
2.238216815312564e+02,4.584170524823298e+00
2.238716815312564e+02,4.584140248486729e+00
2.239216815312564e+02,4.584109985190900e+00
2.239716815312564e+02,4.584079734926719e+00
2.240216815312564e+02,4.584049497685095e+00
2.240716815312564e+02,4.584019273456926e+00
2.241216815312565e+02,4.583989062233133e+00
2.241716815312565e+02,4.583958864004635e+00
2.242216815312565e+02,4.583928678762375e+00
2.242716815312565e+02,4.583898506497327e+00
2.243216815312565e+02,4.583868347200379e+00
2.243716815312565e+02,4.583838200862465e+00
2.244216815312565e+02,4.583808067474596e+00
2.244716815312565e+02,4.583777947027723e+00
2.245216815312565e+02,4.583747839512807e+00
2.245716815312566e+02,4.583717744920826e+00
2.246216815312566e+02,4.583687663242785e+00
2.246716815312566e+02,4.583657594469631e+00
2.247216815312566e+02,4.583627538592314e+00
2.247716815312566e+02,4.583597495601883e+00
2.248216815312566e+02,4.583567465489399e+00
2.248716815312566e+02,4.583537448245860e+00
2.249216815312566e+02,4.583507443862239e+00
2.249716815312566e+02,4.583477452329579e+00
2.250216815312567e+02,4.583447473638918e+00
2.250716815312567e+02,4.583417507781268e+00
2.251216815312567e+02,4.583387554747679e+00
2.251716815312567e+02,4.583357614529207e+00
2.252216815312567e+02,4.583327687116925e+00
2.252716815312567e+02,4.583297772501886e+00
2.253216815312567e+02,4.583267870675122e+00
2.253716815312567e+02,4.583237981627757e+00
2.254216815312568e+02,4.583208105350898e+00
2.254716815312568e+02,4.583178241835582e+00
2.255216815312568e+02,4.583148391072910e+00
2.255716815312568e+02,4.583118553054002e+00
2.256216815312568e+02,4.583088727769900e+00
2.256716815312568e+02,4.583058915211760e+00
2.257216815312568e+02,4.583029115370744e+00
2.257716815312568e+02,4.582999328237924e+00
2.258216815312568e+02,4.582969553804446e+00
2.258716815312569e+02,4.582939792061459e+00
2.259216815312569e+02,4.582910043000063e+00
2.259716815312569e+02,4.582880306611412e+00
2.260216815312569e+02,4.582850582886700e+00
2.260716815312569e+02,4.582820871817105e+00
2.261216815312569e+02,4.582791173393759e+00
2.261716815312569e+02,4.582761487607829e+00
2.262216815312569e+02,4.582731814450533e+00
2.262716815312569e+02,4.582702153913026e+00
2.263216815312570e+02,4.582672505986457e+00
2.263716815312570e+02,4.582642870662039e+00
2.264216815312570e+02,4.582613247931062e+00
2.264716815312570e+02,4.582583637784718e+00
2.265216815312570e+02,4.582554040214151e+00
2.265716815312570e+02,4.582524455210598e+00
2.266216815312570e+02,4.582494882765334e+00
2.266716815312570e+02,4.582465322869584e+00
2.267216815312570e+02,4.582435775514549e+00
2.267716815312571e+02,4.582406240691527e+00
2.268216815312571e+02,4.582376718391767e+00
2.268716815312571e+02,4.582347208606482e+00
2.269216815312571e+02,4.582317711326926e+00
2.269716815312571e+02,4.582288226544385e+00
2.270216815312571e+02,4.582258754250194e+00
2.270716815312571e+02,4.582229294435657e+00
2.271216815312571e+02,4.582199847092006e+00
2.271716815312571e+02,4.582170412210496e+00
2.272216815312572e+02,4.582140989782456e+00
2.272716815312572e+02,4.582111579799254e+00
2.273216815312572e+02,4.582082182252190e+00
2.273716815312572e+02,4.582052797132497e+00
2.274216815312572e+02,4.582023424431544e+00
2.274716815312572e+02,4.581994064140686e+00
2.275216815312572e+02,4.581964716251244e+00
2.275716815312572e+02,4.581935380754572e+00
2.276216815312573e+02,4.581906057641994e+00
2.276716815312573e+02,4.581876746904910e+00
2.277216815312573e+02,4.581847448534720e+00
2.277716815312573e+02,4.581818162522712e+00
2.278216815312573e+02,4.581788888860236e+00
2.278716815312573e+02,4.581759627538735e+00
2.279216815312573e+02,4.581730378549581e+00
2.279716815312573e+02,4.581701141884162e+00
2.280216815312573e+02,4.581671917533871e+00
2.280716815312574e+02,4.581642705490096e+00
2.281216815312574e+02,4.581613505744278e+00
2.281716815312574e+02,4.581584318287827e+00
2.282216815312574e+02,4.581555143112158e+00
2.282716815312574e+02,4.581525980208722e+00
2.283216815312574e+02,4.581496829568914e+00
2.283716815312574e+02,4.581467691184180e+00
2.284216815312574e+02,4.581438565045985e+00
2.284716815312574e+02,4.581409451145769e+00
2.285216815312575e+02,4.581380349474992e+00
2.285716815312575e+02,4.581351260025117e+00
2.286216815312575e+02,4.581322182787629e+00
2.286716815312575e+02,4.581293117753998e+00
2.287216815312575e+02,4.581264064915683e+00
2.287716815312575e+02,4.581235024264176e+00
2.288216815312575e+02,4.581205995790987e+00
2.288716815312575e+02,4.581176979487613e+00
2.289216815312575e+02,4.581147975345540e+00
2.289716815312576e+02,4.581118983356276e+00
2.290216815312576e+02,4.581090003511390e+00
2.290716815312576e+02,4.581061035802374e+00
2.291216815312576e+02,4.581032080220720e+00
2.291716815312576e+02,4.581003136758019e+00
2.292216815312576e+02,4.580974205405766e+00
2.292716815312576e+02,4.580945286155512e+00
2.293216815312576e+02,4.580916378998862e+00
2.293716815312577e+02,4.580887483927317e+00
2.294216815312577e+02,4.580858600932426e+00
2.294716815312577e+02,4.580829730005799e+00
2.295216815312577e+02,4.580800871139054e+00
2.295716815312577e+02,4.580772024323728e+00
2.296216815312577e+02,4.580743189551350e+00
2.296716815312577e+02,4.580714366813591e+00
2.297216815312577e+02,4.580685556102067e+00
2.297716815312577e+02,4.580656757408275e+00
2.298216815312578e+02,4.580627970723874e+00
2.298716815312578e+02,4.580599196040545e+00
2.299216815312578e+02,4.580570433349870e+00
2.299716815312578e+02,4.580541682643456e+00
2.300216815312578e+02,4.580512943912944e+00
2.300716815312578e+02,4.580484217149986e+00
2.301216815312578e+02,4.580455502346227e+00
2.301716815312578e+02,4.580426799493313e+00
2.302216815312578e+02,4.580398108582920e+00
2.302716815312579e+02,4.580369429606707e+00
2.303216815312579e+02,4.580340762556300e+00
2.303716815312579e+02,4.580312107423392e+00
2.304216815312579e+02,4.580283464199704e+00
2.304716815312579e+02,4.580254832876881e+00
2.305216815312579e+02,4.580226213446619e+00
2.305716815312579e+02,4.580197605900647e+00
2.306216815312579e+02,4.580169010230638e+00
2.306716815312579e+02,4.580140426428303e+00
2.307216815312580e+02,4.580111854485364e+00
2.307716815312580e+02,4.580083294393518e+00
2.308216815312580e+02,4.580054746144511e+00
2.308716815312580e+02,4.580026209730094e+00
2.309216815312580e+02,4.579997685141996e+00
2.309716815312580e+02,4.579969172371968e+00
2.310216815312580e+02,4.579940671411741e+00
2.310716815312580e+02,4.579912182253050e+00
2.311216815312580e+02,4.579883704887690e+00
2.311716815312581e+02,4.579855239307435e+00
2.312216815312581e+02,4.579826785504025e+00
2.312716815312581e+02,4.579798343469219e+00
2.313216815312581e+02,4.579769913194862e+00
2.313716815312581e+02,4.579741494672754e+00
2.314216815312581e+02,4.579713087894644e+00
2.314716815312581e+02,4.579684692852334e+00
2.315216815312581e+02,4.579656309537625e+00
2.315716815312582e+02,4.579627937942372e+00
2.316216815312582e+02,4.579599578058358e+00
2.316716815312582e+02,4.579571229877394e+00
2.317216815312582e+02,4.579542893391348e+00
2.317716815312582e+02,4.579514568592041e+00
2.318216815312582e+02,4.579486255471324e+00
2.318716815312582e+02,4.579457954021003e+00
2.319216815312582e+02,4.579429664232928e+00
2.319716815312582e+02,4.579401386098992e+00
2.320216815312583e+02,4.579373119611055e+00
2.320716815312583e+02,4.579344864761002e+00
2.321216815312583e+02,4.579316621540699e+00
2.321716815312583e+02,4.579288389942016e+00
2.322216815312583e+02,4.579260169956831e+00
2.322716815312583e+02,4.579231961577048e+00
2.323216815312583e+02,4.579203764794571e+00
2.323716815312583e+02,4.579175579601282e+00
2.324216815312583e+02,4.579147405989094e+00
2.324716815312584e+02,4.579119243949965e+00
2.325216815312584e+02,4.579091093475774e+00
2.325716815312584e+02,4.579062954558428e+00
2.326216815312584e+02,4.579034827189894e+00
2.326716815312584e+02,4.579006711362098e+00
2.327216815312584e+02,4.578978607066982e+00
2.327716815312584e+02,4.578950514296483e+00
2.328216815312584e+02,4.578922433042568e+00
2.328716815312584e+02,4.578894363297192e+00
2.329216815312585e+02,4.578866305052287e+00
2.329716815312585e+02,4.578838258299870e+00
2.330216815312585e+02,4.578810223031949e+00
2.330716815312585e+02,4.578782199240451e+00
2.331216815312585e+02,4.578754186917336e+00
2.331716815312585e+02,4.578726186054642e+00
2.332216815312585e+02,4.578698196644385e+00
2.332716815312585e+02,4.578670218678544e+00
2.333216815312585e+02,4.578642252149099e+00
2.333716815312586e+02,4.578614297048112e+00
2.334216815312586e+02,4.578586353367596e+00
2.334716815312586e+02,4.578558421099532e+00
2.335216815312586e+02,4.578530500236005e+00
2.335716815312586e+02,4.578502590769052e+00
2.336216815312586e+02,4.578474692690696e+00
2.336716815312586e+02,4.578446805992974e+00
2.337216815312586e+02,4.578418930667926e+00
2.337716815312587e+02,4.578391066707655e+00
2.338216815312587e+02,4.578363214104210e+00
2.338716815312587e+02,4.578335372849652e+00
2.339216815312587e+02,4.578307542936098e+00
2.339716815312587e+02,4.578279724355586e+00
2.340216815312587e+02,4.578251917100211e+00
2.340716815312587e+02,4.578224121162073e+00
2.341216815312587e+02,4.578196336533244e+00
2.341716815312587e+02,4.578168563205852e+00
2.342216815312588e+02,4.578140801172021e+00
2.342716815312588e+02,4.578113050423836e+00
2.343216815312588e+02,4.578085310953420e+00
2.343716815312588e+02,4.578057582752908e+00
2.344216815312588e+02,4.578029865814417e+00
2.344716815312588e+02,4.578002160130080e+00
2.345216815312588e+02,4.577974465692077e+00
2.345716815312588e+02,4.577946782492574e+00
2.346216815312588e+02,4.577919110523687e+00
2.346716815312589e+02,4.577891449777534e+00
2.347216815312589e+02,4.577863800246290e+00
2.347716815312589e+02,4.577836161922163e+00
2.348216815312589e+02,4.577808534797315e+00
2.348716815312589e+02,4.577780918863928e+00
2.349216815312589e+02,4.577753314114200e+00
2.349716815312589e+02,4.577725720540275e+00
2.350216815312589e+02,4.577698138134382e+00
2.350716815312589e+02,4.577670566888748e+00
2.351216815312590e+02,4.577643006795506e+00
2.351716815312590e+02,4.577615457846894e+00
2.352216815312590e+02,4.577587920035186e+00
2.352716815312590e+02,4.577560393352592e+00
2.353216815312590e+02,4.577532877791353e+00
2.353716815312590e+02,4.577505373343651e+00
2.354216815312590e+02,4.577477880001712e+00
2.354716815312590e+02,4.577450397757837e+00
2.355216815312590e+02,4.577422926604243e+00
2.355716815312591e+02,4.577395466533184e+00
2.356216815312591e+02,4.577368017536945e+00
2.356716815312591e+02,4.577340579607777e+00
2.357216815312591e+02,4.577313152737948e+00
2.357716815312591e+02,4.577285736919758e+00
2.358216815312591e+02,4.577258332145459e+00
2.358716815312591e+02,4.577230938407333e+00
2.359216815312591e+02,4.577203555697730e+00
2.359716815312592e+02,4.577176184008918e+00
2.360216815312592e+02,4.577148823333180e+00
2.360716815312592e+02,4.577121473662872e+00
2.361216815312592e+02,4.577094134990283e+00
2.361716815312592e+02,4.577066807307719e+00
2.362216815312592e+02,4.577039490607507e+00
2.362716815312592e+02,4.577012184881999e+00
2.363216815312592e+02,4.576984890123527e+00
2.363716815312592e+02,4.576957606324386e+00
2.364216815312593e+02,4.576930333476978e+00
2.364716815312593e+02,4.576903071573671e+00
2.365216815312593e+02,4.576875820606788e+00
2.365716815312593e+02,4.576848580568687e+00
2.366216815312593e+02,4.576821351451749e+00
2.366716815312593e+02,4.576794133248359e+00
2.367216815312593e+02,4.576766925950852e+00
2.367716815312593e+02,4.576739729551622e+00
2.368216815312593e+02,4.576712544043116e+00
2.368716815312594e+02,4.576685369417714e+00
2.369216815312594e+02,4.576658205667778e+00
2.369716815312594e+02,4.576631052785721e+00
2.370216815312594e+02,4.576603910763944e+00
2.370716815312594e+02,4.576576779594884e+00
2.371216815312594e+02,4.576549659270980e+00
2.371716815312594e+02,4.576522549784633e+00
2.372216815312594e+02,4.576495451128283e+00
2.372716815312594e+02,4.576468363294384e+00
2.373216815312595e+02,4.576441286275331e+00
2.373716815312595e+02,4.576414220063557e+00
2.374216815312595e+02,4.576387164651582e+00
2.374716815312595e+02,4.576360120031864e+00
2.375216815312595e+02,4.576333086196818e+00
2.375716815312595e+02,4.576306063138952e+00
2.376216815312595e+02,4.576279050850716e+00
2.376716815312595e+02,4.576252049324546e+00
2.377216815312595e+02,4.576225058552998e+00
2.377716815312596e+02,4.576198078528580e+00
2.378216815312596e+02,4.576171109243741e+00
2.378716815312596e+02,4.576144150690960e+00
2.379216815312596e+02,4.576117202862766e+00
2.379716815312596e+02,4.576090265751700e+00
2.380216815312596e+02,4.576063339350268e+00
2.380716815312596e+02,4.576036423650958e+00
2.381216815312596e+02,4.576009518646282e+00
2.381716815312597e+02,4.575982624328796e+00
2.382216815312597e+02,4.575955740691055e+00
2.382716815312597e+02,4.575928867725596e+00
2.383216815312597e+02,4.575902005424946e+00
2.383716815312597e+02,4.575875153781650e+00
2.384216815312597e+02,4.575848312788303e+00
2.384716815312597e+02,4.575821482437449e+00
2.385216815312597e+02,4.575794662721628e+00
2.385716815312597e+02,4.575767853633465e+00
2.386216815312598e+02,4.575741055165528e+00
2.386716815312598e+02,4.575714267310372e+00
2.387216815312598e+02,4.575687490060580e+00
2.387716815312598e+02,4.575660723408751e+00
2.388216815312598e+02,4.575633967347530e+00
2.388716815312598e+02,4.575607221869505e+00
2.389216815312598e+02,4.575580486967226e+00
2.389716815312598e+02,4.575553762633310e+00
2.390216815312598e+02,4.575527048860410e+00
2.390716815312599e+02,4.575500345641166e+00
2.391216815312599e+02,4.575473652968226e+00
2.391716815312599e+02,4.575446970834203e+00
2.392216815312599e+02,4.575420299231704e+00
2.392716815312599e+02,4.575393638153391e+00
2.393216815312599e+02,4.575366987591917e+00
2.393716815312599e+02,4.575340347539946e+00
2.394216815312599e+02,4.575313717990131e+00
2.394716815312599e+02,4.575287098935147e+00
2.395216815312600e+02,4.575260490367683e+00
2.395716815312600e+02,4.575233892280355e+00
2.396216815312600e+02,4.575207304665855e+00
2.396716815312600e+02,4.575180727516932e+00
2.397216815312600e+02,4.575154160826247e+00
2.397716815312600e+02,4.575127604586465e+00
2.398216815312600e+02,4.575101058790278e+00
2.398716815312600e+02,4.575074523430372e+00
2.399216815312600e+02,4.575047998499530e+00
2.399716815312601e+02,4.575021483990515e+00
2.400216815312601e+02,4.574994979895953e+00
2.400716815312601e+02,4.574968486208546e+00
2.401216815312601e+02,4.574942002921087e+00
2.401716815312601e+02,4.574915530026344e+00
2.402216815312601e+02,4.574889067517014e+00
2.402716815312601e+02,4.574862615385794e+00
2.403216815312601e+02,4.574836173625469e+00
2.403716815312602e+02,4.574809742228841e+00
2.404216815312602e+02,4.574783321188669e+00
2.404716815312602e+02,4.574756910497683e+00
2.405216815312602e+02,4.574730510148623e+00
2.405716815312602e+02,4.574704120134315e+00
2.406216815312602e+02,4.574677740447605e+00
2.406716815312602e+02,4.574651371081190e+00
2.407216815312602e+02,4.574625012027807e+00
2.407716815312602e+02,4.574598663280344e+00
2.408216815312603e+02,4.574572324831622e+00
2.408716815312603e+02,4.574545996674398e+00
2.409216815312603e+02,4.574519678801501e+00
2.409716815312603e+02,4.574493371205764e+00
2.410216815312603e+02,4.574467073879975e+00
2.410716815312603e+02,4.574440786816958e+00
2.411216815312603e+02,4.574414510009579e+00
2.411716815312603e+02,4.574388243450656e+00
2.412216815312603e+02,4.574361987133010e+00
2.412716815312604e+02,4.574335741049522e+00
2.413216815312604e+02,4.574309505193067e+00
2.413716815312604e+02,4.574283279556464e+00
2.414216815312604e+02,4.574257064132567e+00
2.414716815312604e+02,4.574230858914274e+00
2.415216815312604e+02,4.574204663894421e+00
2.415716815312604e+02,4.574178479065868e+00
2.416216815312604e+02,4.574152304421536e+00
2.416716815312604e+02,4.574126139954325e+00
2.417216815312605e+02,4.574099985657121e+00
2.417716815312605e+02,4.574073841522806e+00
2.418216815312605e+02,4.574047707544269e+00
2.418716815312605e+02,4.574021583714454e+00
2.419216815312605e+02,4.573995470026271e+00
2.419716815312605e+02,4.573969366472572e+00
2.420216815312605e+02,4.573943273046301e+00
2.420716815312605e+02,4.573917189740436e+00
2.421216815312605e+02,4.573891116547853e+00
2.421716815312606e+02,4.573865053461490e+00
2.422216815312606e+02,4.573839000474373e+00
2.422716815312606e+02,4.573812957579396e+00
2.423216815312606e+02,4.573786924769446e+00
2.423716815312606e+02,4.573760902037506e+00
2.424216815312606e+02,4.573734889376569e+00
2.424716815312606e+02,4.573708886779634e+00
2.425216815312606e+02,4.573682894239657e+00
2.425716815312607e+02,4.573656911749573e+00
2.426216815312607e+02,4.573630939302364e+00
2.426716815312607e+02,4.573604976891015e+00
2.427216815312607e+02,4.573579024508531e+00
2.427716815312607e+02,4.573553082147908e+00
2.428216815312607e+02,4.573527149802118e+00
2.428716815312607e+02,4.573501227464210e+00
2.429216815312607e+02,4.573475315127183e+00
2.429716815312607e+02,4.573449412784009e+00
2.430216815312608e+02,4.573423520427760e+00
2.430716815312608e+02,4.573397638051489e+00
2.431216815312608e+02,4.573371765648170e+00
2.431716815312608e+02,4.573345903210787e+00
2.432216815312608e+02,4.573320050732458e+00
2.432716815312608e+02,4.573294208206227e+00
2.433216815312608e+02,4.573268375625092e+00
2.433716815312608e+02,4.573242552982146e+00
2.434216815312608e+02,4.573216740270455e+00
2.434716815312609e+02,4.573190937483058e+00
2.435216815312609e+02,4.573165144613012e+00
2.435716815312609e+02,4.573139361653422e+00
2.436216815312609e+02,4.573113588597372e+00
2.436716815312609e+02,4.573087825437892e+00
2.437216815312609e+02,4.573062072168059e+00
2.437716815312609e+02,4.573036328781008e+00
2.438216815312609e+02,4.573010595269851e+00
2.438716815312609e+02,4.572984871627680e+00
2.439216815312610e+02,4.572959157847578e+00
2.439716815312610e+02,4.572933453922653e+00
2.440216815312610e+02,4.572907759846061e+00
2.440716815312610e+02,4.572882075610909e+00
2.441216815312610e+02,4.572856401210319e+00
2.441716815312610e+02,4.572830736637405e+00
2.442216815312610e+02,4.572805081885291e+00
2.442716815312610e+02,4.572779436947160e+00
2.443216815312610e+02,4.572753801816122e+00
2.443716815312611e+02,4.572728176485327e+00
2.444216815312611e+02,4.572702560947951e+00
2.444716815312611e+02,4.572676955197139e+00
2.445216815312611e+02,4.572651359226071e+00
2.445716815312611e+02,4.572625773027923e+00
2.446216815312611e+02,4.572600196595841e+00
2.446716815312611e+02,4.572574629922983e+00
2.447216815312611e+02,4.572549073002556e+00
2.447716815312612e+02,4.572523525827759e+00
2.448216815312612e+02,4.572497988391770e+00
2.448716815312612e+02,4.572472460687804e+00
2.449216815312612e+02,4.572446942709072e+00
2.449716815312612e+02,4.572421434448753e+00
2.450216815312612e+02,4.572395935900063e+00
2.450716815312612e+02,4.572370447056214e+00
2.451216815312612e+02,4.572344967910416e+00
2.451716815312612e+02,4.572319498455918e+00
2.452216815312613e+02,4.572294038685956e+00
2.452716815312613e+02,4.572268588593761e+00
2.453216815312613e+02,4.572243148172545e+00
2.453716815312613e+02,4.572217717415544e+00
2.454216815312613e+02,4.572192296316053e+00
2.454716815312613e+02,4.572166884867342e+00
2.455216815312613e+02,4.572141483062640e+00
2.455716815312613e+02,4.572116090895173e+00
2.456216815312613e+02,4.572090708358234e+00
2.456716815312614e+02,4.572065335445130e+00
2.457216815312614e+02,4.572039972149093e+00
2.457716815312614e+02,4.572014618463371e+00
2.458216815312614e+02,4.571989274381311e+00
2.458716815312614e+02,4.571963939896216e+00
2.459216815312614e+02,4.571938615001392e+00
2.459716815312614e+02,4.571913299690145e+00
2.460216815312614e+02,4.571887993955714e+00
2.460716815312614e+02,4.571862697791405e+00
2.461216815312615e+02,4.571837411190577e+00
2.461716815312615e+02,4.571812134146542e+00
2.462216815312615e+02,4.571786866652608e+00
2.462716815312615e+02,4.571761608702111e+00
2.463216815312615e+02,4.571736360288375e+00
2.463716815312615e+02,4.571711121404747e+00
2.464216815312615e+02,4.571685892044601e+00
2.464716815312615e+02,4.571660672201272e+00
2.465216815312615e+02,4.571635461868087e+00
2.465716815312616e+02,4.571610261038382e+00
2.466216815312616e+02,4.571585069705531e+00
2.466716815312616e+02,4.571559887862941e+00
2.467216815312616e+02,4.571534715503998e+00
2.467716815312616e+02,4.571509552622040e+00
2.468216815312616e+02,4.571484399210404e+00
2.468716815312616e+02,4.571459255262516e+00
2.469216815312616e+02,4.571434120771773e+00
2.469716815312617e+02,4.571408995731555e+00
2.470216815312617e+02,4.571383880135286e+00
2.470716815312617e+02,4.571358773976322e+00
2.471216815312617e+02,4.571333677248054e+00
2.471716815312617e+02,4.571308589943971e+00
2.472216815312617e+02,4.571283512057463e+00
2.472716815312617e+02,4.571258443581896e+00
2.473216815312617e+02,4.571233384510750e+00
2.473716815312617e+02,4.571208334837483e+00
2.474216815312618e+02,4.571183294555487e+00
2.474716815312618e+02,4.571158263658164e+00
2.475216815312618e+02,4.571133242138988e+00
2.475716815312618e+02,4.571108229991459e+00
2.476216815312618e+02,4.571083227208981e+00
2.476716815312618e+02,4.571058233785004e+00
2.477216815312618e+02,4.571033249713012e+00
2.477716815312618e+02,4.571008274986466e+00
2.478216815312618e+02,4.570983309598858e+00
2.478716815312619e+02,4.570958353543626e+00
2.479216815312619e+02,4.570933406814253e+00
2.479716815312619e+02,4.570908469404268e+00
2.480216815312619e+02,4.570883541307126e+00
2.480716815312619e+02,4.570858622516280e+00
2.481216815312619e+02,4.570833713025284e+00
2.481716815312619e+02,4.570808812827667e+00
2.482216815312619e+02,4.570783921916910e+00
2.482716815312619e+02,4.570759040286490e+00
2.483216815312620e+02,4.570734167929926e+00
2.483716815312620e+02,4.570709304840760e+00
2.484216815312620e+02,4.570684451012530e+00
2.484716815312620e+02,4.570659606438771e+00
2.485216815312620e+02,4.570634771112996e+00
2.485716815312620e+02,4.570609945028748e+00
2.486216815312620e+02,4.570585128179574e+00
2.486716815312620e+02,4.570560320558997e+00
2.487216815312620e+02,4.570535522160598e+00
2.487716815312621e+02,4.570510732977950e+00
2.488216815312621e+02,4.570485953004598e+00
2.488716815312621e+02,4.570461182234093e+00
2.489216815312621e+02,4.570436420660010e+00
2.489716815312621e+02,4.570411668275936e+00
2.490216815312621e+02,4.570386925075434e+00
2.490716815312621e+02,4.570362191052083e+00
2.491216815312621e+02,4.570337466199513e+00
2.491716815312622e+02,4.570312750511297e+00
2.492216815312622e+02,4.570288043981010e+00
2.492716815312622e+02,4.570263346602254e+00
2.493216815312622e+02,4.570238658368655e+00
2.493716815312622e+02,4.570213979273841e+00
2.494216815312622e+02,4.570189309311401e+00
2.494716815312622e+02,4.570164648474965e+00
2.495216815312622e+02,4.570139996758170e+00
2.495716815312622e+02,4.570115354154626e+00
2.496216815312623e+02,4.570090720657950e+00
2.496716815312623e+02,4.570066096261792e+00
2.497216815312623e+02,4.570041480959799e+00
2.497716815312623e+02,4.570016874745630e+00
2.498216815312623e+02,4.569992277612944e+00
2.498716815312623e+02,4.569967689555352e+00
2.499216815312623e+02,4.569943110566528e+00
2.499716815312623e+02,4.569918540640141e+00
2.500216815312623e+02,4.569893979769848e+00
2.500716815312624e+02,4.569869427949353e+00
2.501216815312624e+02,4.569844885172322e+00
2.501716815312624e+02,4.569820351432420e+00
2.502216815312624e+02,4.569795826723348e+00
2.502716815312624e+02,4.569771311038823e+00
2.503216815312624e+02,4.569746804372550e+00
2.503716815312624e+02,4.569722306718151e+00
2.504216815312624e+02,4.569697818069322e+00
2.504716815312624e+02,4.569673338419847e+00
2.505216815312625e+02,4.569648867763430e+00
2.505716815312625e+02,4.569624406093737e+00
2.506216815312625e+02,4.569599953404512e+00
2.506716815312625e+02,4.569575509689511e+00
2.507216815312625e+02,4.569551074942461e+00
2.507716815312625e+02,4.569526649157049e+00
2.508216815312625e+02,4.569502232327020e+00
2.508716815312625e+02,4.569477824446155e+00
2.509216815312625e+02,4.569453425508198e+00
2.509716815312626e+02,4.569429035506862e+00
2.510216815312626e+02,4.569404654435922e+00
2.510716815312626e+02,4.569380282289169e+00
2.511216815312626e+02,4.569355919060351e+00
2.511716815312626e+02,4.569331564743234e+00
2.512216815312626e+02,4.569307219331565e+00
2.512716815312626e+02,4.569282882819147e+00
2.513216815312626e+02,4.569258555199784e+00
2.513716815312627e+02,4.569234236467210e+00
2.514216815312627e+02,4.569209926615218e+00
2.514716815312627e+02,4.569185625637659e+00
2.515216815312627e+02,4.569161333528335e+00
2.515716815312627e+02,4.569137050281006e+00
2.516216815312627e+02,4.569112775889485e+00
2.516716815312627e+02,4.569088510347610e+00
2.517216815312627e+02,4.569064253649161e+00
2.517716815312627e+02,4.569040005787944e+00
2.518216815312628e+02,4.569015766757836e+00
2.518716815312628e+02,4.568991536552669e+00
2.519216815312628e+02,4.568967315166239e+00
2.519716815312628e+02,4.568943102592384e+00
2.520216815312628e+02,4.568918898824956e+00
2.520716815312628e+02,4.568894703857852e+00
2.521216815312628e+02,4.568870517684921e+00
2.521716815312628e+02,4.568846340299955e+00
2.522216815312628e+02,4.568822171696811e+00
2.522716815312629e+02,4.568798011869384e+00
2.523216815312629e+02,4.568773860811539e+00
2.523716815312629e+02,4.568749718517140e+00
2.524216815312629e+02,4.568725584980103e+00
2.524716815312629e+02,4.568701460194311e+00
2.525216815312629e+02,4.568677344153611e+00
2.525716815312629e+02,4.568653236851875e+00
2.526216815312629e+02,4.568629138282997e+00
2.526716815312629e+02,4.568605048440890e+00
2.527216815312630e+02,4.568580967319481e+00
2.527716815312630e+02,4.568556894912674e+00
2.528216815312630e+02,4.568532831214354e+00
2.528716815312630e+02,4.568508776218456e+00
2.529216815312630e+02,4.568484729918922e+00
2.529716815312630e+02,4.568460692309648e+00
2.530216815312630e+02,4.568436663384549e+00
2.530716815312630e+02,4.568412643137574e+00
2.531216815312631e+02,4.568388631562641e+00
2.531716815312631e+02,4.568364628653668e+00
2.532216815312631e+02,4.568340634404659e+00
2.532716815312631e+02,4.568316648809612e+00
2.533216815312631e+02,4.568292671862402e+00
2.533716815312631e+02,4.568268703556932e+00
2.534216815312631e+02,4.568244743887245e+00
2.534716815312631e+02,4.568220792847344e+00
2.535216815312631e+02,4.568196850431116e+00
2.535716815312632e+02,4.568172916632511e+00
2.536216815312632e+02,4.568148991445575e+00
2.536716815312632e+02,4.568125074864297e+00
2.537216815312632e+02,4.568101166882634e+00
2.537716815312632e+02,4.568077267494592e+00
2.538216815312632e+02,4.568053376694159e+00
2.538716815312632e+02,4.568029494475326e+00
2.539216815312632e+02,4.568005620832104e+00
2.539716815312632e+02,4.567981755758523e+00
2.540216815312633e+02,4.567957899248587e+00
2.540716815312633e+02,4.567934051296304e+00
2.541216815312633e+02,4.567910211895693e+00
2.541716815312633e+02,4.567886381040741e+00
2.542216815312633e+02,4.567862558725502e+00
2.542716815312633e+02,4.567838744944050e+00
2.543216815312633e+02,4.567814939690410e+00
2.543716815312633e+02,4.567791142958616e+00
2.544216815312633e+02,4.567767354742689e+00
2.544716815312634e+02,4.567743575036684e+00
2.545216815312634e+02,4.567719803834682e+00
2.545716815312634e+02,4.567696041130728e+00
2.546216815312634e+02,4.567672286918854e+00
2.546716815312634e+02,4.567648541193145e+00
2.547216815312634e+02,4.567624803947687e+00
2.547716815312634e+02,4.567601075176570e+00
2.548216815312634e+02,4.567577354873844e+00
2.548716815312634e+02,4.567553643033569e+00
2.549216815312635e+02,4.567529939649855e+00
2.549716815312635e+02,4.567506244716813e+00
2.550216815312635e+02,4.567482558228534e+00
2.550716815312635e+02,4.567458880179105e+00
2.551216815312635e+02,4.567435210562610e+00
2.551716815312635e+02,4.567411549373155e+00
2.552216815312635e+02,4.567387896604886e+00
2.552716815312635e+02,4.567364252251912e+00
2.553216815312636e+02,4.567340616308373e+00
2.553716815312636e+02,4.567316988768380e+00
2.554216815312636e+02,4.567293369626007e+00
2.554716815312636e+02,4.567269758875431e+00
2.555216815312636e+02,4.567246156510786e+00
2.555716815312636e+02,4.567222562526205e+00
2.556216815312636e+02,4.567198976915861e+00
2.556716815312636e+02,4.567175399673888e+00
2.557216815312636e+02,4.567151830794411e+00
2.557716815312637e+02,4.567128270271573e+00
2.558216815312637e+02,4.567104718099568e+00
2.558716815312637e+02,4.567081174272601e+00
2.559216815312637e+02,4.567057638784800e+00
2.559716815312637e+02,4.567034111630315e+00
2.560216815312637e+02,4.567010592803358e+00
2.560716815312637e+02,4.566987082298097e+00
2.561216815312637e+02,4.566963580108728e+00
2.561716815312637e+02,4.566940086229417e+00
2.562216815312638e+02,4.566916600654351e+00
2.562716815312638e+02,4.566893123377755e+00
2.563216815312638e+02,4.566869654393847e+00
2.563716815312638e+02,4.566846193696817e+00
2.564216815312638e+02,4.566822741280848e+00
2.564716815312638e+02,4.566799297140141e+00
2.565216815312638e+02,4.566775861268948e+00
2.565716815312638e+02,4.566752433661495e+00
2.566216815312638e+02,4.566729014312000e+00
2.566716815312639e+02,4.566705603214720e+00
2.567216815312639e+02,4.566682200363842e+00
2.567716815312639e+02,4.566658805753585e+00
2.568216815312639e+02,4.566635419378228e+00
2.568716815312639e+02,4.566612041232021e+00
2.569216815312639e+02,4.566588671309236e+00
2.569716815312639e+02,4.566565309604117e+00
2.570216815312639e+02,4.566541956110879e+00
2.570716815312639e+02,4.566518610823818e+00
2.571216815312640e+02,4.566495273737194e+00
2.571716815312640e+02,4.566471944845235e+00
2.572216815312640e+02,4.566448624142271e+00
2.572716815312640e+02,4.566425311622598e+00
2.573216815312640e+02,4.566402007280420e+00
2.573716815312640e+02,4.566378711110016e+00
2.574216815312640e+02,4.566355423105761e+00
2.574716815312640e+02,4.566332143261945e+00
2.575216815312641e+02,4.566308871572812e+00
2.575716815312641e+02,4.566285608032681e+00
2.576216815312641e+02,4.566262352635875e+00
2.576716815312641e+02,4.566239105376694e+00
2.577216815312641e+02,4.566215866249414e+00
2.577716815312641e+02,4.566192635248363e+00
2.578216815312641e+02,4.566169412367930e+00
2.578716815312641e+02,4.566146197602423e+00
2.579216815312641e+02,4.566122990946114e+00
2.579716815312642e+02,4.566099792393329e+00
2.580216815312642e+02,4.566076601938454e+00
2.580716815312642e+02,4.566053419575832e+00
2.581216815312642e+02,4.566030245299786e+00
2.581716815312642e+02,4.566007079104693e+00
2.582216815312642e+02,4.565983920984849e+00
2.582716815312642e+02,4.565960770934614e+00
2.583216815312642e+02,4.565937628948452e+00
2.583716815312642e+02,4.565914495020696e+00
2.584216815312643e+02,4.565891369145649e+00
2.584716815312643e+02,4.565868251317697e+00
2.585216815312643e+02,4.565845141531224e+00
2.585716815312643e+02,4.565822039780607e+00
2.586216815312643e+02,4.565798946060275e+00
2.586716815312643e+02,4.565775860364593e+00
2.587216815312643e+02,4.565752782687916e+00
2.587716815312643e+02,4.565729713024677e+00
2.588216815312643e+02,4.565706651369287e+00
2.588716815312644e+02,4.565683597716142e+00
2.589216815312644e+02,4.565660552059641e+00
2.589716815312644e+02,4.565637514394147e+00
2.590216815312644e+02,4.565614484714104e+00
2.590716815312644e+02,4.565591463014005e+00
2.591216815312644e+02,4.565568449288230e+00
2.591716815312644e+02,4.565545443531170e+00
2.592216815312644e+02,4.565522445737266e+00
2.592716815312644e+02,4.565499455900962e+00
2.593216815312645e+02,4.565476474016744e+00
2.593716815312645e+02,4.565453500079039e+00
2.594216815312645e+02,4.565430534082240e+00
2.594716815312645e+02,4.565407576020832e+00
2.595216815312645e+02,4.565384625889283e+00
2.595716815312645e+02,4.565361683682006e+00
2.596216815312645e+02,4.565338749393486e+00
2.596716815312645e+02,4.565315823018199e+00
2.597216815312646e+02,4.565292904550611e+00
2.597716815312646e+02,4.565269993985211e+00
2.598216815312646e+02,4.565247091316485e+00
2.598716815312646e+02,4.565224196538894e+00
2.599216815312646e+02,4.565201309646908e+00
2.599716815312646e+02,4.565178430635030e+00
2.600216815312646e+02,4.565155559497766e+00
2.600716815312646e+02,4.565132696229608e+00
2.601216815312646e+02,4.565109840825033e+00
2.601716815312647e+02,4.565086993278532e+00
2.602216815312647e+02,4.565064153584649e+00
2.602716815312647e+02,4.565041321737922e+00
2.603216815312647e+02,4.565018497732844e+00
2.603716815312647e+02,4.564995681563933e+00
2.604216815312647e+02,4.564972873225717e+00
2.604716815312647e+02,4.564950072712676e+00
2.605216815312647e+02,4.564927280019385e+00
2.605716815312647e+02,4.564904495140392e+00
2.606216815312648e+02,4.564881718070236e+00
2.606716815312648e+02,4.564858948803451e+00
2.607216815312648e+02,4.564836187334556e+00
2.607716815312648e+02,4.564813433658101e+00
2.608216815312648e+02,4.564790687768648e+00
2.608716815312648e+02,4.564767949660809e+00
2.609216815312648e+02,4.564745219329145e+00
2.609716815312648e+02,4.564722496768152e+00
2.610216815312648e+02,4.564699781972403e+00
2.610716815312649e+02,4.564677074936521e+00
2.611216815312649e+02,4.564654375655067e+00
2.611716815312649e+02,4.564631684122588e+00
2.612216815312649e+02,4.564609000333700e+00
2.612716815312649e+02,4.564586324283005e+00
2.613216815312649e+02,4.564563655965064e+00
2.613716815312649e+02,4.564540995374498e+00
2.614216815312649e+02,4.564518342505912e+00
2.614716815312649e+02,4.564495697353887e+00
2.615216815312650e+02,4.564473059913055e+00
2.615716815312650e+02,4.564450430178008e+00
2.616216815312650e+02,4.564427808143331e+00
2.616716815312650e+02,4.564405193803695e+00
2.617216815312650e+02,4.564382587153682e+00
2.617716815312650e+02,4.564359988187929e+00
2.618216815312650e+02,4.564337396901110e+00
2.618716815312650e+02,4.564314813287817e+00
2.619216815312651e+02,4.564292237342705e+00
2.619716815312651e+02,4.564269669060420e+00
2.620216815312651e+02,4.564247108435580e+00
2.620716815312651e+02,4.564224555462836e+00
2.621216815312651e+02,4.564202010136853e+00
2.621716815312651e+02,4.564179472452286e+00
2.622216815312651e+02,4.564156942403784e+00
2.622716815312651e+02,4.564134419986025e+00
2.623216815312651e+02,4.564111905193685e+00
2.623716815312652e+02,4.564089398021420e+00
2.624216815312652e+02,4.564066898463882e+00
2.624716815312652e+02,4.564044406515795e+00
2.625216815312652e+02,4.564021922171858e+00
2.625716815312652e+02,4.563999445426700e+00
2.626216815312652e+02,4.563976976275007e+00
2.626716815312652e+02,4.563954514711516e+00
2.627216815312652e+02,4.563932060730894e+00
2.627716815312652e+02,4.563909614327801e+00
2.628216815312653e+02,4.563887175497015e+00
2.628716815312653e+02,4.563864744233249e+00
2.629216815312653e+02,4.563842320531175e+00
2.629716815312653e+02,4.563819904385526e+00
2.630216815312653e+02,4.563797495791025e+00
2.630716815312653e+02,4.563775094742371e+00
2.631216815312653e+02,4.563752701234307e+00
2.631716815312653e+02,4.563730315261597e+00
2.632216815312653e+02,4.563707936818934e+00
2.632716815312654e+02,4.563685565901022e+00
2.633216815312654e+02,4.563663202502620e+00
2.633716815312654e+02,4.563640846618524e+00
2.634216815312654e+02,4.563618498243498e+00
2.634716815312654e+02,4.563596157372223e+00
2.635216815312654e+02,4.563573823999464e+00
2.635716815312654e+02,4.563551498120033e+00
2.636216815312654e+02,4.563529179728624e+00
2.636716815312654e+02,4.563506868820031e+00
2.637216815312655e+02,4.563484565389067e+00
2.637716815312655e+02,4.563462269430439e+00
2.638216815312655e+02,4.563439980938976e+00
2.638716815312655e+02,4.563417699909468e+00
2.639216815312655e+02,4.563395426336610e+00
2.639716815312655e+02,4.563373160215256e+00
2.640216815312655e+02,4.563350901540245e+00
2.640716815312655e+02,4.563328650306331e+00
2.641216815312656e+02,4.563306406508300e+00
2.641716815312656e+02,4.563284170140971e+00
2.642216815312656e+02,4.563261941199118e+00
2.642716815312656e+02,4.563239719677542e+00
2.643216815312656e+02,4.563217505571100e+00
2.643716815312656e+02,4.563195298874642e+00
2.644216815312656e+02,4.563173099582973e+00
2.644716815312656e+02,4.563150907690855e+00
2.645216815312656e+02,4.563128723193151e+00
2.645716815312657e+02,4.563106546084709e+00
2.646216815312657e+02,4.563084376360339e+00
2.646716815312657e+02,4.563062214014932e+00
2.647216815312657e+02,4.563040059043296e+00
2.647716815312657e+02,4.563017911440240e+00
2.648216815312657e+02,4.562995771200632e+00
2.648716815312657e+02,4.562973638319339e+00
2.649216815312657e+02,4.562951512791285e+00
2.649716815312657e+02,4.562929394611264e+00
2.650216815312658e+02,4.562907283774116e+00
2.650716815312658e+02,4.562885180274787e+00
2.651216815312658e+02,4.562863084108102e+00
2.651716815312658e+02,4.562840995268918e+00
2.652216815312658e+02,4.562818913752145e+00
2.652716815312658e+02,4.562796839552648e+00
2.653216815312658e+02,4.562774772665323e+00
2.653716815312658e+02,4.562752713085081e+00
2.654216815312658e+02,4.562730660806785e+00
2.654716815312659e+02,4.562708615825316e+00
2.655216815312659e+02,4.562686578135606e+00
2.655716815312659e+02,4.562664547732545e+00
2.656216815312659e+02,4.562642524611011e+00
2.656716815312659e+02,4.562620508765953e+00
2.657216815312659e+02,4.562598500192304e+00
2.657716815312659e+02,4.562576498884952e+00
2.658216815312659e+02,4.562554504838804e+00
2.658716815312659e+02,4.562532518048840e+00
2.659216815312660e+02,4.562510538510002e+00
2.659716815312660e+02,4.562488566217162e+00
2.660216815312660e+02,4.562466601165252e+00
2.660716815312660e+02,4.562444643349212e+00
2.661216815312660e+02,4.562422692763992e+00
2.661716815312660e+02,4.562400749404590e+00
2.662216815312660e+02,4.562378813265926e+00
2.662716815312660e+02,4.562356884342922e+00
2.663216815312661e+02,4.562334962630559e+00
2.663716815312661e+02,4.562313048123777e+00
2.664216815312661e+02,4.562291140817579e+00
2.664716815312661e+02,4.562269240706916e+00
2.665216815312661e+02,4.562247347786768e+00
2.665716815312661e+02,4.562225462052138e+00
2.666216815312661e+02,4.562203583497935e+00
2.666716815312661e+02,4.562181712119165e+00
2.667216815312661e+02,4.562159847910824e+00
2.667716815312662e+02,4.562137990867864e+00
2.668216815312662e+02,4.562116140985317e+00
2.668716815312662e+02,4.562094298258193e+00
2.669216815312662e+02,4.562072462681448e+00
2.669716815312662e+02,4.562050634250091e+00
2.670216815312662e+02,4.562028812959190e+00
2.670716815312662e+02,4.562006998803726e+00
2.671216815312662e+02,4.561985191778636e+00
2.671716815312662e+02,4.561963391878994e+00
2.672216815312663e+02,4.561941599099853e+00
2.672716815312663e+02,4.561919813436218e+00
2.673216815312663e+02,4.561898034883103e+00
2.673716815312663e+02,4.561876263435527e+00
2.674216815312663e+02,4.561854499088517e+00
2.674716815312663e+02,4.561832741837121e+00
2.675216815312663e+02,4.561810991676405e+00
2.675716815312663e+02,4.561789248601380e+00
2.676216815312663e+02,4.561767512607117e+00
2.676716815312664e+02,4.561745783688695e+00
2.677216815312664e+02,4.561724061841115e+00
2.677716815312664e+02,4.561702347059433e+00
2.678216815312664e+02,4.561680639338753e+00
2.678716815312664e+02,4.561658938674153e+00
2.679216815312664e+02,4.561637245060647e+00
2.679716815312664e+02,4.561615558493319e+00
2.680216815312664e+02,4.561593878967289e+00
2.680716815312664e+02,4.561572206477585e+00
2.681216815312665e+02,4.561550541019275e+00
2.681716815312665e+02,4.561528882587516e+00
2.682216815312665e+02,4.561507231177358e+00
2.682716815312665e+02,4.561485586783850e+00
2.683216815312665e+02,4.561463949402149e+00
2.683716815312665e+02,4.561442319027377e+00
2.684216815312665e+02,4.561420695654590e+00
2.684716815312665e+02,4.561399079278890e+00
2.685216815312666e+02,4.561377469895371e+00
2.685716815312666e+02,4.561355867499152e+00
2.686216815312666e+02,4.561334272085416e+00
2.686716815312666e+02,4.561312683649248e+00
2.687216815312666e+02,4.561291102185755e+00
2.687716815312666e+02,4.561269527690068e+00
2.688216815312666e+02,4.561247960157328e+00
2.688716815312666e+02,4.561226399582678e+00
2.689216815312666e+02,4.561204845961206e+00
2.689716815312667e+02,4.561183299288071e+00
2.690216815312667e+02,4.561161759558449e+00
2.690716815312667e+02,4.561140226767456e+00
2.691216815312667e+02,4.561118700910258e+00
2.691716815312667e+02,4.561097181982036e+00
2.692216815312667e+02,4.561075669977919e+00
2.692716815312667e+02,4.561054164893052e+00
2.693216815312667e+02,4.561032666722608e+00
2.693716815312667e+02,4.561011175461759e+00
2.694216815312668e+02,4.560989691105706e+00
2.694716815312668e+02,4.560968213649607e+00
2.695216815312668e+02,4.560946743088607e+00
2.695716815312668e+02,4.560925279417877e+00
2.696216815312668e+02,4.560903822632644e+00
2.696716815312668e+02,4.560882372728114e+00
2.697216815312668e+02,4.560860929699445e+00
2.697716815312668e+02,4.560839493541815e+00
2.698216815312668e+02,4.560818064250447e+00
2.698716815312669e+02,4.560796641820581e+00
2.699216815312669e+02,4.560775226247362e+00
2.699716815312669e+02,4.560753817525984e+00
2.700216815312669e+02,4.560732415651708e+00
2.700716815312669e+02,4.560711020619725e+00
2.701216815312669e+02,4.560689632425214e+00
2.701716815312669e+02,4.560668251063454e+00
2.702216815312669e+02,4.560646876529705e+00
2.702716815312669e+02,4.560625508819162e+00
2.703216815312670e+02,4.560604147927013e+00
2.703716815312670e+02,4.560582793848479e+00
2.704216815312670e+02,4.560561446578845e+00
2.704716815312670e+02,4.560540106113382e+00
2.705216815312670e+02,4.560518772447306e+00
2.705716815312670e+02,4.560497445575849e+00
2.706216815312670e+02,4.560476125494261e+00
2.706716815312670e+02,4.560454812197767e+00
2.707216815312671e+02,4.560433505681680e+00
2.707716815312671e+02,4.560412205941275e+00
2.708216815312671e+02,4.560390912971784e+00
2.708716815312671e+02,4.560369626768479e+00
2.709216815312671e+02,4.560348347326615e+00
2.709716815312671e+02,4.560327074641489e+00
2.710216815312671e+02,4.560305808708374e+00
2.710716815312671e+02,4.560284549522541e+00
2.711216815312671e+02,4.560263297079293e+00
2.711716815312672e+02,4.560242051373879e+00
2.712216815312672e+02,4.560220812401609e+00
2.712716815312672e+02,4.560199580157828e+00
2.713216815312672e+02,4.560178354637803e+00
2.713716815312672e+02,4.560157135836807e+00
2.714216815312672e+02,4.560135923750149e+00
2.714716815312672e+02,4.560114718373154e+00
2.715216815312672e+02,4.560093519701118e+00
2.715716815312672e+02,4.560072327729356e+00
2.716216815312673e+02,4.560051142453214e+00
2.716716815312673e+02,4.560029963867984e+00
2.717216815312673e+02,4.560008791968988e+00
2.717716815312673e+02,4.559987626751575e+00
2.718216815312673e+02,4.559966468211075e+00
2.718716815312673e+02,4.559945316342822e+00
2.719216815312673e+02,4.559924171142112e+00
2.719716815312673e+02,4.559903032604306e+00
2.720216815312673e+02,4.559881900724782e+00
2.720716815312674e+02,4.559860775498836e+00
2.721216815312674e+02,4.559839656921814e+00
2.721716815312674e+02,4.559818544989115e+00
2.722216815312674e+02,4.559797439696090e+00
2.722716815312674e+02,4.559776341038091e+00
2.723216815312674e+02,4.559755249010467e+00
2.723716815312674e+02,4.559734163608564e+00
2.724216815312674e+02,4.559713084827792e+00
2.724716815312674e+02,4.559692012663530e+00
2.725216815312675e+02,4.559670947111138e+00
2.725716815312675e+02,4.559649888165993e+00
2.726216815312675e+02,4.559628835823458e+00
2.726716815312675e+02,4.559607790078927e+00
2.727216815312675e+02,4.559586750927805e+00
2.727716815312675e+02,4.559565718365453e+00
2.728216815312675e+02,4.559544692387296e+00
2.728716815312675e+02,4.559523672988768e+00
2.729216815312676e+02,4.559502660165218e+00
2.729716815312676e+02,4.559481653912040e+00
2.730216815312676e+02,4.559460654224691e+00
2.730716815312676e+02,4.559439661098556e+00
2.731216815312676e+02,4.559418674529033e+00
2.731716815312676e+02,4.559397694511548e+00
2.732216815312676e+02,4.559376721041515e+00
2.732716815312676e+02,4.559355754114375e+00
2.733216815312676e+02,4.559334793725576e+00
2.733716815312677e+02,4.559313839870543e+00
2.734216815312677e+02,4.559292892544649e+00
2.734716815312677e+02,4.559271951743352e+00
2.735216815312677e+02,4.559251017462151e+00
2.735716815312677e+02,4.559230089696464e+00
2.736216815312677e+02,4.559209168441718e+00
2.736716815312677e+02,4.559188253693361e+00
2.737216815312677e+02,4.559167345446845e+00
2.737716815312677e+02,4.559146443697616e+00
2.738216815312678e+02,4.559125548441146e+00
2.738716815312678e+02,4.559104659672919e+00
2.739216815312678e+02,4.559083777388414e+00
2.739716815312678e+02,4.559062901583089e+00
2.740216815312678e+02,4.559042032252368e+00
2.740716815312678e+02,4.559021169391741e+00
2.741216815312678e+02,4.559000312996694e+00
2.741716815312678e+02,4.558979463062712e+00
2.742216815312678e+02,4.558958619585304e+00
2.742716815312679e+02,4.558937782559902e+00
2.743216815312679e+02,4.558916951982013e+00
2.743716815312679e+02,4.558896127847191e+00
2.744216815312679e+02,4.558875310150899e+00
2.744716815312679e+02,4.558854498888606e+00
2.745216815312679e+02,4.558833694055838e+00
2.745716815312679e+02,4.558812895648068e+00
2.746216815312679e+02,4.558792103660851e+00
2.746716815312680e+02,4.558771318089745e+00
2.747216815312680e+02,4.558750538930173e+00
2.747716815312680e+02,4.558729766177658e+00
2.748216815312680e+02,4.558708999827780e+00
2.748716815312680e+02,4.558688239876030e+00
2.749216815312680e+02,4.558667486317936e+00
2.749716815312680e+02,4.558646739149080e+00
2.750216815312680e+02,4.558625998364938e+00
2.750716815312680e+02,4.558605263961021e+00
2.751216815312681e+02,4.558584535932921e+00
2.751716815312681e+02,4.558563814276181e+00
2.752216815312681e+02,4.558543098986352e+00
2.752716815312681e+02,4.558522390058974e+00
2.753216815312681e+02,4.558501687489595e+00
2.753716815312681e+02,4.558480991273781e+00
2.754216815312681e+02,4.558460301407086e+00
2.754716815312681e+02,4.558439617885074e+00
2.755216815312681e+02,4.558418940703272e+00
2.755716815312682e+02,4.558398269857268e+00
2.756216815312682e+02,4.558377605342678e+00
2.756716815312682e+02,4.558356947155057e+00
2.757216815312682e+02,4.558336295289967e+00
2.757716815312682e+02,4.558315649743006e+00
2.758216815312682e+02,4.558295010509764e+00
2.758716815312682e+02,4.558274377585807e+00
2.759216815312682e+02,4.558253750966731e+00
2.759716815312682e+02,4.558233130648135e+00
2.760216815312683e+02,4.558212516625614e+00
2.760716815312683e+02,4.558191908894779e+00
2.761216815312683e+02,4.558171307451219e+00
2.761716815312683e+02,4.558150712290507e+00
2.762216815312683e+02,4.558130123408294e+00
2.762716815312683e+02,4.558109540800205e+00
2.763216815312683e+02,4.558088964461830e+00
2.763716815312683e+02,4.558068394388830e+00
2.764216815312683e+02,4.558047830576797e+00
2.764716815312684e+02,4.558027273021287e+00
2.765216815312684e+02,4.558006721717978e+00
2.765716815312684e+02,4.557986176662543e+00
2.766216815312684e+02,4.557965637850579e+00
2.766716815312684e+02,4.557945105277713e+00
2.767216815312684e+02,4.557924578939612e+00
2.767716815312684e+02,4.557904058831871e+00
2.768216815312684e+02,4.557883544950151e+00
2.768716815312685e+02,4.557863037290163e+00
2.769216815312685e+02,4.557842535847541e+00
2.769716815312685e+02,4.557822040617891e+00
2.770216815312685e+02,4.557801551596865e+00
2.770716815312685e+02,4.557781068780159e+00
2.771216815312685e+02,4.557760592163421e+00
2.771716815312685e+02,4.557740121742302e+00
2.772216815312685e+02,4.557719657512515e+00
2.772716815312685e+02,4.557699199469728e+00
2.773216815312686e+02,4.557678747609605e+00
2.773716815312686e+02,4.557658301927815e+00
2.774216815312686e+02,4.557637862420017e+00
2.774716815312686e+02,4.557617429081931e+00
2.775216815312686e+02,4.557597001909257e+00
2.775716815312686e+02,4.557576580897676e+00
2.776216815312686e+02,4.557556166042893e+00
2.776716815312686e+02,4.557535757340611e+00
2.777216815312686e+02,4.557515354786479e+00
2.777716815312687e+02,4.557494958376169e+00
2.778216815312687e+02,4.557474568105469e+00
2.778716815312687e+02,4.557454183970109e+00
2.779216815312687e+02,4.557433805965725e+00
2.779716815312687e+02,4.557413434088038e+00
2.780216815312687e+02,4.557393068332821e+00
2.780716815312687e+02,4.557372708695775e+00
2.781216815312687e+02,4.557352355172611e+00
2.781716815312687e+02,4.557332007759053e+00
2.782216815312688e+02,4.557311666450846e+00
2.782716815312688e+02,4.557291331243729e+00
2.783216815312688e+02,4.557271002133422e+00
2.783716815312688e+02,4.557250679115656e+00
2.784216815312688e+02,4.557230362186185e+00
2.784716815312688e+02,4.557210051340735e+00
2.785216815312688e+02,4.557189746575059e+00
2.785716815312688e+02,4.557169447884934e+00
2.786216815312688e+02,4.557149155266095e+00
2.786716815312689e+02,4.557128868714300e+00
2.787216815312689e+02,4.557108588225321e+00
2.787716815312689e+02,4.557088313794937e+00
2.788216815312689e+02,4.557068045418892e+00
2.788716815312689e+02,4.557047783092928e+00
2.789216815312689e+02,4.557027526812844e+00
2.789716815312689e+02,4.557007276574438e+00
2.790216815312689e+02,4.556987032373454e+00
2.790716815312690e+02,4.556966794205635e+00
2.791216815312690e+02,4.556946562066820e+00
2.791716815312690e+02,4.556926335952816e+00
2.792216815312690e+02,4.556906115859372e+00
2.792716815312690e+02,4.556885901782264e+00
2.793216815312690e+02,4.556865693717306e+00
2.793716815312690e+02,4.556845491660314e+00
2.794216815312690e+02,4.556825295607081e+00
2.794716815312690e+02,4.556805105553420e+00
2.795216815312691e+02,4.556784921495156e+00
2.795716815312691e+02,4.556764743428065e+00
2.796216815312691e+02,4.556744571347940e+00
2.796716815312691e+02,4.556724405250624e+00
2.797216815312691e+02,4.556704245131913e+00
2.797716815312691e+02,4.556684090987612e+00
2.798216815312691e+02,4.556663942813604e+00
2.798716815312691e+02,4.556643800605706e+00
2.799216815312691e+02,4.556623664359761e+00
2.799716815312692e+02,4.556603534071581e+00
2.800216815312692e+02,4.556583409736943e+00
2.800716815312692e+02,4.556563291351777e+00
2.801216815312692e+02,4.556543178911906e+00
2.801716815312692e+02,4.556523072413095e+00
2.802216815312692e+02,4.556502971851265e+00
2.802716815312692e+02,4.556482877222296e+00
2.803216815312692e+02,4.556462788522011e+00
2.803716815312692e+02,4.556442705746241e+00
2.804216815312693e+02,4.556422628890875e+00
2.804716815312693e+02,4.556402557951783e+00
2.805216815312693e+02,4.556382492924799e+00
2.805716815312693e+02,4.556362433805802e+00
2.806216815312693e+02,4.556342380590643e+00
2.806716815312693e+02,4.556322333275211e+00
2.807216815312693e+02,4.556302291855410e+00
2.807716815312693e+02,4.556282256327115e+00
2.808216815312693e+02,4.556262226686177e+00
2.808716815312694e+02,4.556242202928460e+00
2.809216815312694e+02,4.556222185049922e+00
2.809716815312694e+02,4.556202173046446e+00
2.810216815312694e+02,4.556182166913868e+00
2.810716815312694e+02,4.556162166648090e+00
2.811216815312694e+02,4.556142172245075e+00
2.811716815312694e+02,4.556122183700720e+00
2.812216815312694e+02,4.556102201010875e+00
2.812716815312695e+02,4.556082224171459e+00
2.813216815312695e+02,4.556062253178399e+00
2.813716815312695e+02,4.556042288027585e+00
2.814216815312695e+02,4.556022328714963e+00
2.814716815312695e+02,4.556002375236472e+00
2.815216815312695e+02,4.555982427588015e+00
2.815716815312695e+02,4.555962485765499e+00
2.816216815312695e+02,4.555942549764864e+00
2.816716815312695e+02,4.555922619582038e+00
2.817216815312696e+02,4.555902695212969e+00
2.817716815312696e+02,4.555882776653631e+00
2.818216815312696e+02,4.555862863899917e+00
2.818716815312696e+02,4.555842956947723e+00
2.819216815312696e+02,4.555823055793035e+00
2.819716815312696e+02,4.555803160431808e+00
2.820216815312696e+02,4.555783270860009e+00
2.820716815312696e+02,4.555763387073605e+00
2.821216815312696e+02,4.555743509068511e+00
2.821716815312697e+02,4.555723636840690e+00
2.822216815312697e+02,4.555703770386121e+00
2.822716815312697e+02,4.555683909700727e+00
2.823216815312697e+02,4.555664054780507e+00
2.823716815312697e+02,4.555644205621488e+00
2.824216815312697e+02,4.555624362219585e+00
2.824716815312697e+02,4.555604524570754e+00
2.825216815312697e+02,4.555584692671027e+00
2.825716815312697e+02,4.555564866516356e+00
2.826216815312698e+02,4.555545046102716e+00
2.826716815312698e+02,4.555525231426143e+00
2.827216815312698e+02,4.555505422482577e+00
2.827716815312698e+02,4.555485619267984e+00
2.828216815312698e+02,4.555465821778422e+00
2.828716815312698e+02,4.555446030009903e+00
2.829216815312698e+02,4.555426243958414e+00
2.829716815312698e+02,4.555406463619927e+00
2.830216815312698e+02,4.555386688990464e+00
2.830716815312699e+02,4.555366920066049e+00
2.831216815312699e+02,4.555347156842678e+00
2.831716815312699e+02,4.555327399316350e+00
2.832216815312699e+02,4.555307647483101e+00
2.832716815312699e+02,4.555287901338973e+00
2.833216815312699e+02,4.555268160879975e+00
2.833716815312699e+02,4.555248426102142e+00
2.834216815312699e+02,4.555228697001506e+00
2.834716815312700e+02,4.555208973574080e+00
2.835216815312700e+02,4.555189255815917e+00
2.835716815312700e+02,4.555169543723072e+00
2.836216815312700e+02,4.555149837291522e+00
2.836716815312700e+02,4.555130136517314e+00
2.837216815312700e+02,4.555110441396552e+00
2.837716815312700e+02,4.555090751925293e+00
2.838216815312700e+02,4.555071068099547e+00
2.838716815312700e+02,4.555051389915368e+00
2.839216815312701e+02,4.555031717368831e+00
2.839716815312701e+02,4.555012050455972e+00
2.840216815312701e+02,4.554992389172877e+00
2.840716815312701e+02,4.554972733515598e+00
2.841216815312701e+02,4.554953083480236e+00
2.841716815312701e+02,4.554933439062842e+00
2.842216815312701e+02,4.554913800259455e+00
2.842716815312701e+02,4.554894167066207e+00
2.843216815312701e+02,4.554874539479134e+00
2.843716815312702e+02,4.554854917494318e+00
2.844216815312702e+02,4.554835301107894e+00
2.844716815312702e+02,4.554815690315920e+00
2.845216815312702e+02,4.554796085114488e+00
2.845716815312702e+02,4.554776485499706e+00
2.846216815312702e+02,4.554756891467630e+00
2.846716815312702e+02,4.554737303014332e+00
2.847216815312702e+02,4.554717720135965e+00
2.847716815312702e+02,4.554698142828680e+00
2.848216815312703e+02,4.554678571088496e+00
2.848716815312703e+02,4.554659004911546e+00
2.849216815312703e+02,4.554639444294024e+00
2.849716815312703e+02,4.554619889231971e+00
2.850216815312703e+02,4.554600339721445e+00
2.850716815312703e+02,4.554580795758629e+00
2.851216815312703e+02,4.554561257339702e+00
2.851716815312703e+02,4.554541724460719e+00
2.852216815312703e+02,4.554522197117805e+00
2.852716815312704e+02,4.554502675307136e+00
2.853216815312704e+02,4.554483159024806e+00
2.853716815312704e+02,4.554463648266945e+00
2.854216815312704e+02,4.554444143029733e+00
2.854716815312704e+02,4.554424643309298e+00
2.855216815312704e+02,4.554405149101751e+00
2.855716815312704e+02,4.554385660403265e+00
2.856216815312704e+02,4.554366177210032e+00
2.856716815312705e+02,4.554346699518204e+00
2.857216815312705e+02,4.554327227323873e+00
2.857716815312705e+02,4.554307760623173e+00
2.858216815312705e+02,4.554288299412311e+00
2.858716815312705e+02,4.554268843687462e+00
2.859216815312705e+02,4.554249393444771e+00
2.859716815312705e+02,4.554229948680439e+00
2.860216815312705e+02,4.554210509390638e+00
2.860716815312705e+02,4.554191075571514e+00
2.861216815312706e+02,4.554171647219241e+00
2.861716815312706e+02,4.554152224330004e+00
2.862216815312706e+02,4.554132806899982e+00
2.862716815312706e+02,4.554113394925380e+00
2.863216815312706e+02,4.554093988402393e+00
2.863716815312706e+02,4.554074587327185e+00
2.864216815312706e+02,4.554055191695945e+00
2.864716815312706e+02,4.554035801504865e+00
2.865216815312706e+02,4.554016416750182e+00
2.865716815312707e+02,4.553997037428071e+00
2.866216815312707e+02,4.553977663534687e+00
2.866716815312707e+02,4.553958295066296e+00
2.867216815312707e+02,4.553938932019129e+00
2.867716815312707e+02,4.553919574389356e+00
2.868216815312707e+02,4.553900222173213e+00
2.868716815312707e+02,4.553880875366926e+00
2.869216815312707e+02,4.553861533966676e+00
2.869716815312707e+02,4.553842197968692e+00
2.870216815312708e+02,4.553822867369197e+00
2.870716815312708e+02,4.553803542164413e+00
2.871216815312708e+02,4.553784222350617e+00
2.871716815312708e+02,4.553764907924035e+00
2.872216815312708e+02,4.553745598880868e+00
2.872716815312708e+02,4.553726295217354e+00
2.873216815312708e+02,4.553706996929721e+00
2.873716815312708e+02,4.553687704014239e+00
2.874216815312708e+02,4.553668416467167e+00
2.874716815312709e+02,4.553649134284746e+00
2.875216815312709e+02,4.553629857463226e+00
2.875716815312709e+02,4.553610585998815e+00
2.876216815312709e+02,4.553591319887807e+00
2.876716815312709e+02,4.553572059126475e+00
2.877216815312709e+02,4.553552803711059e+00
2.877716815312709e+02,4.553533553637843e+00
2.878216815312709e+02,4.553514308903076e+00
2.878716815312710e+02,4.553495069503041e+00
2.879216815312710e+02,4.553475835434006e+00
2.879716815312710e+02,4.553456606692231e+00
2.880216815312710e+02,4.553437383274016e+00
2.880716815312710e+02,4.553418165175610e+00
2.881216815312710e+02,4.553398952393295e+00
2.881716815312710e+02,4.553379744923391e+00
2.882216815312710e+02,4.553360542762171e+00
2.882716815312710e+02,4.553341345905915e+00
2.883216815312711e+02,4.553322154350936e+00
2.883716815312711e+02,4.553302968093521e+00
2.884216815312711e+02,4.553283787129956e+00
2.884716815312711e+02,4.553264611456577e+00
2.885216815312711e+02,4.553245441069646e+00
2.885716815312711e+02,4.553226275965440e+00
2.886216815312711e+02,4.553207116140340e+00
2.886716815312711e+02,4.553187961590649e+00
2.887216815312711e+02,4.553168812312635e+00
2.887716815312712e+02,4.553149668302634e+00
2.888216815312712e+02,4.553130529556982e+00
2.888716815312712e+02,4.553111396071992e+00
2.889216815312712e+02,4.553092267843984e+00
2.889716815312712e+02,4.553073144869283e+00
2.890216815312712e+02,4.553054027144202e+00
2.890716815312712e+02,4.553034914665063e+00
2.891216815312712e+02,4.553015807428233e+00
2.891716815312712e+02,4.552996705430060e+00
2.892216815312713e+02,4.552977608666866e+00
2.892716815312713e+02,4.552958517135025e+00
2.893216815312713e+02,4.552939430830854e+00
2.893716815312713e+02,4.552920349750631e+00
2.894216815312713e+02,4.552901273890758e+00
2.894716815312713e+02,4.552882203247642e+00
2.895216815312713e+02,4.552863137817613e+00
2.895716815312713e+02,4.552844077596993e+00
2.896216815312713e+02,4.552825022582129e+00
2.896716815312714e+02,4.552805972769386e+00
2.897216815312714e+02,4.552786928155184e+00
2.897716815312714e+02,4.552767888735876e+00
2.898216815312714e+02,4.552748854507779e+00
2.898716815312714e+02,4.552729825467311e+00
2.899216815312714e+02,4.552710801610864e+00
2.899716815312714e+02,4.552691782934796e+00
2.900216815312714e+02,4.552672769435483e+00
2.900716815312715e+02,4.552653761109275e+00
2.901216815312715e+02,4.552634757952540e+00
2.901716815312715e+02,4.552615759961757e+00
2.902216815312715e+02,4.552596767133317e+00
2.902716815312715e+02,4.552577779463527e+00
2.903216815312715e+02,4.552558796948800e+00
2.903716815312715e+02,4.552539819585582e+00
2.904216815312715e+02,4.552520847370268e+00
2.904716815312715e+02,4.552501880299218e+00
2.905216815312716e+02,4.552482918368826e+00
2.905716815312716e+02,4.552463961575548e+00
2.906216815312716e+02,4.552445009915782e+00
2.906716815312716e+02,4.552426063385941e+00
2.907216815312716e+02,4.552407121982457e+00
2.907716815312716e+02,4.552388185701714e+00
2.908216815312716e+02,4.552369254540152e+00
2.908716815312716e+02,4.552350328494184e+00
2.909216815312716e+02,4.552331407560228e+00
2.909716815312717e+02,4.552312491734733e+00
2.910216815312717e+02,4.552293581014098e+00
2.910716815312717e+02,4.552274675394776e+00
2.911216815312717e+02,4.552255774873213e+00
2.911716815312717e+02,4.552236879445819e+00
2.912216815312717e+02,4.552217989109061e+00
2.912716815312717e+02,4.552199103859377e+00
2.913216815312717e+02,4.552180223693221e+00
2.913716815312717e+02,4.552161348607067e+00
2.914216815312718e+02,4.552142478597304e+00
2.914716815312718e+02,4.552123613660362e+00
2.915216815312718e+02,4.552104753792748e+00
2.915716815312718e+02,4.552085898990946e+00
2.916216815312718e+02,4.552067049251388e+00
2.916716815312718e+02,4.552048204570490e+00
2.917216815312718e+02,4.552029364944770e+00
2.917716815312718e+02,4.552010530370738e+00
2.918216815312718e+02,4.551991700844793e+00
2.918716815312719e+02,4.551972876363413e+00
2.919216815312719e+02,4.551954056923073e+00
2.919716815312719e+02,4.551935242520215e+00
2.920216815312719e+02,4.551916433151389e+00
2.920716815312719e+02,4.551897628813113e+00
2.921216815312719e+02,4.551878829501792e+00
2.921716815312719e+02,4.551860035213898e+00
2.922216815312719e+02,4.551841245945973e+00
2.922716815312720e+02,4.551822461694512e+00
2.923216815312720e+02,4.551803682455998e+00
2.923716815312720e+02,4.551784908226905e+00
2.924216815312720e+02,4.551766139003741e+00
2.924716815312720e+02,4.551747374783014e+00
2.925216815312720e+02,4.551728615561230e+00
2.925716815312720e+02,4.551709861334918e+00
2.926216815312720e+02,4.551691112100542e+00
2.926716815312720e+02,4.551672367854622e+00
2.927216815312721e+02,4.551653628593748e+00
2.927716815312721e+02,4.551634894314402e+00
2.928216815312721e+02,4.551616165013032e+00
2.928716815312721e+02,4.551597440686169e+00
2.929216815312721e+02,4.551578721330383e+00
2.929716815312721e+02,4.551560006942219e+00
2.930216815312721e+02,4.551541297518160e+00
2.930716815312721e+02,4.551522593054747e+00
2.931216815312721e+02,4.551503893548553e+00
2.931716815312722e+02,4.551485198996083e+00
2.932216815312722e+02,4.551466509393852e+00
2.932716815312722e+02,4.551447824738424e+00
2.933216815312722e+02,4.551429145026346e+00
2.933716815312722e+02,4.551410470254162e+00
2.934216815312722e+02,4.551391800418439e+00
2.934716815312722e+02,4.551373135515705e+00
2.935216815312722e+02,4.551354475542512e+00
2.935716815312722e+02,4.551335820495438e+00
2.936216815312723e+02,4.551317170370982e+00
2.936716815312723e+02,4.551298525165721e+00
2.937216815312723e+02,4.551279884876272e+00
2.937716815312723e+02,4.551261249499185e+00
2.938216815312723e+02,4.551242619031029e+00
2.938716815312723e+02,4.551223993468346e+00
2.939216815312723e+02,4.551205372807710e+00
2.939716815312723e+02,4.551186757045707e+00
2.940216815312723e+02,4.551168146178891e+00
2.940716815312724e+02,4.551149540203874e+00
2.941216815312724e+02,4.551130939117248e+00
2.941716815312724e+02,4.551112342915567e+00
2.942216815312724e+02,4.551093751595424e+00
2.942716815312724e+02,4.551075165153401e+00
2.943216815312724e+02,4.551056583586098e+00
2.943716815312724e+02,4.551038006890122e+00
2.944216815312724e+02,4.551019435062051e+00
2.944716815312725e+02,4.551000868098504e+00
2.945216815312725e+02,4.550982305996061e+00
2.945716815312725e+02,4.550963748751302e+00
2.946216815312725e+02,4.550945196360889e+00
2.946716815312725e+02,4.550926648821425e+00
2.947216815312725e+02,4.550908106129469e+00
2.947716815312725e+02,4.550889568281655e+00
2.948216815312725e+02,4.550871035274650e+00
2.948716815312725e+02,4.550852507105045e+00
2.949216815312726e+02,4.550833983769434e+00
2.949716815312726e+02,4.550815465264430e+00
2.950216815312726e+02,4.550796951586649e+00
2.950716815312726e+02,4.550778442732747e+00
2.951216815312726e+02,4.550759938699407e+00
2.951716815312726e+02,4.550741439483208e+00
2.952216815312726e+02,4.550722945080723e+00
2.952716815312726e+02,4.550704455488662e+00
2.953216815312726e+02,4.550685970703699e+00
2.953716815312727e+02,4.550667490722423e+00
2.954216815312727e+02,4.550649015541464e+00
2.954716815312727e+02,4.550630545157481e+00
2.955216815312727e+02,4.550612079567138e+00
2.955716815312727e+02,4.550593618767075e+00
2.956216815312727e+02,4.550575162753920e+00
2.956716815312727e+02,4.550556711524363e+00
2.957216815312727e+02,4.550538265075048e+00
2.957716815312727e+02,4.550519823402622e+00
2.958216815312728e+02,4.550501386503771e+00
2.958716815312728e+02,4.550482954375190e+00
2.959216815312728e+02,4.550464527013498e+00
2.959716815312728e+02,4.550446104415335e+00
2.960216815312728e+02,4.550427686577438e+00
2.960716815312728e+02,4.550409273496485e+00
2.961216815312728e+02,4.550390865169121e+00
2.961716815312728e+02,4.550372461591994e+00
2.962216815312728e+02,4.550354062761810e+00
2.962716815312729e+02,4.550335668675279e+00
2.963216815312729e+02,4.550317279329064e+00
2.963716815312729e+02,4.550298894719859e+00
2.964216815312729e+02,4.550280514844360e+00
2.964716815312729e+02,4.550262139699233e+00
2.965216815312729e+02,4.550243769281185e+00
2.965716815312729e+02,4.550225403586937e+00
2.966216815312729e+02,4.550207042613186e+00
2.966716815312730e+02,4.550188686356606e+00
2.967216815312730e+02,4.550170334813894e+00
2.967716815312730e+02,4.550151987981786e+00
2.968216815312730e+02,4.550133645857007e+00
2.968716815312730e+02,4.550115308436256e+00
2.969216815312730e+02,4.550096975716188e+00
2.969716815312730e+02,4.550078647693548e+00
2.970216815312730e+02,4.550060324365117e+00
2.970716815312730e+02,4.550042005727578e+00
2.971216815312731e+02,4.550023691777590e+00
2.971716815312731e+02,4.550005382511912e+00
2.972216815312731e+02,4.549987077927317e+00
2.972716815312731e+02,4.549968778020529e+00
2.973216815312731e+02,4.549950482788282e+00
2.973716815312731e+02,4.549932192227279e+00
2.974216815312731e+02,4.549913906334242e+00
2.974716815312731e+02,4.549895625105917e+00
2.975216815312731e+02,4.549877348539050e+00
2.975716815312732e+02,4.549859076630415e+00
2.976216815312732e+02,4.549840809376744e+00
2.976716815312732e+02,4.549822546774775e+00
2.977216815312732e+02,4.549804288821250e+00
2.977716815312732e+02,4.549786035512912e+00
2.978216815312732e+02,4.549767786846555e+00
2.978716815312732e+02,4.549749542818917e+00
2.979216815312732e+02,4.549731303426732e+00
2.979716815312732e+02,4.549713068666800e+00
2.980216815312733e+02,4.549694838535880e+00
2.980716815312733e+02,4.549676613030724e+00
2.981216815312733e+02,4.549658392148111e+00
2.981716815312733e+02,4.549640175884798e+00
2.982216815312733e+02,4.549621964237549e+00
2.982716815312733e+02,4.549603757203188e+00
2.983216815312733e+02,4.549585554778475e+00
2.983716815312733e+02,4.549567356960117e+00
2.984216815312734e+02,4.549549163744924e+00
2.984716815312734e+02,4.549530975129723e+00
2.985216815312734e+02,4.549512791111305e+00
2.985716815312734e+02,4.549494611686463e+00
2.986216815312734e+02,4.549476436851959e+00
2.986716815312734e+02,4.549458266604546e+00
2.987216815312734e+02,4.549440100941053e+00
2.987716815312734e+02,4.549421939858314e+00
2.988216815312734e+02,4.549403783353114e+00
2.988716815312735e+02,4.549385631422209e+00
2.989216815312735e+02,4.549367484062449e+00
2.989716815312735e+02,4.549349341270632e+00
2.990216815312735e+02,4.549331203043542e+00
2.990716815312735e+02,4.549313069378038e+00
2.991216815312735e+02,4.549294940270905e+00
2.991716815312735e+02,4.549276815718954e+00
2.992216815312735e+02,4.549258695719020e+00
2.992716815312735e+02,4.549240580267897e+00
2.993216815312736e+02,4.549222469362401e+00
2.993716815312736e+02,4.549204362999363e+00
2.994216815312736e+02,4.549186261175622e+00
2.994716815312736e+02,4.549168163888023e+00
2.995216815312736e+02,4.549150071133377e+00
2.995716815312736e+02,4.549131982908515e+00
2.996216815312736e+02,4.549113899210306e+00
2.996716815312736e+02,4.549095820035575e+00
2.997216815312736e+02,4.549077745381094e+00
2.997716815312737e+02,4.549059675243734e+00
2.998216815312737e+02,4.549041609620375e+00
2.998716815312737e+02,4.549023548507896e+00
2.999216815312737e+02,4.549005491903130e+00
2.999716815312737e+02,4.548987439802827e+00
3.000216815312737e+02,4.548969392203913e+00
3.000716815312737e+02,4.548951349103291e+00
3.001216815312737e+02,4.548933310497728e+00
3.001716815312737e+02,4.548915276384117e+00
3.002216815312738e+02,4.548897246759335e+00
3.002716815312738e+02,4.548879221620220e+00
3.003216815312738e+02,4.548861200963683e+00
3.003716815312738e+02,4.548843184786552e+00
3.004216815312738e+02,4.548825173085689e+00
3.004716815312738e+02,4.548807165858012e+00
3.005216815312738e+02,4.548789163100386e+00
3.005716815312738e+02,4.548771164809690e+00
3.006216815312739e+02,4.548753170982789e+00
3.006716815312739e+02,4.548735181616539e+00
3.007216815312739e+02,4.548717196707817e+00
3.007716815312739e+02,4.548699216253568e+00
3.008216815312739e+02,4.548681240250671e+00
3.008716815312739e+02,4.548663268695958e+00
3.009216815312739e+02,4.548645301586374e+00
3.009716815312739e+02,4.548627338918814e+00
3.010216815312739e+02,4.548609380690147e+00
3.010716815312740e+02,4.548591426897314e+00
3.011216815312740e+02,4.548573477537193e+00
3.011716815312740e+02,4.548555532606621e+00
3.012216815312740e+02,4.548537592102583e+00
3.012716815312740e+02,4.548519656022018e+00
3.013216815312740e+02,4.548501724361764e+00
3.013716815312740e+02,4.548483797118748e+00
3.014216815312740e+02,4.548465874289884e+00
3.014716815312740e+02,4.548447955872086e+00
3.015216815312741e+02,4.548430041862294e+00
3.015716815312741e+02,4.548412132257429e+00
3.016216815312741e+02,4.548394227054410e+00
3.016716815312741e+02,4.548376326250162e+00
3.017216815312741e+02,4.548358429841578e+00
3.017716815312741e+02,4.548340537825609e+00
3.018216815312741e+02,4.548322650199200e+00
3.018716815312741e+02,4.548304766959268e+00
3.019216815312741e+02,4.548286888102785e+00
3.019716815312742e+02,4.548269013626650e+00
3.020216815312742e+02,4.548251143527760e+00
3.020716815312742e+02,4.548233277803127e+00
3.021216815312742e+02,4.548215416449708e+00
3.021716815312742e+02,4.548197559464416e+00
3.022216815312742e+02,4.548179706844198e+00
3.022716815312742e+02,4.548161858586009e+00
3.023216815312742e+02,4.548144014686797e+00
3.023716815312742e+02,4.548126175143517e+00
3.024216815312743e+02,4.548108339953116e+00
3.024716815312743e+02,4.548090509112576e+00
3.025216815312743e+02,4.548072682618884e+00
3.025716815312743e+02,4.548054860468970e+00
3.026216815312743e+02,4.548037042659778e+00
3.026716815312743e+02,4.548019229188296e+00
3.027216815312743e+02,4.548001420051516e+00
3.027716815312743e+02,4.547983615246394e+00
3.028216815312744e+02,4.547965814769874e+00
3.028716815312744e+02,4.547948018618971e+00
3.029216815312744e+02,4.547930226790661e+00
3.029716815312744e+02,4.547912439281864e+00
3.030216815312744e+02,4.547894656089590e+00
3.030716815312744e+02,4.547876877210879e+00
3.031216815312744e+02,4.547859102642716e+00
3.031716815312744e+02,4.547841332382029e+00
3.032216815312744e+02,4.547823566425841e+00
3.032716815312745e+02,4.547805804771194e+00
3.033216815312745e+02,4.547788047415000e+00
3.033716815312745e+02,4.547770294354248e+00
3.034216815312745e+02,4.547752545586005e+00
3.034716815312745e+02,4.547734801107242e+00
3.035216815312745e+02,4.547717060914933e+00
3.035716815312745e+02,4.547699325006135e+00
3.036216815312745e+02,4.547681593377864e+00
3.036716815312745e+02,4.547663866027088e+00
3.037216815312746e+02,4.547646142950843e+00
3.037716815312746e+02,4.547628424146145e+00
3.038216815312746e+02,4.547610709609978e+00
3.038716815312746e+02,4.547592999339379e+00
3.039216815312746e+02,4.547575293331371e+00
3.039716815312746e+02,4.547557591582968e+00
3.040216815312746e+02,4.547539894091195e+00
3.040716815312746e+02,4.547522200853098e+00
3.041216815312746e+02,4.547504511865709e+00
3.041716815312747e+02,4.547486827126028e+00
3.042216815312747e+02,4.547469146631089e+00
3.042716815312747e+02,4.547451470377958e+00
3.043216815312747e+02,4.547433798363672e+00
3.043716815312747e+02,4.547416130585215e+00
3.044216815312747e+02,4.547398467039655e+00
3.044716815312747e+02,4.547380807724077e+00
3.045216815312747e+02,4.547363152635498e+00
3.045716815312747e+02,4.547345501770960e+00
3.046216815312748e+02,4.547327855127529e+00
3.046716815312748e+02,4.547310212702235e+00
3.047216815312748e+02,4.547292574492116e+00
3.047716815312748e+02,4.547274940494242e+00
3.048216815312748e+02,4.547257310705689e+00
3.048716815312748e+02,4.547239685123516e+00
3.049216815312748e+02,4.547222063744770e+00
3.049716815312748e+02,4.547204446566520e+00
3.050216815312749e+02,4.547186833585837e+00
3.050716815312749e+02,4.547169224799760e+00
3.051216815312749e+02,4.547151620205402e+00
3.051716815312749e+02,4.547134019799850e+00
3.052216815312749e+02,4.547116423580131e+00
3.052716815312749e+02,4.547098831543330e+00
3.053216815312749e+02,4.547081243686532e+00
3.053716815312749e+02,4.547063660006812e+00
3.054216815312749e+02,4.547046080501265e+00
3.054716815312750e+02,4.547028505166956e+00
3.055216815312750e+02,4.547010934000971e+00
3.055716815312750e+02,4.546993367000426e+00
3.056216815312750e+02,4.546975804162383e+00
3.056716815312750e+02,4.546958245483942e+00
3.057216815312750e+02,4.546940690962231e+00
3.057716815312750e+02,4.546923140594282e+00
3.058216815312750e+02,4.546905594377229e+00
3.058716815312750e+02,4.546888052308225e+00
3.059216815312751e+02,4.546870514384310e+00
3.059716815312751e+02,4.546852980602552e+00
3.060216815312751e+02,4.546835450960114e+00
3.060716815312751e+02,4.546817925454112e+00
3.061216815312751e+02,4.546800404081641e+00
3.061716815312751e+02,4.546782886839810e+00
3.062216815312751e+02,4.546765373725707e+00
3.062716815312751e+02,4.546747864736504e+00
3.063216815312751e+02,4.546730359869324e+00
3.063716815312752e+02,4.546712859121228e+00
3.064216815312752e+02,4.546695362489355e+00
3.064716815312752e+02,4.546677869970841e+00
3.065216815312752e+02,4.546660381562830e+00
3.065716815312752e+02,4.546642897262466e+00
3.066216815312752e+02,4.546625417066843e+00
3.066716815312752e+02,4.546607940973076e+00
3.067216815312752e+02,4.546590468978324e+00
3.067716815312752e+02,4.546573001079728e+00
3.068216815312753e+02,4.546555537274455e+00
3.068716815312753e+02,4.546538077559628e+00
3.069216815312753e+02,4.546520621932335e+00
3.069716815312753e+02,4.546503170389766e+00
3.070216815312753e+02,4.546485722929114e+00
3.070716815312753e+02,4.546468279547452e+00
3.071216815312753e+02,4.546450840241905e+00
3.071716815312753e+02,4.546433405009690e+00
3.072216815312754e+02,4.546415973847980e+00
3.072716815312754e+02,4.546398546753906e+00
3.073216815312754e+02,4.546381123724612e+00
3.073716815312754e+02,4.546363704757269e+00
3.074216815312754e+02,4.546346289849062e+00
3.074716815312754e+02,4.546328878997171e+00
3.075216815312754e+02,4.546311472198719e+00
3.075716815312754e+02,4.546294069450858e+00
3.076216815312754e+02,4.546276670750795e+00
3.076716815312755e+02,4.546259276095680e+00
3.077216815312755e+02,4.546241885482686e+00
3.077716815312755e+02,4.546224498909027e+00
3.078216815312755e+02,4.546207116371871e+00
3.078716815312755e+02,4.546189737868374e+00
3.079216815312755e+02,4.546172363395712e+00
3.079716815312755e+02,4.546154992951087e+00
3.080216815312755e+02,4.546137626531727e+00
3.080716815312755e+02,4.546120264134781e+00
3.081216815312756e+02,4.546102905757420e+00
3.081716815312756e+02,4.546085551396890e+00
3.082216815312756e+02,4.546068201050351e+00
3.082716815312756e+02,4.546050854714971e+00
3.083216815312756e+02,4.546033512387970e+00
3.083716815312756e+02,4.546016174066543e+00
3.084216815312756e+02,4.545998839747925e+00
3.084716815312756e+02,4.545981509429328e+00
3.085216815312756e+02,4.545964183107891e+00
3.085716815312757e+02,4.545946860780863e+00
3.086216815312757e+02,4.545929542445509e+00
3.086716815312757e+02,4.545912228098981e+00
3.087216815312757e+02,4.545894917738489e+00
3.087716815312757e+02,4.545877611361276e+00
3.088216815312757e+02,4.545860308964527e+00
3.088716815312757e+02,4.545843010545453e+00
3.089216815312757e+02,4.545825716101311e+00
3.089716815312757e+02,4.545808425629361e+00
3.090216815312758e+02,4.545791139126754e+00
3.090716815312758e+02,4.545773856590698e+00
3.091216815312758e+02,4.545756578018523e+00
3.091716815312758e+02,4.545739303407444e+00
3.092216815312758e+02,4.545722032754630e+00
3.092716815312758e+02,4.545704766057331e+00
3.093216815312758e+02,4.545687503312799e+00
3.093716815312758e+02,4.545670244518308e+00
3.094216815312759e+02,4.545652989671075e+00
3.094716815312759e+02,4.545635738768282e+00
3.095216815312759e+02,4.545618491807232e+00
3.095716815312759e+02,4.545601248785200e+00
3.096216815312759e+02,4.545584009699397e+00
3.096716815312759e+02,4.545566774547065e+00
3.097216815312759e+02,4.545549543325485e+00
3.097716815312759e+02,4.545532316031884e+00
3.098216815312759e+02,4.545515092663517e+00
3.098716815312760e+02,4.545497873217668e+00
3.099216815312760e+02,4.545480657691589e+00
3.099716815312760e+02,4.545463446082577e+00
3.100216815312760e+02,4.545446238387848e+00
3.100716815312760e+02,4.545429034604652e+00
3.101216815312760e+02,4.545411834730319e+00
3.101716815312760e+02,4.545394638762089e+00
3.102216815312760e+02,4.545377446697205e+00
3.102716815312760e+02,4.545360258532984e+00
3.103216815312761e+02,4.545343074266684e+00
3.103716815312761e+02,4.545325893895533e+00
3.104216815312761e+02,4.545308717416869e+00
3.104716815312761e+02,4.545291544828016e+00
3.105216815312761e+02,4.545274376126215e+00
3.105716815312761e+02,4.545257211308717e+00
3.106216815312761e+02,4.545240050372837e+00
3.106716815312761e+02,4.545222893315905e+00
3.107216815312761e+02,4.545205740135153e+00
3.107716815312762e+02,4.545188590827884e+00
3.108216815312762e+02,4.545171445391410e+00
3.108716815312762e+02,4.545154303822986e+00
3.109216815312762e+02,4.545137166119976e+00
3.109716815312762e+02,4.545120032279679e+00
3.110216815312762e+02,4.545102902299327e+00
3.110716815312762e+02,4.545085776176251e+00
3.111216815312762e+02,4.545068653907772e+00
3.111716815312762e+02,4.545051535491200e+00
3.112216815312763e+02,4.545034420923868e+00
3.112716815312763e+02,4.545017310203078e+00
3.113216815312763e+02,4.545000203326103e+00
3.113716815312763e+02,4.544983100290253e+00
3.114216815312763e+02,4.544966001092901e+00
3.114716815312763e+02,4.544948905731371e+00
3.115216815312763e+02,4.544931814202940e+00
3.115716815312763e+02,4.544914726504952e+00
3.116216815312764e+02,4.544897642634734e+00
3.116716815312764e+02,4.544880562589592e+00
3.117216815312764e+02,4.544863486366872e+00
3.117716815312764e+02,4.544846413963890e+00
3.118216815312764e+02,4.544829345377973e+00
3.118716815312764e+02,4.544812280606486e+00
3.119216815312764e+02,4.544795219646780e+00
3.119716815312764e+02,4.544778162496176e+00
3.120216815312764e+02,4.544761109151993e+00
3.120716815312765e+02,4.544744059611576e+00
3.121216815312765e+02,4.544727013872278e+00
3.121716815312765e+02,4.544709971931445e+00
3.122216815312765e+02,4.544692933786420e+00
3.122716815312765e+02,4.544675899434512e+00
3.123216815312765e+02,4.544658868873114e+00
3.123716815312765e+02,4.544641842099646e+00
3.124216815312765e+02,4.544624819111386e+00
3.124716815312765e+02,4.544607799905662e+00
3.125216815312766e+02,4.544590784479875e+00
3.125716815312766e+02,4.544573772831413e+00
3.126216815312766e+02,4.544556764957616e+00
3.126716815312766e+02,4.544539760855802e+00
3.127216815312766e+02,4.544522760523387e+00
3.127716815312766e+02,4.544505763957749e+00
3.128216815312766e+02,4.544488771156220e+00
3.128716815312766e+02,4.544471782116204e+00
3.129216815312766e+02,4.544454796835040e+00
3.129716815312767e+02,4.544437815310074e+00
3.130216815312767e+02,4.544420837538756e+00
3.130716815312767e+02,4.544403863518494e+00
3.131216815312767e+02,4.544386893246601e+00
3.131716815312767e+02,4.544369926720423e+00
3.132216815312767e+02,4.544352963937411e+00
3.132716815312767e+02,4.544336004894993e+00
3.133216815312767e+02,4.544319049590517e+00
3.133716815312767e+02,4.544302098021290e+00
3.134216815312768e+02,4.544285150184733e+00
3.134716815312768e+02,4.544268206078312e+00
3.135216815312768e+02,4.544251265699385e+00
3.135716815312768e+02,4.544234329045355e+00
3.136216815312768e+02,4.544217396113625e+00
3.136716815312768e+02,4.544200466901595e+00
3.137216815312768e+02,4.544183541406660e+00
3.137716815312768e+02,4.544166619626202e+00
3.138216815312769e+02,4.544149701557642e+00
3.138716815312769e+02,4.544132787198424e+00
3.139216815312769e+02,4.544115876545945e+00
3.139716815312769e+02,4.544098969597583e+00
3.140216815312769e+02,4.544082066350759e+00
3.140716815312769e+02,4.544065166802912e+00
3.141216815312769e+02,4.544048270951431e+00
3.141716815312769e+02,4.544031378793733e+00
3.142216815312769e+02,4.544014490327276e+00
3.142716815312770e+02,4.543997605549460e+00
3.143216815312770e+02,4.543980724457670e+00
3.143716815312770e+02,4.543963847049405e+00
3.144216815312770e+02,4.543946973322107e+00
3.144716815312770e+02,4.543930103273143e+00
3.145216815312770e+02,4.543913236899957e+00
3.145716815312770e+02,4.543896374200019e+00
3.146216815312770e+02,4.543879515170710e+00
3.146716815312770e+02,4.543862659809440e+00
3.147216815312771e+02,4.543845808113708e+00
3.147716815312771e+02,4.543828960080976e+00
3.148216815312771e+02,4.543812115708664e+00
3.148716815312771e+02,4.543795274994229e+00
3.149216815312771e+02,4.543778437935080e+00
3.149716815312771e+02,4.543761604528661e+00
3.150216815312771e+02,4.543744774772457e+00
3.150716815312771e+02,4.543727948663905e+00
3.151216815312771e+02,4.543711126200444e+00
3.151716815312772e+02,4.543694307379545e+00
3.152216815312772e+02,4.543677492198676e+00
3.152716815312772e+02,4.543660680655281e+00
3.153216815312772e+02,4.543643872746824e+00
3.153716815312772e+02,4.543627068470751e+00
3.154216815312772e+02,4.543610267824527e+00
3.154716815312772e+02,4.543593470805648e+00
3.155216815312772e+02,4.543576677411569e+00
3.155716815312772e+02,4.543559887639762e+00
3.156216815312773e+02,4.543543101487671e+00
3.156716815312773e+02,4.543526318952769e+00
3.157216815312773e+02,4.543509540032550e+00
3.157716815312773e+02,4.543492764724490e+00
3.158216815312773e+02,4.543475993026076e+00
3.158716815312773e+02,4.543459224934809e+00
3.159216815312773e+02,4.543442460448146e+00
3.159716815312773e+02,4.543425699563532e+00
3.160216815312774e+02,4.543408942278474e+00
3.160716815312774e+02,4.543392188590447e+00
3.161216815312774e+02,4.543375438496984e+00
3.161716815312774e+02,4.543358691995596e+00
3.162216815312774e+02,4.543341949083721e+00
3.162716815312774e+02,4.543325209758861e+00
3.163216815312774e+02,4.543308474018509e+00
3.163716815312774e+02,4.543291741860144e+00
3.164216815312774e+02,4.543275013281282e+00
3.164716815312775e+02,4.543258288279446e+00
3.165216815312775e+02,4.543241566852144e+00
3.165716815312775e+02,4.543224848996870e+00
3.166216815312775e+02,4.543208134711096e+00
3.166716815312775e+02,4.543191423992345e+00
3.167216815312775e+02,4.543174716838141e+00
3.167716815312775e+02,4.543158013245956e+00
3.168216815312775e+02,4.543141313213376e+00
3.168716815312775e+02,4.543124616737939e+00
3.169216815312776e+02,4.543107923817046e+00
3.169716815312776e+02,4.543091234448241e+00
3.170216815312776e+02,4.543074548629080e+00
3.170716815312776e+02,4.543057866357082e+00
3.171216815312776e+02,4.543041187629782e+00
3.171716815312776e+02,4.543024512444668e+00
3.172216815312776e+02,4.543007840799310e+00
3.172716815312776e+02,4.542991172691242e+00
3.173216815312776e+02,4.542974508117939e+00
3.173716815312777e+02,4.542957847076929e+00
3.174216815312777e+02,4.542941189565776e+00
3.174716815312777e+02,4.542924535582057e+00
3.175216815312777e+02,4.542907885123285e+00
3.175716815312777e+02,4.542891238186964e+00
3.176216815312777e+02,4.542874594770659e+00
3.176716815312777e+02,4.542857954871925e+00
3.177216815312777e+02,4.542841318488296e+00
3.177716815312777e+02,4.542824685617286e+00
3.178216815312778e+02,4.542808056256457e+00
3.178716815312778e+02,4.542791430403396e+00
3.179216815312778e+02,4.542774808055630e+00
3.179716815312778e+02,4.542758189210709e+00
3.180216815312778e+02,4.542741573866195e+00
3.180716815312778e+02,4.542724962019633e+00
3.181216815312778e+02,4.542708353668587e+00
3.181716815312778e+02,4.542691748810632e+00
3.182216815312779e+02,4.542675147443318e+00
3.182716815312779e+02,4.542658549564198e+00
3.183216815312779e+02,4.542641955170859e+00
3.183716815312779e+02,4.542625364260850e+00
3.184216815312779e+02,4.542608776831695e+00
3.184716815312779e+02,4.542592192881025e+00
3.185216815312779e+02,4.542575612406426e+00
3.185716815312779e+02,4.542559035405439e+00
3.186216815312779e+02,4.542542461875647e+00
3.186716815312780e+02,4.542525891814623e+00
3.187216815312780e+02,4.542509325219951e+00
3.187716815312780e+02,4.542492762089186e+00
3.188216815312780e+02,4.542476202419935e+00
3.188716815312780e+02,4.542459646209815e+00
3.189216815312780e+02,4.542443093456358e+00
3.189716815312780e+02,4.542426544157144e+00
3.190216815312780e+02,4.542409998309795e+00
3.190716815312780e+02,4.542393455911887e+00
3.191216815312781e+02,4.542376916960990e+00
3.191716815312781e+02,4.542360381454751e+00
3.192216815312781e+02,4.542343849390757e+00
3.192716815312781e+02,4.542327320766557e+00
3.193216815312781e+02,4.542310795579770e+00
3.193716815312781e+02,4.542294273828017e+00
3.194216815312781e+02,4.542277755508889e+00
3.194716815312781e+02,4.542261240619998e+00
3.195216815312781e+02,4.542244729158956e+00
3.195716815312782e+02,4.542228221123331e+00
3.196216815312782e+02,4.542211716510736e+00
3.196716815312782e+02,4.542195215318817e+00
3.197216815312782e+02,4.542178717545183e+00
3.197716815312782e+02,4.542162223187412e+00
3.198216815312782e+02,4.542145732243140e+00
3.198716815312782e+02,4.542129244710013e+00
3.199216815312782e+02,4.542112760585626e+00
3.199716815312783e+02,4.542096279867605e+00
3.200216815312783e+02,4.542079802553576e+00
3.200716815312783e+02,4.542063328641165e+00
3.201216815312783e+02,4.542046858127971e+00
3.201716815312783e+02,4.542030391011620e+00
3.202216815312783e+02,4.542013927289763e+00
3.202716815312783e+02,4.541997466960005e+00
3.203216815312783e+02,4.541981010020008e+00
3.203716815312783e+02,4.541964556467438e+00
3.204216815312784e+02,4.541948106299883e+00
3.204716815312784e+02,4.541931659514934e+00
3.205216815312784e+02,4.541915216110258e+00
3.205716815312784e+02,4.541898776083540e+00
3.206216815312784e+02,4.541882339432429e+00
3.206716815312784e+02,4.541865906154545e+00
3.207216815312784e+02,4.541849476247516e+00
3.207716815312784e+02,4.541833049708996e+00
3.208216815312784e+02,4.541816626536635e+00
3.208716815312785e+02,4.541800206728071e+00
3.209216815312785e+02,4.541783790280986e+00
3.209716815312785e+02,4.541767377193074e+00
3.210216815312785e+02,4.541750967461953e+00
3.210716815312785e+02,4.541734561085205e+00
3.211216815312785e+02,4.541718158060502e+00
3.211716815312785e+02,4.541701758385568e+00
3.212216815312785e+02,4.541685362058075e+00
3.212716815312785e+02,4.541668969075678e+00
3.213216815312786e+02,4.541652579436022e+00
3.213716815312786e+02,4.541636193136767e+00
3.214216815312786e+02,4.541619810175581e+00
3.214716815312786e+02,4.541603430550138e+00
3.215216815312786e+02,4.541587054258124e+00
3.215716815312786e+02,4.541570681297189e+00
3.216216815312786e+02,4.541554311665035e+00
3.216716815312786e+02,4.541537945359355e+00
3.217216815312786e+02,4.541521582377785e+00
3.217716815312787e+02,4.541505222718000e+00
3.218216815312787e+02,4.541488866377708e+00
3.218716815312787e+02,4.541472513354572e+00
3.219216815312787e+02,4.541456163646261e+00
3.219716815312787e+02,4.541439817250520e+00
3.220216815312787e+02,4.541423474165033e+00
3.220716815312787e+02,4.541407134387456e+00
3.221216815312787e+02,4.541390797915482e+00
3.221716815312788e+02,4.541374464746803e+00
3.222216815312788e+02,4.541358134879105e+00
3.222716815312788e+02,4.541341808310078e+00
3.223216815312788e+02,4.541325485037468e+00
3.223716815312788e+02,4.541309165058984e+00
3.224216815312788e+02,4.541292848372265e+00
3.224716815312788e+02,4.541276534975009e+00
3.225216815312788e+02,4.541260224864955e+00
3.225716815312788e+02,4.541243918039814e+00
3.226216815312789e+02,4.541227614497280e+00
3.226716815312789e+02,4.541211314235056e+00
3.227216815312789e+02,4.541195017250888e+00
3.227716815312789e+02,4.541178723542482e+00
3.228216815312789e+02,4.541162433107484e+00
3.228716815312789e+02,4.541146145943637e+00
3.229216815312789e+02,4.541129862048699e+00
3.229716815312789e+02,4.541113581420389e+00
3.230216815312789e+02,4.541097304056410e+00
3.230716815312790e+02,4.541081029954453e+00
3.231216815312790e+02,4.541064759112272e+00
3.231716815312790e+02,4.541048491527599e+00
3.232216815312790e+02,4.541032227198140e+00
3.232716815312790e+02,4.541015966121642e+00
3.233216815312790e+02,4.540999708295829e+00
3.233716815312790e+02,4.540983453718404e+00
3.234216815312790e+02,4.540967202387129e+00
3.234716815312790e+02,4.540950954299755e+00
3.235216815312791e+02,4.540934709454008e+00
3.235716815312791e+02,4.540918467847592e+00
3.236216815312791e+02,4.540902229478252e+00
3.236716815312791e+02,4.540885994343747e+00
3.237216815312791e+02,4.540869762441827e+00
3.237716815312791e+02,4.540853533770237e+00
3.238216815312791e+02,4.540837308326719e+00
3.238716815312791e+02,4.540821086109026e+00
3.239216815312791e+02,4.540804867114892e+00
3.239716815312792e+02,4.540788651342050e+00
3.240216815312792e+02,4.540772438788270e+00
3.240716815312792e+02,4.540756229451312e+00
3.241216815312792e+02,4.540740023328936e+00
3.241716815312792e+02,4.540723820418912e+00
3.242216815312792e+02,4.540707620718953e+00
3.242716815312792e+02,4.540691424226834e+00
3.243216815312792e+02,4.540675230940354e+00
3.243716815312793e+02,4.540659040857229e+00
3.244216815312793e+02,4.540642853975238e+00
3.244716815312793e+02,4.540626670292183e+00
3.245216815312793e+02,4.540610489805788e+00
3.245716815312793e+02,4.540594312513832e+00
3.246216815312793e+02,4.540578138414106e+00
3.246716815312793e+02,4.540561967504339e+00
3.247216815312793e+02,4.540545799782335e+00
3.247716815312793e+02,4.540529635245863e+00
3.248216815312794e+02,4.540513473892678e+00
3.248716815312794e+02,4.540497315720588e+00
3.249216815312794e+02,4.540481160727382e+00
3.249716815312794e+02,4.540465008910826e+00
3.250216815312794e+02,4.540448860268664e+00
3.250716815312794e+02,4.540432714798726e+00
3.251216815312794e+02,4.540416572498853e+00
3.251716815312794e+02,4.540400433366763e+00
3.252216815312794e+02,4.540384297400233e+00
3.252716815312795e+02,4.540368164597076e+00
3.253216815312795e+02,4.540352034955101e+00
3.253716815312795e+02,4.540335908472098e+00
3.254216815312795e+02,4.540319785145829e+00
3.254716815312795e+02,4.540303664974132e+00
3.255216815312795e+02,4.540287547954773e+00
3.255716815312795e+02,4.540271434085543e+00
3.256216815312795e+02,4.540255323364323e+00
3.256716815312795e+02,4.540239215788854e+00
3.257216815312796e+02,4.540223111356893e+00
3.257716815312796e+02,4.540207010066311e+00
3.258216815312796e+02,4.540190911914940e+00
3.258716815312796e+02,4.540174816900556e+00
3.259216815312796e+02,4.540158725020945e+00
3.259716815312796e+02,4.540142636273949e+00
3.260216815312796e+02,4.540126550657398e+00
3.260716815312796e+02,4.540110468169091e+00
3.261216815312796e+02,4.540094388806827e+00
3.261716815312797e+02,4.540078312568420e+00
3.262216815312797e+02,4.540062239451714e+00
3.262716815312797e+02,4.540046169454544e+00
3.263216815312797e+02,4.540030102574717e+00
3.263716815312797e+02,4.540014038810078e+00
3.264216815312797e+02,4.539997978158445e+00
3.264716815312797e+02,4.539981920617593e+00
3.265216815312797e+02,4.539965866185371e+00
3.265716815312798e+02,4.539949814859644e+00
3.266216815312798e+02,4.539933766638243e+00
3.266716815312798e+02,4.539917721519003e+00
3.267216815312798e+02,4.539901679499754e+00
3.267716815312798e+02,4.539885640578315e+00
3.268216815312798e+02,4.539869604752536e+00
3.268716815312798e+02,4.539853572020258e+00
3.269216815312798e+02,4.539837542379308e+00
3.269716815312798e+02,4.539821515827525e+00
3.270216815312799e+02,4.539805492362775e+00
3.270716815312799e+02,4.539789471982893e+00
3.271216815312799e+02,4.539773454685730e+00
3.271716815312799e+02,4.539757440469177e+00
3.272216815312799e+02,4.539741429331067e+00
3.272716815312799e+02,4.539725421269215e+00
3.273216815312799e+02,4.539709416281466e+00
3.273716815312799e+02,4.539693414365682e+00
3.274216815312799e+02,4.539677415519761e+00
3.274716815312800e+02,4.539661419741561e+00
3.275216815312800e+02,4.539645427028911e+00
3.275716815312800e+02,4.539629437379651e+00
3.276216815312800e+02,4.539613450791665e+00
3.276716815312800e+02,4.539597467262862e+00
3.277216815312800e+02,4.539581486791090e+00
3.277716815312800e+02,4.539565509374164e+00
3.278216815312800e+02,4.539549535009953e+00
3.278716815312800e+02,4.539533563696359e+00
3.279216815312801e+02,4.539517595431294e+00
3.279716815312801e+02,4.539501630212604e+00
3.280216815312801e+02,4.539485668038136e+00
3.280716815312801e+02,4.539469708905784e+00
3.281216815312801e+02,4.539453752813412e+00
3.281716815312801e+02,4.539437799758899e+00
3.282216815312801e+02,4.539421849740153e+00
3.282716815312801e+02,4.539405902755037e+00
3.283216815312801e+02,4.539389958801407e+00
3.283716815312802e+02,4.539374017877211e+00
3.284216815312802e+02,4.539358079980317e+00
3.284716815312802e+02,4.539342145108581e+00
3.285216815312802e+02,4.539326213259944e+00
3.285716815312802e+02,4.539310284432239e+00
3.286216815312802e+02,4.539294358623351e+00
3.286716815312802e+02,4.539278435831205e+00
3.287216815312802e+02,4.539262516053677e+00
3.287716815312803e+02,4.539246599288697e+00
3.288216815312803e+02,4.539230685534181e+00
3.288716815312803e+02,4.539214774787985e+00
3.289216815312803e+02,4.539198867048027e+00
3.289716815312803e+02,4.539182962312220e+00
3.290216815312803e+02,4.539167060578444e+00
3.290716815312803e+02,4.539151161844624e+00
3.291216815312803e+02,4.539135266108651e+00
3.291716815312803e+02,4.539119373368425e+00
3.292216815312804e+02,4.539103483621867e+00
3.292716815312804e+02,4.539087596866874e+00
3.293216815312804e+02,4.539071713101395e+00
3.293716815312804e+02,4.539055832323357e+00
3.294216815312804e+02,4.539039954530658e+00
3.294716815312804e+02,4.539024079721196e+00
3.295216815312804e+02,4.539008207892880e+00
3.295716815312804e+02,4.538992339043614e+00
3.296216815312804e+02,4.538976473171381e+00
3.296716815312805e+02,4.538960610274121e+00
3.297216815312805e+02,4.538944750349686e+00
3.297716815312805e+02,4.538928893396000e+00
3.298216815312805e+02,4.538913039411037e+00
3.298716815312805e+02,4.538897188392715e+00
3.299216815312805e+02,4.538881340338953e+00
3.299716815312805e+02,4.538865495247712e+00
3.300216815312805e+02,4.538849653116905e+00
3.300716815312805e+02,4.538833813944439e+00
3.301216815312806e+02,4.538817977728266e+00
3.301716815312806e+02,4.538802144466359e+00
3.302216815312806e+02,4.538786314156659e+00
3.302716815312806e+02,4.538770486797048e+00
3.303216815312806e+02,4.538754662385479e+00
3.303716815312806e+02,4.538738840919932e+00
3.304216815312806e+02,4.538723022398329e+00
3.304716815312806e+02,4.538707206818618e+00
3.305216815312806e+02,4.538691394178769e+00
3.305716815312807e+02,4.538675584476731e+00
3.306216815312807e+02,4.538659777710448e+00
3.306716815312807e+02,4.538643973877865e+00
3.307216815312807e+02,4.538628172976937e+00
3.307716815312807e+02,4.538612375005602e+00
3.308216815312807e+02,4.538596579961837e+00
3.308716815312807e+02,4.538580787843597e+00
3.309216815312807e+02,4.538564998648805e+00
3.309716815312808e+02,4.538549212375464e+00
3.310216815312808e+02,4.538533429021537e+00
3.310716815312808e+02,4.538517648584969e+00
3.311216815312808e+02,4.538501871063771e+00
3.311716815312808e+02,4.538486096455896e+00
3.312216815312808e+02,4.538470324759252e+00
3.312716815312808e+02,4.538454555971801e+00
3.313216815312808e+02,4.538438790091561e+00
3.313716815312808e+02,4.538423027116514e+00
3.314216815312809e+02,4.538407267044650e+00
3.314716815312809e+02,4.538391509873910e+00
3.315216815312809e+02,4.538375755602265e+00
3.315716815312809e+02,4.538360004227687e+00
3.316216815312809e+02,4.538344255748143e+00
3.316716815312809e+02,4.538328510161681e+00
3.317216815312809e+02,4.538312767466275e+00
3.317716815312809e+02,4.538297027659860e+00
3.318216815312809e+02,4.538281290740415e+00
3.318716815312810e+02,4.538265556705954e+00
3.319216815312810e+02,4.538249825554483e+00
3.319716815312810e+02,4.538234097283931e+00
3.320216815312810e+02,4.538218371892333e+00
3.320716815312810e+02,4.538202649377713e+00
3.321216815312810e+02,4.538186929738012e+00
3.321716815312810e+02,4.538171212971208e+00
3.322216815312810e+02,4.538155499075323e+00
3.322716815312810e+02,4.538139788048392e+00
3.323216815312811e+02,4.538124079888405e+00
3.323716815312811e+02,4.538108374593335e+00
3.324216815312811e+02,4.538092672161149e+00
3.324716815312811e+02,4.538076972589871e+00
3.325216815312811e+02,4.538061275877567e+00
3.325716815312811e+02,4.538045582022183e+00
3.326216815312811e+02,4.538029891021711e+00
3.326716815312811e+02,4.538014202874228e+00
3.327216815312811e+02,4.537998517577727e+00
3.327716815312812e+02,4.537982835130181e+00
3.328216815312812e+02,4.537967155529613e+00
3.328716815312812e+02,4.537951478774051e+00
3.329216815312812e+02,4.537935804861507e+00
3.329716815312812e+02,4.537920133790004e+00
3.330216815312812e+02,4.537904465557536e+00
3.330716815312812e+02,4.537888800162149e+00
3.331216815312812e+02,4.537873137601866e+00
3.331716815312813e+02,4.537857477874703e+00
3.332216815312813e+02,4.537841820978688e+00
3.332716815312813e+02,4.537826166911834e+00
3.333216815312813e+02,4.537810515672178e+00
3.333716815312813e+02,4.537794867257739e+00
3.334216815312813e+02,4.537779221666530e+00
3.334716815312813e+02,4.537763578896614e+00
3.335216815312813e+02,4.537747938946039e+00
3.335716815312813e+02,4.537732301812810e+00
3.336216815312814e+02,4.537716667494945e+00
3.336716815312814e+02,4.537701035990501e+00
3.337216815312814e+02,4.537685407297525e+00
3.337716815312814e+02,4.537669781414042e+00
3.338216815312814e+02,4.537654158338114e+00
3.338716815312814e+02,4.537638538067785e+00
3.339216815312814e+02,4.537622920601051e+00
3.339716815312814e+02,4.537607305935975e+00
3.340216815312814e+02,4.537591694070618e+00
3.340716815312815e+02,4.537576085003056e+00
3.341216815312815e+02,4.537560478731337e+00
3.341716815312815e+02,4.537544875253441e+00
3.342216815312815e+02,4.537529274567420e+00
3.342716815312815e+02,4.537513676671368e+00
3.343216815312815e+02,4.537498081563388e+00
3.343716815312815e+02,4.537482489241517e+00
3.344216815312815e+02,4.537466899703758e+00
3.344716815312815e+02,4.537451312948177e+00
3.345216815312816e+02,4.537435728972813e+00
3.345716815312816e+02,4.537420147775763e+00
3.346216815312816e+02,4.537404569355117e+00
3.346716815312816e+02,4.537388993708904e+00
3.347216815312816e+02,4.537373420835201e+00
3.347716815312816e+02,4.537357850732080e+00
3.348216815312816e+02,4.537342283397591e+00
3.348716815312816e+02,4.537326718829807e+00
3.349216815312816e+02,4.537311157026798e+00
3.349716815312817e+02,4.537295597986645e+00
3.350216815312817e+02,4.537280041707452e+00
3.350716815312817e+02,4.537264488187247e+00
3.351216815312817e+02,4.537248937424092e+00
3.351716815312817e+02,4.537233389416119e+00
3.352216815312817e+02,4.537217844161398e+00
3.352716815312817e+02,4.537202301657968e+00
3.353216815312817e+02,4.537186761903918e+00
3.353716815312818e+02,4.537171224897357e+00
3.354216815312818e+02,4.537155690636371e+00
3.354716815312818e+02,4.537140159119019e+00
3.355216815312818e+02,4.537124630343389e+00
3.355716815312818e+02,4.537109104307616e+00
3.356216815312818e+02,4.537093581009769e+00
3.356716815312818e+02,4.537078060447897e+00
3.357216815312818e+02,4.537062542620115e+00
3.357716815312818e+02,4.537047027524521e+00
3.358216815312819e+02,4.537031515159214e+00
3.358716815312819e+02,4.537016005522293e+00
3.359216815312819e+02,4.537000498611839e+00
3.359716815312819e+02,4.536984994425948e+00
3.360216815312819e+02,4.536969492962775e+00
3.360716815312819e+02,4.536953994220426e+00
3.361216815312819e+02,4.536938498196902e+00
3.361716815312819e+02,4.536923004890317e+00
3.362216815312819e+02,4.536907514298856e+00
3.362716815312820e+02,4.536892026420594e+00
3.363216815312820e+02,4.536876541253639e+00
3.363716815312820e+02,4.536861058796121e+00
3.364216815312820e+02,4.536845579046116e+00
3.364716815312820e+02,4.536830102001741e+00
3.365216815312820e+02,4.536814627661146e+00
3.365716815312820e+02,4.536799156022441e+00
3.366216815312820e+02,4.536783687083721e+00
3.366716815312820e+02,4.536768220843083e+00
3.367216815312821e+02,4.536752757298631e+00
3.367716815312821e+02,4.536737296448520e+00
3.368216815312821e+02,4.536721838290871e+00
3.368716815312821e+02,4.536706382823814e+00
3.369216815312821e+02,4.536690930045506e+00
3.369716815312821e+02,4.536675479954028e+00
3.370216815312821e+02,4.536660032547456e+00
3.370716815312821e+02,4.536644587823984e+00
3.371216815312821e+02,4.536629145781754e+00
3.371716815312822e+02,4.536613706418873e+00
3.372216815312822e+02,4.536598269733506e+00
3.372716815312822e+02,4.536582835723748e+00
3.373216815312822e+02,4.536567404387688e+00
3.373716815312822e+02,4.536551975723482e+00
3.374216815312822e+02,4.536536549729346e+00
3.374716815312822e+02,4.536521126403413e+00
3.375216815312822e+02,4.536505705743737e+00
3.375716815312823e+02,4.536490287748514e+00
3.376216815312823e+02,4.536474872415874e+00
3.376716815312823e+02,4.536459459743940e+00
3.377216815312823e+02,4.536444049730910e+00
3.377716815312823e+02,4.536428642374901e+00
3.378216815312823e+02,4.536413237674040e+00
3.378716815312823e+02,4.536397835626501e+00
3.379216815312823e+02,4.536382436230428e+00
3.379716815312823e+02,4.536367039483970e+00
3.380216815312824e+02,4.536351645385301e+00
3.380716815312824e+02,4.536336253932557e+00
3.381216815312824e+02,4.536320865123876e+00
3.381716815312824e+02,4.536305478957426e+00
3.382216815312824e+02,4.536290095431366e+00
3.382716815312824e+02,4.536274714543886e+00
3.383216815312824e+02,4.536259336293103e+00
3.383716815312824e+02,4.536243960677172e+00
3.384216815312824e+02,4.536228587694341e+00
3.384716815312825e+02,4.536213217342692e+00
3.385216815312825e+02,4.536197849620357e+00
3.385716815312825e+02,4.536182484525600e+00
3.386216815312825e+02,4.536167122056572e+00
3.386716815312825e+02,4.536151762211365e+00
3.387216815312825e+02,4.536136404988224e+00
3.387716815312825e+02,4.536121050385340e+00
3.388216815312825e+02,4.536105698400826e+00
3.388716815312825e+02,4.536090349032894e+00
3.389216815312826e+02,4.536075002279705e+00
3.389716815312826e+02,4.536059658139426e+00
3.390216815312826e+02,4.536044316610250e+00
3.390716815312826e+02,4.536028977690338e+00
3.391216815312826e+02,4.536013641377887e+00
3.391716815312826e+02,4.535998307671080e+00
3.392216815312826e+02,4.535982976568087e+00
3.392716815312826e+02,4.535967648067095e+00
3.393216815312826e+02,4.535952322166317e+00
3.393716815312827e+02,4.535936998863933e+00
3.394216815312827e+02,4.535921678158128e+00
3.394716815312827e+02,4.535906360047072e+00
3.395216815312827e+02,4.535891044528948e+00
3.395716815312827e+02,4.535875731601973e+00
3.396216815312827e+02,4.535860421264344e+00
3.396716815312827e+02,4.535845113514232e+00
3.397216815312827e+02,4.535829808349859e+00
3.397716815312828e+02,4.535814505769462e+00
3.398216815312828e+02,4.535799205771193e+00
3.398716815312828e+02,4.535783908353213e+00
3.399216815312828e+02,4.535768613513757e+00
3.399716815312828e+02,4.535753321251064e+00
3.400216815312828e+02,4.535738031563319e+00
3.400716815312828e+02,4.535722744448699e+00
3.401216815312828e+02,4.535707459905435e+00
3.401716815312828e+02,4.535692177931714e+00
3.402216815312829e+02,4.535676898525733e+00
3.402716815312829e+02,4.535661621685771e+00
3.403216815312829e+02,4.535646347409997e+00
3.403716815312829e+02,4.535631075696576e+00
3.404216815312829e+02,4.535615806543791e+00
3.404716815312829e+02,4.535600539949856e+00
3.405216815312829e+02,4.535585275912958e+00
3.405716815312829e+02,4.535570014431316e+00
3.406216815312829e+02,4.535554755503147e+00
3.406716815312830e+02,4.535539499126708e+00
3.407216815312830e+02,4.535524245300210e+00
3.407716815312830e+02,4.535508994021813e+00
3.408216815312830e+02,4.535493745289762e+00
3.408716815312830e+02,4.535478499102330e+00
3.409216815312830e+02,4.535463255457730e+00
3.409716815312830e+02,4.535448014354171e+00
3.410216815312830e+02,4.535432775789906e+00
3.410716815312830e+02,4.535417539763156e+00
3.411216815312831e+02,4.535402306272148e+00
3.411716815312831e+02,4.535387075315114e+00
3.412216815312831e+02,4.535371846890257e+00
3.412716815312831e+02,4.535356620995849e+00
3.413216815312831e+02,4.535341397630162e+00
3.413716815312831e+02,4.535326176791394e+00
3.414216815312831e+02,4.535310958477750e+00
3.414716815312831e+02,4.535295742687474e+00
3.415216815312831e+02,4.535280529418849e+00
3.415716815312832e+02,4.535265318670138e+00
3.416216815312832e+02,4.535250110439537e+00
3.416716815312832e+02,4.535234904725288e+00
3.417216815312832e+02,4.535219701525647e+00
3.417716815312832e+02,4.535204500838868e+00
3.418216815312832e+02,4.535189302663225e+00
3.418716815312832e+02,4.535174106996960e+00
3.419216815312832e+02,4.535158913838288e+00
3.419716815312833e+02,4.535143723185455e+00
3.420216815312833e+02,4.535128535036752e+00
3.420716815312833e+02,4.535113349390458e+00
3.421216815312833e+02,4.535098166244780e+00
3.421716815312833e+02,4.535082985597954e+00
3.422216815312833e+02,4.535067807448280e+00
3.422716815312833e+02,4.535052631794041e+00
3.423216815312833e+02,4.535037458633465e+00
3.423716815312833e+02,4.535022287964806e+00
3.424216815312834e+02,4.535007119786365e+00
3.424716815312834e+02,4.534991954096363e+00
3.425216815312834e+02,4.534976790893062e+00
3.425716815312834e+02,4.534961630174774e+00
3.426216815312834e+02,4.534946471939754e+00
3.426716815312834e+02,4.534931316186243e+00
3.427216815312834e+02,4.534916162912531e+00
3.427716815312834e+02,4.534901012116901e+00
3.428216815312834e+02,4.534885863797581e+00
3.428716815312835e+02,4.534870717952877e+00
3.429216815312835e+02,4.534855574581081e+00
3.429716815312835e+02,4.534840433680445e+00
3.430216815312835e+02,4.534825295249257e+00
3.430716815312835e+02,4.534810159285834e+00
3.431216815312835e+02,4.534795025788437e+00
3.431716815312835e+02,4.534779894755299e+00
3.432216815312835e+02,4.534764766184712e+00
3.432716815312835e+02,4.534749640075003e+00
3.433216815312836e+02,4.534734516424455e+00
3.433716815312836e+02,4.534719395231304e+00
3.434216815312836e+02,4.534704276493851e+00
3.434716815312836e+02,4.534689160210422e+00
3.435216815312836e+02,4.534674046379273e+00
3.435716815312836e+02,4.534658934998717e+00
3.436216815312836e+02,4.534643826067060e+00
3.436716815312836e+02,4.534628719582552e+00
3.437216815312837e+02,4.534613615543497e+00
3.437716815312837e+02,4.534598513948217e+00
3.438216815312837e+02,4.534583414795013e+00
3.438716815312837e+02,4.534568318082139e+00
3.439216815312837e+02,4.534553223807907e+00
3.439716815312837e+02,4.534538131970665e+00
3.440216815312837e+02,4.534523042568696e+00
3.440716815312837e+02,4.534507955600291e+00
3.441216815312837e+02,4.534492871063780e+00
3.441716815312838e+02,4.534477788957412e+00
3.442216815312838e+02,4.534462709279498e+00
3.442716815312838e+02,4.534447632028402e+00
3.443216815312838e+02,4.534432557202403e+00
3.443716815312838e+02,4.534417484799776e+00
3.444216815312838e+02,4.534402414818860e+00
3.444716815312838e+02,4.534387347258012e+00
3.445216815312838e+02,4.534372282115524e+00
3.445716815312838e+02,4.534357219389687e+00
3.446216815312839e+02,4.534342159078840e+00
3.446716815312839e+02,4.534327101181281e+00
3.447216815312839e+02,4.534312045695311e+00
3.447716815312839e+02,4.534296992619279e+00
3.448216815312839e+02,4.534281941951518e+00
3.448716815312839e+02,4.534266893690328e+00
3.449216815312839e+02,4.534251847834028e+00
3.449716815312839e+02,4.534236804380940e+00
3.450216815312839e+02,4.534221763329416e+00
3.450716815312840e+02,4.534206724677780e+00
3.451216815312840e+02,4.534191688424334e+00
3.451716815312840e+02,4.534176654567426e+00
3.452216815312840e+02,4.534161623105392e+00
3.452716815312840e+02,4.534146594036543e+00
3.453216815312840e+02,4.534131567359212e+00
3.453716815312840e+02,4.534116543071744e+00
3.454216815312840e+02,4.534101521172477e+00
3.454716815312840e+02,4.534086501659736e+00
3.455216815312841e+02,4.534071484531860e+00
3.455716815312841e+02,4.534056469787204e+00
3.456216815312841e+02,4.534041457424112e+00
3.456716815312841e+02,4.534026447440900e+00
3.457216815312841e+02,4.534011439835920e+00
3.457716815312841e+02,4.533996434607533e+00
3.458216815312841e+02,4.533981431754043e+00
3.458716815312841e+02,4.533966431273783e+00
3.459216815312842e+02,4.533951433165154e+00
3.459716815312842e+02,4.533936437426505e+00
3.460216815312842e+02,4.533921444056173e+00
3.460716815312842e+02,4.533906453052499e+00
3.461216815312842e+02,4.533891464413809e+00
3.461716815312842e+02,4.533876478138519e+00
3.462216815312842e+02,4.533861494224949e+00
3.462716815312842e+02,4.533846512671390e+00
3.463216815312842e+02,4.533831533476271e+00
3.463716815312843e+02,4.533816556638004e+00
3.464216815312843e+02,4.533801582154845e+00
3.464716815312843e+02,4.533786610025150e+00
3.465216815312843e+02,4.533771640247358e+00
3.465716815312843e+02,4.533756672819783e+00
3.466216815312843e+02,4.533741707740746e+00
3.466716815312843e+02,4.533726745008680e+00
3.467216815312843e+02,4.533711784621959e+00
3.467716815312843e+02,4.533696826578896e+00
3.468216815312844e+02,4.533681870877889e+00
3.468716815312844e+02,4.533666917517316e+00
3.469216815312844e+02,4.533651966495539e+00
3.469716815312844e+02,4.533637017810924e+00
3.470216815312844e+02,4.533622071461807e+00
3.470716815312844e+02,4.533607127446587e+00
3.471216815312844e+02,4.533592185763673e+00
3.471716815312844e+02,4.533577246411400e+00
3.472216815312844e+02,4.533562309388137e+00
3.472716815312845e+02,4.533547374692301e+00
3.473216815312845e+02,4.533532442322251e+00
3.473716815312845e+02,4.533517512276354e+00
3.474216815312845e+02,4.533502584553031e+00
3.474716815312845e+02,4.533487659150663e+00
3.475216815312845e+02,4.533472736067591e+00
3.475716815312845e+02,4.533457815302215e+00
3.476216815312845e+02,4.533442896852914e+00
3.476716815312845e+02,4.533427980718046e+00
3.477216815312846e+02,4.533413066896048e+00
3.477716815312846e+02,4.533398155385314e+00
3.478216815312846e+02,4.533383246184190e+00
3.478716815312846e+02,4.533368339291111e+00
3.479216815312846e+02,4.533353434704479e+00
3.479716815312846e+02,4.533338532422640e+00
3.480216815312846e+02,4.533323632444004e+00
3.480716815312846e+02,4.533308734766991e+00
3.481216815312847e+02,4.533293839389992e+00
3.481716815312847e+02,4.533278946311400e+00
3.482216815312847e+02,4.533264055529586e+00
3.482716815312847e+02,4.533249167042965e+00
3.483216815312847e+02,4.533234280849975e+00
3.483716815312847e+02,4.533219396948969e+00
3.484216815312847e+02,4.533204515338338e+00
3.484716815312847e+02,4.533189636016528e+00
3.485216815312847e+02,4.533174758981923e+00
3.485716815312848e+02,4.533159884232951e+00
3.486216815312848e+02,4.533145011768051e+00
3.486716815312848e+02,4.533130141585605e+00
3.487216815312848e+02,4.533115273684017e+00
3.487716815312848e+02,4.533100408061675e+00
3.488216815312848e+02,4.533085544716986e+00
3.488716815312848e+02,4.533070683648387e+00
3.489216815312848e+02,4.533055824854313e+00
3.489716815312848e+02,4.533040968333170e+00
3.490216815312849e+02,4.533026114083359e+00
3.490716815312849e+02,4.533011262103307e+00
3.491216815312849e+02,4.532996412391429e+00
3.491716815312849e+02,4.532981564946141e+00
3.492216815312849e+02,4.532966719765866e+00
3.492716815312849e+02,4.532951876849029e+00
3.493216815312849e+02,4.532937036194054e+00
3.493716815312849e+02,4.532922197799372e+00
3.494216815312849e+02,4.532907361663428e+00
3.494716815312850e+02,4.532892527784647e+00
3.495216815312850e+02,4.532877696161416e+00
3.495716815312850e+02,4.532862866792152e+00
3.496216815312850e+02,4.532848039675317e+00
3.496716815312850e+02,4.532833214809356e+00
3.497216815312850e+02,4.532818392192694e+00
3.497716815312850e+02,4.532803571823751e+00
3.498216815312850e+02,4.532788753700999e+00
3.498716815312850e+02,4.532773937822867e+00
3.499216815312851e+02,4.532759124187741e+00
3.499716815312851e+02,4.532744312794082e+00
3.500216815312851e+02,4.532729503640332e+00
3.500716815312851e+02,4.532714696724907e+00
3.501216815312851e+02,4.532699892046301e+00
3.501716815312851e+02,4.532685089602944e+00
3.502216815312851e+02,4.532670289393253e+00
3.502716815312851e+02,4.532655491415708e+00
3.503216815312852e+02,4.532640695668739e+00
3.503716815312852e+02,4.532625902150768e+00
3.504216815312852e+02,4.532611110860289e+00
3.504716815312852e+02,4.532596321795732e+00
3.505216815312852e+02,4.532581534955496e+00
3.505716815312852e+02,4.532566750338067e+00
3.506216815312852e+02,4.532551967941923e+00
3.506716815312852e+02,4.532537187765489e+00
3.507216815312852e+02,4.532522409807244e+00
3.507716815312853e+02,4.532507634065653e+00
3.508216815312853e+02,4.532492860539124e+00
3.508716815312853e+02,4.532478089226124e+00
3.509216815312853e+02,4.532463320125152e+00
3.509716815312853e+02,4.532448553234665e+00
3.510216815312853e+02,4.532433788553070e+00
3.510716815312853e+02,4.532419026078849e+00
3.511216815312853e+02,4.532404265810514e+00
3.511716815312853e+02,4.532389507746502e+00
3.512216815312854e+02,4.532374751885248e+00
3.512716815312854e+02,4.532359998225219e+00
3.513216815312854e+02,4.532345246764912e+00
3.513716815312854e+02,4.532330497502787e+00
3.514216815312854e+02,4.532315750437310e+00
3.514716815312854e+02,4.532301005566968e+00
3.515216815312854e+02,4.532286262890223e+00
3.515716815312854e+02,4.532271522405526e+00
3.516216815312854e+02,4.532256784111373e+00
3.516716815312855e+02,4.532242048006255e+00
3.517216815312855e+02,4.532227314088582e+00
3.517716815312855e+02,4.532212582356883e+00
3.518216815312855e+02,4.532197852809697e+00
3.518716815312855e+02,4.532183125445401e+00
3.519216815312855e+02,4.532168400262478e+00
3.519716815312855e+02,4.532153677259481e+00
3.520216815312855e+02,4.532138956434835e+00
3.520716815312855e+02,4.532124237786999e+00
3.521216815312856e+02,4.532109521314521e+00
3.521716815312856e+02,4.532094807015898e+00
3.522216815312856e+02,4.532080094889592e+00
3.522716815312856e+02,4.532065384934080e+00
3.523216815312856e+02,4.532050677147824e+00
3.523716815312856e+02,4.532035971529308e+00
3.524216815312856e+02,4.532021268077079e+00
3.524716815312856e+02,4.532006566789614e+00
3.525216815312857e+02,4.531991867665403e+00
3.525716815312857e+02,4.531977170702968e+00
3.526216815312857e+02,4.531962475900761e+00
3.526716815312857e+02,4.531947783257260e+00
3.527216815312857e+02,4.531933092771008e+00
3.527716815312857e+02,4.531918404440511e+00
3.528216815312857e+02,4.531903718264233e+00
3.528716815312857e+02,4.531889034240681e+00
3.529216815312857e+02,4.531874352368376e+00
3.529716815312858e+02,4.531859672645787e+00
3.530216815312858e+02,4.531844995071419e+00
3.530716815312858e+02,4.531830319643837e+00
3.531216815312858e+02,4.531815646361521e+00
3.531716815312858e+02,4.531800975222938e+00
3.532216815312858e+02,4.531786306226600e+00
3.532716815312858e+02,4.531771639371004e+00
3.533216815312858e+02,4.531756974654687e+00
3.533716815312858e+02,4.531742312076202e+00
3.534216815312859e+02,4.531727651634046e+00
3.534716815312859e+02,4.531712993326685e+00
3.535216815312859e+02,4.531698337152628e+00
3.535716815312859e+02,4.531683683110438e+00
3.536216815312859e+02,4.531669031198620e+00
3.536716815312859e+02,4.531654381415637e+00
3.537216815312859e+02,4.531639733760055e+00
3.537716815312859e+02,4.531625088230450e+00
3.538216815312859e+02,4.531610444825269e+00
3.538716815312860e+02,4.531595803542988e+00
3.539216815312860e+02,4.531581164382173e+00
3.539716815312860e+02,4.531566527341398e+00
3.540216815312860e+02,4.531551892419203e+00
3.540716815312860e+02,4.531537259614054e+00
3.541216815312860e+02,4.531522628924445e+00
3.541716815312860e+02,4.531508000348951e+00
3.542216815312860e+02,4.531493373886100e+00
3.542716815312860e+02,4.531478749534392e+00
3.543216815312861e+02,4.531464127292377e+00
3.543716815312861e+02,4.531449507158603e+00
3.544216815312861e+02,4.531434889131573e+00
3.544716815312861e+02,4.531420273209859e+00
3.545216815312861e+02,4.531405659392010e+00
3.545716815312861e+02,4.531391047676501e+00
3.546216815312861e+02,4.531376438061882e+00
3.546716815312861e+02,4.531361830546715e+00
3.547216815312862e+02,4.531347225129518e+00
3.547716815312862e+02,4.531332621808825e+00
3.548216815312862e+02,4.531318020583175e+00
3.548716815312862e+02,4.531303421451110e+00
3.549216815312862e+02,4.531288824411213e+00
3.549716815312862e+02,4.531274229462031e+00
3.550216815312862e+02,4.531259636602085e+00
3.550716815312862e+02,4.531245045829911e+00
3.551216815312862e+02,4.531230457144039e+00
3.551716815312863e+02,4.531215870543013e+00
3.552216815312863e+02,4.531201286025416e+00
3.552716815312863e+02,4.531186703589802e+00
3.553216815312863e+02,4.531172123234748e+00
3.553716815312863e+02,4.531157544958811e+00
3.554216815312863e+02,4.531142968760473e+00
3.554716815312863e+02,4.531128394638278e+00
3.555216815312863e+02,4.531113822590818e+00
3.555716815312863e+02,4.531099252616658e+00
3.556216815312864e+02,4.531084684714346e+00
3.556716815312864e+02,4.531070118882451e+00
3.557216815312864e+02,4.531055555119536e+00
3.557716815312864e+02,4.531040993424138e+00
3.558216815312864e+02,4.531026433794816e+00
3.558716815312864e+02,4.531011876230161e+00
3.559216815312864e+02,4.530997320728731e+00
3.559716815312864e+02,4.530982767289077e+00
3.560216815312864e+02,4.530968215909762e+00
3.560716815312865e+02,4.530953666589338e+00
3.561216815312865e+02,4.530939119326398e+00
3.561716815312865e+02,4.530924574119529e+00
3.562216815312865e+02,4.530910030967267e+00
3.562716815312865e+02,4.530895489868183e+00
3.563216815312865e+02,4.530880950820872e+00
3.563716815312865e+02,4.530866413823873e+00
3.564216815312865e+02,4.530851878875767e+00
3.564716815312865e+02,4.530837345975147e+00
3.565216815312866e+02,4.530822815120573e+00
3.565716815312866e+02,4.530808286310652e+00
3.566216815312866e+02,4.530793759543950e+00
3.566716815312866e+02,4.530779234818980e+00
3.567216815312866e+02,4.530764712134372e+00
3.567716815312866e+02,4.530750191488736e+00
3.568216815312866e+02,4.530735672880618e+00
3.568716815312866e+02,4.530721156308614e+00
3.569216815312867e+02,4.530706641771308e+00
3.569716815312867e+02,4.530692129267252e+00
3.570216815312867e+02,4.530677618795042e+00
3.570716815312867e+02,4.530663110353304e+00
3.571216815312867e+02,4.530648603940623e+00
3.571716815312867e+02,4.530634099555543e+00
3.572216815312867e+02,4.530619597196664e+00
3.572716815312867e+02,4.530605096862601e+00
3.573216815312867e+02,4.530590598551939e+00
3.573716815312868e+02,4.530576102263244e+00
3.574216815312868e+02,4.530561607995121e+00
3.574716815312868e+02,4.530547115746197e+00
3.575216815312868e+02,4.530532625515027e+00
3.575716815312868e+02,4.530518137300199e+00
3.576216815312868e+02,4.530503651100353e+00
3.576716815312868e+02,4.530489166914061e+00
3.577216815312868e+02,4.530474684739911e+00
3.577716815312868e+02,4.530460204576527e+00
3.578216815312869e+02,4.530445726422502e+00
3.578716815312869e+02,4.530431250276425e+00
3.579216815312869e+02,4.530416776136916e+00
3.579716815312869e+02,4.530402304002581e+00
3.580216815312869e+02,4.530387833872024e+00
3.580716815312869e+02,4.530373365743851e+00
3.581216815312869e+02,4.530358899616642e+00
3.581716815312869e+02,4.530344435488997e+00
3.582216815312869e+02,4.530329973359563e+00
3.582716815312870e+02,4.530315513226976e+00
3.583216815312870e+02,4.530301055089812e+00
3.583716815312870e+02,4.530286598946669e+00
3.584216815312870e+02,4.530272144796162e+00
3.584716815312870e+02,4.530257692636908e+00
3.585216815312870e+02,4.530243242467545e+00
3.585716815312870e+02,4.530228794286693e+00
3.586216815312870e+02,4.530214348092938e+00
3.586716815312870e+02,4.530199903884901e+00
3.587216815312871e+02,4.530185461661236e+00
3.587716815312871e+02,4.530171021420529e+00
3.588216815312871e+02,4.530156583161377e+00
3.588716815312871e+02,4.530142146882436e+00
3.589216815312871e+02,4.530127712582325e+00
3.589716815312871e+02,4.530113280259652e+00
3.590216815312871e+02,4.530098849913049e+00
3.590716815312871e+02,4.530084421541169e+00
3.591216815312872e+02,4.530069995142623e+00
3.591716815312872e+02,4.530055570716029e+00
3.592216815312872e+02,4.530041148260024e+00
3.592716815312872e+02,4.530026727773236e+00
3.593216815312872e+02,4.530012309254298e+00
3.593716815312872e+02,4.529997892701811e+00
3.594216815312872e+02,4.529983478114432e+00
3.594716815312872e+02,4.529969065490801e+00
3.595216815312872e+02,4.529954654829507e+00
3.595716815312873e+02,4.529940246129226e+00
3.596216815312873e+02,4.529925839388620e+00
3.596716815312873e+02,4.529911434606298e+00
3.597216815312873e+02,4.529897031780868e+00
3.597716815312873e+02,4.529882630911004e+00
3.598216815312873e+02,4.529868231995352e+00
3.598716815312873e+02,4.529853835032521e+00
3.599216815312873e+02,4.529839440021177e+00
3.599716815312873e+02,4.529825046959974e+00
3.600216815312874e+02,4.529810655847538e+00
3.600716815312874e+02,4.529796266682486e+00
3.601216815312874e+02,4.529781879463493e+00
3.601716815312874e+02,4.529767494189213e+00
3.602216815312874e+02,4.529753110858274e+00
3.602716815312874e+02,4.529738729469337e+00
3.603216815312874e+02,4.529724350021043e+00
3.603716815312874e+02,4.529709972512049e+00
3.604216815312874e+02,4.529695596941020e+00
3.604716815312875e+02,4.529681223306590e+00
3.605216815312875e+02,4.529666851607396e+00
3.605716815312875e+02,4.529652481842096e+00
3.606216815312875e+02,4.529638114009376e+00
3.606716815312875e+02,4.529623748107896e+00
3.607216815312875e+02,4.529609384136273e+00
3.607716815312875e+02,4.529595022093181e+00
3.608216815312875e+02,4.529580661977278e+00
3.608716815312875e+02,4.529566303787216e+00
3.609216815312876e+02,4.529551947521695e+00
3.609716815312876e+02,4.529537593179343e+00
3.610216815312876e+02,4.529523240758824e+00
3.610716815312876e+02,4.529508890258821e+00
3.611216815312876e+02,4.529494541677969e+00
3.611716815312876e+02,4.529480195014930e+00
3.612216815312876e+02,4.529465850268388e+00
3.612716815312876e+02,4.529451507437051e+00
3.613216815312877e+02,4.529437166519547e+00
3.613716815312877e+02,4.529422827514507e+00
3.614216815312877e+02,4.529408490420635e+00
3.614716815312877e+02,4.529394155236638e+00
3.615216815312877e+02,4.529379821961157e+00
3.615716815312877e+02,4.529365490592834e+00
3.616216815312877e+02,4.529351161130347e+00
3.616716815312877e+02,4.529336833572379e+00
3.617216815312877e+02,4.529322507917654e+00
3.617716815312878e+02,4.529308184164855e+00
3.618216815312878e+02,4.529293862312631e+00
3.618716815312878e+02,4.529279542359611e+00
3.619216815312878e+02,4.529265224304496e+00
3.619716815312878e+02,4.529250908146021e+00
3.620216815312878e+02,4.529236593882783e+00
3.620716815312878e+02,4.529222281513479e+00
3.621216815312878e+02,4.529207971036881e+00
3.621716815312878e+02,4.529193662451660e+00
3.622216815312879e+02,4.529179355756442e+00
3.622716815312879e+02,4.529165050949900e+00
3.623216815312879e+02,4.529150748030735e+00
3.623716815312879e+02,4.529136446997645e+00
3.624216815312879e+02,4.529122147849332e+00
3.624716815312879e+02,4.529107850584460e+00
3.625216815312879e+02,4.529093555201732e+00
3.625716815312879e+02,4.529079261699859e+00
3.626216815312879e+02,4.529064970077516e+00
3.626716815312880e+02,4.529050680333420e+00
3.627216815312880e+02,4.529036392466226e+00
3.627716815312880e+02,4.529022106474616e+00
3.628216815312880e+02,4.529007822357322e+00
3.628716815312880e+02,4.528993540113041e+00
3.629216815312880e+02,4.528979259740482e+00
3.629716815312880e+02,4.528964981238317e+00
3.630216815312880e+02,4.528950704605210e+00
3.630716815312880e+02,4.528936429839885e+00
3.631216815312881e+02,4.528922156941097e+00
3.631716815312881e+02,4.528907885907538e+00
3.632216815312881e+02,4.528893616737857e+00
3.632716815312881e+02,4.528879349430783e+00
3.633216815312881e+02,4.528865083985048e+00
3.633716815312881e+02,4.528850820399329e+00
3.634216815312881e+02,4.528836558672325e+00
3.634716815312881e+02,4.528822298802760e+00
3.635216815312882e+02,4.528808040789355e+00
3.635716815312882e+02,4.528793784630810e+00
3.636216815312882e+02,4.528779530325827e+00
3.636716815312882e+02,4.528765277873111e+00
3.637216815312882e+02,4.528751027271407e+00
3.637716815312882e+02,4.528736778519392e+00
3.638216815312882e+02,4.528722531615775e+00
3.638716815312882e+02,4.528708286559310e+00
3.639216815312882e+02,4.528694043348678e+00
3.639716815312883e+02,4.528679801982607e+00
3.640216815312883e+02,4.528665562459842e+00
3.640716815312883e+02,4.528651324779102e+00
3.641216815312883e+02,4.528637088939059e+00
3.641716815312883e+02,4.528622854938434e+00
3.642216815312883e+02,4.528608622775963e+00
3.642716815312883e+02,4.528594392450376e+00
3.643216815312883e+02,4.528580163960403e+00
3.643716815312883e+02,4.528565937304765e+00
3.644216815312884e+02,4.528551712482206e+00
3.644716815312884e+02,4.528537489491421e+00
3.645216815312884e+02,4.528523268331118e+00
3.645716815312884e+02,4.528509049000068e+00
3.646216815312884e+02,4.528494831496970e+00
3.646716815312884e+02,4.528480615820540e+00
3.647216815312884e+02,4.528466401969559e+00
3.647716815312884e+02,4.528452189942754e+00
3.648216815312884e+02,4.528437979738819e+00
3.648716815312885e+02,4.528423771356490e+00
3.649216815312885e+02,4.528409564794542e+00
3.649716815312885e+02,4.528395360051699e+00
3.650216815312885e+02,4.528381157126674e+00
3.650716815312885e+02,4.528366956018200e+00
3.651216815312885e+02,4.528352756725008e+00
3.651716815312885e+02,4.528338559245841e+00
3.652216815312885e+02,4.528324363579448e+00
3.652716815312886e+02,4.528310169724577e+00
3.653216815312886e+02,4.528295977679950e+00
3.653716815312886e+02,4.528281787444324e+00
3.654216815312886e+02,4.528267599016467e+00
3.654716815312886e+02,4.528253412395111e+00
3.655216815312886e+02,4.528239227578951e+00
3.655716815312886e+02,4.528225044566718e+00
3.656216815312886e+02,4.528210863357202e+00
3.656716815312886e+02,4.528196683949201e+00
3.657216815312887e+02,4.528182506341452e+00
3.657716815312887e+02,4.528168330532647e+00
3.658216815312887e+02,4.528154156521544e+00
3.658716815312887e+02,4.528139984306917e+00
3.659216815312887e+02,4.528125813887455e+00
3.659716815312887e+02,4.528111645261973e+00
3.660216815312887e+02,4.528097478429255e+00
3.660716815312887e+02,4.528083313387968e+00
3.661216815312887e+02,4.528069150136890e+00
3.661716815312888e+02,4.528054988674835e+00
3.662216815312888e+02,4.528040829000547e+00
3.662716815312888e+02,4.528026671112755e+00
3.663216815312888e+02,4.528012515010198e+00
3.663716815312888e+02,4.527998360691636e+00
3.664216815312888e+02,4.527984208155860e+00
3.664716815312888e+02,4.527970057401642e+00
3.665216815312888e+02,4.527955908427718e+00
3.665716815312888e+02,4.527941761232835e+00
3.666216815312889e+02,4.527927615815792e+00
3.666716815312889e+02,4.527913472175351e+00
3.667216815312889e+02,4.527899330310266e+00
3.667716815312889e+02,4.527885190219302e+00
3.668216815312889e+02,4.527871051901232e+00
3.668716815312889e+02,4.527856915354826e+00
3.669216815312889e+02,4.527842780578834e+00
3.669716815312889e+02,4.527828647572019e+00
3.670216815312889e+02,4.527814516333202e+00
3.670716815312890e+02,4.527800386861141e+00
3.671216815312890e+02,4.527786259154562e+00
3.671716815312890e+02,4.527772133212248e+00
3.672216815312890e+02,4.527758009033009e+00
3.672716815312890e+02,4.527743886615632e+00
3.673216815312890e+02,4.527729765958826e+00
3.673716815312890e+02,4.527715647061394e+00
3.674216815312890e+02,4.527701529922163e+00
3.674716815312891e+02,4.527687414539892e+00
3.675216815312891e+02,4.527673300913333e+00
3.675716815312891e+02,4.527659189041232e+00
3.676216815312891e+02,4.527645078922396e+00
3.676716815312891e+02,4.527630970555663e+00
3.677216815312891e+02,4.527616863939786e+00
3.677716815312891e+02,4.527602759073510e+00
3.678216815312891e+02,4.527588655955633e+00
3.678716815312891e+02,4.527574554584979e+00
3.679216815312892e+02,4.527560454960334e+00
3.679716815312892e+02,4.527546357080462e+00
3.680216815312892e+02,4.527532260944118e+00
3.680716815312892e+02,4.527518166550102e+00
3.681216815312892e+02,4.527504073897241e+00
3.681716815312892e+02,4.527489982984330e+00
3.682216815312892e+02,4.527475893810159e+00
3.682716815312892e+02,4.527461806373468e+00
3.683216815312892e+02,4.527447720673059e+00
3.683716815312893e+02,4.527433636707776e+00
3.684216815312893e+02,4.527419554476377e+00
3.684716815312893e+02,4.527405473977648e+00
3.685216815312893e+02,4.527391395210409e+00
3.685716815312893e+02,4.527377318173447e+00
3.686216815312893e+02,4.527363242865582e+00
3.686716815312893e+02,4.527349169285618e+00
3.687216815312893e+02,4.527335097432333e+00
3.687716815312893e+02,4.527321027304499e+00
3.688216815312894e+02,4.527306958900927e+00
3.688716815312894e+02,4.527292892220446e+00
3.689216815312894e+02,4.527278827261825e+00
3.689716815312894e+02,4.527264764023869e+00
3.690216815312894e+02,4.527250702505465e+00
3.690716815312894e+02,4.527236642705418e+00
3.691216815312894e+02,4.527222584622429e+00
3.691716815312894e+02,4.527208528255298e+00
3.692216815312894e+02,4.527194473602896e+00
3.692716815312895e+02,4.527180420664037e+00
3.693216815312895e+02,4.527166369437500e+00
3.693716815312895e+02,4.527152319922109e+00
3.694216815312895e+02,4.527138272116695e+00
3.694716815312895e+02,4.527124226020050e+00
3.695216815312895e+02,4.527110181630976e+00
3.695716815312895e+02,4.527096138948298e+00
3.696216815312895e+02,4.527082097970853e+00
3.696716815312896e+02,4.527068058697449e+00
3.697216815312896e+02,4.527054021126877e+00
3.697716815312896e+02,4.527039985257952e+00
3.698216815312896e+02,4.527025951089516e+00
3.698716815312896e+02,4.527011918620392e+00
3.699216815312896e+02,4.526997887849369e+00
3.699716815312896e+02,4.526983858775290e+00
3.700216815312896e+02,4.526969831396996e+00
3.700716815312896e+02,4.526955805713271e+00
3.701216815312897e+02,4.526941781722932e+00
3.701716815312897e+02,4.526927759424811e+00
3.702216815312897e+02,4.526913738817728e+00
3.702716815312897e+02,4.526899719900550e+00
3.703216815312897e+02,4.526885702672101e+00
3.703716815312897e+02,4.526871687131158e+00
3.704216815312897e+02,4.526857673276570e+00
3.704716815312897e+02,4.526843661107180e+00
3.705216815312897e+02,4.526829650621802e+00
3.705716815312898e+02,4.526815641819297e+00
3.706216815312898e+02,4.526801634698466e+00
3.706716815312898e+02,4.526787629258131e+00
3.707216815312898e+02,4.526773625497158e+00
3.707716815312898e+02,4.526759623414372e+00
3.708216815312898e+02,4.526745623008568e+00
3.708716815312898e+02,4.526731624278603e+00
3.709216815312898e+02,4.526717627223340e+00
3.709716815312898e+02,4.526703631841596e+00
3.710216815312899e+02,4.526689638132248e+00
3.710716815312899e+02,4.526675646094094e+00
3.711216815312899e+02,4.526661655725919e+00
3.711716815312899e+02,4.526647667026633e+00
3.712216815312899e+02,4.526633679995098e+00
3.712716815312899e+02,4.526619694630112e+00
3.713216815312899e+02,4.526605710930525e+00
3.713716815312899e+02,4.526591728895192e+00
3.714216815312899e+02,4.526577748522936e+00
3.714716815312900e+02,4.526563769812603e+00
3.715216815312900e+02,4.526549792763049e+00
3.715716815312900e+02,4.526535817373145e+00
3.716216815312900e+02,4.526521843641749e+00
3.716716815312900e+02,4.526507871567653e+00
3.717216815312900e+02,4.526493901149729e+00
3.717716815312900e+02,4.526479932386849e+00
3.718216815312900e+02,4.526465965277809e+00
3.718716815312901e+02,4.526451999821489e+00
3.719216815312901e+02,4.526438036016771e+00
3.719716815312901e+02,4.526424073862443e+00
3.720216815312901e+02,4.526410113357415e+00
3.720716815312901e+02,4.526396154500579e+00
3.721216815312901e+02,4.526382197290705e+00
3.721716815312901e+02,4.526368241726651e+00
3.722216815312901e+02,4.526354287807318e+00
3.722716815312901e+02,4.526340335531555e+00
3.723216815312902e+02,4.526326384898227e+00
3.723716815312902e+02,4.526312435906189e+00
3.724216815312902e+02,4.526298488554312e+00
3.724716815312902e+02,4.526284542841432e+00
3.725216815312902e+02,4.526270598766378e+00
3.725716815312902e+02,4.526256656328077e+00
3.726216815312902e+02,4.526242715525386e+00
3.726716815312902e+02,4.526228776357137e+00
3.727216815312902e+02,4.526214838822223e+00
3.727716815312903e+02,4.526200902919499e+00
3.728216815312903e+02,4.526186968647830e+00
3.728716815312903e+02,4.526173036006095e+00
3.729216815312903e+02,4.526159104993129e+00
3.729716815312903e+02,4.526145175607796e+00
3.730216815312903e+02,4.526131247848998e+00
3.730716815312903e+02,4.526117321715644e+00
3.731216815312903e+02,4.526103397206602e+00
3.731716815312903e+02,4.526089474320701e+00
3.732216815312904e+02,4.526075553056770e+00
3.732716815312904e+02,4.526061633413720e+00
3.733216815312904e+02,4.526047715390460e+00
3.733716815312904e+02,4.526033798985852e+00
3.734216815312904e+02,4.526019884198769e+00
3.734716815312904e+02,4.526005971028094e+00
3.735216815312904e+02,4.525992059472691e+00
3.735716815312904e+02,4.525978149531421e+00
3.736216815312904e+02,4.525964241203190e+00
3.736716815312905e+02,4.525950334486898e+00
3.737216815312905e+02,4.525936429381391e+00
3.737716815312905e+02,4.525922525885508e+00
3.738216815312905e+02,4.525908623998185e+00
3.738716815312905e+02,4.525894723718363e+00
3.739216815312905e+02,4.525880825044847e+00
3.739716815312905e+02,4.525866927976518e+00
3.740216815312905e+02,4.525853032512314e+00
3.740716815312906e+02,4.525839138651102e+00
3.741216815312906e+02,4.525825246391744e+00
3.741716815312906e+02,4.525811355733133e+00
3.742216815312906e+02,4.525797466674153e+00
3.742716815312906e+02,4.525783579213704e+00
3.743216815312906e+02,4.525769693350703e+00
3.743716815312906e+02,4.525755809084044e+00
3.744216815312906e+02,4.525741926412591e+00
3.744716815312906e+02,4.525728045335227e+00
3.745216815312907e+02,4.525714165850851e+00
3.745716815312907e+02,4.525700287958374e+00
3.746216815312907e+02,4.525686411656702e+00
3.746716815312907e+02,4.525672536944689e+00
3.747216815312907e+02,4.525658663821258e+00
3.747716815312907e+02,4.525644792285298e+00
3.748216815312907e+02,4.525630922335702e+00
3.748716815312907e+02,4.525617053971424e+00
3.749216815312907e+02,4.525603187191317e+00
3.749716815312908e+02,4.525589321994270e+00
3.750216815312908e+02,4.525575458379183e+00
3.750716815312908e+02,4.525561596344966e+00
3.751216815312908e+02,4.525547735890547e+00
3.751716815312908e+02,4.525533877014793e+00
3.752216815312908e+02,4.525520019716627e+00
3.752716815312908e+02,4.525506163994971e+00
3.753216815312908e+02,4.525492309848689e+00
3.753716815312908e+02,4.525478457276714e+00
3.754216815312909e+02,4.525464606278004e+00
3.754716815312909e+02,4.525450756851401e+00
3.755216815312909e+02,4.525436908995782e+00
3.755716815312909e+02,4.525423062710109e+00
3.756216815312909e+02,4.525409217993309e+00
3.756716815312909e+02,4.525395374844256e+00
3.757216815312909e+02,4.525381533261863e+00
3.757716815312909e+02,4.525367693245072e+00
3.758216815312909e+02,4.525353854792782e+00
3.758716815312910e+02,4.525340017903878e+00
3.759216815312910e+02,4.525326182577304e+00
3.759716815312910e+02,4.525312348812008e+00
3.760216815312910e+02,4.525298516606866e+00
3.760716815312910e+02,4.525284685960774e+00
3.761216815312910e+02,4.525270856872694e+00
3.761716815312910e+02,4.525257029341562e+00
3.762216815312910e+02,4.525243203366261e+00
3.762716815312911e+02,4.525229378945655e+00
3.763216815312911e+02,4.525215556078708e+00
3.763716815312911e+02,4.525201734764399e+00
3.764216815312911e+02,4.525187915001601e+00
3.764716815312911e+02,4.525174096789230e+00
3.765216815312911e+02,4.525160280126266e+00
3.765716815312911e+02,4.525146465011634e+00
3.766216815312911e+02,4.525132651444198e+00
3.766716815312911e+02,4.525118839422853e+00
3.767216815312912e+02,4.525105028946577e+00
3.767716815312912e+02,4.525091220014344e+00
3.768216815312912e+02,4.525077412625071e+00
3.768716815312912e+02,4.525063606777662e+00
3.769216815312912e+02,4.525049802471010e+00
3.769716815312912e+02,4.525035999704027e+00
3.770216815312912e+02,4.525022198475706e+00
3.770716815312912e+02,4.525008398785010e+00
3.771216815312912e+02,4.524994600630832e+00
3.771716815312913e+02,4.524980804012064e+00
3.772216815312913e+02,4.524967008927674e+00
3.772716815312913e+02,4.524953215376646e+00
3.773216815312913e+02,4.524939423357877e+00
3.773716815312913e+02,4.524925632870268e+00
3.774216815312913e+02,4.524911843912801e+00
3.774716815312913e+02,4.524898056484415e+00
3.775216815312913e+02,4.524884270584041e+00
3.775716815312913e+02,4.524870486210624e+00
3.776216815312914e+02,4.524856703363083e+00
3.776716815312914e+02,4.524842922040380e+00
3.777216815312914e+02,4.524829142241449e+00
3.777716815312914e+02,4.524815363965225e+00
3.778216815312914e+02,4.524801587210657e+00
3.778716815312914e+02,4.524787811976673e+00
3.779216815312914e+02,4.524774038262255e+00
3.779716815312914e+02,4.524760266066375e+00
3.780216815312914e+02,4.524746495387927e+00
3.780716815312915e+02,4.524732726225808e+00
3.781216815312915e+02,4.524718958579024e+00
3.781716815312915e+02,4.524705192446563e+00
3.782216815312915e+02,4.524691427827363e+00
3.782716815312915e+02,4.524677664720357e+00
3.783216815312915e+02,4.524663903124457e+00
3.783716815312915e+02,4.524650143038612e+00
3.784216815312915e+02,4.524636384461828e+00
3.784716815312916e+02,4.524622627393041e+00
3.785216815312916e+02,4.524608871831193e+00
3.785716815312916e+02,4.524595117775255e+00
3.786216815312916e+02,4.524581365224138e+00
3.786716815312916e+02,4.524567614176873e+00
3.787216815312916e+02,4.524553864632447e+00
3.787716815312916e+02,4.524540116589701e+00
3.788216815312916e+02,4.524526370047576e+00
3.788716815312916e+02,4.524512625005114e+00
3.789216815312917e+02,4.524498881461311e+00
3.789716815312917e+02,4.524485139415061e+00
3.790216815312917e+02,4.524471398865300e+00
3.790716815312917e+02,4.524457659811039e+00
3.791216815312917e+02,4.524443922251276e+00
3.791716815312917e+02,4.524430186184931e+00
3.792216815312917e+02,4.524416451610935e+00
3.792716815312917e+02,4.524402718528290e+00
3.793216815312917e+02,4.524388986935951e+00
3.793716815312918e+02,4.524375256832905e+00
3.794216815312918e+02,4.524361528218138e+00
3.794716815312918e+02,4.524347801090543e+00
3.795216815312918e+02,4.524334075449103e+00
3.795716815312918e+02,4.524320351292848e+00
3.796216815312918e+02,4.524306628620714e+00
3.796716815312918e+02,4.524292907431638e+00
3.797216815312918e+02,4.524279187724646e+00
3.797716815312918e+02,4.524265469498689e+00
3.798216815312919e+02,4.524251752752705e+00
3.798716815312919e+02,4.524238037485707e+00
3.799216815312919e+02,4.524224323696684e+00
3.799716815312919e+02,4.524210611384600e+00
3.800216815312919e+02,4.524196900548416e+00
3.800716815312919e+02,4.524183191187131e+00
3.801216815312919e+02,4.524169483299710e+00
3.801716815312919e+02,4.524155776885098e+00
3.802216815312919e+02,4.524142071942300e+00
3.802716815312920e+02,4.524128368470325e+00
3.803216815312920e+02,4.524114666468118e+00
3.803716815312920e+02,4.524100965934634e+00
3.804216815312920e+02,4.524087266868906e+00
3.804716815312920e+02,4.524073569269908e+00
3.805216815312920e+02,4.524059873136620e+00
3.805716815312920e+02,4.524046178468027e+00
3.806216815312920e+02,4.524032485263058e+00
3.806716815312921e+02,4.524018793520731e+00
3.807216815312921e+02,4.524005103240080e+00
3.807716815312921e+02,4.523991414420082e+00
3.808216815312921e+02,4.523977727059696e+00
3.808716815312921e+02,4.523964041157890e+00
3.809216815312921e+02,4.523950356713661e+00
3.809716815312921e+02,4.523936673726021e+00
3.810216815312921e+02,4.523922992193973e+00
3.810716815312921e+02,4.523909312116513e+00
3.811216815312922e+02,4.523895633492608e+00
3.811716815312922e+02,4.523881956321235e+00
3.812216815312922e+02,4.523868280601361e+00
3.812716815312922e+02,4.523854606332020e+00
3.813216815312922e+02,4.523840933512233e+00
3.813716815312922e+02,4.523827262140969e+00
3.814216815312922e+02,4.523813592217219e+00
3.814716815312922e+02,4.523799923739973e+00
3.815216815312922e+02,4.523786256708243e+00
3.815716815312923e+02,4.523772591121034e+00
3.816216815312923e+02,4.523758926977306e+00
3.816716815312923e+02,4.523745264276070e+00
3.817216815312923e+02,4.523731603016386e+00
3.817716815312923e+02,4.523717943197222e+00
3.818216815312923e+02,4.523704284817562e+00
3.818716815312923e+02,4.523690627876405e+00
3.819216815312923e+02,4.523676972372744e+00
3.819716815312923e+02,4.523663318305585e+00
3.820216815312924e+02,4.523649665673958e+00
3.820716815312924e+02,4.523636014476874e+00
3.821216815312924e+02,4.523622364713306e+00
3.821716815312924e+02,4.523608716382263e+00
3.822216815312924e+02,4.523595069482777e+00
3.822716815312924e+02,4.523581424013866e+00
3.823216815312924e+02,4.523567779974516e+00
3.823716815312924e+02,4.523554137363726e+00
3.824216815312924e+02,4.523540496180511e+00
3.824716815312925e+02,4.523526856423869e+00
3.825216815312925e+02,4.523513218092834e+00
3.825716815312925e+02,4.523499581186432e+00
3.826216815312925e+02,4.523485945703646e+00
3.826716815312925e+02,4.523472311643506e+00
3.827216815312925e+02,4.523458679005020e+00
3.827716815312925e+02,4.523445047787171e+00
3.828216815312925e+02,4.523431417989008e+00
3.828716815312926e+02,4.523417789609566e+00
3.829216815312926e+02,4.523404162647849e+00
3.829716815312926e+02,4.523390537102880e+00
3.830216815312926e+02,4.523376912973636e+00
3.830716815312926e+02,4.523363290259121e+00
3.831216815312926e+02,4.523349668958402e+00
3.831716815312926e+02,4.523336049070513e+00
3.832216815312926e+02,4.523322430594444e+00
3.832716815312926e+02,4.523308813529231e+00
3.833216815312927e+02,4.523295197873902e+00
3.833716815312927e+02,4.523281583627453e+00
3.834216815312927e+02,4.523267970788933e+00
3.834716815312927e+02,4.523254359357357e+00
3.835216815312927e+02,4.523240749331735e+00
3.835716815312927e+02,4.523227140711137e+00
3.836216815312927e+02,4.523213533494566e+00
3.836716815312927e+02,4.523199927681020e+00
3.837216815312927e+02,4.523186323269550e+00
3.837716815312928e+02,4.523172720259166e+00
3.838216815312928e+02,4.523159118648904e+00
3.838716815312928e+02,4.523145518437818e+00
3.839216815312928e+02,4.523131919624938e+00
3.839716815312928e+02,4.523118322209303e+00
3.840216815312928e+02,4.523104726189893e+00
3.840716815312928e+02,4.523091131565759e+00
3.841216815312928e+02,4.523077538335966e+00
3.841716815312928e+02,4.523063946499538e+00
3.842216815312929e+02,4.523050356055505e+00
3.842716815312929e+02,4.523036767002880e+00
3.843216815312929e+02,4.523023179340698e+00
3.843716815312929e+02,4.523009593068017e+00
3.844216815312929e+02,4.522996008183895e+00
3.844716815312929e+02,4.522982424687348e+00
3.845216815312929e+02,4.522968842577391e+00
3.845716815312929e+02,4.522955261853069e+00
3.846216815312929e+02,4.522941682513447e+00
3.846716815312930e+02,4.522928104557565e+00
3.847216815312930e+02,4.522914527984461e+00
3.847716815312930e+02,4.522900952793172e+00
3.848216815312930e+02,4.522887378982724e+00
3.848716815312930e+02,4.522873806552142e+00
3.849216815312930e+02,4.522860235500501e+00
3.849716815312930e+02,4.522846665826897e+00
3.850216815312930e+02,4.522833097530332e+00
3.850716815312931e+02,4.522819530609804e+00
3.851216815312931e+02,4.522805965064386e+00
3.851716815312931e+02,4.522792400893131e+00
3.852216815312931e+02,4.522778838095089e+00
3.852716815312931e+02,4.522765276669365e+00
3.853216815312931e+02,4.522751716614997e+00
3.853716815312931e+02,4.522738157930982e+00
3.854216815312931e+02,4.522724600616355e+00
3.854716815312931e+02,4.522711044670205e+00
3.855216815312932e+02,4.522697490091576e+00
3.855716815312932e+02,4.522683936879490e+00
3.856216815312932e+02,4.522670385033042e+00
3.856716815312932e+02,4.522656834551318e+00
3.857216815312932e+02,4.522643285433317e+00
3.857716815312932e+02,4.522629737678064e+00
3.858216815312932e+02,4.522616191284677e+00
3.858716815312932e+02,4.522602646252246e+00
3.859216815312932e+02,4.522589102579743e+00
3.859716815312933e+02,4.522575560266218e+00
3.860216815312933e+02,4.522562019310777e+00
3.860716815312933e+02,4.522548479712485e+00
3.861216815312933e+02,4.522534941470421e+00
3.861716815312933e+02,4.522521404583604e+00
3.862216815312933e+02,4.522507869051103e+00
3.862716815312933e+02,4.522494334871985e+00
3.863216815312933e+02,4.522480802045284e+00
3.863716815312933e+02,4.522467270570096e+00
3.864216815312934e+02,4.522453740445495e+00
3.864716815312934e+02,4.522440211670503e+00
3.865216815312934e+02,4.522426684244210e+00
3.865716815312934e+02,4.522413158165722e+00
3.866216815312934e+02,4.522399633434061e+00
3.866716815312934e+02,4.522386110048271e+00
3.867216815312934e+02,4.522372588007456e+00
3.867716815312934e+02,4.522359067310664e+00
3.868216815312935e+02,4.522345547956947e+00
3.868716815312935e+02,4.522332029945421e+00
3.869216815312935e+02,4.522318513275174e+00
3.869716815312935e+02,4.522304997945254e+00
3.870216815312935e+02,4.522291483954690e+00
3.870716815312935e+02,4.522277971302576e+00
3.871216815312935e+02,4.522264459988024e+00
3.871716815312935e+02,4.522250950010076e+00
3.872216815312935e+02,4.522237441367795e+00
3.872716815312936e+02,4.522223934060277e+00
3.873216815312936e+02,4.522210428086585e+00
3.873716815312936e+02,4.522196923445780e+00
3.874216815312936e+02,4.522183420136948e+00
3.874716815312936e+02,4.522169918159205e+00
3.875216815312936e+02,4.522156417511611e+00
3.875716815312936e+02,4.522142918193190e+00
3.876216815312936e+02,4.522129420203091e+00
3.876716815312936e+02,4.522115923540404e+00
3.877216815312937e+02,4.522102428204154e+00
3.877716815312937e+02,4.522088934193426e+00
3.878216815312937e+02,4.522075441507336e+00
3.878716815312937e+02,4.522061950144970e+00
3.879216815312937e+02,4.522048460105379e+00
3.879716815312937e+02,4.522034971387678e+00
3.880216815312937e+02,4.522021483990923e+00
3.880716815312937e+02,4.522007997914176e+00
3.881216815312937e+02,4.521994513156551e+00
3.881716815312938e+02,4.521981029717150e+00
3.882216815312938e+02,4.521967547595082e+00
3.882716815312938e+02,4.521954066789406e+00
3.883216815312938e+02,4.521940587299189e+00
3.883716815312938e+02,4.521927109123545e+00
3.884216815312938e+02,4.521913632261571e+00
3.884716815312938e+02,4.521900156712339e+00
3.885216815312938e+02,4.521886682474951e+00
3.885716815312938e+02,4.521873209548502e+00
3.886216815312939e+02,4.521859737932052e+00
3.886716815312939e+02,4.521846267624706e+00
3.887216815312939e+02,4.521832798625593e+00
3.887716815312939e+02,4.521819330933794e+00
3.888216815312939e+02,4.521805864548377e+00
3.888716815312939e+02,4.521792399468441e+00
3.889216815312939e+02,4.521778935693109e+00
3.889716815312939e+02,4.521765473221486e+00
3.890216815312940e+02,4.521752012052642e+00
3.890716815312940e+02,4.521738552185643e+00
3.891216815312940e+02,4.521725093619605e+00
3.891716815312940e+02,4.521711636353685e+00
3.892216815312940e+02,4.521698180386970e+00
3.892716815312940e+02,4.521684725718525e+00
3.893216815312940e+02,4.521671272347446e+00
3.893716815312940e+02,4.521657820272857e+00
3.894216815312940e+02,4.521644369493880e+00
3.894716815312941e+02,4.521630920009594e+00
3.895216815312941e+02,4.521617471819065e+00
3.895716815312941e+02,4.521604024921429e+00
3.896216815312941e+02,4.521590579315784e+00
3.896716815312941e+02,4.521577135001239e+00
3.897216815312941e+02,4.521563691976922e+00
3.897716815312941e+02,4.521550250241940e+00
3.898216815312941e+02,4.521536809795428e+00
3.898716815312941e+02,4.521523370636462e+00
3.899216815312942e+02,4.521509932764115e+00
3.899716815312942e+02,4.521496496177512e+00
3.900216815312942e+02,4.521483060875750e+00
3.900716815312942e+02,4.521469626857987e+00
3.901216815312942e+02,4.521456194123344e+00
3.901716815312942e+02,4.521442762670883e+00
3.902216815312942e+02,4.521429332499718e+00
3.902716815312942e+02,4.521415903608979e+00
3.903216815312942e+02,4.521402475997792e+00
3.903716815312943e+02,4.521389049665260e+00
3.904216815312943e+02,4.521375624610495e+00
3.904716815312943e+02,4.521362200832595e+00
3.905216815312943e+02,4.521348778330682e+00
3.905716815312943e+02,4.521335357103891e+00
3.906216815312943e+02,4.521321937151368e+00
3.906716815312943e+02,4.521308518472197e+00
3.907216815312943e+02,4.521295101065490e+00
3.907716815312943e+02,4.521281684930378e+00
3.908216815312944e+02,4.521268270065971e+00
3.908716815312944e+02,4.521254856471382e+00
3.909216815312944e+02,4.521241444145740e+00
3.909716815312944e+02,4.521228033088201e+00
3.910216815312944e+02,4.521214623297841e+00
3.910716815312944e+02,4.521201214773776e+00
3.911216815312944e+02,4.521187807515182e+00
3.911716815312944e+02,4.521174401521161e+00
3.912216815312945e+02,4.521160996790834e+00
3.912716815312945e+02,4.521147593323310e+00
3.913216815312945e+02,4.521134191117705e+00
3.913716815312945e+02,4.521120790173192e+00
3.914216815312945e+02,4.521107390488902e+00
3.914716815312945e+02,4.521093992063916e+00
3.915216815312945e+02,4.521080594897387e+00
3.915716815312945e+02,4.521067198988478e+00
3.916216815312945e+02,4.521053804336265e+00
3.916716815312946e+02,4.521040410939864e+00
3.917216815312946e+02,4.521027018798443e+00
3.917716815312946e+02,4.521013627911145e+00
3.918216815312946e+02,4.521000238277082e+00
3.918716815312946e+02,4.520986849895375e+00
3.919216815312946e+02,4.520973462765194e+00
3.919716815312946e+02,4.520960076885681e+00
3.920216815312946e+02,4.520946692255920e+00
3.920716815312946e+02,4.520933308875054e+00
3.921216815312947e+02,4.520919926742230e+00
3.921716815312947e+02,4.520906545856568e+00
3.922216815312947e+02,4.520893166217239e+00
3.922716815312947e+02,4.520879787823390e+00
3.923216815312947e+02,4.520866410674139e+00
3.923716815312947e+02,4.520853034768609e+00
3.924216815312947e+02,4.520839660105972e+00
3.924716815312947e+02,4.520826286685375e+00
3.925216815312947e+02,4.520812914505902e+00
3.925716815312948e+02,4.520799543566679e+00
3.926216815312948e+02,4.520786173866910e+00
3.926716815312948e+02,4.520772805405747e+00
3.927216815312948e+02,4.520759438182296e+00
3.927716815312948e+02,4.520746072195719e+00
3.928216815312948e+02,4.520732707445163e+00
3.928716815312948e+02,4.520719343929763e+00
3.929216815312948e+02,4.520705981648642e+00
3.929716815312948e+02,4.520692620600928e+00
3.930216815312949e+02,4.520679260785829e+00
3.930716815312949e+02,4.520665902202528e+00
3.931216815312949e+02,4.520652544850123e+00
3.931716815312949e+02,4.520639188727746e+00
3.932216815312949e+02,4.520625833834550e+00
3.932716815312949e+02,4.520612480169670e+00
3.933216815312949e+02,4.520599127732267e+00
3.933716815312949e+02,4.520585776521501e+00
3.934216815312950e+02,4.520572426536524e+00
3.934716815312950e+02,4.520559077776506e+00
3.935216815312950e+02,4.520545730240602e+00
3.935716815312950e+02,4.520532383927952e+00
3.936216815312950e+02,4.520519038837690e+00
3.936716815312950e+02,4.520505694968993e+00
3.937216815312950e+02,4.520492352321019e+00
3.937716815312950e+02,4.520479010892892e+00
3.938216815312950e+02,4.520465670683772e+00
3.938716815312951e+02,4.520452331692840e+00
3.939216815312951e+02,4.520438993919258e+00
3.939716815312951e+02,4.520425657362160e+00
3.940216815312951e+02,4.520412322020730e+00
3.940716815312951e+02,4.520398987894139e+00
3.941216815312951e+02,4.520385654981511e+00
3.941716815312951e+02,4.520372323282010e+00
3.942216815312951e+02,4.520358992794784e+00
3.942716815312951e+02,4.520345663518998e+00
3.943216815312952e+02,4.520332335453856e+00
3.943716815312952e+02,4.520319008598514e+00
3.944216815312952e+02,4.520305682952100e+00
3.944716815312952e+02,4.520292358513789e+00
3.945216815312952e+02,4.520279035282766e+00
3.945716815312952e+02,4.520265713258191e+00
3.946216815312952e+02,4.520252392439202e+00
3.946716815312952e+02,4.520239072824974e+00
3.947216815312952e+02,4.520225754414704e+00
3.947716815312953e+02,4.520212437207553e+00
3.948216815312953e+02,4.520199121202674e+00
3.948716815312953e+02,4.520185806399228e+00
3.949216815312953e+02,4.520172492796398e+00
3.949716815312953e+02,4.520159180393353e+00
3.950216815312953e+02,4.520145869189252e+00
3.950716815312953e+02,4.520132559183262e+00
3.951216815312953e+02,4.520119250374575e+00
3.951716815312953e+02,4.520105942762362e+00
3.952216815312954e+02,4.520092636345767e+00
3.952716815312954e+02,4.520079331123989e+00
3.953216815312954e+02,4.520066027096219e+00
3.953716815312954e+02,4.520052724261627e+00
3.954216815312954e+02,4.520039422619357e+00
3.954716815312954e+02,4.520026122168572e+00
3.955216815312954e+02,4.520012822908489e+00
3.955716815312954e+02,4.519999524838285e+00
3.956216815312955e+02,4.519986227957106e+00
3.956716815312955e+02,4.519972932264157e+00
3.957216815312955e+02,4.519959637758619e+00
3.957716815312955e+02,4.519946344439625e+00
3.958216815312955e+02,4.519933052306381e+00
3.958716815312955e+02,4.519919761358098e+00
3.959216815312955e+02,4.519906471593931e+00
3.959716815312955e+02,4.519893183013041e+00
3.960216815312955e+02,4.519879895614643e+00
3.960716815312956e+02,4.519866609397932e+00
3.961216815312956e+02,4.519853324362050e+00
3.961716815312956e+02,4.519840040506217e+00
3.962216815312956e+02,4.519826757829619e+00
3.962716815312956e+02,4.519813476331366e+00
3.963216815312956e+02,4.519800196010675e+00
3.963716815312956e+02,4.519786916866815e+00
3.964216815312956e+02,4.519773638898922e+00
3.964716815312956e+02,4.519760362106135e+00
3.965216815312957e+02,4.519747086487688e+00
3.965716815312957e+02,4.519733812042783e+00
3.966216815312957e+02,4.519720538770611e+00
3.966716815312957e+02,4.519707266670336e+00
3.967216815312957e+02,4.519693995741108e+00
3.967716815312957e+02,4.519680725982149e+00
3.968216815312957e+02,4.519667457392698e+00
3.968716815312957e+02,4.519654189971948e+00
3.969216815312957e+02,4.519640923719044e+00
3.969716815312958e+02,4.519627658633165e+00
3.970216815312958e+02,4.519614394713504e+00
3.970716815312958e+02,4.519601131959272e+00
3.971216815312958e+02,4.519587870369683e+00
3.971716815312958e+02,4.519574609943922e+00
3.972216815312958e+02,4.519561350681197e+00
3.972716815312958e+02,4.519548092580696e+00
3.973216815312958e+02,4.519534835641586e+00
3.973716815312958e+02,4.519521579863070e+00
3.974216815312959e+02,4.519508325244347e+00
3.974716815312959e+02,4.519495071784662e+00
3.975216815312959e+02,4.519481819483216e+00
3.975716815312959e+02,4.519468568339144e+00
3.976216815312959e+02,4.519455318351660e+00
3.976716815312959e+02,4.519442069519997e+00
3.977216815312959e+02,4.519428821843346e+00
3.977716815312959e+02,4.519415575320924e+00
3.978216815312960e+02,4.519402329951914e+00
3.978716815312960e+02,4.519389085735488e+00
3.979216815312960e+02,4.519375842670891e+00
3.979716815312960e+02,4.519362600757349e+00
3.980216815312960e+02,4.519349359994024e+00
3.980716815312960e+02,4.519336120380108e+00
3.981216815312960e+02,4.519322881914827e+00
3.981716815312960e+02,4.519309644597389e+00
3.982216815312960e+02,4.519296408426992e+00
3.982716815312961e+02,4.519283173402895e+00
3.983216815312961e+02,4.519269939524296e+00
3.983716815312961e+02,4.519256706790340e+00
3.984216815312961e+02,4.519243475200255e+00
3.984716815312961e+02,4.519230244753253e+00
3.985216815312961e+02,4.519217015448548e+00
3.985716815312961e+02,4.519203787285393e+00
3.986216815312961e+02,4.519190560262967e+00
3.986716815312961e+02,4.519177334380458e+00
3.987216815312962e+02,4.519164109637098e+00
3.987716815312962e+02,4.519150886032125e+00
3.988216815312962e+02,4.519137663564718e+00
3.988716815312962e+02,4.519124442234081e+00
3.989216815312962e+02,4.519111222039474e+00
3.989716815312962e+02,4.519098002980114e+00
3.990216815312962e+02,4.519084785055155e+00
3.990716815312962e+02,4.519071568263842e+00
3.991216815312962e+02,4.519058352605415e+00
3.991716815312963e+02,4.519045138079046e+00
3.992216815312963e+02,4.519031924684001e+00
3.992716815312963e+02,4.519018712419510e+00
3.993216815312963e+02,4.519005501284767e+00
3.993716815312963e+02,4.518992291278981e+00
3.994216815312963e+02,4.518979082401323e+00
3.994716815312963e+02,4.518965874651076e+00
3.995216815312963e+02,4.518952668027507e+00
3.995716815312963e+02,4.518939462529786e+00
3.996216815312964e+02,4.518926258157123e+00
3.996716815312964e+02,4.518913054908728e+00
3.997216815312964e+02,4.518899852783849e+00
3.997716815312964e+02,4.518886651781742e+00
3.998216815312964e+02,4.518873451901587e+00
3.998716815312964e+02,4.518860253142605e+00
3.999216815312964e+02,4.518847055504057e+00
3.999716815312964e+02,4.518833858985153e+00
4.000216815312965e+02,4.518820663585084e+00
4.000716815312965e+02,4.518807469303098e+00
4.001216815312965e+02,4.518794276138456e+00
4.001716815312965e+02,4.518781084090383e+00
4.002216815312965e+02,4.518767893158093e+00
4.002716815312965e+02,4.518754703340795e+00
4.003216815312965e+02,4.518741514637747e+00
4.003716815312965e+02,4.518728327048178e+00
4.004216815312965e+02,4.518715140571292e+00
4.004716815312966e+02,4.518701955206357e+00
4.005216815312966e+02,4.518688770952552e+00
4.005716815312966e+02,4.518675587809117e+00
4.006216815312966e+02,4.518662405775370e+00
4.006716815312966e+02,4.518649224850470e+00
4.007216815312966e+02,4.518636045033650e+00
4.007716815312966e+02,4.518622866324181e+00
4.008216815312966e+02,4.518609688721278e+00
4.008716815312966e+02,4.518596512224193e+00
4.009216815312967e+02,4.518583336832142e+00
4.009716815312967e+02,4.518570162544365e+00
4.010216815312967e+02,4.518556989360107e+00
4.010716815312967e+02,4.518543817278571e+00
4.011216815312967e+02,4.518530646299036e+00
4.011716815312967e+02,4.518517476420779e+00
4.012216815312967e+02,4.518504307642980e+00
4.012716815312967e+02,4.518491139964882e+00
4.013216815312967e+02,4.518477973385736e+00
4.013716815312968e+02,4.518464807904754e+00
4.014216815312968e+02,4.518451643521203e+00
4.014716815312968e+02,4.518438480234356e+00
4.015216815312968e+02,4.518425318043431e+00
4.015716815312968e+02,4.518412156947655e+00
4.016216815312968e+02,4.518398996946281e+00
4.016716815312968e+02,4.518385838038570e+00
4.017216815312968e+02,4.518372680223773e+00
4.017716815312968e+02,4.518359523501116e+00
4.018216815312969e+02,4.518346367869828e+00
4.018716815312969e+02,4.518333213329171e+00
4.019216815312969e+02,4.518320059878413e+00
4.019716815312969e+02,4.518306907516761e+00
4.020216815312969e+02,4.518293756243458e+00
4.020716815312969e+02,4.518280606057804e+00
4.021216815312969e+02,4.518267456959039e+00
4.021716815312969e+02,4.518254308946410e+00
4.022216815312970e+02,4.518241162019166e+00
4.022716815312970e+02,4.518228016176492e+00
4.023216815312970e+02,4.518214871417694e+00
4.023716815312970e+02,4.518201727742069e+00
4.024216815312970e+02,4.518188585148830e+00
4.024716815312970e+02,4.518175443637218e+00
4.025216815312970e+02,4.518162303206462e+00
4.025716815312970e+02,4.518149163855838e+00
4.026216815312970e+02,4.518136025584631e+00
4.026716815312971e+02,4.518122888392081e+00
4.027216815312971e+02,4.518109752277429e+00
4.027716815312971e+02,4.518096617239933e+00
4.028216815312971e+02,4.518083483278851e+00
4.028716815312971e+02,4.518070350393442e+00
4.029216815312971e+02,4.518057218582986e+00
4.029716815312971e+02,4.518044087846714e+00
4.030216815312971e+02,4.518030958183870e+00
4.030716815312971e+02,4.518017829593753e+00
4.031216815312972e+02,4.518004702075609e+00
4.031716815312972e+02,4.517991575628669e+00
4.032216815312972e+02,4.517978450252224e+00
4.032716815312972e+02,4.517965325945572e+00
4.033216815312972e+02,4.517952202707927e+00
4.033716815312972e+02,4.517939080538524e+00
4.034216815312972e+02,4.517925959436665e+00
4.034716815312972e+02,4.517912839401614e+00
4.035216815312972e+02,4.517899720432625e+00
4.035716815312973e+02,4.517886602528963e+00
4.036216815312973e+02,4.517873485689861e+00
4.036716815312973e+02,4.517860369914631e+00
4.037216815312973e+02,4.517847255202566e+00
4.037716815312973e+02,4.517834141552890e+00
4.038216815312973e+02,4.517821028964871e+00
4.038716815312973e+02,4.517807917437754e+00
4.039216815312973e+02,4.517794806970834e+00
4.039716815312973e+02,4.517781697563406e+00
4.040216815312974e+02,4.517768589214690e+00
4.040716815312974e+02,4.517755481923938e+00
4.041216815312974e+02,4.517742375690456e+00
4.041716815312974e+02,4.517729270513537e+00
4.042216815312974e+02,4.517716166392460e+00
4.042716815312974e+02,4.517703063326456e+00
4.043216815312974e+02,4.517689961314771e+00
4.043716815312974e+02,4.517676860356715e+00
4.044216815312975e+02,4.517663760451569e+00
4.044716815312975e+02,4.517650661598585e+00
4.045216815312975e+02,4.517637563797060e+00
4.045716815312975e+02,4.517624467046279e+00
4.046216815312975e+02,4.517611371345471e+00
4.046716815312975e+02,4.517598276693937e+00
4.047216815312975e+02,4.517585183090998e+00
4.047716815312975e+02,4.517572090535845e+00
4.048216815312975e+02,4.517558999027753e+00
4.048716815312976e+02,4.517545908566115e+00
4.049216815312976e+02,4.517532819150160e+00
4.049716815312976e+02,4.517519730779093e+00
4.050216815312976e+02,4.517506643452252e+00
4.050716815312976e+02,4.517493557168899e+00
4.051216815312976e+02,4.517480471928280e+00
4.051716815312976e+02,4.517467387729741e+00
4.052216815312976e+02,4.517454304572574e+00
4.052716815312976e+02,4.517441222456032e+00
4.053216815312977e+02,4.517428141379380e+00
4.053716815312977e+02,4.517415061341918e+00
4.054216815312977e+02,4.517401982342932e+00
4.054716815312977e+02,4.517388904381681e+00
4.055216815312977e+02,4.517375827457453e+00
4.055716815312977e+02,4.517362751569580e+00
4.056216815312977e+02,4.517349676717317e+00
4.056716815312977e+02,4.517336602899899e+00
4.057216815312977e+02,4.517323530116656e+00
4.057716815312978e+02,4.517310458366913e+00
4.058216815312978e+02,4.517297387649944e+00
4.058716815312978e+02,4.517284317965001e+00
4.059216815312978e+02,4.517271249311368e+00
4.059716815312978e+02,4.517258181688335e+00
4.060216815312978e+02,4.517245115095230e+00
4.060716815312978e+02,4.517232049531343e+00
4.061216815312978e+02,4.517218984995910e+00
4.061716815312978e+02,4.517205921488262e+00
4.062216815312979e+02,4.517192859007717e+00
4.062716815312979e+02,4.517179797553494e+00
4.063216815312979e+02,4.517166737124909e+00
4.063716815312979e+02,4.517153677721315e+00
4.064216815312979e+02,4.517140619341941e+00
4.064716815312979e+02,4.517127561986069e+00
4.065216815312979e+02,4.517114505653053e+00
4.065716815312979e+02,4.517101450342159e+00
4.066216815312980e+02,4.517088396052682e+00
4.066716815312980e+02,4.517075342783908e+00
4.067216815312980e+02,4.517062290535138e+00
4.067716815312980e+02,4.517049239305686e+00
4.068216815312980e+02,4.517036189094838e+00
4.068716815312980e+02,4.517023139901868e+00
4.069216815312980e+02,4.517010091726074e+00
4.069716815312980e+02,4.516997044566790e+00
4.070216815312980e+02,4.516983998423325e+00
4.070716815312981e+02,4.516970953294964e+00
4.071216815312981e+02,4.516957909180964e+00
4.071716815312981e+02,4.516944866080643e+00
4.072216815312981e+02,4.516931823993359e+00
4.072716815312981e+02,4.516918782918385e+00
4.073216815312981e+02,4.516905742854975e+00
4.073716815312981e+02,4.516892703802452e+00
4.074216815312981e+02,4.516879665760152e+00
4.074716815312981e+02,4.516866628727383e+00
4.075216815312982e+02,4.516853592703448e+00
4.075716815312982e+02,4.516840557687632e+00
4.076216815312982e+02,4.516827523679233e+00
4.076716815312982e+02,4.516814490677544e+00
4.077216815312982e+02,4.516801458681871e+00
4.077716815312982e+02,4.516788427691560e+00
4.078216815312982e+02,4.516775397705885e+00
4.078716815312982e+02,4.516762368724160e+00
4.079216815312982e+02,4.516749340745718e+00
4.079716815312983e+02,4.516736313769846e+00
4.080216815312983e+02,4.516723287795870e+00
4.080716815312983e+02,4.516710262823081e+00
4.081216815312983e+02,4.516697238850767e+00
4.081716815312983e+02,4.516684215878267e+00
4.082216815312983e+02,4.516671193904901e+00
4.082716815312983e+02,4.516658172929943e+00
4.083216815312983e+02,4.516645152952734e+00
4.083716815312983e+02,4.516632133972608e+00
4.084216815312984e+02,4.516619115988830e+00
4.084716815312984e+02,4.516606099000745e+00
4.085216815312984e+02,4.516593083007670e+00
4.085716815312984e+02,4.516580068008905e+00
4.086216815312984e+02,4.516567054003780e+00
4.086716815312984e+02,4.516554040991563e+00
4.087216815312984e+02,4.516541028971568e+00
4.087716815312984e+02,4.516528017943173e+00
4.088216815312985e+02,4.516515007905696e+00
4.088716815312985e+02,4.516501998858403e+00
4.089216815312985e+02,4.516488990800639e+00
4.089716815312985e+02,4.516475983731740e+00
4.090216815312985e+02,4.516462977651005e+00
4.090716815312985e+02,4.516449972557735e+00
4.091216815312985e+02,4.516436968451247e+00
4.091716815312985e+02,4.516423965330886e+00
4.092216815312985e+02,4.516410963195983e+00
4.092716815312986e+02,4.516397962045850e+00
4.093216815312986e+02,4.516384961879776e+00
4.093716815312986e+02,4.516371962697094e+00
4.094216815312986e+02,4.516358964497140e+00
4.094716815312986e+02,4.516345967279242e+00
4.095216815312986e+02,4.516332971042748e+00
4.095716815312986e+02,4.516319975786958e+00
4.096216815312986e+02,4.516306981511142e+00
4.096716815312986e+02,4.516293988214646e+00
4.097216815312987e+02,4.516280995896857e+00
4.097716815312987e+02,4.516268004557094e+00
4.098216815312987e+02,4.516255014194630e+00
4.098716815312987e+02,4.516242024808791e+00
4.099216815312987e+02,4.516229036398943e+00
4.099716815312987e+02,4.516216048964415e+00
4.100216815312987e+02,4.516203062504536e+00
4.100716815312987e+02,4.516190077018629e+00
4.101216815312987e+02,4.516177092505961e+00
4.101716815312988e+02,4.516164108965885e+00
4.102216815312988e+02,4.516151126397816e+00
4.102716815312988e+02,4.516138144801049e+00
4.103216815312988e+02,4.516125164174863e+00
4.103716815312988e+02,4.516112184518602e+00
4.104216815312988e+02,4.516099205831615e+00
4.104716815312988e+02,4.516086228113256e+00
4.105216815312988e+02,4.516073251362851e+00
4.105716815312989e+02,4.516060275579697e+00
4.106216815312989e+02,4.516047300763132e+00
4.106716815312989e+02,4.516034326912512e+00
4.107216815312989e+02,4.516021354027198e+00
4.107716815312989e+02,4.516008382106481e+00
4.108216815312989e+02,4.515995411149697e+00
4.108716815312989e+02,4.515982441156213e+00
4.109216815312989e+02,4.515969472125349e+00
4.109716815312989e+02,4.515956504056428e+00
4.110216815312990e+02,4.515943536948782e+00
4.110716815312990e+02,4.515930570801770e+00
4.111216815312990e+02,4.515917605614722e+00
4.111716815312990e+02,4.515904641386983e+00
4.112216815312990e+02,4.515891678117907e+00
4.112716815312990e+02,4.515878715806844e+00
4.113216815312990e+02,4.515865754453098e+00
4.113716815312990e+02,4.515852794055979e+00
4.114216815312990e+02,4.515839834614875e+00
4.114716815312991e+02,4.515826876129164e+00
4.115216815312991e+02,4.515813918598127e+00
4.115716815312991e+02,4.515800962021085e+00
4.116216815312991e+02,4.515788006397429e+00
4.116716815312991e+02,4.515775051726553e+00
4.117216815312991e+02,4.515762098007756e+00
4.117716815312991e+02,4.515749145240313e+00
4.118216815312991e+02,4.515736193423635e+00
4.118716815312991e+02,4.515723242557072e+00
4.119216815312992e+02,4.515710292639932e+00
4.119716815312992e+02,4.515697343671584e+00
4.120216815312992e+02,4.515684395651405e+00
4.120716815312992e+02,4.515671448578719e+00
4.121216815312992e+02,4.515658502452817e+00
4.121716815312992e+02,4.515645557273110e+00
4.122216815312992e+02,4.515632613038979e+00
4.122716815312992e+02,4.515619669749724e+00
4.123216815312992e+02,4.515606727404682e+00
4.123716815312993e+02,4.515593786003209e+00
4.124216815312993e+02,4.515580845544680e+00
4.124716815312993e+02,4.515567906028441e+00
4.125216815312993e+02,4.515554967453804e+00
4.125716815312993e+02,4.515542029820139e+00
4.126216815312993e+02,4.515529093126831e+00
4.126716815312993e+02,4.515516157373201e+00
4.127216815312993e+02,4.515503222558586e+00
4.127716815312994e+02,4.515490288682412e+00
4.128216815312994e+02,4.515477355744011e+00
4.128716815312994e+02,4.515464423742656e+00
4.129216815312994e+02,4.515451492677771e+00
4.129716815312994e+02,4.515438562548725e+00
4.130216815312994e+02,4.515425633354828e+00
4.130716815312994e+02,4.515412705095456e+00
4.131216815312994e+02,4.515399777769987e+00
4.131716815312994e+02,4.515386851377763e+00
4.132216815312995e+02,4.515373925918132e+00
4.132716815312995e+02,4.515361001390434e+00
4.133216815312995e+02,4.515348077794038e+00
4.133716815312995e+02,4.515335155128315e+00
4.134216815312995e+02,4.515322233392628e+00
4.134716815312995e+02,4.515309312586340e+00
4.135216815312995e+02,4.515296392708833e+00
4.135716815312995e+02,4.515283473759429e+00
4.136216815312995e+02,4.515270555737472e+00
4.136716815312996e+02,4.515257638642360e+00
4.137216815312996e+02,4.515244722473434e+00
4.137716815312996e+02,4.515231807230061e+00
4.138216815312996e+02,4.515218892911640e+00
4.138716815312996e+02,4.515205979517537e+00
4.139216815312996e+02,4.515193067047080e+00
4.139716815312996e+02,4.515180155499603e+00
4.140216815312996e+02,4.515167244874497e+00
4.140716815312996e+02,4.515154335171175e+00
4.141216815312997e+02,4.515141426388999e+00
4.141716815312997e+02,4.515128518527263e+00
4.142216815312997e+02,4.515115611585325e+00
4.142716815312997e+02,4.515102705562613e+00
4.143216815312997e+02,4.515089800458508e+00
4.143716815312997e+02,4.515076896272326e+00
4.144216815312997e+02,4.515063993003448e+00
4.144716815312997e+02,4.515051090651268e+00
4.145216815312997e+02,4.515038189215140e+00
4.145716815312998e+02,4.515025288694472e+00
4.146216815312998e+02,4.515012389088580e+00
4.146716815312998e+02,4.514999490396821e+00
4.147216815312998e+02,4.514986592618649e+00
4.147716815312998e+02,4.514973695753384e+00
4.148216815312998e+02,4.514960799800350e+00
4.148716815312998e+02,4.514947904758953e+00
4.149216815312998e+02,4.514935010628599e+00
4.149716815312999e+02,4.514922117408655e+00
4.150216815312999e+02,4.514909225098481e+00
4.150716815312999e+02,4.514896333697443e+00
4.151216815312999e+02,4.514883443204939e+00
4.151716815312999e+02,4.514870553620327e+00
4.152216815312999e+02,4.514857664942956e+00
4.152716815312999e+02,4.514844777172233e+00
4.153216815312999e+02,4.514831890307556e+00
4.153716815312999e+02,4.514819004348273e+00
4.154216815313000e+02,4.514806119293721e+00
4.154716815313000e+02,4.514793235143343e+00
4.155216815313000e+02,4.514780351896529e+00
4.155716815313000e+02,4.514767469552604e+00
4.156216815313000e+02,4.514754588110982e+00
4.156716815313000e+02,4.514741707571048e+00
4.157216815313000e+02,4.514728827932142e+00
4.157716815313000e+02,4.514715949193638e+00
4.158216815313000e+02,4.514703071354955e+00
4.158716815313001e+02,4.514690194415476e+00
4.159216815313001e+02,4.514677318374532e+00
4.159716815313001e+02,4.514664443231538e+00
4.160216815313001e+02,4.514651568985930e+00
4.160716815313001e+02,4.514638695637040e+00
4.161216815313001e+02,4.514625823184229e+00
4.161716815313001e+02,4.514612951626903e+00
4.162216815313001e+02,4.514600080964454e+00
4.162716815313001e+02,4.514587211196268e+00
4.163216815313002e+02,4.514574342321704e+00
4.163716815313002e+02,4.514561474340169e+00
4.164216815313002e+02,4.514548607251064e+00
4.164716815313002e+02,4.514535741053744e+00
4.165216815313002e+02,4.514522875747589e+00
4.165716815313002e+02,4.514510011332016e+00
4.166216815313002e+02,4.514497147806422e+00
4.166716815313002e+02,4.514484285170161e+00
4.167216815313002e+02,4.514471423422613e+00
4.167716815313003e+02,4.514458562563189e+00
4.168216815313003e+02,4.514445702591296e+00
4.168716815313003e+02,4.514432843506315e+00
4.169216815313003e+02,4.514419985307640e+00
4.169716815313003e+02,4.514407127994662e+00
4.170216815313003e+02,4.514394271566719e+00
4.170716815313003e+02,4.514381416023232e+00
4.171216815313003e+02,4.514368561363641e+00
4.171716815313004e+02,4.514355707587289e+00
4.172216815313004e+02,4.514342854693557e+00
4.172716815313004e+02,4.514330002681850e+00
4.173216815313004e+02,4.514317151551594e+00
4.173716815313004e+02,4.514304301302190e+00
4.174216815313004e+02,4.514291451932971e+00
4.174716815313004e+02,4.514278603443349e+00
4.175216815313004e+02,4.514265755832771e+00
4.175716815313004e+02,4.514252909100597e+00
4.176216815313005e+02,4.514240063246209e+00
4.176716815313005e+02,4.514227218269020e+00
4.177216815313005e+02,4.514214374168438e+00
4.177716815313005e+02,4.514201530943879e+00
4.178216815313005e+02,4.514188688594685e+00
4.178716815313005e+02,4.514175847120235e+00
4.179216815313005e+02,4.514163006519995e+00
4.179716815313005e+02,4.514150166793380e+00
4.180216815313005e+02,4.514137327939710e+00
4.180716815313006e+02,4.514124489958411e+00
4.181216815313006e+02,4.514111652848953e+00
4.181716815313006e+02,4.514098816610659e+00
4.182216815313006e+02,4.514085981242903e+00
4.182716815313006e+02,4.514073146745155e+00
4.183216815313006e+02,4.514060313116826e+00
4.183716815313006e+02,4.514047480357277e+00
4.184216815313006e+02,4.514034648465936e+00
4.184716815313006e+02,4.514021817442214e+00
4.185216815313007e+02,4.514008987285471e+00
4.185716815313007e+02,4.513996157995124e+00
4.186216815313007e+02,4.513983329570604e+00
4.186716815313007e+02,4.513970502011306e+00
4.187216815313007e+02,4.513957675316624e+00
4.187716815313007e+02,4.513944849485979e+00
4.188216815313007e+02,4.513932024518790e+00
4.188716815313007e+02,4.513919200414435e+00
4.189216815313007e+02,4.513906377172300e+00
4.189716815313008e+02,4.513893554791825e+00
4.190216815313008e+02,4.513880733272432e+00
4.190716815313008e+02,4.513867912613494e+00
4.191216815313008e+02,4.513855092814451e+00
4.191716815313008e+02,4.513842273874735e+00
4.192216815313008e+02,4.513829455793700e+00
4.192716815313008e+02,4.513816638570745e+00
4.193216815313008e+02,4.513803822205287e+00
4.193716815313009e+02,4.513791006696778e+00
4.194216815313009e+02,4.513778192044652e+00
4.194716815313009e+02,4.513765378248269e+00
4.195216815313009e+02,4.513752565307030e+00
4.195716815313009e+02,4.513739753220387e+00
4.196216815313009e+02,4.513726941987735e+00
4.196716815313009e+02,4.513714131608490e+00
4.197216815313009e+02,4.513701322082058e+00
4.197716815313009e+02,4.513688513407837e+00
4.198216815313010e+02,4.513675705585271e+00
4.198716815313010e+02,4.513662898613779e+00
4.199216815313010e+02,4.513650092492773e+00
4.199716815313010e+02,4.513637287221678e+00
4.200216815313010e+02,4.513624482799878e+00
4.200716815313010e+02,4.513611679226777e+00
4.201216815313010e+02,4.513598876501827e+00
4.201716815313010e+02,4.513586074624441e+00
4.202216815313010e+02,4.513573273594036e+00
4.202716815313011e+02,4.513560473410033e+00
4.203216815313011e+02,4.513547674071853e+00
4.203716815313011e+02,4.513534875578922e+00
4.204216815313011e+02,4.513522077930617e+00
4.204716815313011e+02,4.513509281126384e+00
4.205216815313011e+02,4.513496485165693e+00
4.205716815313011e+02,4.513483690047893e+00
4.206216815313011e+02,4.513470895772404e+00
4.206716815313011e+02,4.513458102338703e+00
4.207216815313012e+02,4.513445309746165e+00
4.207716815313012e+02,4.513432517994211e+00
4.208216815313012e+02,4.513419727082312e+00
4.208716815313012e+02,4.513406937009856e+00
4.209216815313012e+02,4.513394147776251e+00
4.209716815313012e+02,4.513381359380952e+00
4.210216815313012e+02,4.513368571823384e+00
4.210716815313012e+02,4.513355785102959e+00
4.211216815313012e+02,4.513342999219105e+00
4.211716815313013e+02,4.513330214171227e+00
4.212216815313013e+02,4.513317429958743e+00
4.212716815313013e+02,4.513304646581141e+00
4.213216815313013e+02,4.513291864037818e+00
4.213716815313013e+02,4.513279082328164e+00
4.214216815313013e+02,4.513266301451667e+00
4.214716815313013e+02,4.513253521407760e+00
4.215216815313013e+02,4.513240742195840e+00
4.215716815313014e+02,4.513227963815288e+00
4.216216815313014e+02,4.513215186265560e+00
4.216716815313014e+02,4.513202409546158e+00
4.217216815313014e+02,4.513189633656458e+00
4.217716815313014e+02,4.513176858595846e+00
4.218216815313014e+02,4.513164084363819e+00
4.218716815313014e+02,4.513151310959801e+00
4.219216815313014e+02,4.513138538383179e+00
4.219716815313014e+02,4.513125766633428e+00
4.220216815313015e+02,4.513112995710006e+00
4.220716815313015e+02,4.513100225612302e+00
4.221216815313015e+02,4.513087456339721e+00
4.221716815313015e+02,4.513074687891714e+00
4.222216815313015e+02,4.513061920267736e+00
4.222716815313015e+02,4.513049153467229e+00
4.223216815313015e+02,4.513036387489642e+00
4.223716815313015e+02,4.513023622334387e+00
4.224216815313015e+02,4.513010858000853e+00
4.224716815313016e+02,4.512998094488526e+00
4.225216815313016e+02,4.512985331796860e+00
4.225716815313016e+02,4.512972569925250e+00
4.226216815313016e+02,4.512959808873149e+00
4.226716815313016e+02,4.512947048639996e+00
4.227216815313016e+02,4.512934289225217e+00
4.227716815313016e+02,4.512921530628257e+00
4.228216815313016e+02,4.512908772848609e+00
4.228716815313016e+02,4.512896015885698e+00
4.229216815313017e+02,4.512883259738881e+00
4.229716815313017e+02,4.512870504407617e+00
4.230216815313017e+02,4.512857749891384e+00
4.230716815313017e+02,4.512844996189605e+00
4.231216815313017e+02,4.512832243301725e+00
4.231716815313017e+02,4.512819491227234e+00
4.232216815313017e+02,4.512806739965540e+00
4.232716815313017e+02,4.512793989516029e+00
4.233216815313017e+02,4.512781239878181e+00
4.233716815313018e+02,4.512768491051486e+00
4.234216815313018e+02,4.512755743035382e+00
4.234716815313018e+02,4.512742995829251e+00
4.235216815313018e+02,4.512730249432527e+00
4.235716815313018e+02,4.512717503844715e+00
4.236216815313018e+02,4.512704759065241e+00
4.236716815313018e+02,4.512692015093529e+00
4.237216815313018e+02,4.512679271929049e+00
4.237716815313019e+02,4.512666529571255e+00
4.238216815313019e+02,4.512653788019591e+00
4.238716815313019e+02,4.512641047273504e+00
4.239216815313019e+02,4.512628307332432e+00
4.239716815313019e+02,4.512615568195805e+00
4.240216815313019e+02,4.512602829863080e+00
4.240716815313019e+02,4.512590092333713e+00
4.241216815313019e+02,4.512577355607159e+00
4.241716815313019e+02,4.512564619682869e+00
4.242216815313020e+02,4.512551884560278e+00
4.242716815313020e+02,4.512539150238855e+00
4.243216815313020e+02,4.512526416718026e+00
4.243716815313020e+02,4.512513683997210e+00
4.244216815313020e+02,4.512500952075947e+00
4.244716815313020e+02,4.512488220953667e+00
4.245216815313020e+02,4.512475490629789e+00
4.245716815313020e+02,4.512462761103792e+00
4.246216815313020e+02,4.512450032375100e+00
4.246716815313021e+02,4.512437304443180e+00
4.247216815313021e+02,4.512424577307483e+00
4.247716815313021e+02,4.512411850967434e+00
4.248216815313021e+02,4.512399125422531e+00
4.248716815313021e+02,4.512386400672225e+00
4.249216815313021e+02,4.512373676715939e+00
4.249716815313021e+02,4.512360953553153e+00
4.250216815313021e+02,4.512348231183326e+00
4.250716815313021e+02,4.512335509605885e+00
4.251216815313022e+02,4.512322788820322e+00
4.251716815313022e+02,4.512310068826126e+00
4.252216815313022e+02,4.512297349622706e+00
4.252716815313022e+02,4.512284631209521e+00
4.253216815313022e+02,4.512271913586047e+00
4.253716815313022e+02,4.512259196751704e+00
4.254216815313022e+02,4.512246480705953e+00
4.254716815313022e+02,4.512233765448273e+00
4.255216815313022e+02,4.512221050978145e+00
4.255716815313023e+02,4.512208337295029e+00
4.256216815313023e+02,4.512195624398351e+00
4.256716815313023e+02,4.512182912287565e+00
4.257216815313023e+02,4.512170200962153e+00
4.257716815313023e+02,4.512157490421579e+00
4.258216815313023e+02,4.512144780665333e+00
4.258716815313023e+02,4.512132071692862e+00
4.259216815313023e+02,4.512119363503580e+00
4.259716815313024e+02,4.512106656096987e+00
4.260216815313024e+02,4.512093949472550e+00
4.260716815313024e+02,4.512081243629721e+00
4.261216815313024e+02,4.512068538567964e+00
4.261716815313024e+02,4.512055834286751e+00
4.262216815313024e+02,4.512043130785578e+00
4.262716815313024e+02,4.512030428063877e+00
4.263216815313024e+02,4.512017726121077e+00
4.263716815313024e+02,4.512005024956683e+00
4.264216815313025e+02,4.511992324570153e+00
4.264716815313025e+02,4.511979624960961e+00
4.265216815313025e+02,4.511966926128590e+00
4.265716815313025e+02,4.511954228072478e+00
4.266216815313025e+02,4.511941530792116e+00
4.266716815313025e+02,4.511928834287002e+00
4.267216815313025e+02,4.511916138556550e+00
4.267716815313025e+02,4.511903443600188e+00
4.268216815313025e+02,4.511890749417447e+00
4.268716815313026e+02,4.511878056007821e+00
4.269216815313026e+02,4.511865363370744e+00
4.269716815313026e+02,4.511852671505700e+00
4.270216815313026e+02,4.511839980412178e+00
4.270716815313026e+02,4.511827290089629e+00
4.271216815313026e+02,4.511814600537482e+00
4.271716815313026e+02,4.511801911755215e+00
4.272216815313026e+02,4.511789223742339e+00
4.272716815313026e+02,4.511776536498336e+00
4.273216815313027e+02,4.511763850022702e+00
4.273716815313027e+02,4.511751164314895e+00
4.274216815313027e+02,4.511738479374316e+00
4.274716815313027e+02,4.511725795200460e+00
4.275216815313027e+02,4.511713111792870e+00
4.275716815313027e+02,4.511700429151012e+00
4.276216815313027e+02,4.511687747274300e+00
4.276716815313027e+02,4.511675066162192e+00
4.277216815313027e+02,4.511662385814253e+00
4.277716815313028e+02,4.511649706229964e+00
4.278216815313028e+02,4.511637027408722e+00
4.278716815313028e+02,4.511624349349998e+00
4.279216815313028e+02,4.511611672053299e+00
4.279716815313028e+02,4.511598995518125e+00
4.280216815313028e+02,4.511586319743990e+00
4.280716815313028e+02,4.511573644730347e+00
4.281216815313028e+02,4.511560970476615e+00
4.281716815313029e+02,4.511548296982304e+00
4.282216815313029e+02,4.511535624246930e+00
4.282716815313029e+02,4.511522952269921e+00
4.283216815313029e+02,4.511510281050757e+00
4.283716815313029e+02,4.511497610588982e+00
4.284216815313029e+02,4.511484940884063e+00
4.284716815313029e+02,4.511472271935435e+00
4.285216815313029e+02,4.511459603742606e+00
4.285716815313029e+02,4.511446936305050e+00
4.286216815313030e+02,4.511434269622223e+00
4.286716815313030e+02,4.511421603693675e+00
4.287216815313030e+02,4.511408938518876e+00
4.287716815313030e+02,4.511396274097243e+00
4.288216815313030e+02,4.511383610428283e+00
4.288716815313030e+02,4.511370947511526e+00
4.289216815313030e+02,4.511358285346471e+00
4.289716815313030e+02,4.511345623932550e+00
4.290216815313030e+02,4.511332963269228e+00
4.290716815313031e+02,4.511320303356049e+00
4.291216815313031e+02,4.511307644192498e+00
4.291716815313031e+02,4.511294985778059e+00
4.292216815313031e+02,4.511282328112188e+00
4.292716815313031e+02,4.511269671194336e+00
4.293216815313031e+02,4.511257015024031e+00
4.293716815313031e+02,4.511244359600801e+00
4.294216815313031e+02,4.511231704924118e+00
4.294716815313031e+02,4.511219050993463e+00
4.295216815313032e+02,4.511206397808320e+00
4.295716815313032e+02,4.511193745368171e+00
4.296216815313032e+02,4.511181093672516e+00
4.296716815313032e+02,4.511168442720843e+00
4.297216815313032e+02,4.511155792512648e+00
4.297716815313032e+02,4.511143143047397e+00
4.298216815313032e+02,4.511130494324588e+00
4.298716815313032e+02,4.511117846343732e+00
4.299216815313032e+02,4.511105199104295e+00
4.299716815313033e+02,4.511092552605809e+00
4.300216815313033e+02,4.511079906847769e+00
4.300716815313033e+02,4.511067261829639e+00
4.301216815313033e+02,4.511054617550891e+00
4.301716815313033e+02,4.511041974011043e+00
4.302216815313033e+02,4.511029331209627e+00
4.302716815313033e+02,4.511016689146092e+00
4.303216815313033e+02,4.511004047819938e+00
4.303716815313034e+02,4.510991407230658e+00
4.304216815313034e+02,4.510978767377728e+00
4.304716815313034e+02,4.510966128260688e+00
4.305216815313034e+02,4.510953489879011e+00
4.305716815313034e+02,4.510940852232197e+00
4.306216815313034e+02,4.510928215319788e+00
4.306716815313034e+02,4.510915579141249e+00
4.307216815313034e+02,4.510902943696037e+00
4.307716815313034e+02,4.510890308983672e+00
4.308216815313035e+02,4.510877675003678e+00
4.308716815313035e+02,4.510865041755549e+00
4.309216815313035e+02,4.510852409238754e+00
4.309716815313035e+02,4.510839777452802e+00
4.310216815313035e+02,4.510827146397230e+00
4.310716815313035e+02,4.510814516071477e+00
4.311216815313035e+02,4.510801886475059e+00
4.311716815313035e+02,4.510789257607534e+00
4.312216815313035e+02,4.510776629468365e+00
4.312716815313036e+02,4.510764002057040e+00
4.313216815313036e+02,4.510751375373091e+00
4.313716815313036e+02,4.510738749415991e+00
4.314216815313036e+02,4.510726124185240e+00
4.314716815313036e+02,4.510713499680361e+00
4.315216815313036e+02,4.510700875900839e+00
4.315716815313036e+02,4.510688252846204e+00
4.316216815313036e+02,4.510675630515976e+00
4.316716815313036e+02,4.510663008909622e+00
4.317216815313037e+02,4.510650388026623e+00
4.317716815313037e+02,4.510637767866498e+00
4.318216815313037e+02,4.510625148428782e+00
4.318716815313037e+02,4.510612529712980e+00
4.319216815313037e+02,4.510599911718601e+00
4.319716815313037e+02,4.510587294445161e+00
4.320216815313037e+02,4.510574677892149e+00
4.320716815313037e+02,4.510562062059023e+00
4.321216815313038e+02,4.510549446945296e+00
4.321716815313038e+02,4.510536832550557e+00
4.322216815313038e+02,4.510524218874309e+00
4.322716815313038e+02,4.510511605916004e+00
4.323216815313038e+02,4.510498993675142e+00
4.323716815313038e+02,4.510486382151247e+00
4.324216815313038e+02,4.510473771343847e+00
4.324716815313038e+02,4.510461161252465e+00
4.325216815313038e+02,4.510448551876611e+00
4.325716815313039e+02,4.510435943215765e+00
4.326216815313039e+02,4.510423335269429e+00
4.326716815313039e+02,4.510410728037148e+00
4.327216815313039e+02,4.510398121518421e+00
4.327716815313039e+02,4.510385515712741e+00
4.328216815313039e+02,4.510372910619647e+00
4.328716815313039e+02,4.510360306238649e+00
4.329216815313039e+02,4.510347702569266e+00
4.329716815313039e+02,4.510335099610997e+00
4.330216815313040e+02,4.510322497363369e+00
4.330716815313040e+02,4.510309895825887e+00
4.331216815313040e+02,4.510297294998043e+00
4.331716815313040e+02,4.510284694879367e+00
4.332216815313040e+02,4.510272095469386e+00
4.332716815313040e+02,4.510259496767626e+00
4.333216815313040e+02,4.510246898773604e+00
4.333716815313040e+02,4.510234301486821e+00
4.334216815313040e+02,4.510221704906733e+00
4.334716815313041e+02,4.510209109032899e+00
4.335216815313041e+02,4.510196513864902e+00
4.335716815313041e+02,4.510183919402228e+00
4.336216815313041e+02,4.510171325644341e+00
4.336716815313041e+02,4.510158732590804e+00
4.337216815313041e+02,4.510146140241162e+00
4.337716815313041e+02,4.510133548594855e+00
4.338216815313041e+02,4.510120957651435e+00
4.338716815313041e+02,4.510108367410442e+00
4.339216815313042e+02,4.510095777871372e+00
4.339716815313042e+02,4.510083189033786e+00
4.340216815313042e+02,4.510070600897203e+00
4.340716815313042e+02,4.510058013461103e+00
4.341216815313042e+02,4.510045426724986e+00
4.341716815313042e+02,4.510032840688431e+00
4.342216815313042e+02,4.510020255350957e+00
4.342716815313042e+02,4.510007670712021e+00
4.343216815313043e+02,4.509995086771177e+00
4.343716815313043e+02,4.509982503527985e+00
4.344216815313043e+02,4.509969920982002e+00
4.344716815313043e+02,4.509957339132707e+00
4.345216815313043e+02,4.509944757979545e+00
4.345716815313043e+02,4.509932177522071e+00
4.346216815313043e+02,4.509919597759895e+00
4.346716815313043e+02,4.509907018692524e+00
4.347216815313043e+02,4.509894440319423e+00
4.347716815313044e+02,4.509881862640126e+00
4.348216815313044e+02,4.509869285654186e+00
4.348716815313044e+02,4.509856709361133e+00
4.349216815313044e+02,4.509844133760484e+00
4.349716815313044e+02,4.509831558851760e+00
4.350216815313044e+02,4.509818984634490e+00
4.350716815313044e+02,4.509806411108220e+00
4.351216815313044e+02,4.509793838272465e+00
4.351716815313044e+02,4.509781266126725e+00
4.352216815313045e+02,4.509768694670570e+00
4.352716815313045e+02,4.509756123903546e+00
4.353216815313045e+02,4.509743553825148e+00
4.353716815313045e+02,4.509730984434874e+00
4.354216815313045e+02,4.509718415732253e+00
4.354716815313045e+02,4.509705847716866e+00
4.355216815313045e+02,4.509693280388231e+00
4.355716815313045e+02,4.509680713745873e+00
4.356216815313045e+02,4.509668147789358e+00
4.356716815313046e+02,4.509655582518186e+00
4.357216815313046e+02,4.509643017931851e+00
4.357716815313046e+02,4.509630454029927e+00
4.358216815313046e+02,4.509617890811947e+00
4.358716815313046e+02,4.509605328277411e+00
4.359216815313046e+02,4.509592766425913e+00
4.359716815313046e+02,4.509580205256981e+00
4.360216815313046e+02,4.509567644770076e+00
4.360716815313046e+02,4.509555084964761e+00
4.361216815313047e+02,4.509542525840576e+00
4.361716815313047e+02,4.509529967397071e+00
4.362216815313047e+02,4.509517409633789e+00
4.362716815313047e+02,4.509504852550258e+00
4.363216815313047e+02,4.509492296146024e+00
4.363716815313047e+02,4.509479740420593e+00
4.364216815313047e+02,4.509467185373516e+00
4.364716815313047e+02,4.509454631004325e+00
4.365216815313048e+02,4.509442077312541e+00
4.365716815313048e+02,4.509429524297721e+00
4.366216815313048e+02,4.509416971959388e+00
4.366716815313048e+02,4.509404420297118e+00
4.367216815313048e+02,4.509391869310458e+00
4.367716815313048e+02,4.509379318998876e+00
4.368216815313048e+02,4.509366769361955e+00
4.368716815313048e+02,4.509354220399238e+00
4.369216815313048e+02,4.509341672110236e+00
4.369716815313049e+02,4.509329124494543e+00
4.370216815313049e+02,4.509316577551663e+00
4.370716815313049e+02,4.509304031281110e+00
4.371216815313049e+02,4.509291485682453e+00
4.371716815313049e+02,4.509278940755248e+00
4.372216815313049e+02,4.509266396499046e+00
4.372716815313049e+02,4.509253852913324e+00
4.373216815313049e+02,4.509241309997640e+00
4.373716815313049e+02,4.509228767751608e+00
4.374216815313050e+02,4.509216226174750e+00
4.374716815313050e+02,4.509203685266550e+00
4.375216815313050e+02,4.509191145026571e+00
4.375716815313050e+02,4.509178605454372e+00
4.376216815313050e+02,4.509166066549512e+00
4.376716815313050e+02,4.509153528311536e+00
4.377216815313050e+02,4.509140990739954e+00
4.377716815313050e+02,4.509128453834319e+00
4.378216815313050e+02,4.509115917594191e+00
4.378716815313051e+02,4.509103382019112e+00
4.379216815313051e+02,4.509090847108641e+00
4.379716815313051e+02,4.509078312862315e+00
4.380216815313051e+02,4.509065779279670e+00
4.380716815313051e+02,4.509053246360242e+00
4.381216815313051e+02,4.509040714103611e+00
4.381716815313051e+02,4.509028182509323e+00
4.382216815313051e+02,4.509015651576906e+00
4.382716815313051e+02,4.509003121305907e+00
4.383216815313052e+02,4.508990591695871e+00
4.383716815313052e+02,4.508978062746384e+00
4.384216815313052e+02,4.508965534456956e+00
4.384716815313052e+02,4.508953006827120e+00
4.385216815313052e+02,4.508940479856512e+00
4.385716815313052e+02,4.508927953544652e+00
4.386216815313052e+02,4.508915427891017e+00
4.386716815313052e+02,4.508902902895189e+00
4.387216815313053e+02,4.508890378556742e+00
4.387716815313053e+02,4.508877854875236e+00
4.388216815313053e+02,4.508865331850230e+00
4.388716815313053e+02,4.508852809481248e+00
4.389216815313053e+02,4.508840287767826e+00
4.389716815313053e+02,4.508827766709537e+00
4.390216815313053e+02,4.508815246305943e+00
4.390716815313053e+02,4.508802726556580e+00
4.391216815313053e+02,4.508790207461033e+00
4.391716815313054e+02,4.508777689018855e+00
4.392216815313054e+02,4.508765171229554e+00
4.392716815313054e+02,4.508752654092706e+00
4.393216815313054e+02,4.508740137607890e+00
4.393716815313054e+02,4.508727621774663e+00
4.394216815313054e+02,4.508715106592545e+00
4.394716815313054e+02,4.508702592061073e+00
4.395216815313054e+02,4.508690078179847e+00
4.395716815313054e+02,4.508677564948441e+00
4.396216815313055e+02,4.508665052366385e+00
4.396716815313055e+02,4.508652540433235e+00
4.397216815313055e+02,4.508640029148544e+00
4.397716815313055e+02,4.508627518511858e+00
4.398216815313055e+02,4.508615008522765e+00
4.398716815313055e+02,4.508602499180820e+00
4.399216815313055e+02,4.508589990485534e+00
4.399716815313055e+02,4.508577482436513e+00
4.400216815313055e+02,4.508564975033357e+00
4.400716815313056e+02,4.508552468275570e+00
4.401216815313056e+02,4.508539962162697e+00
4.401716815313056e+02,4.508527456694297e+00
4.402216815313056e+02,4.508514951869951e+00
4.402716815313056e+02,4.508502447689266e+00
4.403216815313056e+02,4.508489944151757e+00
4.403716815313056e+02,4.508477441256954e+00
4.404216815313056e+02,4.508464939004449e+00
4.404716815313056e+02,4.508452437393825e+00
4.405216815313057e+02,4.508439936424641e+00
4.405716815313057e+02,4.508427436096430e+00
4.406216815313057e+02,4.508414936408767e+00
4.406716815313057e+02,4.508402437361220e+00
4.407216815313057e+02,4.508389938953371e+00
4.407716815313057e+02,4.508377441184797e+00
4.408216815313057e+02,4.508364944055007e+00
4.408716815313057e+02,4.508352447563532e+00
4.409216815313058e+02,4.508339951709991e+00
4.409716815313058e+02,4.508327456493989e+00
4.410216815313058e+02,4.508314961915037e+00
4.410716815313058e+02,4.508302467972713e+00
4.411216815313058e+02,4.508289974666642e+00
4.411716815313058e+02,4.508277481996334e+00
4.412216815313058e+02,4.508264989961302e+00
4.412716815313058e+02,4.508252498561162e+00
4.413216815313058e+02,4.508240007795507e+00
4.413716815313059e+02,4.508227517663864e+00
4.414216815313059e+02,4.508215028165802e+00
4.414716815313059e+02,4.508202539300942e+00
4.415216815313059e+02,4.508190051068826e+00
4.415716815313059e+02,4.508177563469007e+00
4.416216815313059e+02,4.508165076501108e+00
4.416716815313059e+02,4.508152590164641e+00
4.417216815313059e+02,4.508140104459160e+00
4.417716815313059e+02,4.508127619384272e+00
4.418216815313060e+02,4.508115134939517e+00
4.418716815313060e+02,4.508102651124497e+00
4.419216815313060e+02,4.508090167938787e+00
4.419716815313060e+02,4.508077685381939e+00
4.420216815313060e+02,4.508065203453535e+00
4.420716815313060e+02,4.508052722153161e+00
4.421216815313060e+02,4.508040241480360e+00
4.421716815313060e+02,4.508027761434696e+00
4.422216815313060e+02,4.508015282015754e+00
4.422716815313061e+02,4.508002803223122e+00
4.423216815313061e+02,4.507990325056371e+00
4.423716815313061e+02,4.507977847515062e+00
4.424216815313061e+02,4.507965370598762e+00
4.424716815313061e+02,4.507952894307063e+00
4.425216815313061e+02,4.507940418639569e+00
4.425716815313061e+02,4.507927943595807e+00
4.426216815313061e+02,4.507915469175342e+00
4.426716815313061e+02,4.507902995377790e+00
4.427216815313062e+02,4.507890522202719e+00
4.427716815313062e+02,4.507878049649666e+00
4.428216815313062e+02,4.507865577718238e+00
4.428716815313062e+02,4.507853106408046e+00
4.429216815313062e+02,4.507840635718628e+00
4.429716815313062e+02,4.507828165649538e+00
4.430216815313062e+02,4.507815696200372e+00
4.430716815313062e+02,4.507803227370722e+00
4.431216815313063e+02,4.507790759160164e+00
4.431716815313063e+02,4.507778291568290e+00
4.432216815313063e+02,4.507765824594665e+00
4.432716815313063e+02,4.507753358238811e+00
4.433216815313063e+02,4.507740892500379e+00
4.433716815313063e+02,4.507728427378986e+00
4.434216815313063e+02,4.507715962874136e+00
4.434716815313063e+02,4.507703498985393e+00
4.435216815313063e+02,4.507691035712381e+00
4.435716815313064e+02,4.507678573054711e+00
4.436216815313064e+02,4.507666111011925e+00
4.436716815313064e+02,4.507653649583565e+00
4.437216815313064e+02,4.507641188769230e+00
4.437716815313064e+02,4.507628728568549e+00
4.438216815313064e+02,4.507616268981121e+00
4.438716815313064e+02,4.507603810006461e+00
4.439216815313064e+02,4.507591351644165e+00
4.439716815313064e+02,4.507578893893837e+00
4.440216815313065e+02,4.507566436755005e+00
4.440716815313065e+02,4.507553980227319e+00
4.441216815313065e+02,4.507541524310390e+00
4.441716815313065e+02,4.507529069003761e+00
4.442216815313065e+02,4.507516614307022e+00
4.442716815313065e+02,4.507504160219760e+00
4.443216815313065e+02,4.507491706741510e+00
4.443716815313065e+02,4.507479253871839e+00
4.444216815313065e+02,4.507466801610401e+00
4.444716815313066e+02,4.507454349956824e+00
4.445216815313066e+02,4.507441898910652e+00
4.445716815313066e+02,4.507429448471436e+00
4.446216815313066e+02,4.507416998638788e+00
4.446716815313066e+02,4.507404549412311e+00
4.447216815313066e+02,4.507392100791595e+00
4.447716815313066e+02,4.507379652776171e+00
4.448216815313066e+02,4.507367205365646e+00
4.448716815313066e+02,4.507354758559670e+00
4.449216815313067e+02,4.507342312357796e+00
4.449716815313067e+02,4.507329866759578e+00
4.450216815313067e+02,4.507317421764621e+00
4.450716815313067e+02,4.507304977372536e+00
4.451216815313067e+02,4.507292533582907e+00
4.451716815313067e+02,4.507280090395341e+00
4.452216815313067e+02,4.507267647809414e+00
4.452716815313067e+02,4.507255205824686e+00
4.453216815313068e+02,4.507242764440768e+00
4.453716815313068e+02,4.507230323657261e+00
4.454216815313068e+02,4.507217883473752e+00
4.454716815313068e+02,4.507205443889825e+00
4.455216815313068e+02,4.507193004905074e+00
4.455716815313068e+02,4.507180566519104e+00
4.456216815313068e+02,4.507168128731505e+00
4.456716815313068e+02,4.507155691541843e+00
4.457216815313068e+02,4.507143254949734e+00
4.457716815313069e+02,4.507130818954815e+00
4.458216815313069e+02,4.507118383556637e+00
4.458716815313069e+02,4.507105948754755e+00
4.459216815313069e+02,4.507093514548810e+00
4.459716815313069e+02,4.507081080938390e+00
4.460216815313069e+02,4.507068647923066e+00
4.460716815313069e+02,4.507056215502460e+00
4.461216815313069e+02,4.507043783676200e+00
4.461716815313069e+02,4.507031352443867e+00
4.462216815313070e+02,4.507018921804970e+00
4.462716815313070e+02,4.507006491759148e+00
4.463216815313070e+02,4.506994062306060e+00
4.463716815313070e+02,4.506981633445253e+00
4.464216815313070e+02,4.506969205176360e+00
4.464716815313070e+02,4.506956777498949e+00
4.465216815313070e+02,4.506944350412573e+00
4.465716815313070e+02,4.506931923916913e+00
4.466216815313070e+02,4.506919498011553e+00
4.466716815313071e+02,4.506907072696037e+00
4.467216815313071e+02,4.506894647969996e+00
4.467716815313071e+02,4.506882223833048e+00
4.468216815313071e+02,4.506869800284775e+00
4.468716815313071e+02,4.506857377324774e+00
4.469216815313071e+02,4.506844954952627e+00
4.469716815313071e+02,4.506832533167967e+00
4.470216815313071e+02,4.506820111970407e+00
4.470716815313071e+02,4.506807691359509e+00
4.471216815313072e+02,4.506795271334869e+00
4.471716815313072e+02,4.506782851896107e+00
4.472216815313072e+02,4.506770433042838e+00
4.472716815313072e+02,4.506758014774681e+00
4.473216815313072e+02,4.506745597091204e+00
4.473716815313072e+02,4.506733179991988e+00
4.474216815313072e+02,4.506720763476678e+00
4.474716815313072e+02,4.506708347544851e+00
4.475216815313073e+02,4.506695932196105e+00
4.475716815313073e+02,4.506683517430075e+00
4.476216815313073e+02,4.506671103246350e+00
4.476716815313073e+02,4.506658689644545e+00
4.477216815313073e+02,4.506646276624259e+00
4.477716815313073e+02,4.506633864185072e+00
4.478216815313073e+02,4.506621452326621e+00
4.478716815313073e+02,4.506609041048498e+00
4.479216815313073e+02,4.506596630350310e+00
4.479716815313074e+02,4.506584220231660e+00
4.480216815313074e+02,4.506571810692115e+00
4.480716815313074e+02,4.506559401731352e+00
4.481216815313074e+02,4.506546993348990e+00
4.481716815313074e+02,4.506534585544577e+00
4.482216815313074e+02,4.506522178317709e+00
4.482716815313074e+02,4.506509771668020e+00
4.483216815313074e+02,4.506497365595147e+00
4.483716815313074e+02,4.506484960098687e+00
4.484216815313075e+02,4.506472555178217e+00
4.484716815313075e+02,4.506460150833346e+00
4.485216815313075e+02,4.506447747063720e+00
4.485716815313075e+02,4.506435343868934e+00
4.486216815313075e+02,4.506422941248560e+00
4.486716815313075e+02,4.506410539202226e+00
4.487216815313075e+02,4.506398137729538e+00
4.487716815313075e+02,4.506385736830180e+00
4.488216815313075e+02,4.506373336503753e+00
4.488716815313076e+02,4.506360936749759e+00
4.489216815313076e+02,4.506348537567833e+00
4.489716815313076e+02,4.506336138957638e+00
4.490216815313076e+02,4.506323740918804e+00
4.490716815313076e+02,4.506311343450916e+00
4.491216815313076e+02,4.506298946553524e+00
4.491716815313076e+02,4.506286550226291e+00
4.492216815313076e+02,4.506274154468891e+00
4.492716815313076e+02,4.506261759280891e+00
4.493216815313077e+02,4.506249364661854e+00
4.493716815313077e+02,4.506236970611441e+00
4.494216815313077e+02,4.506224577129304e+00
4.494716815313077e+02,4.506212184214990e+00
4.495216815313077e+02,4.506199791868092e+00
4.495716815313077e+02,4.506187400088275e+00
4.496216815313077e+02,4.506175008875164e+00
4.496716815313077e+02,4.506162618228370e+00
4.497216815313078e+02,4.506150228147520e+00
4.497716815313078e+02,4.506137838632188e+00
4.498216815313078e+02,4.506125449681950e+00
4.498716815313078e+02,4.506113061296482e+00
4.499216815313078e+02,4.506100673475430e+00
4.499716815313078e+02,4.506088286218393e+00
4.500216815313078e+02,4.506075899524979e+00
4.500716815313078e+02,4.506063513394803e+00
4.501216815313078e+02,4.506051127827481e+00
4.501716815313079e+02,4.506038742822607e+00
4.502216815313079e+02,4.506026358379833e+00
4.502716815313079e+02,4.506013974498796e+00
4.503216815313079e+02,4.506001591179052e+00
4.503716815313079e+02,4.505989208420242e+00
4.504216815313079e+02,4.505976826222014e+00
4.504716815313079e+02,4.505964444583978e+00
4.505216815313079e+02,4.505952063505758e+00
4.505716815313079e+02,4.505939682986967e+00
4.506216815313080e+02,4.505927303027213e+00
4.506716815313080e+02,4.505914923626115e+00
4.507216815313080e+02,4.505902544783304e+00
4.507716815313080e+02,4.505890166498396e+00
4.508216815313080e+02,4.505877788771004e+00
4.508716815313080e+02,4.505865411600785e+00
4.509216815313080e+02,4.505853034987334e+00
4.509716815313080e+02,4.505840658930222e+00
4.510216815313080e+02,4.505828283429124e+00
4.510716815313081e+02,4.505815908483743e+00
4.511216815313081e+02,4.505803534093638e+00
4.511716815313081e+02,4.505791160258362e+00
4.512216815313081e+02,4.505778786977601e+00
4.512716815313081e+02,4.505766414250989e+00
4.513216815313081e+02,4.505754042078138e+00
4.513716815313081e+02,4.505741670458656e+00
4.514216815313081e+02,4.505729299392176e+00
4.514716815313081e+02,4.505716928878344e+00
4.515216815313082e+02,4.505704558916764e+00
4.515716815313082e+02,4.505692189507066e+00
4.516216815313082e+02,4.505679820648839e+00
4.516716815313082e+02,4.505667452341757e+00
4.517216815313082e+02,4.505655084585462e+00
4.517716815313082e+02,4.505642717379525e+00
4.518216815313082e+02,4.505630350723634e+00
4.518716815313082e+02,4.505617984617406e+00
4.519216815313083e+02,4.505605619060399e+00
4.519716815313083e+02,4.505593254052266e+00
4.520216815313083e+02,4.505580889592668e+00
4.520716815313083e+02,4.505568525681244e+00
4.521216815313083e+02,4.505556162317590e+00
4.521716815313083e+02,4.505543799501336e+00
4.522216815313083e+02,4.505531437232137e+00
4.522716815313083e+02,4.505519075509584e+00
4.523216815313083e+02,4.505506714333280e+00
4.523716815313084e+02,4.505494353702915e+00
4.524216815313084e+02,4.505481993618162e+00
4.524716815313084e+02,4.505469634078578e+00
4.525216815313084e+02,4.505457275083763e+00
4.525716815313084e+02,4.505444916633399e+00
4.526216815313084e+02,4.505432558727120e+00
4.526716815313084e+02,4.505420201364537e+00
4.527216815313084e+02,4.505407844545309e+00
4.527716815313084e+02,4.505395488269040e+00
4.528216815313085e+02,4.505383132535367e+00
4.528716815313085e+02,4.505370777343941e+00
4.529216815313085e+02,4.505358422694345e+00
4.529716815313085e+02,4.505346068586245e+00
4.530216815313085e+02,4.505333715019324e+00
4.530716815313085e+02,4.505321361993166e+00
4.531216815313085e+02,4.505309009507391e+00
4.531716815313085e+02,4.505296657561640e+00
4.532216815313085e+02,4.505284306155539e+00
4.532716815313086e+02,4.505271955288729e+00
4.533216815313086e+02,4.505259604960860e+00
4.533716815313086e+02,4.505247255171546e+00
4.534216815313086e+02,4.505234905920433e+00
4.534716815313086e+02,4.505222557207192e+00
4.535216815313086e+02,4.505210209031446e+00
4.535716815313086e+02,4.505197861392785e+00
4.536216815313086e+02,4.505185514290851e+00
4.536716815313086e+02,4.505173167725306e+00
4.537216815313087e+02,4.505160821695791e+00
4.537716815313087e+02,4.505148476201914e+00
4.538216815313087e+02,4.505136131243332e+00
4.538716815313087e+02,4.505123786819706e+00
4.539216815313087e+02,4.505111442930631e+00
4.539716815313087e+02,4.505099099575773e+00
4.540216815313087e+02,4.505086756754773e+00
4.540716815313087e+02,4.505074414467222e+00
4.541216815313088e+02,4.505062072712772e+00
4.541716815313088e+02,4.505049731491066e+00
4.542216815313088e+02,4.505037390801758e+00
4.542716815313088e+02,4.505025050644518e+00
4.543216815313088e+02,4.505012711018979e+00
4.543716815313088e+02,4.505000371924748e+00
4.544216815313088e+02,4.504988033361452e+00
4.544716815313088e+02,4.504975695328769e+00
4.545216815313088e+02,4.504963357826337e+00
4.545716815313089e+02,4.504951020853766e+00
4.546216815313089e+02,4.504938684410690e+00
4.546716815313089e+02,4.504926348496795e+00
4.547216815313089e+02,4.504914013111718e+00
4.547716815313089e+02,4.504901678255055e+00
4.548216815313089e+02,4.504889343926463e+00
4.548716815313089e+02,4.504877010125610e+00
4.549216815313089e+02,4.504864676852120e+00
4.549716815313089e+02,4.504852344105617e+00
4.550216815313090e+02,4.504840011885795e+00
4.550716815313090e+02,4.504827680192312e+00
4.551216815313090e+02,4.504815349024772e+00
4.551716815313090e+02,4.504803018382814e+00
4.552216815313090e+02,4.504790688266058e+00
4.552716815313090e+02,4.504778358674168e+00
4.553216815313090e+02,4.504766029606791e+00
4.553716815313090e+02,4.504753701063584e+00
4.554216815313090e+02,4.504741373044240e+00
4.554716815313091e+02,4.504729045548346e+00
4.555216815313091e+02,4.504716718575503e+00
4.555716815313091e+02,4.504704392125436e+00
4.556216815313091e+02,4.504692066197806e+00
4.556716815313091e+02,4.504679740792175e+00
4.557216815313091e+02,4.504667415908187e+00
4.557716815313091e+02,4.504655091545550e+00
4.558216815313091e+02,4.504642767703925e+00
4.558716815313092e+02,4.504630444382906e+00
4.559216815313092e+02,4.504618121582166e+00
4.559716815313092e+02,4.504605799301392e+00
4.560216815313092e+02,4.504593477540175e+00
4.560716815313092e+02,4.504581156298159e+00
4.561216815313092e+02,4.504568835575028e+00
4.561716815313092e+02,4.504556515370400e+00
4.562216815313092e+02,4.504544195683898e+00
4.562716815313092e+02,4.504531876515225e+00
4.563216815313093e+02,4.504519557864040e+00
4.563716815313093e+02,4.504507239729940e+00
4.564216815313093e+02,4.504494922112614e+00
4.564716815313093e+02,4.504482605011733e+00
4.565216815313093e+02,4.504470288426933e+00
4.565716815313093e+02,4.504457972357834e+00
4.566216815313093e+02,4.504445656804060e+00
4.566716815313093e+02,4.504433341765324e+00
4.567216815313093e+02,4.504421027241276e+00
4.567716815313094e+02,4.504408713231542e+00
4.568216815313094e+02,4.504396399735800e+00
4.568716815313094e+02,4.504384086753666e+00
4.569216815313094e+02,4.504371774284763e+00
4.569716815313094e+02,4.504359462328803e+00
4.570216815313094e+02,4.504347150885468e+00
4.570716815313094e+02,4.504334839954357e+00
4.571216815313094e+02,4.504322529535156e+00
4.571716815313094e+02,4.504310219627525e+00
4.572216815313095e+02,4.504297910231038e+00
4.572716815313095e+02,4.504285601345388e+00
4.573216815313095e+02,4.504273292970274e+00
4.573716815313095e+02,4.504260985105308e+00
4.574216815313095e+02,4.504248677750168e+00
4.574716815313095e+02,4.504236370904533e+00
4.575216815313095e+02,4.504224064568009e+00
4.575716815313095e+02,4.504211758740245e+00
4.576216815313095e+02,4.504199453420928e+00
4.576716815313096e+02,4.504187148609725e+00
4.577216815313096e+02,4.504174844306254e+00
4.577716815313096e+02,4.504162540510160e+00
4.578216815313096e+02,4.504150237221143e+00
4.578716815313096e+02,4.504137934438877e+00
4.579216815313096e+02,4.504125632163008e+00
4.579716815313096e+02,4.504113330393174e+00
4.580216815313096e+02,4.504101029129020e+00
4.580716815313097e+02,4.504088728370212e+00
4.581216815313097e+02,4.504076428116406e+00
4.581716815313097e+02,4.504064128367266e+00
4.582216815313097e+02,4.504051829122478e+00
4.582716815313097e+02,4.504039530381679e+00
4.583216815313097e+02,4.504027232144510e+00
4.583716815313097e+02,4.504014934410638e+00
4.584216815313097e+02,4.504002637179746e+00
4.584716815313097e+02,4.503990340451489e+00
4.585216815313098e+02,4.503978044225517e+00
4.585716815313098e+02,4.503965748501514e+00
4.586216815313098e+02,4.503953453279112e+00
4.586716815313098e+02,4.503941158557948e+00
4.587216815313098e+02,4.503928864337712e+00
4.587716815313098e+02,4.503916570618098e+00
4.588216815313098e+02,4.503904277398711e+00
4.588716815313098e+02,4.503891984679219e+00
4.589216815313098e+02,4.503879692459358e+00
4.589716815313099e+02,4.503867400738747e+00
4.590216815313099e+02,4.503855109516997e+00
4.590716815313099e+02,4.503842818793802e+00
4.591216815313099e+02,4.503830528568836e+00
4.591716815313099e+02,4.503818238841771e+00
4.592216815313099e+02,4.503805949612280e+00
4.592716815313099e+02,4.503793660880009e+00
4.593216815313099e+02,4.503781372644601e+00
4.593716815313099e+02,4.503769084905725e+00
4.594216815313100e+02,4.503756797663095e+00
4.594716815313100e+02,4.503744510916365e+00
4.595216815313100e+02,4.503732224665147e+00
4.595716815313100e+02,4.503719938909120e+00
4.596216815313100e+02,4.503707653647974e+00
4.596716815313100e+02,4.503695368881362e+00
4.597216815313100e+02,4.503683084608935e+00
4.597716815313100e+02,4.503670800830392e+00
4.598216815313100e+02,4.503658517545397e+00
4.598716815313101e+02,4.503646234753585e+00
4.599216815313101e+02,4.503633952454638e+00
4.599716815313101e+02,4.503621670648236e+00
4.600216815313101e+02,4.503609389334035e+00
4.600716815313101e+02,4.503597108511709e+00
4.601216815313101e+02,4.503584828180944e+00
4.601716815313101e+02,4.503572548341420e+00
4.602216815313101e+02,4.503560268992766e+00
4.602716815313102e+02,4.503547990134620e+00
4.603216815313102e+02,4.503535711766672e+00
4.603716815313102e+02,4.503523433888589e+00
4.604216815313102e+02,4.503511156500069e+00
4.604716815313102e+02,4.503498879600817e+00
4.605216815313102e+02,4.503486603190456e+00
4.605716815313102e+02,4.503474327268623e+00
4.606216815313102e+02,4.503462051834986e+00
4.606716815313102e+02,4.503449776889267e+00
4.607216815313103e+02,4.503437502431169e+00
4.607716815313103e+02,4.503425228460310e+00
4.608216815313103e+02,4.503412954976336e+00
4.608716815313103e+02,4.503400681978928e+00
4.609216815313103e+02,4.503388409467769e+00
4.609716815313103e+02,4.503376137442553e+00
4.610216815313103e+02,4.503363865902956e+00
4.610716815313103e+02,4.503351594848635e+00
4.611216815313103e+02,4.503339324279230e+00
4.611716815313104e+02,4.503327054194431e+00
4.612216815313104e+02,4.503314784593925e+00
4.612716815313104e+02,4.503302515477412e+00
4.613216815313104e+02,4.503290246844555e+00
4.613716815313104e+02,4.503277978694973e+00
4.614216815313104e+02,4.503265711028356e+00
4.614716815313104e+02,4.503253443844417e+00
4.615216815313104e+02,4.503241177142831e+00
4.615716815313104e+02,4.503228910923267e+00
4.616216815313105e+02,4.503216645185370e+00
4.616716815313105e+02,4.503204379928799e+00
4.617216815313105e+02,4.503192115153264e+00
4.617716815313105e+02,4.503179850858444e+00
4.618216815313105e+02,4.503167587043988e+00
4.618716815313105e+02,4.503155323709594e+00
4.619216815313105e+02,4.503143060854950e+00
4.619716815313105e+02,4.503130798479720e+00
4.620216815313105e+02,4.503118536583601e+00
4.620716815313106e+02,4.503106275166239e+00
4.621216815313106e+02,4.503094014227254e+00
4.621716815313106e+02,4.503081753766385e+00
4.622216815313106e+02,4.503069493783390e+00
4.622716815313106e+02,4.503057234277876e+00
4.623216815313106e+02,4.503044975249451e+00
4.623716815313106e+02,4.503032716697844e+00
4.624216815313106e+02,4.503020458622783e+00
4.624716815313107e+02,4.503008201023906e+00
4.625216815313107e+02,4.502995943900885e+00
4.625716815313107e+02,4.502983687253450e+00
4.626216815313107e+02,4.502971431081228e+00
4.626716815313107e+02,4.502959175383872e+00
4.627216815313107e+02,4.502946920161124e+00
4.627716815313107e+02,4.502934665412650e+00
4.628216815313107e+02,4.502922411138083e+00
4.628716815313107e+02,4.502910157337139e+00
4.629216815313108e+02,4.502897904009526e+00
4.629716815313108e+02,4.502885651154883e+00
4.630216815313108e+02,4.502873398772882e+00
4.630716815313108e+02,4.502861146863235e+00
4.631216815313108e+02,4.502848895425648e+00
4.631716815313108e+02,4.502836644459774e+00
4.632216815313108e+02,4.502824393965269e+00
4.632716815313108e+02,4.502812143941823e+00
4.633216815313108e+02,4.502799894389133e+00
4.633716815313109e+02,4.502787645306924e+00
4.634216815313109e+02,4.502775396694878e+00
4.634716815313109e+02,4.502763148552614e+00
4.635216815313109e+02,4.502750900879795e+00
4.635716815313109e+02,4.502738653676118e+00
4.636216815313109e+02,4.502726406941321e+00
4.636716815313109e+02,4.502714160675107e+00
4.637216815313109e+02,4.502701914877061e+00
4.637716815313109e+02,4.502689669546950e+00
4.638216815313110e+02,4.502677424684470e+00
4.638716815313110e+02,4.502665180289224e+00
4.639216815313110e+02,4.502652936360953e+00
4.639716815313110e+02,4.502640692899319e+00
4.640216815313110e+02,4.502628449904027e+00
4.640716815313110e+02,4.502616207374790e+00
4.641216815313110e+02,4.502603965311217e+00
4.641716815313110e+02,4.502591723713016e+00
4.642216815313110e+02,4.502579482579926e+00
4.642716815313111e+02,4.502567241911597e+00
4.643216815313111e+02,4.502555001707707e+00
4.643716815313111e+02,4.502542761967995e+00
4.644216815313111e+02,4.502530522692107e+00
4.644716815313111e+02,4.502518283879705e+00
4.645216815313111e+02,4.502506045530515e+00
4.645716815313111e+02,4.502493807644226e+00
4.646216815313111e+02,4.502481570220496e+00
4.646716815313112e+02,4.502469333259028e+00
4.647216815313112e+02,4.502457096759551e+00
4.647716815313112e+02,4.502444860721726e+00
4.648216815313112e+02,4.502432625145198e+00
4.648716815313112e+02,4.502420390029665e+00
4.649216815313112e+02,4.502408155374841e+00
4.649716815313112e+02,4.502395921180422e+00
4.650216815313112e+02,4.502383687446132e+00
4.650716815313112e+02,4.502371454171637e+00
4.651216815313113e+02,4.502359221356580e+00
4.651716815313113e+02,4.502346989000683e+00
4.652216815313113e+02,4.502334757103664e+00
4.652716815313113e+02,4.502322525665181e+00
4.653216815313113e+02,4.502310294684916e+00
4.653716815313113e+02,4.502298064162571e+00
4.654216815313113e+02,4.502285834097851e+00
4.654716815313113e+02,4.502273604490460e+00
4.655216815313113e+02,4.502261375340067e+00
4.655716815313114e+02,4.502249146646364e+00
4.656216815313114e+02,4.502236918409049e+00
4.656716815313114e+02,4.502224690627787e+00
4.657216815313114e+02,4.502212463302332e+00
4.657716815313114e+02,4.502200236432384e+00
4.658216815313114e+02,4.502188010017541e+00
4.658716815313114e+02,4.502175784057514e+00
4.659216815313114e+02,4.502163558552073e+00
4.659716815313114e+02,4.502151333500887e+00
4.660216815313115e+02,4.502139108903614e+00
4.660716815313115e+02,4.502126884759974e+00
4.661216815313115e+02,4.502114661069674e+00
4.661716815313115e+02,4.502102437832384e+00
4.662216815313115e+02,4.502090215047787e+00
4.662716815313115e+02,4.502077992715602e+00
4.663216815313115e+02,4.502065770835528e+00
4.663716815313115e+02,4.502053549407277e+00
4.664216815313115e+02,4.502041328430535e+00
4.664716815313116e+02,4.502029107904955e+00
4.665216815313116e+02,4.502016887830264e+00
4.665716815313116e+02,4.502004668206174e+00
4.666216815313116e+02,4.501992449032371e+00
4.666716815313116e+02,4.501980230308524e+00
4.667216815313116e+02,4.501968012034337e+00
4.667716815313116e+02,4.501955794209544e+00
4.668216815313116e+02,4.501943576833823e+00
4.668716815313117e+02,4.501931359906873e+00
4.669216815313117e+02,4.501919143428392e+00
4.669716815313117e+02,4.501906927398105e+00
4.670216815313117e+02,4.501894711815722e+00
4.670716815313117e+02,4.501882496680859e+00
4.671216815313117e+02,4.501870281993211e+00
4.671716815313117e+02,4.501858067752545e+00
4.672216815313117e+02,4.501845853958555e+00
4.672716815313117e+02,4.501833640610906e+00
4.673216815313118e+02,4.501821427709325e+00
4.673716815313118e+02,4.501809215253521e+00
4.674216815313118e+02,4.501797003243163e+00
4.674716815313118e+02,4.501784791677970e+00
4.675216815313118e+02,4.501772580557655e+00
4.675716815313118e+02,4.501760369881887e+00
4.676216815313118e+02,4.501748159650372e+00
4.676716815313118e+02,4.501735949862837e+00
4.677216815313118e+02,4.501723740518981e+00
4.677716815313119e+02,4.501711531618480e+00
4.678216815313119e+02,4.501699323161034e+00
4.678716815313119e+02,4.501687115146364e+00
4.679216815313119e+02,4.501674907574201e+00
4.679716815313119e+02,4.501662700444203e+00
4.680216815313119e+02,4.501650493756029e+00
4.680716815313119e+02,4.501638287509467e+00
4.681216815313119e+02,4.501626081704255e+00
4.681716815313119e+02,4.501613876340023e+00
4.682216815313120e+02,4.501601671416442e+00
4.682716815313120e+02,4.501589466933250e+00
4.683216815313120e+02,4.501577262890132e+00
4.683716815313120e+02,4.501565059286825e+00
4.684216815313120e+02,4.501552856123062e+00
4.684716815313120e+02,4.501540653398523e+00
4.685216815313120e+02,4.501528451112917e+00
4.685716815313120e+02,4.501516249265924e+00
4.686216815313120e+02,4.501504047857211e+00
4.686716815313121e+02,4.501491846886514e+00
4.687216815313121e+02,4.501479646353591e+00
4.687716815313121e+02,4.501467446258145e+00
4.688216815313121e+02,4.501455246599841e+00
4.688716815313121e+02,4.501443047378379e+00
4.689216815313121e+02,4.501430848593446e+00
4.689716815313121e+02,4.501418650244815e+00
4.690216815313121e+02,4.501406452332217e+00
4.690716815313122e+02,4.501394254855281e+00
4.691216815313122e+02,4.501382057813712e+00
4.691716815313122e+02,4.501369861207243e+00
4.692216815313122e+02,4.501357665035607e+00
4.692716815313122e+02,4.501345469298465e+00
4.693216815313122e+02,4.501333273995513e+00
4.693716815313122e+02,4.501321079126517e+00
4.694216815313122e+02,4.501308884691155e+00
4.694716815313122e+02,4.501296690689133e+00
4.695216815313123e+02,4.501284497120204e+00
4.695716815313123e+02,4.501272303984054e+00
4.696216815313123e+02,4.501260111280370e+00
4.696716815313123e+02,4.501247919008867e+00
4.697216815313123e+02,4.501235727169242e+00
4.697716815313123e+02,4.501223535761201e+00
4.698216815313123e+02,4.501211344784510e+00
4.698716815313123e+02,4.501199154238874e+00
4.699216815313123e+02,4.501186964123953e+00
4.699716815313124e+02,4.501174774439462e+00
4.700216815313124e+02,4.501162585185118e+00
4.700716815313124e+02,4.501150396360640e+00
4.701216815313124e+02,4.501138207965753e+00
4.701716815313124e+02,4.501126020000168e+00
4.702216815313124e+02,4.501113832463616e+00
4.702716815313124e+02,4.501101645355790e+00
4.703216815313124e+02,4.501089458676334e+00
4.703716815313124e+02,4.501077272425013e+00
4.704216815313125e+02,4.501065086601592e+00
4.704716815313125e+02,4.501052901205752e+00
4.705216815313125e+02,4.501040716237179e+00
4.705716815313125e+02,4.501028531695574e+00
4.706216815313125e+02,4.501016347580671e+00
4.706716815313125e+02,4.501004163892199e+00
4.707216815313125e+02,4.500991980629873e+00
4.707716815313125e+02,4.500979797793413e+00
4.708216815313125e+02,4.500967615382493e+00
4.708716815313126e+02,4.500955433396815e+00
4.709216815313126e+02,4.500943251836132e+00
4.709716815313126e+02,4.500931070700161e+00
4.710216815313126e+02,4.500918889988602e+00
4.710716815313126e+02,4.500906709701227e+00
4.711216815313126e+02,4.500894529837704e+00
4.711716815313126e+02,4.500882350397693e+00
4.712216815313126e+02,4.500870171380969e+00
4.712716815313127e+02,4.500857992787262e+00
4.713216815313127e+02,4.500845814616296e+00
4.713716815313127e+02,4.500833636867770e+00
4.714216815313127e+02,4.500821459541356e+00
4.714716815313127e+02,4.500809282636787e+00
4.715216815313127e+02,4.500797106153837e+00
4.715716815313127e+02,4.500784930092215e+00
4.716216815313127e+02,4.500772754451579e+00
4.716716815313127e+02,4.500760579231657e+00
4.717216815313128e+02,4.500748404432199e+00
4.717716815313128e+02,4.500736230052893e+00
4.718216815313128e+02,4.500724056093458e+00
4.718716815313128e+02,4.500711882553656e+00
4.719216815313128e+02,4.500699709433198e+00
4.719716815313128e+02,4.500687536731769e+00
4.720216815313128e+02,4.500675364449089e+00
4.720716815313128e+02,4.500663192584907e+00
4.721216815313128e+02,4.500651021138944e+00
4.721716815313129e+02,4.500638850110874e+00
4.722216815313129e+02,4.500626679500439e+00
4.722716815313129e+02,4.500614509307395e+00
4.723216815313129e+02,4.500602339531422e+00
4.723716815313129e+02,4.500590170172245e+00
4.724216815313129e+02,4.500578001229605e+00
4.724716815313129e+02,4.500565832703196e+00
4.725216815313129e+02,4.500553664592714e+00
4.725716815313129e+02,4.500541496897917e+00
4.726216815313130e+02,4.500529329618578e+00
4.726716815313130e+02,4.500517162754373e+00
4.727216815313130e+02,4.500504996304977e+00
4.727716815313130e+02,4.500492830270139e+00
4.728216815313130e+02,4.500480664649602e+00
4.728716815313130e+02,4.500468499443103e+00
4.729216815313130e+02,4.500456334650372e+00
4.729716815313130e+02,4.500444170271085e+00
4.730216815313130e+02,4.500432006304965e+00
4.730716815313131e+02,4.500419842751748e+00
4.731216815313131e+02,4.500407679611144e+00
4.731716815313131e+02,4.500395516882891e+00
4.732216815313131e+02,4.500383354566752e+00
4.732716815313131e+02,4.500371192662423e+00
4.733216815313131e+02,4.500359031169578e+00
4.733716815313131e+02,4.500346870087998e+00
4.734216815313131e+02,4.500334709417397e+00
4.734716815313132e+02,4.500322549157495e+00
4.735216815313132e+02,4.500310389308056e+00
4.735716815313132e+02,4.500298229868739e+00
4.736216815313132e+02,4.500286070839252e+00
4.736716815313132e+02,4.500273912219368e+00
4.737216815313132e+02,4.500261754008828e+00
4.737716815313132e+02,4.500249596207358e+00
4.738216815313132e+02,4.500237438814660e+00
4.738716815313132e+02,4.500225281830470e+00
4.739216815313133e+02,4.500213125254518e+00
4.739716815313133e+02,4.500200969086523e+00
4.740216815313133e+02,4.500188813326197e+00
4.740716815313133e+02,4.500176657973250e+00
4.741216815313133e+02,4.500164503027457e+00
4.741716815313133e+02,4.500152348488541e+00
4.742216815313133e+02,4.500140194356223e+00
4.742716815313133e+02,4.500128040630218e+00
4.743216815313133e+02,4.500115887310261e+00
4.743716815313134e+02,4.500103734396098e+00
4.744216815313134e+02,4.500091581887419e+00
4.744716815313134e+02,4.500079429783963e+00
4.745216815313134e+02,4.500067278085490e+00
4.745716815313134e+02,4.500055126791704e+00
4.746216815313134e+02,4.500042975902327e+00
4.746716815313134e+02,4.500030825417091e+00
4.747216815313134e+02,4.500018675335734e+00
4.747716815313134e+02,4.500006525657980e+00
4.748216815313135e+02,4.499994376383572e+00
4.748716815313135e+02,4.499982227512231e+00
4.749216815313135e+02,4.499970079043656e+00
4.749716815313135e+02,4.499957930977610e+00
4.750216815313135e+02,4.499945783313876e+00
4.750716815313135e+02,4.499933636052171e+00
4.751216815313135e+02,4.499921489192133e+00
4.751716815313135e+02,4.499909342733511e+00
4.752216815313135e+02,4.499897196676121e+00
4.752716815313136e+02,4.499885051019639e+00
4.753216815313136e+02,4.499872905763772e+00
4.753716815313136e+02,4.499860760908311e+00
4.754216815313136e+02,4.499848616452968e+00
4.754716815313136e+02,4.499836472397440e+00
4.755216815313136e+02,4.499824328741502e+00
4.755716815313136e+02,4.499812185484883e+00
4.756216815313136e+02,4.499800042627272e+00
4.756716815313137e+02,4.499787900168430e+00
4.757216815313137e+02,4.499775758108115e+00
4.757716815313137e+02,4.499763616446068e+00
4.758216815313137e+02,4.499751475181974e+00
4.758716815313137e+02,4.499739334315550e+00
4.759216815313137e+02,4.499727193846604e+00
4.759716815313137e+02,4.499715053774864e+00
4.760216815313137e+02,4.499702914100015e+00
4.760716815313137e+02,4.499690774821786e+00
4.761216815313138e+02,4.499678635939918e+00
4.761716815313138e+02,4.499666497454185e+00
4.762216815313138e+02,4.499654359364324e+00
4.762716815313138e+02,4.499642221670041e+00
4.763216815313138e+02,4.499630084371073e+00
4.763716815313138e+02,4.499617947467152e+00
4.764216815313138e+02,4.499605810958026e+00
4.764716815313138e+02,4.499593674843437e+00
4.765216815313138e+02,4.499581539123140e+00
4.765716815313139e+02,4.499569403796868e+00
4.766216815313139e+02,4.499557268864284e+00
4.766716815313139e+02,4.499545134325121e+00
4.767216815313139e+02,4.499533000179206e+00
4.767716815313139e+02,4.499520866426259e+00
4.768216815313139e+02,4.499508733066001e+00
4.768716815313139e+02,4.499496600098167e+00
4.769216815313139e+02,4.499484467522465e+00
4.769716815313139e+02,4.499472335338641e+00
4.770216815313140e+02,4.499460203546465e+00
4.770716815313140e+02,4.499448072145708e+00
4.771216815313140e+02,4.499435941136078e+00
4.771716815313140e+02,4.499423810517263e+00
4.772216815313140e+02,4.499411680289011e+00
4.772716815313140e+02,4.499399550451110e+00
4.773216815313140e+02,4.499387421003302e+00
4.773716815313140e+02,4.499375291945296e+00
4.774216815313141e+02,4.499363163276842e+00
4.774716815313141e+02,4.499351034997654e+00
4.775216815313141e+02,4.499338907107478e+00
4.775716815313141e+02,4.499326779606102e+00
4.776216815313141e+02,4.499314652493224e+00
4.776716815313141e+02,4.499302525768599e+00
4.777216815313141e+02,4.499290399431975e+00
4.777716815313141e+02,4.499278273483069e+00
4.778216815313141e+02,4.499266147921648e+00
4.778716815313142e+02,4.499254022747426e+00
4.779216815313142e+02,4.499241897960169e+00
4.779716815313142e+02,4.499229773559650e+00
4.780216815313142e+02,4.499217649545530e+00
4.780716815313142e+02,4.499205525917555e+00
4.781216815313142e+02,4.499193402675519e+00
4.781716815313142e+02,4.499181279819135e+00
4.782216815313142e+02,4.499169157348153e+00
4.782716815313142e+02,4.499157035262367e+00
4.783216815313143e+02,4.499144913561463e+00
4.783716815313143e+02,4.499132792245127e+00
4.784216815313143e+02,4.499120671313177e+00
4.784716815313143e+02,4.499108550765380e+00
4.785216815313143e+02,4.499096430601453e+00
4.785716815313143e+02,4.499084310821163e+00
4.786216815313143e+02,4.499072191424197e+00
4.786716815313143e+02,4.499060072410285e+00
4.787216815313143e+02,4.499047953779227e+00
4.787716815313144e+02,4.499035835530760e+00
4.788216815313144e+02,4.499023717664634e+00
4.788716815313144e+02,4.499011600180601e+00
4.789216815313144e+02,4.498999483078368e+00
4.789716815313144e+02,4.498987366357682e+00
4.790216815313144e+02,4.498975250018322e+00
4.790716815313144e+02,4.498963134060037e+00
4.791216815313144e+02,4.498951018482568e+00
4.791716815313144e+02,4.498938903285646e+00
4.792216815313145e+02,4.498926788468972e+00
4.792716815313145e+02,4.498914674032309e+00
4.793216815313145e+02,4.498902559975454e+00
4.793716815313145e+02,4.498890446298152e+00
4.794216815313145e+02,4.498878333000144e+00
4.794716815313145e+02,4.498866220081152e+00
4.795216815313145e+02,4.498854107540917e+00
4.795716815313145e+02,4.498841995379216e+00
4.796216815313146e+02,4.498829883595771e+00
4.796716815313146e+02,4.498817772190312e+00
4.797216815313146e+02,4.498805661162643e+00
4.797716815313146e+02,4.498793550512518e+00
4.798216815313146e+02,4.498781440239624e+00
4.798716815313146e+02,4.498769330343703e+00
4.799216815313146e+02,4.498757220824556e+00
4.799716815313146e+02,4.498745111681957e+00
4.800216815313146e+02,4.498733002915615e+00
4.800716815313147e+02,4.498720894525253e+00
4.801216815313147e+02,4.498708786510624e+00
4.801716815313147e+02,4.498696678871495e+00
4.802216815313147e+02,4.498684571607621e+00
4.802716815313147e+02,4.498672464718771e+00
4.803216815313147e+02,4.498660358204669e+00
4.803716815313147e+02,4.498648252065029e+00
4.804216815313147e+02,4.498636146299654e+00
4.804716815313147e+02,4.498624040908278e+00
4.805216815313148e+02,4.498611935890656e+00
4.805716815313148e+02,4.498599831246558e+00
4.806216815313148e+02,4.498587726975693e+00
4.806716815313148e+02,4.498575623077839e+00
4.807216815313148e+02,4.498563519552771e+00
4.807716815313148e+02,4.498551416400203e+00
4.808216815313148e+02,4.498539313619865e+00
4.808716815313148e+02,4.498527211211529e+00
4.809216815313148e+02,4.498515109174988e+00
4.809716815313149e+02,4.498503007509984e+00
4.810216815313149e+02,4.498490906216212e+00
4.810716815313149e+02,4.498478805293432e+00
4.811216815313149e+02,4.498466704741458e+00
4.811716815313149e+02,4.498454604560041e+00
4.812216815313149e+02,4.498442504748891e+00
4.812716815313149e+02,4.498430405307727e+00
4.813216815313149e+02,4.498418306236353e+00
4.813716815313149e+02,4.498406207534582e+00
4.814216815313150e+02,4.498394109202115e+00
4.814716815313150e+02,4.498382011238668e+00
4.815216815313150e+02,4.498369913643988e+00
4.815716815313150e+02,4.498357816417850e+00
4.816216815313150e+02,4.498345719560061e+00
4.816716815313150e+02,4.498333623070355e+00
4.817216815313150e+02,4.498321526948436e+00
4.817716815313150e+02,4.498309431194077e+00
4.818216815313151e+02,4.498297335807089e+00
4.818716815313151e+02,4.498285240787208e+00
4.819216815313151e+02,4.498273146134141e+00
4.819716815313151e+02,4.498261051847675e+00
4.820216815313151e+02,4.498248957927575e+00
4.820716815313151e+02,4.498236864373558e+00
4.821216815313151e+02,4.498224771185377e+00
4.821716815313151e+02,4.498212678362823e+00
4.822216815313151e+02,4.498200585905680e+00
4.822716815313152e+02,4.498188493813676e+00
4.823216815313152e+02,4.498176402086560e+00
4.823716815313152e+02,4.498164310724104e+00
4.824216815313152e+02,4.498152219726040e+00
4.824716815313152e+02,4.498140129092140e+00
4.825216815313152e+02,4.498128038822164e+00
4.825716815313152e+02,4.498115948915865e+00
4.826216815313152e+02,4.498103859372979e+00
4.826716815313152e+02,4.498091770193284e+00
4.827216815313153e+02,4.498079681376582e+00
4.827716815313153e+02,4.498067592922573e+00
4.828216815313153e+02,4.498055504831027e+00
4.828716815313153e+02,4.498043417101731e+00
4.829216815313153e+02,4.498031329734419e+00
4.829716815313153e+02,4.498019242728825e+00
4.830216815313153e+02,4.498007156084737e+00
4.830716815313153e+02,4.497995069801939e+00
4.831216815313153e+02,4.497982983880162e+00
4.831716815313154e+02,4.497970898319170e+00
4.832216815313154e+02,4.497958813118734e+00
4.832716815313154e+02,4.497946728278597e+00
4.833216815313154e+02,4.497934643798514e+00
4.833716815313154e+02,4.497922559678251e+00
4.834216815313154e+02,4.497910475917593e+00
4.834716815313154e+02,4.497898392516285e+00
4.835216815313154e+02,4.497886309474058e+00
4.835716815313154e+02,4.497874226790716e+00
4.836216815313155e+02,4.497862144466026e+00
4.836716815313155e+02,4.497850062499722e+00
4.837216815313155e+02,4.497837980891543e+00
4.837716815313155e+02,4.497825899641237e+00
4.838216815313155e+02,4.497813818748635e+00
4.838716815313155e+02,4.497801738213517e+00
4.839216815313155e+02,4.497789658035590e+00
4.839716815313155e+02,4.497777578214624e+00
4.840216815313156e+02,4.497765498750380e+00
4.840716815313156e+02,4.497753419642611e+00
4.841216815313156e+02,4.497741340891114e+00
4.841716815313156e+02,4.497729262495652e+00
4.842216815313156e+02,4.497717184455944e+00
4.842716815313156e+02,4.497705106771765e+00
4.843216815313156e+02,4.497693029442930e+00
4.843716815313156e+02,4.497680952469169e+00
4.844216815313156e+02,4.497668875850215e+00
4.844716815313157e+02,4.497656799585877e+00
4.845216815313157e+02,4.497644723675909e+00
4.845716815313157e+02,4.497632648120033e+00
4.846216815313157e+02,4.497620572918055e+00
4.846716815313157e+02,4.497608498069747e+00
4.847216815313157e+02,4.497596423574842e+00
4.847716815313157e+02,4.497584349433121e+00
4.848216815313157e+02,4.497572275644352e+00
4.848716815313157e+02,4.497560202208317e+00
4.849216815313158e+02,4.497548129124781e+00
4.849716815313158e+02,4.497536056393488e+00
4.850216815313158e+02,4.497523984014187e+00
4.850716815313158e+02,4.497511911986661e+00
4.851216815313158e+02,4.497499840310689e+00
4.851716815313158e+02,4.497487768986042e+00
4.852216815313158e+02,4.497475698012485e+00
4.852716815313158e+02,4.497463627389783e+00
4.853216815313158e+02,4.497451557117699e+00
4.853716815313159e+02,4.497439487195941e+00
4.854216815313159e+02,4.497427417624325e+00
4.854716815313159e+02,4.497415348402694e+00
4.855216815313159e+02,4.497403279530734e+00
4.855716815313159e+02,4.497391211008174e+00
4.856216815313159e+02,4.497379142834854e+00
4.856716815313159e+02,4.497367075010534e+00
4.857216815313159e+02,4.497355007534949e+00
4.857716815313159e+02,4.497342940407897e+00
4.858216815313160e+02,4.497330873629142e+00
4.858716815313160e+02,4.497318807198458e+00
4.859216815313160e+02,4.497306741115589e+00
4.859716815313160e+02,4.497294675380306e+00
4.860216815313160e+02,4.497282609992399e+00
4.860716815313160e+02,4.497270544951635e+00
4.861216815313160e+02,4.497258480257794e+00
4.861716815313160e+02,4.497246415910618e+00
4.862216815313161e+02,4.497234351909870e+00
4.862716815313161e+02,4.497222288255337e+00
4.863216815313161e+02,4.497210224946809e+00
4.863716815313161e+02,4.497198161984060e+00
4.864216815313161e+02,4.497186099366807e+00
4.864716815313161e+02,4.497174037094842e+00
4.865216815313161e+02,4.497161975167961e+00
4.865716815313161e+02,4.497149913585915e+00
4.866216815313161e+02,4.497137852348480e+00
4.866716815313162e+02,4.497125791455435e+00
4.867216815313162e+02,4.497113730906565e+00
4.867716815313162e+02,4.497101670701609e+00
4.868216815313162e+02,4.497089610840351e+00
4.868716815313162e+02,4.497077551322542e+00
4.869216815313162e+02,4.497065492147956e+00
4.869716815313162e+02,4.497053433316418e+00
4.870216815313162e+02,4.497041374827673e+00
4.870716815313162e+02,4.497029316681481e+00
4.871216815313163e+02,4.497017258877600e+00
4.871716815313163e+02,4.497005201415816e+00
4.872216815313163e+02,4.496993144295933e+00
4.872716815313163e+02,4.496981087517688e+00
4.873216815313163e+02,4.496969031080886e+00
4.873716815313163e+02,4.496956974985308e+00
4.874216815313163e+02,4.496944919230674e+00
4.874716815313163e+02,4.496932863816784e+00
4.875216815313163e+02,4.496920808743409e+00
4.875716815313164e+02,4.496908754010314e+00
4.876216815313164e+02,4.496896699617296e+00
4.876716815313164e+02,4.496884645564130e+00
4.877216815313164e+02,4.496872591850566e+00
4.877716815313164e+02,4.496860538476370e+00
4.878216815313164e+02,4.496848485441385e+00
4.878716815313164e+02,4.496836432745372e+00
4.879216815313164e+02,4.496824380388051e+00
4.879716815313164e+02,4.496812328369199e+00
4.880216815313165e+02,4.496800276688619e+00
4.880716815313165e+02,4.496788225346094e+00
4.881216815313165e+02,4.496776174341361e+00
4.881716815313165e+02,4.496764123674225e+00
4.882216815313165e+02,4.496752073344458e+00
4.882716815313165e+02,4.496740023351850e+00
4.883216815313165e+02,4.496727973696196e+00
4.883716815313165e+02,4.496715924377244e+00
4.884216815313166e+02,4.496703875394746e+00
4.884716815313166e+02,4.496691826748515e+00
4.885216815313166e+02,4.496679778438346e+00
4.885716815313166e+02,4.496667730463958e+00
4.886216815313166e+02,4.496655682825150e+00
4.886716815313166e+02,4.496643635521711e+00
4.887216815313166e+02,4.496631588553410e+00
4.887716815313166e+02,4.496619541920058e+00
4.888216815313166e+02,4.496607495621420e+00
4.888716815313167e+02,4.496595449657259e+00
4.889216815313167e+02,4.496583404027325e+00
4.889716815313167e+02,4.496571358731411e+00
4.890216815313167e+02,4.496559313769342e+00
4.890716815313167e+02,4.496547269140837e+00
4.891216815313167e+02,4.496535224845680e+00
4.891716815313167e+02,4.496523180883712e+00
4.892216815313167e+02,4.496511137254688e+00
4.892716815313167e+02,4.496499093958397e+00
4.893216815313168e+02,4.496487050994581e+00
4.893716815313168e+02,4.496475008362986e+00
4.894216815313168e+02,4.496462966063453e+00
4.894716815313168e+02,4.496450924095774e+00
4.895216815313168e+02,4.496438882459713e+00
4.895716815313168e+02,4.496426841155039e+00
4.896216815313168e+02,4.496414800181520e+00
4.896716815313168e+02,4.496402759538953e+00
4.897216815313168e+02,4.496390719227135e+00
4.897716815313169e+02,4.496378679245815e+00
4.898216815313169e+02,4.496366639594785e+00
4.898716815313169e+02,4.496354600273830e+00
4.899216815313169e+02,4.496342561282718e+00
4.899716815313169e+02,4.496330522621258e+00
4.900216815313169e+02,4.496318484289260e+00
4.900716815313169e+02,4.496306446286463e+00
4.901216815313169e+02,4.496294408612637e+00
4.901716815313169e+02,4.496282371267589e+00
4.902216815313170e+02,4.496270334251078e+00
4.902716815313170e+02,4.496258297562860e+00
4.903216815313170e+02,4.496246261202765e+00
4.903716815313170e+02,4.496234225170594e+00
4.904216815313170e+02,4.496222189466098e+00
4.904716815313170e+02,4.496210154089075e+00
4.905216815313170e+02,4.496198119039307e+00
4.905716815313170e+02,4.496186084316563e+00
4.906216815313171e+02,4.496174049920637e+00
4.906716815313171e+02,4.496162015851304e+00
4.907216815313171e+02,4.496149982108377e+00
4.907716815313171e+02,4.496137948691620e+00
4.908216815313171e+02,4.496125915600782e+00
4.908716815313171e+02,4.496113882835693e+00
4.909216815313171e+02,4.496101850396117e+00
4.909716815313171e+02,4.496089818281851e+00
4.910216815313171e+02,4.496077786492701e+00
4.910716815313172e+02,4.496065755028398e+00
4.911216815313172e+02,4.496053723888753e+00
4.911716815313172e+02,4.496041693073574e+00
4.912216815313172e+02,4.496029662582626e+00
4.912716815313172e+02,4.496017632415692e+00
4.913216815313172e+02,4.496005602572544e+00
4.913716815313172e+02,4.495993573052989e+00
4.914216815313172e+02,4.495981543856804e+00
4.914716815313172e+02,4.495969514983782e+00
4.915216815313173e+02,4.495957486433716e+00
4.915716815313173e+02,4.495945458206382e+00
4.916216815313173e+02,4.495933430301575e+00
4.916716815313173e+02,4.495921402719083e+00
4.917216815313173e+02,4.495909375458668e+00
4.917716815313173e+02,4.495897348520117e+00
4.918216815313173e+02,4.495885321903235e+00
4.918716815313173e+02,4.495873295607845e+00
4.919216815313173e+02,4.495861269633731e+00
4.919716815313174e+02,4.495849243980599e+00
4.920216815313174e+02,4.495837218648282e+00
4.920716815313174e+02,4.495825193636638e+00
4.921216815313174e+02,4.495813168945364e+00
4.921716815313174e+02,4.495801144574226e+00
4.922216815313174e+02,4.495789120523074e+00
4.922716815313174e+02,4.495777096791706e+00
4.923216815313174e+02,4.495765073379924e+00
4.923716815313174e+02,4.495753050287449e+00
4.924216815313175e+02,4.495741027514061e+00
4.924716815313175e+02,4.495729005059617e+00
4.925216815313175e+02,4.495716982923859e+00
4.925716815313175e+02,4.495704961106598e+00
4.926216815313175e+02,4.495692939607663e+00
4.926716815313175e+02,4.495680918426800e+00
4.927216815313175e+02,4.495668897563791e+00
4.927716815313175e+02,4.495656877018433e+00
4.928216815313176e+02,4.495644856790542e+00
4.928716815313176e+02,4.495632836879900e+00
4.929216815313176e+02,4.495620817286252e+00
4.929716815313176e+02,4.495608798009404e+00
4.930216815313176e+02,4.495596779049203e+00
4.930716815313176e+02,4.495584760405398e+00
4.931216815313176e+02,4.495572742077769e+00
4.931716815313176e+02,4.495560724066138e+00
4.932216815313176e+02,4.495548706370275e+00
4.932716815313177e+02,4.495536688989971e+00
4.933216815313177e+02,4.495524671925030e+00
4.933716815313177e+02,4.495512655175212e+00
4.934216815313177e+02,4.495500638740333e+00
4.934716815313177e+02,4.495488622620228e+00
4.935216815313177e+02,4.495476606814637e+00
4.935716815313177e+02,4.495464591323350e+00
4.936216815313177e+02,4.495452576146189e+00
4.936716815313177e+02,4.495440561282929e+00
4.937216815313178e+02,4.495428546733364e+00
4.937716815313178e+02,4.495416532497281e+00
4.938216815313178e+02,4.495404518574510e+00
4.938716815313178e+02,4.495392504964828e+00
4.939216815313178e+02,4.495380491667973e+00
4.939716815313178e+02,4.495368478683788e+00
4.940216815313178e+02,4.495356466012056e+00
4.940716815313178e+02,4.495344453652556e+00
4.941216815313178e+02,4.495332441605146e+00
4.941716815313179e+02,4.495320429869584e+00
4.942216815313179e+02,4.495308418445612e+00
4.942716815313179e+02,4.495296407333081e+00
4.943216815313179e+02,4.495284396531805e+00
4.943716815313179e+02,4.495272386041524e+00
4.944216815313179e+02,4.495260375862045e+00
4.944716815313179e+02,4.495248365993164e+00
4.945216815313179e+02,4.495236356434663e+00
4.945716815313179e+02,4.495224347186374e+00
4.946216815313180e+02,4.495212338248112e+00
4.946716815313180e+02,4.495200329619644e+00
4.947216815313180e+02,4.495188321300738e+00
4.947716815313180e+02,4.495176313291199e+00
4.948216815313180e+02,4.495164305590853e+00
4.948716815313180e+02,4.495152298199515e+00
4.949216815313180e+02,4.495140291116941e+00
4.949716815313180e+02,4.495128284342909e+00
4.950216815313181e+02,4.495116277877262e+00
4.950716815313181e+02,4.495104271719782e+00
4.951216815313181e+02,4.495092265870253e+00
4.951716815313181e+02,4.495080260328457e+00
4.952216815313181e+02,4.495068255094201e+00
4.952716815313181e+02,4.495056250167299e+00
4.953216815313181e+02,4.495044245547524e+00
4.953716815313181e+02,4.495032241234709e+00
4.954216815313181e+02,4.495020237228666e+00
4.954716815313182e+02,4.495008233529149e+00
4.955216815313182e+02,4.494996230135943e+00
4.955716815313182e+02,4.494984227048883e+00
4.956216815313182e+02,4.494972224267784e+00
4.956716815313182e+02,4.494960221792415e+00
4.957216815313182e+02,4.494948219622558e+00
4.957716815313182e+02,4.494936217758027e+00
4.958216815313182e+02,4.494924216198646e+00
4.958716815313182e+02,4.494912214944181e+00
4.959216815313183e+02,4.494900213994415e+00
4.959716815313183e+02,4.494888213349197e+00
4.960216815313183e+02,4.494876213008332e+00
4.960716815313183e+02,4.494864212971578e+00
4.961216815313183e+02,4.494852213238729e+00
4.961716815313183e+02,4.494840213809621e+00
4.962216815313183e+02,4.494828214684036e+00
4.962716815313183e+02,4.494816215861753e+00
4.963216815313183e+02,4.494804217342598e+00
4.963716815313184e+02,4.494792219126409e+00
4.964216815313184e+02,4.494780221212952e+00
4.964716815313184e+02,4.494768223601990e+00
4.965216815313184e+02,4.494756226293396e+00
4.965716815313184e+02,4.494744229286926e+00
4.966216815313184e+02,4.494732232582341e+00
4.966716815313184e+02,4.494720236179508e+00
4.967216815313184e+02,4.494708240078208e+00
4.967716815313184e+02,4.494696244278242e+00
4.968216815313185e+02,4.494684248779431e+00
4.968716815313185e+02,4.494672253581545e+00
4.969216815313185e+02,4.494660258684400e+00
4.969716815313185e+02,4.494648264087812e+00
4.970216815313185e+02,4.494636269791582e+00
4.970716815313185e+02,4.494624275795498e+00
4.971216815313185e+02,4.494612282099332e+00
4.971716815313185e+02,4.494600288702916e+00
4.972216815313186e+02,4.494588295606086e+00
4.972716815313186e+02,4.494576302808631e+00
4.973216815313186e+02,4.494564310310321e+00
4.973716815313186e+02,4.494552318110935e+00
4.974216815313186e+02,4.494540326210322e+00
4.974716815313186e+02,4.494528334608318e+00
4.975216815313186e+02,4.494516343304714e+00
4.975716815313186e+02,4.494504352299282e+00
4.976216815313186e+02,4.494492361591819e+00
4.976716815313187e+02,4.494480371182131e+00
4.977216815313187e+02,4.494468381070020e+00
4.977716815313187e+02,4.494456391255316e+00
4.978216815313187e+02,4.494444401737810e+00
4.978716815313187e+02,4.494432412517305e+00
4.979216815313187e+02,4.494420423593631e+00
4.979716815313187e+02,4.494408434966582e+00
4.980216815313187e+02,4.494396446635933e+00
4.980716815313187e+02,4.494384458601534e+00
4.981216815313188e+02,4.494372470863178e+00
4.981716815313188e+02,4.494360483420636e+00
4.982216815313188e+02,4.494348496273729e+00
4.982716815313188e+02,4.494336509422235e+00
4.983216815313188e+02,4.494324522866011e+00
4.983716815313188e+02,4.494312536604906e+00
4.984216815313188e+02,4.494300550638658e+00
4.984716815313188e+02,4.494288564967047e+00
4.985216815313188e+02,4.494276579589908e+00
4.985716815313189e+02,4.494264594507061e+00
4.986216815313189e+02,4.494252609718334e+00
4.986716815313189e+02,4.494240625223518e+00
4.987216815313189e+02,4.494228641022374e+00
4.987716815313189e+02,4.494216657114705e+00
4.988216815313189e+02,4.494204673500382e+00
4.988716815313189e+02,4.494192690179236e+00
4.989216815313189e+02,4.494180707151025e+00
4.989716815313189e+02,4.494168724415523e+00
4.990216815313190e+02,4.494156741972566e+00
4.990716815313190e+02,4.494144759821999e+00
4.991216815313190e+02,4.494132777963551e+00
4.991716815313190e+02,4.494120796397063e+00
4.992216815313190e+02,4.494108815122406e+00
4.992716815313190e+02,4.494096834139327e+00
4.993216815313190e+02,4.494084853447659e+00
4.993716815313190e+02,4.494072873047212e+00
4.994216815313191e+02,4.494060892937759e+00
4.994716815313191e+02,4.494048913119125e+00
4.995216815313191e+02,4.494036933591135e+00
4.995716815313191e+02,4.494024954353602e+00
4.996216815313191e+02,4.494012975406346e+00
4.996716815313191e+02,4.494000996749151e+00
4.997216815313191e+02,4.493989018381799e+00
4.997716815313191e+02,4.493977040304135e+00
4.998216815313191e+02,4.493965062515981e+00
4.998716815313192e+02,4.493953085017123e+00
4.999216815313192e+02,4.493941107807368e+00
4.999716815313192e+02,4.493929130855276e+00
5.000000000000000e+02,4.493924789336570e+00
