0.000000000000000e+00,1.323544221075123e-03
9.999999939225290e-09,1.323544944091530e-03
1.075818001069279e-08,1.323545004242948e-03
1.227454015362779e-08,1.323545148457855e-03
1.530726043949780e-08,1.323545439402742e-03
2.137270101123781e-08,1.323544341979582e-03
3.350358215471783e-08,1.323524888905408e-03
4.945483805124934e-08,1.323446443101923e-03
6.652525197652652e-08,1.323362155469996e-03
8.759148021084222e-08,1.323766003680413e-03
1.079221462027909e-07,1.326126325253782e-03
1.287062172610002e-07,1.334141409125019e-03
1.537722614742480e-07,1.360702847927619e-03
1.888645591941519e-07,1.450269484565162e-03
2.345768858941614e-07,1.697255846743347e-03
2.901175738400082e-07,2.235543219740403e-03
3.441604007159893e-07,3.058792065334055e-03
4.074941275892659e-07,4.413604613655225e-03
4.842122848983577e-07,6.490395359151156e-03
5.587227732970500e-07,8.871303634414074e-03
6.515983626185063e-07,1.218663704617302e-02
7.489904924580213e-07,1.590771343929644e-02
8.551998578477513e-07,2.014388778924026e-02
9.840540204151011e-07,2.540914595109182e-02
1.103093520618440e-06,3.034000193875611e-02
1.309283812568522e-06,3.894365467786265e-02
1.526275410957544e-06,4.802441971269719e-02
1.566810792182973e-06,4.972279749045078e-02
1.579615698647572e-06,5.025947565663785e-02
1.581068879386562e-06,5.032041663943904e-02
1.581551866163245e-06,5.034066648594326e-02
1.581954628529351e-06,5.035753485081609e-02
1.582536626143480e-06,5.038192184409718e-02
1.583050208941581e-06,5.040343596165819e-02
1.583391376124423e-06,5.041772250427487e-02
1.583669348476065e-06,5.042933734772659e-02
1.583899304396151e-06,5.043900655697756e-02
1.584149823850175e-06,5.044959191605664e-02
1.584397615651025e-06,5.045995141714374e-02
1.584796688882337e-06,5.047661854759744e-02
1.585237110849915e-06,5.049510427107115e-02
1.585876117380963e-06,5.052188382076434e-02
1.586257094597488e-06,5.053783799282480e-02
1.586615485057343e-06,5.055285944212820e-02
1.586935952705251e-06,5.056631602680534e-02
1.587212230831917e-06,5.057800141655561e-02
1.587411721876370e-06,5.058638530775289e-02
1.587689725871074e-06,5.059789176751872e-02
1.587963456051123e-06,5.060931411752517e-02
1.588401794463312e-06,5.062774620411378e-02
1.588872028163404e-06,5.064745487545325e-02
1.589624511423850e-06,5.067903589743961e-02
1.590002509933202e-06,5.069489640519359e-02
1.590280320460967e-06,5.070651926833250e-02
1.590530092468022e-06,5.071692634067845e-02
1.590725913315489e-06,5.072512369083576e-02
1.590986668005989e-06,5.073613985698086e-02
1.591274621498371e-06,5.074823366295628e-02
1.591699480269575e-06,5.076598916516348e-02
1.592175419521192e-06,5.078594935251199e-02
1.592863601947307e-06,5.081484871951591e-02
1.593186147687709e-06,5.082836578230610e-02
1.593548482425935e-06,5.084348630370403e-02
1.593872696592741e-06,5.085707217011826e-02
1.594131478554181e-06,5.086793401286324e-02
1.594346038537852e-06,5.087690927133329e-02
1.594556248332445e-06,5.088571679554632e-02
1.594897402638981e-06,5.090003115320055e-02
1.595301548398949e-06,5.091699025389157e-02
1.595864972989629e-06,5.094060151557664e-02
1.596430497339312e-06,5.096426668486137e-02
1.596770436763196e-06,5.097849477862273e-02
1.597043946177672e-06,5.098996499777969e-02
1.597284029567928e-06,5.100005503694172e-02
1.597504604651564e-06,5.100938650354486e-02
1.597703373277239e-06,5.101779288224081e-02
1.598058208522646e-06,5.103263711264572e-02
1.598442698267110e-06,5.104867051731410e-02
1.598990180806433e-06,5.107159170234027e-02
1.599621491340614e-06,5.109806052577448e-02
1.599980660811297e-06,5.111312282714961e-02
1.600341521764566e-06,5.112828085452698e-02
1.600677082827077e-06,5.114235132313602e-02
1.600963983452756e-06,5.115437089706898e-02
1.601172178815767e-06,5.116306672397525e-02
1.601453977467212e-06,5.117481349813743e-02
1.601725568835807e-06,5.118620266017138e-02
1.602172798866963e-06,5.120499028414296e-02
1.602666152901198e-06,5.122566999829811e-02
1.603068014835776e-06,5.124251623433948e-02
1.603378127749967e-06,5.125553711375302e-02
1.603649935693822e-06,5.126691695571517e-02
1.603881898506272e-06,5.127656954651511e-02
1.604111251196646e-06,5.128619977201723e-02
1.604326412731431e-06,5.129526938074580e-02
1.604690123166086e-06,5.131051661585678e-02
1.605080619050819e-06,5.132692919006671e-02
1.605620483433166e-06,5.134953919222837e-02
1.606224263081668e-06,5.137481735077634e-02
1.606677553597314e-06,5.139383611940204e-02
1.607060829988007e-06,5.140990580063992e-02
1.607424781932998e-06,5.142516580680026e-02
1.607771501997272e-06,5.143965208931847e-02
1.608073775531231e-06,5.145229423414527e-02
1.608302139551321e-06,5.146191034172928e-02
1.608592324669166e-06,5.147408392824476e-02
1.608855552186911e-06,5.148506531679439e-02
1.609329100309582e-06,5.150492804288989e-02
1.609759893237274e-06,5.152306015185057e-02
1.610013153139564e-06,5.153367867846312e-02
1.610203950872205e-06,5.154164449498938e-02
1.610439291017658e-06,5.155146625614526e-02
1.610683839093313e-06,5.156168041141793e-02
1.611046780899133e-06,5.157691231622924e-02
1.611441245286015e-06,5.159348925798898e-02
1.611947202372417e-06,5.161466623815683e-02
1.612499302429187e-06,5.163779284845815e-02
1.613250459290383e-06,5.166932697164084e-02
1.613679921482636e-06,5.168735336485558e-02
1.614118812201844e-06,5.170574725586033e-02
1.614555992099638e-06,5.172406105623900e-02
1.614985911539583e-06,5.174207622209762e-02
1.615413069477544e-06,5.175996649164638e-02
1.615867298853925e-06,5.177902967178208e-02
1.616334405813700e-06,5.179861100264183e-02
1.616765023147086e-06,5.181665331315946e-02
1.617211326603060e-06,5.183537832286991e-02
1.617752392885680e-06,5.185803182143478e-02
1.618265078913844e-06,5.187952673957336e-02
1.618876965220272e-06,5.190519003957206e-02
1.619530850407879e-06,5.193259069083828e-02
1.620459990643410e-06,5.197153665742124e-02
1.620969130006239e-06,5.199288728961407e-02
1.621469563813558e-06,5.201385794405122e-02
1.622047480361116e-06,5.203804507741325e-02
1.622692718272521e-06,5.206508893748171e-02
1.623390922074604e-06,5.209438948570141e-02
1.624086799689658e-06,5.212357415450528e-02
1.624720377018539e-06,5.215011721646839e-02
1.625434444802219e-06,5.218003044551148e-02
1.626194489097359e-06,5.221189466007017e-02
1.627118211696754e-06,5.225062428381927e-02
1.627876798992863e-06,5.228240467212233e-02
1.628549924615955e-06,5.231061423389088e-02
1.629332644883900e-06,5.234343275249850e-02
1.630196762849698e-06,5.237964874892659e-02
1.631361488713607e-06,5.242847915036383e-02
1.632228446792218e-06,5.246482808844283e-02
1.633191652535473e-06,5.250518518405969e-02
1.634240452779180e-06,5.254913208735079e-02
1.635403686371861e-06,5.259790705419568e-02
1.636409627763798e-06,5.264009030505751e-02
1.637652580057409e-06,5.269218910314336e-02
1.638960207968193e-06,5.274699894397403e-02
1.640045563587194e-06,5.279250158491280e-02
1.641600007271823e-06,5.285766832245131e-02
1.643101024595158e-06,5.292059252334105e-02
1.644421707903393e-06,5.297595063625243e-02
1.646142179646869e-06,5.304806835939846e-02
1.647981706052884e-06,5.312517891448215e-02
1.650047753001805e-06,5.321178061537304e-02
1.652136557619251e-06,5.329934390749058e-02
1.654362033331987e-06,5.339263712522349e-02
1.656736135428048e-06,5.349215439200150e-02
1.659500623638738e-06,5.360803457015292e-02
1.662368221313576e-06,5.372824406173976e-02
1.666155664428422e-06,5.388701604852658e-02
1.670019622840322e-06,5.404898872679642e-02
1.674009134502125e-06,5.421622322141761e-02
1.680340487616686e-06,5.448163167895814e-02
1.686571145068230e-06,5.474282727959201e-02
1.693005453968236e-06,5.501256254314801e-02
1.701676750252211e-06,5.537607314897314e-02
1.714975261032096e-06,5.593356148901829e-02
1.733363313251471e-06,5.670441835017043e-02
1.752043500515993e-06,5.748753328107187e-02
1.775382739622038e-06,5.846597880860749e-02
1.800213284270672e-06,5.950695882739843e-02
1.828588862840534e-06,6.069657510759113e-02
1.860340447218751e-06,6.202774106902947e-02
1.896238411149339e-06,6.353275552729909e-02
1.937005213376642e-06,6.524191146651442e-02
1.984471788179948e-06,6.723197406166787e-02
2.038468266092196e-06,6.949582238212915e-02
2.103712795406262e-06,7.223126881870984e-02
2.177229168580393e-06,7.531353097796062e-02
2.269952309978734e-06,7.920106629643486e-02
2.370447794726864e-06,8.341446627893739e-02
2.504332911709456e-06,8.902775858312656e-02
2.641951051107164e-06,9.479754252526862e-02
2.824518327003674e-06,1.024518293008690e-01
3.041953974052356e-06,1.115679478534172e-01
3.246722985026076e-06,1.201529465108983e-01
3.470592773617287e-06,1.295386891394358e-01
3.730041175011815e-06,1.404159877683530e-01
4.134420544858751e-06,1.573693264746017e-01
4.534346062133167e-06,1.741357992458746e-01
4.993451615310577e-06,1.933830344227120e-01
5.593428751037837e-06,2.185356621509482e-01
6.204874818260384e-06,2.441687741448300e-01
6.968700304514723e-06,2.761890470798565e-01
8.292199438077323e-06,3.316497690366298e-01
9.726759069318950e-06,3.916988305588593e-01
1.000000000000000e-05,4.031046548182986e-01
1.000192664428709e-05,4.031844728768845e-01
1.000577993286126e-05,4.033451308729674e-01
1.001348651000961e-05,4.036674096306441e-01
1.002220969534952e-05,4.040321184598343e-01
1.003965606602934e-05,4.047616771242630e-01
1.006703193115766e-05,4.059073631689005e-01
1.009614112248703e-05,4.071238406009079e-01
1.013310119190796e-05,4.086501490389101e-01
1.018145764708195e-05,4.105707827576306e-01
1.023874002909872e-05,4.126707798434694e-01
1.028953761084315e-05,4.142916355970514e-01
1.034738181947363e-05,4.158047565233551e-01
1.040660332309957e-05,4.169972792264722e-01
1.048259429794774e-05,4.180940761718179e-01
1.056567695790714e-05,4.189055060399800e-01
1.064994721754971e-05,4.194343028003200e-01
1.072809459033552e-05,4.197434596608407e-01
1.080943793804072e-05,4.199434759412757e-01
1.090436942597611e-05,4.200874784863338e-01
1.099461258419231e-05,4.201716318113704e-01
1.106567390258384e-05,4.202120888981951e-01
1.114847112116230e-05,4.202409673084146e-01
1.125353044214510e-05,4.202632832458764e-01
1.136411344160146e-05,4.202758399716415e-01
1.158527944051418e-05,4.202869641801974e-01
1.179175756058296e-05,4.202910275489424e-01
1.198910732438260e-05,4.202921312389716e-01
1.215084448180023e-05,4.202924704650393e-01
1.233621558305473e-05,4.202926711062114e-01
1.252521200337386e-05,4.202928186918649e-01
1.272147310926910e-05,4.202929495328234e-01
1.299930869046158e-05,4.202931244715018e-01
1.317327438649446e-05,4.202932325398618e-01
1.343243790060184e-05,4.202933953088170e-01
1.371459539433225e-05,4.202935738816507e-01
1.398333072665496e-05,4.202937433333487e-01
1.452080139130039e-05,4.202940806228512e-01
1.488286927997276e-05,4.202943076259529e-01
1.533459530903782e-05,4.202945914471075e-01
1.599172564352492e-05,4.202950043928746e-01
1.654363479892750e-05,4.202953511039500e-01
1.723239425688136e-05,4.202957836001648e-01
1.860991317278906e-05,4.202966484218189e-01
2.014919828403257e-05,4.202976153186158e-01
2.233219351469833e-05,4.202989869562739e-01
2.436696702258061e-05,4.203002652483745e-01
2.734309794042803e-05,4.203021348363374e-01
3.116693212260059e-05,4.203045370943248e-01
3.672624473360868e-05,4.203080294487029e-01
4.568922670018180e-05,4.203136599732549e-01
5.916085905853387e-05,4.203221229367624e-01
8.109241785100150e-05,4.203359003300819e-01
1.206418853619487e-04,4.203607450700984e-01
1.997408203838432e-04,4.204104338913652e-01
3.579386904276322e-04,4.205098087915282e-01
6.743344305152100e-04,4.207085476679173e-01
1.307125910690366e-03,4.211059817067282e-01
2.572708871040677e-03,4.219006750029275e-01
5.103874791741301e-03,4.234893633145289e-01
1.016620663314255e-02,4.266639534922956e-01
2.029087031594504e-02,4.330020410624145e-01
4.054019768155002e-02,4.456342631835168e-01
8.103885241275999e-02,4.707606241819760e-01
1.310388524127600e-01,5.015590790384290e-01
1.810388524127600e-01,5.320989453336962e-01
2.310388524127600e-01,5.623737481511168e-01
2.810388524127599e-01,5.923900817624277e-01
3.310388524127599e-01,6.221542740386194e-01
3.810388524127599e-01,6.516723999676284e-01
4.310388524127599e-01,6.809502951418704e-01
4.810388524127599e-01,7.099935687621985e-01
5.310388524127599e-01,7.388076157474526e-01
5.810388524127600e-01,7.673976280235646e-01
6.310388524127600e-01,7.957686050591930e-01
6.810388524127601e-01,8.239253637084789e-01
7.310388524127601e-01,8.518725474157536e-01
7.810388524127602e-01,8.796146348321106e-01
8.310388524127602e-01,9.071559478891427e-01
8.810388524127603e-01,9.345006593710072e-01
9.310388524127603e-01,9.616528000224247e-01
9.810388524127603e-01,9.886162652269266e-01
1.031038852412760e+00,1.015394821286749e+00
1.081038852412760e+00,1.041992111332936e+00
1.131038852412760e+00,1.068411660891937e+00
1.181038852412760e+00,1.094656883132882e+00
1.231038852412760e+00,1.120731083817569e+00
1.281038852412760e+00,1.146637465973503e+00
1.331038852412761e+00,1.172379134308718e+00
1.381038852412761e+00,1.197959099385606e+00
1.431038852412761e+00,1.223380281569609e+00
1.481038852412761e+00,1.248645514767480e+00
1.531038852412761e+00,1.273757549968675e+00
1.581038852412761e+00,1.298719058602351e+00
1.631038852412761e+00,1.323532635721558e+00
1.681038852412761e+00,1.348200803025492e+00
1.731038852412761e+00,1.372726011729641e+00
1.781038852412761e+00,1.397110645293122e+00
1.831038852412761e+00,1.421357022011815e+00
1.881038852412761e+00,1.445467397485241e+00
1.931038852412761e+00,1.469443966964657e+00
1.981038852412761e+00,1.493288867589272e+00
2.031038852412761e+00,1.517004180517021e+00
2.081038852412761e+00,1.540591932955899e+00
2.131038852412761e+00,1.564054100101531e+00
2.181038852412760e+00,1.587392606986175e+00
2.231038852412760e+00,1.610609330243971e+00
2.281038852412760e+00,1.633706099797207e+00
2.331038852412760e+00,1.656684700467736e+00
2.381038852412760e+00,1.679546873517585e+00
2.431038852412760e+00,1.702294318122656e+00
2.481038852412759e+00,1.724928692782802e+00
2.531038852412759e+00,1.747451616671770e+00
2.581038852412759e+00,1.769864670930141e+00
2.631038852412759e+00,1.792169399904067e+00
2.681038852412759e+00,1.814367312332582e+00
2.731038852412758e+00,1.836459882486138e+00
2.781038852412758e+00,1.858448551258737e+00
2.831038852412758e+00,1.880334727216012e+00
2.881038852412758e+00,1.902119787601314e+00
2.931038852412758e+00,1.923805079301880e+00
2.981038852412758e+00,1.945391919777078e+00
3.031038852412757e+00,1.966881597950422e+00
3.081038852412757e+00,1.988275375067131e+00
3.131038852412757e+00,2.009574485518836e+00
3.181038852412757e+00,2.030780137636934e+00
3.231038852412757e+00,2.051893514456102e+00
3.281038852412757e+00,2.072915774449274e+00
3.331038852412756e+00,2.093848052235334e+00
3.381038852412756e+00,2.114691459260864e+00
3.431038852412756e+00,2.135447084457018e+00
3.481038852412756e+00,2.156115994872658e+00
3.531038852412756e+00,2.176699236284759e+00
3.581038852412755e+00,2.197197833787118e+00
3.631038852412755e+00,2.217612792358230e+00
3.681038852412755e+00,2.237945097409319e+00
3.731038852412755e+00,2.258195715313373e+00
3.781038852412755e+00,2.278365593915777e+00
3.831038852412755e+00,2.298455663027549e+00
3.881038852412754e+00,2.318466834901894e+00
3.931038852412754e+00,2.338400004694578e+00
3.981038852412754e+00,2.358256050908941e+00
4.031038852412754e+00,2.378035835826141e+00
4.081038852412754e+00,2.397740205921138e+00
4.131038852412754e+00,2.417369992265131e+00
4.181038852412754e+00,2.436926010914970e+00
4.231038852412754e+00,2.456409063289896e+00
4.281038852412753e+00,2.475819936536169e+00
4.331038852412753e+00,2.495159403880196e+00
4.381038852412753e+00,2.514428224970592e+00
4.431038852412753e+00,2.533627146209341e+00
4.481038852412753e+00,2.552756901072647e+00
4.531038852412753e+00,2.571818210421994e+00
4.581038852412752e+00,2.590811782805537e+00
4.631038852412752e+00,2.609738314750333e+00
4.681038852412752e+00,2.628598491045710e+00
4.731038852412752e+00,2.647392985018109e+00
4.781038852412752e+00,2.666122458797718e+00
4.831038852412751e+00,2.684787563577149e+00
4.881038852412751e+00,2.703388939862517e+00
4.931038852412751e+00,2.721927217717135e+00
4.981038852412751e+00,2.740403016998106e+00
5.031038852412751e+00,2.758816947586096e+00
5.081038852412751e+00,2.777169609608472e+00
5.131038852412750e+00,2.795461593656076e+00
5.181038852412750e+00,2.813693480993829e+00
5.231038852412750e+00,2.831865843765412e+00
5.281038852412750e+00,2.849979245192181e+00
5.331038852412750e+00,2.868034239766576e+00
5.381038852412749e+00,2.886031373440163e+00
5.431038852412749e+00,2.903971183806406e+00
5.481038852412749e+00,2.921854200278624e+00
5.531038852412749e+00,2.939680944263013e+00
5.581038852412749e+00,2.957451929326853e+00
5.631038852412749e+00,2.975167661362410e+00
5.681038852412748e+00,2.992828638746433e+00
5.731038852412748e+00,3.010435352495286e+00
5.781038852412748e+00,3.027988286416064e+00
5.831038852412748e+00,3.045487917253721e+00
5.881038852412748e+00,3.062934714834399e+00
5.931038852412748e+00,3.080329142205033e+00
5.981038852412747e+00,3.097671655769346e+00
6.031038852412747e+00,3.114962705420287e+00
6.081038852412747e+00,3.132202734669143e+00
6.131038852412747e+00,3.149392180771513e+00
6.181038852412747e+00,3.166531474849916e+00
6.231038852412746e+00,3.183621042013328e+00
6.281038852412746e+00,3.200661301473839e+00
6.331038852412746e+00,3.217652666660383e+00
6.381038852412746e+00,3.234595545329699e+00
6.431038852412746e+00,3.251490339674456e+00
6.481038852412746e+00,3.268337446428852e+00
6.531038852412745e+00,3.285137256971666e+00
6.581038852412745e+00,3.301890157426690e+00
6.631038852412745e+00,3.318596528760835e+00
6.681038852412745e+00,3.335256746879912e+00
6.731038852412745e+00,3.351871182722172e+00
6.781038852412745e+00,3.368440202349520e+00
6.831038852412744e+00,3.384964167036618e+00
6.881038852412744e+00,3.401443433357997e+00
6.931038852412744e+00,3.417878353273031e+00
6.981038852412744e+00,3.434269274209072e+00
7.031038852412744e+00,3.450616539142565e+00
7.081038852412743e+00,3.466920486678227e+00
7.131038852412743e+00,3.483181451126620e+00
7.181038852412743e+00,3.499399762579917e+00
7.231038852412743e+00,3.515575746985835e+00
7.281038852412743e+00,3.531709726219991e+00
7.331038852412743e+00,3.547802018156727e+00
7.381038852412742e+00,3.563852936738165e+00
7.431038852412742e+00,3.579862792041886e+00
7.481038852412742e+00,3.595831890347129e+00
7.531038852412742e+00,3.611760534199439e+00
7.581038852412742e+00,3.627649022473933e+00
7.631038852412741e+00,3.643497650437197e+00
7.681038852412741e+00,3.659306709807939e+00
7.731038852412741e+00,3.675076488816305e+00
7.781038852412741e+00,3.690807272261789e+00
7.831038852412741e+00,3.706499341570046e+00
7.881038852412741e+00,3.722152974848455e+00
7.931038852412740e+00,3.737768446940497e+00
7.981038852412740e+00,3.753346029479145e+00
8.031038852412740e+00,3.768885990938878e+00
8.081038852412741e+00,3.784388596686729e+00
8.131038852412741e+00,3.799854109032426e+00
8.181038852412742e+00,3.815282787277321e+00
8.231038852412743e+00,3.830674887762330e+00
8.281038852412744e+00,3.846030663914903e+00
8.331038852412744e+00,3.861350366295099e+00
8.381038852412745e+00,3.876634242640735e+00
8.431038852412746e+00,3.891882537911587e+00
8.481038852412746e+00,3.907095494332598e+00
8.531038852412747e+00,3.922273351436439e+00
8.581038852412748e+00,3.937416346105134e+00
8.631038852412749e+00,3.952524712610700e+00
8.681038852412749e+00,3.967598682655250e+00
8.731038852412750e+00,3.982638485410190e+00
8.781038852412751e+00,3.997644347554624e+00
8.831038852412751e+00,4.012616493313040e+00
8.881038852412752e+00,4.027555144492188e+00
8.931038852412753e+00,4.042460520517441e+00
8.981038852412754e+00,4.057332838468374e+00
9.031038852412754e+00,4.072172313113484e+00
9.081038852412755e+00,4.086979156944489e+00
9.131038852412756e+00,4.101753580209886e+00
9.181038852412756e+00,4.116495790947813e+00
9.231038852412757e+00,4.131205995018409e+00
9.281038852412758e+00,4.145884396135505e+00
9.331038852412759e+00,4.160531195897766e+00
9.381038852412759e+00,4.175146593819216e+00
9.431038852412760e+00,4.189730787359131e+00
9.481038852412761e+00,4.204283971951445e+00
9.531038852412761e+00,4.218806341033737e+00
9.581038852412762e+00,4.233298086075640e+00
9.631038852412763e+00,4.247759396606469e+00
9.681038852412764e+00,4.262190460242623e+00
9.731038852412764e+00,4.276591462714562e+00
9.781038852412765e+00,4.290962587893020e+00
9.831038852412766e+00,4.305304017814866e+00
9.881038852412766e+00,4.319615932708604e+00
9.931038852412767e+00,4.333898511019383e+00
9.981038852412768e+00,4.348151929433441e+00
1.003103885241277e+01,4.362376362902174e+00
1.008103885241277e+01,4.376571984665953e+00
1.013103885241277e+01,4.390738966277347e+00
1.018103885241277e+01,4.404877477623854e+00
1.023103885241277e+01,4.418987686950445e+00
1.028103885241277e+01,4.433069760881689e+00
1.033103885241277e+01,4.447123864443343e+00
1.038103885241277e+01,4.461150161083763e+00
1.043103885241277e+01,4.475148812694842e+00
1.048103885241277e+01,4.489119979632526e+00
1.053103885241278e+01,4.503063820737157e+00
1.058103885241278e+01,4.516980493353390e+00
1.063103885241278e+01,4.530870153349735e+00
1.068103885241278e+01,4.544732955137755e+00
1.073103885241278e+01,4.558569051691025e+00
1.078103885241278e+01,4.572378594563806e+00
1.083103885241278e+01,4.586161733909296e+00
1.088103885241278e+01,4.599918618497620e+00
1.093103885241278e+01,4.613649395733536e+00
1.098103885241278e+01,4.627354211673818e+00
1.103103885241278e+01,4.641033211044446e+00
1.108103885241278e+01,4.654686537257475e+00
1.113103885241278e+01,4.668314332427569e+00
1.118103885241278e+01,4.681916737388287e+00
1.123103885241279e+01,4.695493891708068e+00
1.128103885241279e+01,4.709045933706159e+00
1.133103885241279e+01,4.722573000468187e+00
1.138103885241279e+01,4.736075227861279e+00
1.143103885241279e+01,4.749552750549165e+00
1.148103885241279e+01,4.763005702007053e+00
1.153103885241279e+01,4.776434214536127e+00
1.158103885241279e+01,4.789838419277909e+00
1.163103885241279e+01,4.803218446228449e+00
1.168103885241279e+01,4.816574424252184e+00
1.173103885241279e+01,4.829906481095581e+00
1.178103885241279e+01,4.843214743400593e+00
1.183103885241279e+01,4.856499336718027e+00
1.188103885241279e+01,4.869760385520585e+00
1.193103885241280e+01,4.882998013215585e+00
1.198103885241280e+01,4.896212342157848e+00
1.203103885241280e+01,4.909403493662087e+00
1.208103885241280e+01,4.922571588014975e+00
1.213103885241280e+01,4.935716744487498e+00
1.218103885241280e+01,4.948839081346907e+00
1.223103885241280e+01,4.961938715868255e+00
1.228103885241280e+01,4.975015764345982e+00
1.233103885241280e+01,4.988070342105432e+00
1.238103885241280e+01,5.001102563513991e+00
1.243103885241280e+01,5.014112541992167e+00
1.248103885241280e+01,5.027100390024438e+00
1.253103885241280e+01,5.040066219170004e+00
1.258103885241280e+01,5.053010140073381e+00
1.263103885241281e+01,5.065932262474703e+00
1.268103885241281e+01,5.078832695220095e+00
1.273103885241281e+01,5.091711546271798e+00
1.278103885241281e+01,5.104568922718171e+00
1.283103885241281e+01,5.117404930783334e+00
1.288103885241281e+01,5.130219675836896e+00
1.293103885241281e+01,5.143013262403765e+00
1.298103885241281e+01,5.155785794173286e+00
1.303103885241281e+01,5.168537374008509e+00
1.308103885241281e+01,5.181268103955454e+00
1.313103885241281e+01,5.193978085252013e+00
1.318103885241281e+01,5.206667418336895e+00
1.323103885241281e+01,5.219336202858489e+00
1.328103885241281e+01,5.231984537683397e+00
1.333103885241282e+01,5.244612520904800e+00
1.338103885241282e+01,5.257220249850977e+00
1.343103885241282e+01,5.269807821093710e+00
1.348103885241282e+01,5.282375330456418e+00
1.353103885241282e+01,5.294922873022000e+00
1.358103885241282e+01,5.307450543140864e+00
1.363103885241282e+01,5.319958434438965e+00
1.368103885241282e+01,5.332446639825307e+00
1.373103885241282e+01,5.344915251499549e+00
1.378103885241282e+01,5.357364360959595e+00
1.383103885241282e+01,5.369794059009060e+00
1.388103885241282e+01,5.382204435764587e+00
1.393103885241282e+01,5.394595580662925e+00
1.398103885241282e+01,5.406967582468057e+00
1.403103885241283e+01,5.419320529278344e+00
1.408103885241283e+01,5.431654508533445e+00
1.413103885241283e+01,5.443969607021044e+00
1.418103885241283e+01,5.456265910883642e+00
1.423103885241283e+01,5.468544532321844e+00
1.427000000000000e+01,5.478102228377120e+00
1.427000010000000e+01,5.474415993315247e+00
1.427000030000000e+01,5.460564898811146e+00
1.427000035528878e+01,5.453982738358285e+00
1.427000037823215e+01,5.450008414106267e+00
1.427000040944635e+01,5.443554444775305e+00
1.427000043950976e+01,5.436531348345550e+00
1.427000046267738e+01,5.430497886733690e+00
1.427000048298870e+01,5.424696001771420e+00
1.427000050434997e+01,5.418092899593498e+00
1.427000051885540e+01,5.413079999619914e+00
1.427000052953553e+01,5.408546125409881e+00
1.427000053708001e+01,5.404547878369312e+00
1.427000054656089e+01,5.399022430780110e+00
1.427000055766860e+01,5.392642770032081e+00
1.427000056622814e+01,5.387910803263631e+00
1.427000057557115e+01,5.382969188985665e+00
1.427000058782259e+01,5.376787421011733e+00
1.427000059978528e+01,5.371057013865111e+00
1.427000061140884e+01,5.365785159496173e+00
1.427000062249406e+01,5.361019434552891e+00
1.427000063377560e+01,5.356419249416006e+00
1.427000064499990e+01,5.352085043037996e+00
1.427000065642798e+01,5.347884170806855e+00
1.427000066785836e+01,5.343724456809754e+00
1.427000067955305e+01,5.339264035836649e+00
1.427000069144519e+01,5.334386094728574e+00
1.427000070382926e+01,5.328895657750916e+00
1.427000071674114e+01,5.322627527378764e+00
1.427000073049225e+01,5.315166513031524e+00
1.427000074528587e+01,5.306200694584037e+00
1.427000075523449e+01,5.299629363977427e+00
1.427000076214211e+01,5.294840052065254e+00
1.427000076768707e+01,5.290945840599321e+00
1.427000077523047e+01,5.285683800951393e+00
1.427000078218402e+01,5.280944308875122e+00
1.427000079186153e+01,5.274581724081977e+00
1.427000080171518e+01,5.268394133137212e+00
1.427000081456400e+01,5.260732391509304e+00
1.427000082924526e+01,5.252380906480831e+00
1.427000084095814e+01,5.245978762354250e+00
1.427000085035045e+01,5.241002645243722e+00
1.427000085904540e+01,5.236503063844495e+00
1.427000086778908e+01,5.232065628575311e+00
1.427000087627259e+01,5.227838373821029e+00
1.427000088739250e+01,5.222397150798720e+00
1.427000089985105e+01,5.216415394481240e+00
1.427000091474313e+01,5.209409970656391e+00
1.427000093049100e+01,5.202167144464545e+00
1.427000094877287e+01,5.193977686212624e+00
1.427000096863912e+01,5.185368054136836e+00
1.427000099167851e+01,5.175713724194870e+00
1.427000100000000e+01,5.172321779813646e+00
1.427000100255430e+01,5.171313525269991e+00
1.427000100766291e+01,5.169318348047953e+00
1.427000101788013e+01,5.165429863770339e+00
1.427000103831457e+01,5.157998677664538e+00
1.427000106324470e+01,5.149485375235544e+00
1.427000107994885e+01,5.144251928300751e+00
1.427000109205458e+01,5.140900828717150e+00
1.427000110428830e+01,5.138033981646540e+00
1.427000111613975e+01,5.135867684067395e+00
1.427000113517236e+01,5.133340659838613e+00
1.427000115446395e+01,5.131293900752558e+00
1.427000117349055e+01,5.129124995024948e+00
1.427000118657626e+01,5.127115707094064e+00
1.427000119812946e+01,5.124850011416883e+00
1.427000120940143e+01,5.122297417453586e+00
1.427000122649078e+01,5.118057215875667e+00
1.427000124440899e+01,5.113428252078610e+00
1.427000126518706e+01,5.108135030294778e+00
1.427000128552353e+01,5.103256221222406e+00
1.427000130635236e+01,5.098683027202958e+00
1.427000133017051e+01,5.094001170939449e+00
1.427000135950321e+01,5.088980144255346e+00
1.427000139642701e+01,5.083673781086136e+00
1.427000144057189e+01,5.078629008470855e+00
1.427000150042180e+01,5.073479797582449e+00
1.427000155942157e+01,5.069843412572347e+00
1.427000161988904e+01,5.067292386506378e+00
1.427000167756965e+01,5.065657825748355e+00
1.427000174215923e+01,5.064463343946628e+00
1.427000181421135e+01,5.063604889341691e+00
1.427000188304316e+01,5.063080560159666e+00
1.427000195238225e+01,5.062735695545378e+00
1.427000201989784e+01,5.062502805764050e+00
1.427000208506584e+01,5.062337354180003e+00
1.427000215578171e+01,5.062196353030814e+00
1.427000222430662e+01,5.062082182895616e+00
1.427000229524359e+01,5.061978070416818e+00
1.427000236437513e+01,5.061884150917424e+00
1.427000243586023e+01,5.061790678482817e+00
1.427000251411647e+01,5.061688608971266e+00
1.427000260625382e+01,5.061564368372927e+00
1.427000271188294e+01,5.061411678326324e+00
1.427000283809534e+01,5.061213262499689e+00
1.427000298868671e+01,5.060968980533290e+00
1.427000312576696e+01,5.060765218974855e+00
1.427000322953401e+01,5.060638004580176e+00
1.427000327461290e+01,5.060594169696579e+00
1.427000332127822e+01,5.060557295913364e+00
1.427000338093571e+01,5.060517384296737e+00
1.427000342977338e+01,5.060489805475501e+00
1.427000347546406e+01,5.060468041519939e+00
1.427000352412751e+01,5.060448137286632e+00
1.427000357123971e+01,5.060431459538795e+00
1.427000361924433e+01,5.060416705574457e+00
1.427000366745706e+01,5.060403731874943e+00
1.427000371534499e+01,5.060392376039975e+00
1.427000376853242e+01,5.060381168954240e+00
1.427000381886815e+01,5.060371680592220e+00
1.427000387389953e+01,5.060362358780904e+00
1.427000393263718e+01,5.060353347731910e+00
1.427000399725227e+01,5.060344328978112e+00
1.427000406899046e+01,5.060335175859531e+00
1.427000414885396e+01,5.060325816140868e+00
1.427000424188373e+01,5.060315723717951e+00
1.427000434036364e+01,5.060305739869293e+00
1.427000444864036e+01,5.060295395007607e+00
1.427000458802856e+01,5.060282744716268e+00
1.427000476748964e+01,5.060267142396852e+00
1.427000496340463e+01,5.060250677242069e+00
1.427000513035076e+01,5.060236997327361e+00
1.427000529495310e+01,5.060223786178890e+00
1.427000548789370e+01,5.060208578987355e+00
1.427000566716328e+01,5.060194700803128e+00
1.427000587893267e+01,5.060178631998020e+00
1.427000614484411e+01,5.060158861026161e+00
1.427000634491132e+01,5.060144296935701e+00
1.427000656399807e+01,5.060128688858185e+00
1.427000681115168e+01,5.060111459812068e+00
1.427000710373541e+01,5.060091595853470e+00
1.427000753523699e+01,5.060063149759967e+00
1.427000791402494e+01,5.060038967680550e+00
1.427000831646943e+01,5.060014112855410e+00
1.427000868407215e+01,5.059992090731043e+00
1.427000900928534e+01,5.059973167370200e+00
1.427000934066408e+01,5.059954420470559e+00
1.427000971372113e+01,5.059933918736816e+00
1.427001013385000e+01,5.059911529470446e+00
1.427001055564995e+01,5.059889755541268e+00
1.427001095035067e+01,5.059870043567455e+00
1.427001139679122e+01,5.059848527599286e+00
1.427001195986979e+01,5.059822453259887e+00
1.427001261858827e+01,5.059793357662508e+00
1.427001340473927e+01,5.059760511397339e+00
1.427001430215234e+01,5.059725377232018e+00
1.427001538760664e+01,5.059686010512592e+00
1.427001668661890e+01,5.059643032964965e+00
1.427001835610009e+01,5.059593732056531e+00
1.427002052521790e+01,5.059538947072332e+00
1.427002428611076e+01,5.059463075190086e+00
1.427003002461409e+01,5.059377581101972e+00
1.427003689587330e+01,5.059308748233721e+00
1.427004549434580e+01,5.059255550377183e+00
1.427005512814431e+01,5.059221138531020e+00
1.427006753614247e+01,5.059197436869031e+00
1.427008168569630e+01,5.059183732767762e+00
1.427009973807338e+01,5.059175267315795e+00
1.427012352083779e+01,5.059169336896074e+00
1.427016215188639e+01,5.059163234540053e+00
1.427023640794592e+01,5.059155040922669e+00
1.427038492006496e+01,5.059144403691907e+00
1.427062786357011e+01,5.059134238093549e+00
1.427089285856110e+01,5.059127805677862e+00
1.427126410046729e+01,5.059121583380700e+00
1.427177002182265e+01,5.059114108391698e+00
1.427272519338472e+01,5.059100418817120e+00
1.427446149670809e+01,5.059075597679257e+00
1.427793410335485e+01,5.059025958235888e+00
1.428487931664835e+01,5.058926698183913e+00
1.429876974323536e+01,5.058728246124744e+00
1.432655059640939e+01,5.058331601727649e+00
1.437655059640939e+01,5.057618391287711e+00
1.442655059640939e+01,5.056906021531131e+00
1.447655059640939e+01,5.056194596530495e+00
1.452655059640939e+01,5.055484115115188e+00
1.457655059640939e+01,5.054774576113632e+00
1.462655059640939e+01,5.054065978357508e+00
1.467655059640939e+01,5.053358320677759e+00
1.472655059640939e+01,5.052651601908441e+00
1.477655059640940e+01,5.051945820882913e+00
1.482655059640940e+01,5.051240976437618e+00
1.487655059640940e+01,5.050537067408430e+00
1.492655059640940e+01,5.049834092634328e+00
1.497655059640940e+01,5.049132050953660e+00
1.502655059640940e+01,5.048430941207619e+00
1.507655059640940e+01,5.047730762236984e+00
1.512655059640940e+01,5.047031512885565e+00
1.517655059640940e+01,5.046333191996674e+00
1.522655059640940e+01,5.045635798416293e+00
1.527655059640940e+01,5.044939330990206e+00
1.532655059640940e+01,5.044243788566954e+00
1.537655059640940e+01,5.043549169994662e+00
1.542655059640940e+01,5.042855474124294e+00
1.547655059640941e+01,5.042162699806548e+00
1.552655059640941e+01,5.041470845894639e+00
1.557655059640941e+01,5.040779911241708e+00
1.562655059640941e+01,5.040089894703455e+00
1.567655059640941e+01,5.039400795135406e+00
1.572655059640941e+01,5.038712611395670e+00
1.577655059640941e+01,5.038025342342269e+00
1.582655059640941e+01,5.037338986835628e+00
1.587655059640941e+01,5.036653543736203e+00
1.592655059640941e+01,5.035969011906896e+00
1.597655059640941e+01,5.035285390210531e+00
1.602655059640941e+01,5.034602677512346e+00
1.607655059640941e+01,5.033920872677719e+00
1.612655059640941e+01,5.033239974574238e+00
1.617655059640941e+01,5.032559982069670e+00
1.622655059640941e+01,5.031880894034034e+00
1.627655059640941e+01,5.031202709337484e+00
1.632655059640942e+01,5.030525426852376e+00
1.637655059640942e+01,5.029849045451267e+00
1.642655059640942e+01,5.029173564009020e+00
1.647655059640942e+01,5.028498981400640e+00
1.652655059640942e+01,5.027825296503164e+00
1.657655059640942e+01,5.027152508194036e+00
1.662655059640942e+01,5.026480615352821e+00
1.667655059640942e+01,5.025809616859296e+00
1.672655059640942e+01,5.025139511595357e+00
1.677655059640942e+01,5.024470298443314e+00
1.682655059640942e+01,5.023801976287397e+00
1.687655059640942e+01,5.023134544012157e+00
1.692655059640942e+01,5.022468000504263e+00
1.697655059640942e+01,5.021802344650760e+00
1.702655059640943e+01,5.021137575340619e+00
1.707655059640943e+01,5.020473691463269e+00
1.712655059640943e+01,5.019810691910014e+00
1.717655059640943e+01,5.019148575572655e+00
1.722655059640943e+01,5.018487341344961e+00
1.727655059640943e+01,5.017826988121134e+00
1.732655059640943e+01,5.017167514797181e+00
1.737655059640943e+01,5.016508920269696e+00
1.742655059640943e+01,5.015851203437116e+00
1.747655059640943e+01,5.015194363198368e+00
1.752655059640943e+01,5.014538398454222e+00
1.757655059640943e+01,5.013883308106045e+00
1.762655059640943e+01,5.013229091056984e+00
1.767655059640943e+01,5.012575746210699e+00
1.772655059640944e+01,5.011923272472624e+00
1.777655059640944e+01,5.011271668748798e+00
1.782655059640944e+01,5.010620933947065e+00
1.787655059640944e+01,5.009971066975947e+00
1.792655059640944e+01,5.009322066745548e+00
1.797655059640944e+01,5.008673932166603e+00
1.802655059640944e+01,5.008026662151661e+00
1.807655059640944e+01,5.007380255613895e+00
1.812655059640944e+01,5.006734711468034e+00
1.817655059640944e+01,5.006090028629569e+00
1.822655059640944e+01,5.005446206015781e+00
1.827655059640944e+01,5.004803242544525e+00
1.832655059640944e+01,5.004161137135214e+00
1.837655059640944e+01,5.003519888708058e+00
1.842655059640945e+01,5.002879496184869e+00
1.847655059640945e+01,5.002239958488173e+00
1.852655059640945e+01,5.001601274542145e+00
1.857655059640945e+01,5.000963443271671e+00
1.862655059640945e+01,5.000326463603135e+00
1.867655059640945e+01,4.999690334463829e+00
1.872655059640945e+01,4.999055054782577e+00
1.877655059640945e+01,4.998420623488884e+00
1.882655059640945e+01,4.997787039513812e+00
1.887655059640945e+01,4.997154301789256e+00
1.892655059640945e+01,4.996522409248668e+00
1.897655059640945e+01,4.995891360826217e+00
1.902655059640945e+01,4.995261155457599e+00
1.907655059640945e+01,4.994631792079383e+00
1.912655059640946e+01,4.994003269629600e+00
1.917655059640946e+01,4.993375587047077e+00
1.922655059640946e+01,4.992748743272100e+00
1.927655059640946e+01,4.992122737245873e+00
1.932655059640946e+01,4.991497567911057e+00
1.937655059640946e+01,4.990873234211080e+00
1.942655059640946e+01,4.990249735090896e+00
1.947655059640946e+01,4.989627069496306e+00
1.952655059640946e+01,4.989005236374444e+00
1.957655059640946e+01,4.988384234673462e+00
1.962655059640946e+01,4.987764063342913e+00
1.967655059640946e+01,4.987144721333129e+00
1.972655059640946e+01,4.986526207595956e+00
1.977655059640946e+01,4.985908521084097e+00
1.982655059640947e+01,4.985291660751553e+00
1.987655059640947e+01,4.984675625553310e+00
1.992655059640947e+01,4.984060414445823e+00
1.997655059640947e+01,4.983446026386363e+00
2.002655059640947e+01,4.982832460333542e+00
2.007655059640947e+01,4.982219715246931e+00
2.012655059640947e+01,4.981607790087429e+00
2.017655059640947e+01,4.980996683816890e+00
2.022655059640947e+01,4.980386395398593e+00
2.027655059640947e+01,4.979776923796663e+00
2.032655059640947e+01,4.979168267976464e+00
2.037655059640947e+01,4.978560426904429e+00
2.042655059640947e+01,4.977953399548389e+00
2.047655059640947e+01,4.977347184877020e+00
2.052655059640947e+01,4.976741781860294e+00
2.057655059640948e+01,4.976137189469084e+00
2.062655059640948e+01,4.975533406675664e+00
2.067655059640948e+01,4.974930432453368e+00
2.072655059640948e+01,4.974328265776689e+00
2.077655059640948e+01,4.973726905621080e+00
2.082655059640948e+01,4.973126350963343e+00
2.087655059640948e+01,4.972526600781210e+00
2.092655059640948e+01,4.971927654053731e+00
2.097655059640948e+01,4.971329509760876e+00
2.102655059640948e+01,4.970732166883928e+00
2.107655059640948e+01,4.970135624405170e+00
2.112655059640948e+01,4.969539881308144e+00
2.117655059640948e+01,4.968944936577314e+00
2.122655059640948e+01,4.968350789198395e+00
2.127655059640949e+01,4.967757438158206e+00
2.132655059640949e+01,4.967164882444859e+00
2.137655059640949e+01,4.966573121047265e+00
2.142655059640949e+01,4.965982152955604e+00
2.147655059640949e+01,4.965391977161187e+00
2.152655059640949e+01,4.964802592656497e+00
2.157655059640949e+01,4.964213998434971e+00
2.162655059640949e+01,4.963626193491340e+00
2.167655059640949e+01,4.963039176821318e+00
2.172655059640949e+01,4.962452947421795e+00
2.177655059640949e+01,4.961867504290741e+00
2.182655059640949e+01,4.961282846427355e+00
2.187655059640949e+01,4.960698972831766e+00
2.192655059640949e+01,4.960115882505332e+00
2.197655059640950e+01,4.959533574450480e+00
2.202655059640950e+01,4.958952047670830e+00
2.207655059640950e+01,4.958371301170916e+00
2.212655059640950e+01,4.957791333956534e+00
2.217655059640950e+01,4.957212145034568e+00
2.222655059640950e+01,4.956633733413076e+00
2.227655059640950e+01,4.956056098101052e+00
2.232655059640950e+01,4.955479238108724e+00
2.237655059640950e+01,4.954903152447385e+00
2.242655059640950e+01,4.954327840129395e+00
2.247655059640950e+01,4.953753300168160e+00
2.252655059640950e+01,4.953179531578410e+00
2.257655059640950e+01,4.952606533375834e+00
2.262655059640950e+01,4.952034304577201e+00
2.267655059640951e+01,4.951462844200348e+00
2.272655059640951e+01,4.950892151264338e+00
2.277655059640951e+01,4.950322224789230e+00
2.282655059640951e+01,4.949753063796249e+00
2.287655059640951e+01,4.949184667307614e+00
2.292655059640951e+01,4.948617034346681e+00
2.297655059640951e+01,4.948050163937951e+00
2.302655059640951e+01,4.947484055107044e+00
2.307655059640951e+01,4.946918706880505e+00
2.312655059640951e+01,4.946354118286173e+00
2.317655059640951e+01,4.945790288352817e+00
2.322655059640951e+01,4.945227216110330e+00
2.327655059640951e+01,4.944664900589745e+00
2.332655059640951e+01,4.944103340823207e+00
2.337655059640952e+01,4.943542535843885e+00
2.342655059640952e+01,4.942982484686067e+00
2.347655059640952e+01,4.942423186385057e+00
2.352655059640952e+01,4.941864639977298e+00
2.357655059640952e+01,4.941306844500287e+00
2.362655059640952e+01,4.940749798992721e+00
2.367655059640952e+01,4.940193502494243e+00
2.372655059640952e+01,4.939637954045593e+00
2.377655059640952e+01,4.939083152688604e+00
2.382655059640952e+01,4.938529097466279e+00
2.387655059640952e+01,4.937975787422631e+00
2.392655059640952e+01,4.937423221602661e+00
2.397655059640952e+01,4.936871399052469e+00
2.402655059640952e+01,4.936320318819422e+00
2.407655059640953e+01,4.935769979951844e+00
2.412655059640953e+01,4.935220381499088e+00
2.417655059640953e+01,4.934671522511564e+00
2.422655059640953e+01,4.934123402040811e+00
2.427655059640953e+01,4.933576019139450e+00
2.432655059640953e+01,4.933029372861257e+00
2.437655059640953e+01,4.932483462260863e+00
2.442655059640953e+01,4.931938286393997e+00
2.447655059640953e+01,4.931393844317618e+00
2.452655059640953e+01,4.930850135089750e+00
2.457655059640953e+01,4.930307157769376e+00
2.462655059640953e+01,4.929764911416568e+00
2.467655059640953e+01,4.929223395092444e+00
2.472655059640953e+01,4.928682607859228e+00
2.477655059640954e+01,4.928142548780144e+00
2.482655059640954e+01,4.927603216919597e+00
2.487655059640954e+01,4.927064611342955e+00
2.492655059640954e+01,4.926526731116661e+00
2.497655059640954e+01,4.925989575308265e+00
2.502655059640954e+01,4.925453142986312e+00
2.507655059640954e+01,4.924917433220410e+00
2.512655059640954e+01,4.924382445081307e+00
2.517655059640954e+01,4.923848177640761e+00
2.522655059640954e+01,4.923314629971597e+00
2.527655059640954e+01,4.922781801147623e+00
2.532655059640954e+01,4.922249690243692e+00
2.537655059640954e+01,4.921718296335808e+00
2.542655059640954e+01,4.921187618501062e+00
2.547655059640955e+01,4.920657655817466e+00
2.552655059640955e+01,4.920128407364123e+00
2.557655059640955e+01,4.919599872221212e+00
2.562655059640955e+01,4.919072049469998e+00
2.567655059640955e+01,4.918544938192715e+00
2.572655059640955e+01,4.918018537472686e+00
2.577655059640955e+01,4.917492846394249e+00
2.582655059640955e+01,4.916967864042796e+00
2.587655059640955e+01,4.916443589504729e+00
2.592655059640955e+01,4.915920021867582e+00
2.597655059640955e+01,4.915397160219993e+00
2.602655059640955e+01,4.914875003651513e+00
2.607655059640955e+01,4.914353551252661e+00
2.612655059640955e+01,4.913832802115150e+00
2.617655059640956e+01,4.913312755331699e+00
2.622655059640956e+01,4.912793409995991e+00
2.627655059640956e+01,4.912274765202804e+00
2.632655059640956e+01,4.911756820048001e+00
2.637655059640956e+01,4.911239573628390e+00
2.642655059640956e+01,4.910723025041828e+00
2.647655059640956e+01,4.910207173387225e+00
2.652655059640956e+01,4.909692017764601e+00
2.657655059640956e+01,4.909177557274972e+00
2.662655059640956e+01,4.908663791020293e+00
2.667655059640956e+01,4.908150718103547e+00
2.672655059640956e+01,4.907638337628885e+00
2.677655059640956e+01,4.907126648701443e+00
2.682655059640956e+01,4.906615650427317e+00
2.687655059640957e+01,4.906105341913640e+00
2.692655059640957e+01,4.905595722268615e+00
2.697655059640957e+01,4.905086790601449e+00
2.702655059640957e+01,4.904578546022405e+00
2.707655059640957e+01,4.904070987642712e+00
2.712655059640957e+01,4.903564114574650e+00
2.717655059640957e+01,4.903057925931580e+00
2.722655059640957e+01,4.902552420827821e+00
2.727655059640957e+01,4.902047598378680e+00
2.732655059640957e+01,4.901543457700551e+00
2.737655059640957e+01,4.901039997910838e+00
2.742655059640957e+01,4.900537218127932e+00
2.747655059640957e+01,4.900035117471242e+00
2.752655059640957e+01,4.899533695061257e+00
2.757655059640958e+01,4.899032950019413e+00
2.762655059640958e+01,4.898532881468155e+00
2.767655059640958e+01,4.898033488530983e+00
2.772655059640958e+01,4.897534770332366e+00
2.777655059640958e+01,4.897036725997814e+00
2.782655059640958e+01,4.896539354653933e+00
2.787655059640958e+01,4.896042655428215e+00
2.792655059640958e+01,4.895546627449132e+00
2.797655059640958e+01,4.895051269846282e+00
2.802655059640958e+01,4.894556581750265e+00
2.807655059640958e+01,4.894062562292572e+00
2.812655059640958e+01,4.893569210605774e+00
2.817655059640958e+01,4.893076525823542e+00
2.822655059640958e+01,4.892584507080385e+00
2.827655059640959e+01,4.892093153511854e+00
2.832655059640959e+01,4.891602464254635e+00
2.837655059640959e+01,4.891112438446232e+00
2.842655059640959e+01,4.890623075225197e+00
2.847655059640959e+01,4.890134373731239e+00
2.852655059640959e+01,4.889646333104943e+00
2.857655059640959e+01,4.889158952487805e+00
2.862655059640959e+01,4.888672231022412e+00
2.867655059640959e+01,4.888186167852361e+00
2.872655059640959e+01,4.887700762122250e+00
2.877655059640959e+01,4.887216012977650e+00
2.882655059640959e+01,4.886731919565140e+00
2.887655059640959e+01,4.886248481032291e+00
2.892655059640959e+01,4.885765696527637e+00
2.897655059640960e+01,4.885283565200700e+00
2.902655059640960e+01,4.884802086202045e+00
2.907655059640960e+01,4.884321258683199e+00
2.912655059640960e+01,4.883841081796631e+00
2.917655059640960e+01,4.883361554695818e+00
2.922655059640960e+01,4.882882676535320e+00
2.927655059640960e+01,4.882404446470632e+00
2.932655059640960e+01,4.881926863658147e+00
2.937655059640960e+01,4.881449927255297e+00
2.942655059640960e+01,4.880973636420554e+00
2.947655059640960e+01,4.880497990313345e+00
2.952655059640960e+01,4.880022988094034e+00
2.957655059640960e+01,4.879548628923991e+00
2.962655059640960e+01,4.879074911965612e+00
2.967655059640961e+01,4.878601836382189e+00
2.972655059640961e+01,4.878129401338052e+00
2.977655059640961e+01,4.877657605998500e+00
2.982655059640961e+01,4.877186449529801e+00
2.987655059640961e+01,4.876715931099205e+00
2.992655059640961e+01,4.876246049874893e+00
2.997655059640961e+01,4.875776805026083e+00
3.002655059640961e+01,4.875308195722968e+00
3.007655059640961e+01,4.874840221136619e+00
3.012655059640961e+01,4.874372880439187e+00
3.017655059640961e+01,4.873906172803813e+00
3.022655059640961e+01,4.873440097404477e+00
3.027655059640961e+01,4.872974653416190e+00
3.032655059640961e+01,4.872509840014996e+00
3.037655059640961e+01,4.872045656377860e+00
3.042655059640962e+01,4.871582101682684e+00
3.047655059640962e+01,4.871119175108372e+00
3.052655059640962e+01,4.870656875834772e+00
3.057655059640962e+01,4.870195203042666e+00
3.062655059640962e+01,4.869734155913889e+00
3.067655059640962e+01,4.869273733631191e+00
3.072655059640962e+01,4.868813935378241e+00
3.077655059640962e+01,4.868354760339714e+00
3.082655059640962e+01,4.867896207701273e+00
3.087655059640962e+01,4.867438276649479e+00
3.092655059640962e+01,4.866980966371821e+00
3.097655059640962e+01,4.866524276056880e+00
3.102655059640962e+01,4.866068204894130e+00
3.107655059640962e+01,4.865612752073876e+00
3.112655059640963e+01,4.865157916787568e+00
3.117655059640963e+01,4.864703698227602e+00
3.122655059640963e+01,4.864250095587177e+00
3.127655059640963e+01,4.863797108060481e+00
3.132655059640963e+01,4.863344734842697e+00
3.137655059640963e+01,4.862892975130006e+00
3.142655059640963e+01,4.862441828119474e+00
3.147655059640963e+01,4.861991293009089e+00
3.152655059640963e+01,4.861541368997901e+00
3.157655059640963e+01,4.861092055285798e+00
3.162655059640963e+01,4.860643351073602e+00
3.167655059640963e+01,4.860195255563196e+00
3.172655059640963e+01,4.859747767957317e+00
3.177655059640963e+01,4.859300887459653e+00
3.182655059640964e+01,4.858854613274882e+00
3.187655059640964e+01,4.858408944608558e+00
3.192655059640964e+01,4.857963880667163e+00
3.197655059640964e+01,4.857519420658176e+00
3.202655059640963e+01,4.857075563790077e+00
3.207655059640963e+01,4.856632309272227e+00
3.212655059640963e+01,4.856189656314853e+00
3.217655059640963e+01,4.855747604129183e+00
3.222655059640962e+01,4.855306151927397e+00
3.227655059640962e+01,4.854865298922528e+00
3.232655059640962e+01,4.854425044328620e+00
3.237655059640961e+01,4.853985387360692e+00
3.242655059640961e+01,4.853546327234555e+00
3.247655059640961e+01,4.853107863167012e+00
3.252655059640961e+01,4.852669994375931e+00
3.257655059640960e+01,4.852232720080003e+00
3.262655059640960e+01,4.851796039498723e+00
3.267655059640960e+01,4.851359951852599e+00
3.272655059640960e+01,4.850924456363184e+00
3.277655059640959e+01,4.850489552252896e+00
3.282655059640959e+01,4.850055238745011e+00
3.287655059640959e+01,4.849621515063807e+00
3.292655059640958e+01,4.849188380434468e+00
3.297655059640958e+01,4.848755834083013e+00
3.302655059640958e+01,4.848323875236454e+00
3.307655059640958e+01,4.847892503122765e+00
3.312655059640957e+01,4.847461716970796e+00
3.317655059640957e+01,4.847031516010327e+00
3.322655059640957e+01,4.846601899472061e+00
3.327655059640956e+01,4.846172866587596e+00
3.332655059640956e+01,4.845744416589470e+00
3.337655059640956e+01,4.845316548711118e+00
3.342655059640956e+01,4.844889262186857e+00
3.347655059640955e+01,4.844462556251998e+00
3.352655059640955e+01,4.844036430142785e+00
3.357655059640955e+01,4.843610883096304e+00
3.362655059640954e+01,4.843185914350534e+00
3.367655059640954e+01,4.842761523144369e+00
3.372655059640954e+01,4.842337708717677e+00
3.377655059640954e+01,4.841914470311206e+00
3.382655059640953e+01,4.841491807166598e+00
3.387655059640953e+01,4.841069718526470e+00
3.392655059640953e+01,4.840648203634253e+00
3.397655059640952e+01,4.840227261734238e+00
3.402655059640952e+01,4.839806892071738e+00
3.407655059640952e+01,4.839387093892992e+00
3.412655059640952e+01,4.838967866445063e+00
3.417655059640951e+01,4.838549208975955e+00
3.422655059640951e+01,4.838131120734583e+00
3.427655059640951e+01,4.837713600970710e+00
3.432655059640950e+01,4.837296648935010e+00
3.437655059640950e+01,4.836880263879054e+00
3.442655059640950e+01,4.836464445055334e+00
3.447655059640950e+01,4.836049191717303e+00
3.452655059640949e+01,4.835634503119234e+00
3.457655059640949e+01,4.835220378516267e+00
3.462655059640949e+01,4.834806817164493e+00
3.467655059640948e+01,4.834393818320871e+00
3.472655059640948e+01,4.833981381243241e+00
3.477655059640948e+01,4.833569505190399e+00
3.482655059640948e+01,4.833158189422033e+00
3.487655059640947e+01,4.832747433198628e+00
3.492655059640947e+01,4.832337235781550e+00
3.497655059640947e+01,4.831927596433157e+00
3.502655059640946e+01,4.831518514416724e+00
3.507655059640946e+01,4.831109988996287e+00
3.512655059640946e+01,4.830702019436822e+00
3.517655059640946e+01,4.830294605004230e+00
3.522655059640945e+01,4.829887744965216e+00
3.527655059640945e+01,4.829481438587416e+00
3.532655059640945e+01,4.829075685139344e+00
3.537655059640944e+01,4.828670483890422e+00
3.542655059640944e+01,4.828265834110911e+00
3.547655059640944e+01,4.827861735071953e+00
3.552655059640944e+01,4.827458186045631e+00
3.557655059640943e+01,4.827055186304877e+00
3.562655059640943e+01,4.826652735123474e+00
3.567655059640943e+01,4.826250831776072e+00
3.572655059640942e+01,4.825849475538216e+00
3.577655059640942e+01,4.825448665686317e+00
3.582655059640942e+01,4.825048401497702e+00
3.587655059640942e+01,4.824648682250584e+00
3.592655059640941e+01,4.824249507223976e+00
3.597655059640941e+01,4.823850875697778e+00
3.602655059640941e+01,4.823452786952807e+00
3.607655059640940e+01,4.823055240270720e+00
3.612655059640940e+01,4.822658234934059e+00
3.617655059640940e+01,4.822261770226239e+00
3.622655059640940e+01,4.821865845431525e+00
3.627655059640939e+01,4.821470459835064e+00
3.632655059640939e+01,4.821075612722838e+00
3.637655059640939e+01,4.820681303381678e+00
3.642655059640938e+01,4.820287531099343e+00
3.647655059640938e+01,4.819894295164440e+00
3.652655059640938e+01,4.819501594866376e+00
3.657655059640938e+01,4.819109429495488e+00
3.662655059640937e+01,4.818717798343028e+00
3.667655059640937e+01,4.818326700701054e+00
3.672655059640937e+01,4.817936135862419e+00
3.677655059640936e+01,4.817546103120838e+00
3.682655059640936e+01,4.817156601770981e+00
3.687655059640936e+01,4.816767631108342e+00
3.692655059640936e+01,4.816379190429236e+00
3.697655059640935e+01,4.815991279030871e+00
3.702655059640935e+01,4.815603896211262e+00
3.707655059640935e+01,4.815217041269267e+00
3.712655059640934e+01,4.814830713504688e+00
3.717655059640934e+01,4.814444912218173e+00
3.722655059640934e+01,4.814059636711098e+00
3.727655059640934e+01,4.813674886285748e+00
3.732655059640933e+01,4.813290660245334e+00
3.737655059640933e+01,4.812906957893864e+00
3.742655059640933e+01,4.812523778536159e+00
3.747655059640933e+01,4.812141121477957e+00
3.752655059640932e+01,4.811758986025773e+00
3.757655059640932e+01,4.811377371486939e+00
3.762655059640932e+01,4.810996277169759e+00
3.767655059640931e+01,4.810615702383314e+00
3.772655059640931e+01,4.810235646437449e+00
3.777655059640931e+01,4.809856108642972e+00
3.782655059640931e+01,4.809477088311552e+00
3.787655059640930e+01,4.809098584755614e+00
3.792655059640930e+01,4.808720597288390e+00
3.797655059640930e+01,4.808343125223962e+00
3.802655059640929e+01,4.807966167877355e+00
3.807655059640929e+01,4.807589724564388e+00
3.812655059640929e+01,4.807213794601638e+00
3.817655059640929e+01,4.806838377306589e+00
3.822655059640928e+01,4.806463471997566e+00
3.827655059640928e+01,4.806089077993705e+00
3.832655059640928e+01,4.805715194614986e+00
3.837655059640927e+01,4.805341821182183e+00
3.842655059640927e+01,4.804968957016919e+00
3.847655059640927e+01,4.804596601441716e+00
3.852655059640927e+01,4.804224753779842e+00
3.857655059640926e+01,4.803853413355371e+00
3.862655059640926e+01,4.803482579493289e+00
3.867655059640926e+01,4.803112251519401e+00
3.872655059640925e+01,4.802742428760306e+00
3.877655059640925e+01,4.802373110543424e+00
3.882655059640925e+01,4.802004296196995e+00
3.887655059640925e+01,4.801635985050081e+00
3.892655059640924e+01,4.801268176432626e+00
3.897655059640924e+01,4.800900869675368e+00
3.902655059640924e+01,4.800534064109812e+00
3.907655059640923e+01,4.800167759068357e+00
3.912655059640923e+01,4.799801953884153e+00
3.917655059640923e+01,4.799436647891219e+00
3.922655059640923e+01,4.799071840424429e+00
3.927655059640922e+01,4.798707530819344e+00
3.932655059640922e+01,4.798343718412420e+00
3.937655059640922e+01,4.797980402541019e+00
3.942655059640921e+01,4.797617582543198e+00
3.947655059640921e+01,4.797255257757753e+00
3.952655059640921e+01,4.796893427524457e+00
3.957655059640921e+01,4.796532091183915e+00
3.962655059640920e+01,4.796171248077437e+00
3.967655059640920e+01,4.795810897547154e+00
3.972655059640920e+01,4.795451038935988e+00
3.977655059640919e+01,4.795091671587712e+00
3.982655059640919e+01,4.794732794846966e+00
3.987655059640919e+01,4.794374408059121e+00
3.992655059640919e+01,4.794016510570297e+00
3.997655059640918e+01,4.793659101727522e+00
4.002655059640918e+01,4.793302180878648e+00
4.007655059640918e+01,4.792945747372229e+00
4.012655059640917e+01,4.792589800557678e+00
4.017655059640917e+01,4.792234339785270e+00
4.022655059640917e+01,4.791879364405967e+00
4.027655059640917e+01,4.791524873771542e+00
4.032655059640916e+01,4.791170867234672e+00
4.037655059640916e+01,4.790817344148765e+00
4.042655059640916e+01,4.790464303868021e+00
4.047655059640915e+01,4.790111745747442e+00
4.052655059640915e+01,4.789759669142843e+00
4.057655059640915e+01,4.789408073410828e+00
4.062655059640915e+01,4.789056957908778e+00
4.067655059640914e+01,4.788706321994938e+00
4.072655059640914e+01,4.788356165028286e+00
4.077655059640914e+01,4.788006486368566e+00
4.082655059640913e+01,4.787657285376352e+00
4.087655059640913e+01,4.787308561413000e+00
4.092655059640913e+01,4.786960313840669e+00
4.097655059640913e+01,4.786612542022312e+00
4.102655059640912e+01,4.786265245321701e+00
4.107655059640912e+01,4.785918423103358e+00
4.112655059640912e+01,4.785572074732508e+00
4.117655059640911e+01,4.785226199575267e+00
4.122655059640911e+01,4.784880796998575e+00
4.127655059640911e+01,4.784535866370018e+00
4.132655059640911e+01,4.784191407058027e+00
4.137655059640910e+01,4.783847418431919e+00
4.142655059640910e+01,4.783503899861683e+00
4.147655059640910e+01,4.783160850718096e+00
4.152655059640909e+01,4.782818270372761e+00
4.157655059640909e+01,4.782476158197982e+00
4.162655059640909e+01,4.782134513566868e+00
4.167655059640909e+01,4.781793335853397e+00
4.172655059640908e+01,4.781452624432275e+00
4.177655059640908e+01,4.781112378678943e+00
4.182655059640908e+01,4.780772597969605e+00
4.187655059640907e+01,4.780433281681284e+00
4.192655059640907e+01,4.780094429191825e+00
4.197655059640907e+01,4.779756039879775e+00
4.202655059640907e+01,4.779418113124460e+00
4.207655059640906e+01,4.779080648306026e+00
4.212655059640906e+01,4.778743644805322e+00
4.217655059640906e+01,4.778407102003942e+00
4.222655059640906e+01,4.778071019284346e+00
4.227655059640905e+01,4.777735396029760e+00
4.232655059640905e+01,4.777400231624128e+00
4.237655059640905e+01,4.777065525452164e+00
4.242655059640904e+01,4.776731276899346e+00
4.247655059640904e+01,4.776397485351946e+00
4.252655059640904e+01,4.776064150197001e+00
4.257655059640904e+01,4.775731270822272e+00
4.262655059640903e+01,4.775398846616302e+00
4.267655059640903e+01,4.775066876968382e+00
4.272655059640903e+01,4.774735361268593e+00
4.277655059640902e+01,4.774404298907807e+00
4.282655059640902e+01,4.774073689277596e+00
4.287655059640902e+01,4.773743531770315e+00
4.292655059640902e+01,4.773413825779047e+00
4.297655059640901e+01,4.773084570697624e+00
4.302655059640901e+01,4.772755765920758e+00
4.307655059640901e+01,4.772427410843820e+00
4.312655059640900e+01,4.772099504862881e+00
4.317655059640900e+01,4.771772047374878e+00
4.322655059640900e+01,4.771445037777423e+00
4.327655059640900e+01,4.771118475468962e+00
4.332655059640899e+01,4.770792359848649e+00
4.337655059640899e+01,4.770466690316258e+00
4.342655059640899e+01,4.770141466272508e+00
4.347655059640898e+01,4.769816687118867e+00
4.352655059640898e+01,4.769492352257438e+00
4.357655059640898e+01,4.769168461091082e+00
4.362655059640898e+01,4.768845013023414e+00
4.367655059640897e+01,4.768522007458869e+00
4.372655059640897e+01,4.768199443802607e+00
4.377655059640897e+01,4.767877321460472e+00
4.382655059640896e+01,4.767555639839109e+00
4.387655059640896e+01,4.767234398345908e+00
4.392655059640896e+01,4.766913596388978e+00
4.397655059640896e+01,4.766593233377110e+00
4.402655059640895e+01,4.766273308719821e+00
4.407655059640895e+01,4.765953821827568e+00
4.412655059640895e+01,4.765634772111474e+00
4.417655059640894e+01,4.765316158983265e+00
4.422655059640894e+01,4.764997981855496e+00
4.427655059640894e+01,4.764680240141449e+00
4.432655059640894e+01,4.764362933255144e+00
4.437655059640893e+01,4.764046060611356e+00
4.442655059640893e+01,4.763729621625569e+00
4.447655059640893e+01,4.763413615713996e+00
4.452655059640892e+01,4.763098042293609e+00
4.457655059640892e+01,4.762782900782086e+00
4.462655059640892e+01,4.762468190597851e+00
4.467655059640892e+01,4.762153911160078e+00
4.472655059640891e+01,4.761840061888611e+00
4.477655059640891e+01,4.761526642204085e+00
4.482655059640891e+01,4.761213651527867e+00
4.487655059640890e+01,4.760901089281984e+00
4.492655059640890e+01,4.760588954889266e+00
4.497655059640890e+01,4.760277247773265e+00
4.502655059640890e+01,4.759965967358132e+00
4.507655059640889e+01,4.759655113068832e+00
4.512655059640889e+01,4.759344684331185e+00
4.517655059640889e+01,4.759034680571570e+00
4.522655059640888e+01,4.758725101217043e+00
4.527655059640888e+01,4.758415945695520e+00
4.532655059640888e+01,4.758107213435586e+00
4.537655059640888e+01,4.757798903866560e+00
4.542655059640887e+01,4.757491016418491e+00
4.547655059640887e+01,4.757183550522043e+00
4.552655059640887e+01,4.756876505608682e+00
4.557655059640886e+01,4.756569881110659e+00
4.562655059640886e+01,4.756263676460804e+00
4.567655059640886e+01,4.755957891092735e+00
4.572655059640886e+01,4.755652524440793e+00
4.577655059640885e+01,4.755347575939945e+00
4.582655059640885e+01,4.755043045025963e+00
4.587655059640885e+01,4.754738931135340e+00
4.592655059640884e+01,4.754435233705267e+00
4.597655059640884e+01,4.754131952173625e+00
4.602655059640884e+01,4.753829085978937e+00
4.607655059640884e+01,4.753526634560519e+00
4.612655059640883e+01,4.753224597358405e+00
4.617655059640883e+01,4.752922973813314e+00
4.622655059640883e+01,4.752621763366712e+00
4.627655059640882e+01,4.752320965460695e+00
4.632655059640882e+01,4.752020579538076e+00
4.637655059640882e+01,4.751720605042428e+00
4.642655059640882e+01,4.751421041417939e+00
4.647655059640881e+01,4.751121888109544e+00
4.652655059640881e+01,4.750823144562998e+00
4.657655059640881e+01,4.750524810224670e+00
4.662655059640880e+01,4.750226884541499e+00
4.667655059640880e+01,4.749929366961212e+00
4.672655059640880e+01,4.749632256932364e+00
4.677655059640880e+01,4.749335553904070e+00
4.682655059640879e+01,4.749039257326151e+00
4.687655059640879e+01,4.748743366649207e+00
4.692655059640879e+01,4.748447881324450e+00
4.697655059640879e+01,4.748152800803807e+00
4.702655059640878e+01,4.747858124539913e+00
4.707655059640878e+01,4.747563851986083e+00
4.712655059640878e+01,4.747269982596354e+00
4.717655059640877e+01,4.746976515825419e+00
4.722655059640877e+01,4.746683451128705e+00
4.727655059640877e+01,4.746390787962310e+00
4.732655059640877e+01,4.746098525782946e+00
4.737655059640876e+01,4.745806664048114e+00
4.742655059640876e+01,4.745515202216053e+00
4.747655059640876e+01,4.745224139745580e+00
4.752655059640875e+01,4.744933476096171e+00
4.757655059640875e+01,4.744643210728066e+00
4.762655059640875e+01,4.744353343102175e+00
4.767655059640875e+01,4.744063872680114e+00
4.772655059640874e+01,4.743774798924225e+00
4.777655059640874e+01,4.743486121297408e+00
4.782655059640874e+01,4.743197839263235e+00
4.787655059640873e+01,4.742909952286114e+00
4.792655059640873e+01,4.742622459831082e+00
4.797655059640873e+01,4.742335361363745e+00
4.802655059640873e+01,4.742048656350498e+00
4.807655059640872e+01,4.741762344258424e+00
4.812655059640872e+01,4.741476424555191e+00
4.817655059640872e+01,4.741190896709213e+00
4.822655059640871e+01,4.740905760189607e+00
4.827655059640871e+01,4.740621014466100e+00
4.832655059640871e+01,4.740336659009127e+00
4.837655059640871e+01,4.740052693289806e+00
4.842655059640870e+01,4.739769116779901e+00
4.847655059640870e+01,4.739485928951892e+00
4.852655059640870e+01,4.739203129278872e+00
4.857655059640869e+01,4.738920717234558e+00
4.862655059640869e+01,4.738638692293510e+00
4.867655059640869e+01,4.738357053930881e+00
4.872655059640869e+01,4.738075801622370e+00
4.877655059640868e+01,4.737794934844547e+00
4.882655059640868e+01,4.737514453074629e+00
4.887655059640868e+01,4.737234355790318e+00
4.892655059640867e+01,4.736954642470039e+00
4.897655059640867e+01,4.736675312592967e+00
4.902655059640867e+01,4.736396365638925e+00
4.907655059640867e+01,4.736117801088389e+00
4.912655059640866e+01,4.735839618422507e+00
4.917655059640866e+01,4.735561817123057e+00
4.922655059640866e+01,4.735284396672489e+00
4.927655059640865e+01,4.735007356553937e+00
4.932655059640865e+01,4.734730696251200e+00
4.937655059640865e+01,4.734454415248655e+00
4.942655059640865e+01,4.734178513031382e+00
4.947655059640864e+01,4.733902989085211e+00
4.952655059640864e+01,4.733627842896522e+00
4.957655059640864e+01,4.733353073952399e+00
4.962655059640863e+01,4.733078681740613e+00
4.967655059640863e+01,4.732804665749501e+00
4.972655059640863e+01,4.732531025468049e+00
4.977655059640863e+01,4.732257760385944e+00
4.982655059640862e+01,4.731984869993599e+00
4.987655059640862e+01,4.731712353781997e+00
4.992655059640862e+01,4.731440211242725e+00
4.997655059640861e+01,4.731168441868187e+00
5.002655059640861e+01,4.730897045151329e+00
5.007655059640861e+01,4.730626020585617e+00
5.012655059640861e+01,4.730355367665397e+00
5.017655059640860e+01,4.730085085885588e+00
5.022655059640860e+01,4.729815174741631e+00
5.027655059640860e+01,4.729545633729757e+00
5.032655059640859e+01,4.729276462346812e+00
5.037655059640859e+01,4.729007660090255e+00
5.042655059640859e+01,4.728739226458274e+00
5.047655059640859e+01,4.728471160949660e+00
5.052655059640858e+01,4.728203463063724e+00
5.057655059640858e+01,4.727936132300496e+00
5.062655059640858e+01,4.727669168160783e+00
5.067655059640857e+01,4.727402570145899e+00
5.072655059640857e+01,4.727136337757717e+00
5.077655059640857e+01,4.726870470498906e+00
5.082655059640857e+01,4.726604967872800e+00
5.087655059640856e+01,4.726339829383232e+00
5.092655059640856e+01,4.726075054534666e+00
5.097655059640856e+01,4.725810642832380e+00
5.102655059640855e+01,4.725546593782174e+00
5.107655059640855e+01,4.725282906890344e+00
5.112655059640855e+01,4.725019581664047e+00
5.117655059640855e+01,4.724756617611073e+00
5.122655059640854e+01,4.724494014239645e+00
5.127655059640854e+01,4.724231771058730e+00
5.132655059640854e+01,4.723969887577988e+00
5.137655059640853e+01,4.723708363307628e+00
5.142655059640853e+01,4.723447197758518e+00
5.147655059640853e+01,4.723186390442154e+00
5.152655059640853e+01,4.722925940870661e+00
5.157655059640852e+01,4.722665848556805e+00
5.162655059640852e+01,4.722406113013938e+00
5.167655059640852e+01,4.722146733756023e+00
5.172655059640852e+01,4.721887710297692e+00
5.177655059640851e+01,4.721629042154226e+00
5.182655059640851e+01,4.721370728841531e+00
5.187655059640851e+01,4.721112769876097e+00
5.192655059640850e+01,4.720855164774997e+00
5.197655059640850e+01,4.720597913056036e+00
5.202655059640850e+01,4.720341014237604e+00
5.207655059640850e+01,4.720084467838597e+00
5.212655059640849e+01,4.719828273378672e+00
5.217655059640849e+01,4.719572430378117e+00
5.222655059640849e+01,4.719316938357728e+00
5.227655059640848e+01,4.719061796838945e+00
5.232655059640848e+01,4.718807005343852e+00
5.237655059640848e+01,4.718552563395165e+00
5.242655059640848e+01,4.718298470516241e+00
5.247655059640847e+01,4.718044726231001e+00
5.252655059640847e+01,4.717791330063946e+00
5.257655059640847e+01,4.717538281540212e+00
5.262655059640846e+01,4.717285580185600e+00
5.267655059640846e+01,4.717033225526540e+00
5.272655059640846e+01,4.716781217089994e+00
5.277655059640846e+01,4.716529554403585e+00
5.282655059640845e+01,4.716278236995599e+00
5.287655059640845e+01,4.716027264394803e+00
5.292655059640845e+01,4.715776636130545e+00
5.297655059640844e+01,4.715526351732891e+00
5.302655059640844e+01,4.715276410732593e+00
5.307655059640844e+01,4.715026812660942e+00
5.312655059640844e+01,4.714777557049711e+00
5.317655059640843e+01,4.714528643431357e+00
5.322655059640843e+01,4.714280071339036e+00
5.327655059640843e+01,4.714031840306407e+00
5.332655059640842e+01,4.713783949867691e+00
5.337655059640842e+01,4.713536399557827e+00
5.342655059640842e+01,4.713289188912311e+00
5.347655059640842e+01,4.713042317467189e+00
5.352655059640841e+01,4.712795784759209e+00
5.357655059640841e+01,4.712549590325684e+00
5.362655059640841e+01,4.712303733704429e+00
5.367655059640840e+01,4.712058214433887e+00
5.372655059640840e+01,4.711813032053255e+00
5.377655059640840e+01,4.711568186102287e+00
5.382655059640840e+01,4.711323676121143e+00
5.387655059640839e+01,4.711079501650667e+00
5.392655059640839e+01,4.710835662232396e+00
5.397655059640839e+01,4.710592157408403e+00
5.402655059640838e+01,4.710348986721342e+00
5.407655059640838e+01,4.710106149714435e+00
5.412655059640838e+01,4.709863645931566e+00
5.417655059640838e+01,4.709621474917170e+00
5.422655059640837e+01,4.709379636216219e+00
5.427655059640837e+01,4.709138129374423e+00
5.432655059640837e+01,4.708896953938007e+00
5.437655059640836e+01,4.708656109453681e+00
5.442655059640836e+01,4.708415595468825e+00
5.447655059640836e+01,4.708175411531476e+00
5.452655059640836e+01,4.707935557190185e+00
5.457655059640835e+01,4.707696031994050e+00
5.462655059640835e+01,4.707456835492858e+00
5.467655059640835e+01,4.707217967236967e+00
5.472655059640834e+01,4.706979426777215e+00
5.477655059640834e+01,4.706741213665050e+00
5.482655059640834e+01,4.706503327452605e+00
5.487655059640834e+01,4.706265767692568e+00
5.492655059640833e+01,4.706028533938126e+00
5.497655059640833e+01,4.705791625743072e+00
5.502655059640833e+01,4.705555042661843e+00
5.507655059640832e+01,4.705318784249436e+00
5.512655059640832e+01,4.705082850061337e+00
5.517655059640832e+01,4.704847239653657e+00
5.522655059640832e+01,4.704611952583201e+00
5.527655059640831e+01,4.704376988407244e+00
5.532655059640831e+01,4.704142346683593e+00
5.537655059640831e+01,4.703908026970710e+00
5.542655059640830e+01,4.703674028827611e+00
5.547655059640830e+01,4.703440351813874e+00
5.552655059640830e+01,4.703206995489656e+00
5.557655059640830e+01,4.702973959415689e+00
5.562655059640829e+01,4.702741243153324e+00
5.567655059640829e+01,4.702508846264427e+00
5.572655059640829e+01,4.702276768311442e+00
5.577655059640828e+01,4.702045008857377e+00
5.582655059640828e+01,4.701813567465821e+00
5.587655059640828e+01,4.701582443700917e+00
5.592655059640828e+01,4.701351637127381e+00
5.597655059640827e+01,4.701121147310553e+00
5.602655059640827e+01,4.700890973816282e+00
5.607655059640827e+01,4.700661116211000e+00
5.612655059640826e+01,4.700431574061708e+00
5.617655059640826e+01,4.700202346935915e+00
5.622655059640826e+01,4.699973434401744e+00
5.627655059640826e+01,4.699744836027930e+00
5.632655059640825e+01,4.699516551383734e+00
5.637655059640825e+01,4.699288580038966e+00
5.642655059640825e+01,4.699060921563963e+00
5.647655059640825e+01,4.698833575529600e+00
5.652655059640824e+01,4.698606541507422e+00
5.657655059640824e+01,4.698379819069576e+00
5.662655059640824e+01,4.698153407788626e+00
5.667655059640823e+01,4.697927307237632e+00
5.672655059640823e+01,4.697701516990379e+00
5.677655059640823e+01,4.697476036621260e+00
5.682655059640823e+01,4.697250865705052e+00
5.687655059640822e+01,4.697026003817085e+00
5.692655059640822e+01,4.696801450533365e+00
5.697655059640822e+01,4.696577205430417e+00
5.702655059640821e+01,4.696353268085264e+00
5.707655059640821e+01,4.696129638075538e+00
5.712655059640821e+01,4.695906314979474e+00
5.717655059640821e+01,4.695683298375796e+00
5.722655059640820e+01,4.695460587843694e+00
5.727655059640820e+01,4.695238182962957e+00
5.732655059640820e+01,4.695016083313986e+00
5.737655059640819e+01,4.694794288477720e+00
5.742655059640819e+01,4.694572798035636e+00
5.747655059640819e+01,4.694351611569783e+00
5.752655059640819e+01,4.694130728662739e+00
5.757655059640818e+01,4.693910148897546e+00
5.762655059640818e+01,4.693689871857815e+00
5.767655059640818e+01,4.693469897127840e+00
5.772655059640817e+01,4.693250224292415e+00
5.777655059640817e+01,4.693030852936788e+00
5.782655059640817e+01,4.692811782646732e+00
5.787655059640817e+01,4.692593013008658e+00
5.792655059640816e+01,4.692374543609579e+00
5.797655059640816e+01,4.692156374036879e+00
5.802655059640816e+01,4.691938503878440e+00
5.807655059640815e+01,4.691720932722903e+00
5.812655059640815e+01,4.691503660159448e+00
5.817655059640815e+01,4.691286685777629e+00
5.822655059640815e+01,4.691070009167602e+00
5.827655059640814e+01,4.690853629920070e+00
5.832655059640814e+01,4.690637547626247e+00
5.837655059640814e+01,4.690421761877933e+00
5.842655059640813e+01,4.690206272267449e+00
5.847655059640813e+01,4.689991078387611e+00
5.852655059640813e+01,4.689776179831786e+00
5.857655059640813e+01,4.689561576193912e+00
5.862655059640812e+01,4.689347267068452e+00
5.867655059640812e+01,4.689133252050357e+00
5.872655059640812e+01,4.688919530735118e+00
5.877655059640811e+01,4.688706102718784e+00
5.882655059640811e+01,4.688492967597936e+00
5.887655059640811e+01,4.688280124969729e+00
5.892655059640811e+01,4.688067574431751e+00
5.897655059640810e+01,4.687855315582113e+00
5.902655059640810e+01,4.687643348019549e+00
5.907655059640810e+01,4.687431671343290e+00
5.912655059640809e+01,4.687220285153053e+00
5.917655059640809e+01,4.687009189049142e+00
5.922655059640809e+01,4.686798382632363e+00
5.927655059640809e+01,4.686587865504007e+00
5.932655059640808e+01,4.686377637265970e+00
5.937655059640808e+01,4.686167697520582e+00
5.942655059640808e+01,4.685958045870681e+00
5.947655059640807e+01,4.685748681919716e+00
5.952655059640807e+01,4.685539605271646e+00
5.957655059640807e+01,4.685330815530919e+00
5.962655059640807e+01,4.685122312302545e+00
5.967655059640806e+01,4.684914095192036e+00
5.972655059640806e+01,4.684706163805370e+00
5.977655059640806e+01,4.684498517749066e+00
5.982655059640805e+01,4.684291156630207e+00
5.987655059640805e+01,4.684084080056418e+00
5.992655059640805e+01,4.683877287635783e+00
5.997655059640805e+01,4.683670778976825e+00
6.002655059640804e+01,4.683464553688693e+00
6.007655059640804e+01,4.683258611381047e+00
6.012655059640804e+01,4.683052951664020e+00
6.017655059640803e+01,4.682847574148377e+00
6.022655059640803e+01,4.682642478445256e+00
6.027655059640803e+01,4.682437664166264e+00
6.032655059640803e+01,4.682233130923642e+00
6.037655059640802e+01,4.682028878330176e+00
6.042655059640802e+01,4.681824905999081e+00
6.047655059640802e+01,4.681621213544058e+00
6.052655059640801e+01,4.681417800579371e+00
6.057655059640801e+01,4.681214666719774e+00
6.062655059640801e+01,4.681011811580513e+00
6.067655059640801e+01,4.680809234777390e+00
6.072655059640800e+01,4.680606935926701e+00
6.077655059640800e+01,4.680404914645241e+00
6.082655059640800e+01,4.680203170550282e+00
6.087655059640799e+01,4.680001703259593e+00
6.092655059640799e+01,4.679800512391518e+00
6.097655059640799e+01,4.679599597564871e+00
6.102655059640799e+01,4.679398958398933e+00
6.107655059640798e+01,4.679198594513482e+00
6.112655059640798e+01,4.678998505528875e+00
6.117655059640798e+01,4.678798691066019e+00
6.122655059640798e+01,4.678599150746240e+00
6.127655059640797e+01,4.678399884191266e+00
6.132655059640797e+01,4.678200891023381e+00
6.137655059640797e+01,4.678002170865467e+00
6.142655059640796e+01,4.677803723340871e+00
6.147655059640796e+01,4.677605548073397e+00
6.152655059640796e+01,4.677407644687338e+00
6.157655059640796e+01,4.677210012807518e+00
6.162655059640795e+01,4.677012652059274e+00
6.167655059640795e+01,4.676815562068387e+00
6.172655059640795e+01,4.676618742461123e+00
6.177655059640794e+01,4.676422192864298e+00
6.182655059640794e+01,4.676225912905235e+00
6.187655059640794e+01,4.676029902211689e+00
6.192655059640794e+01,4.675834160411947e+00
6.197655059640793e+01,4.675638687134782e+00
6.202655059640793e+01,4.675443482009467e+00
6.207655059640793e+01,4.675248544665764e+00
6.212655059640792e+01,4.675053874733897e+00
6.217655059640792e+01,4.674859471844530e+00
6.222655059640792e+01,4.674665335628876e+00
6.227655059640792e+01,4.674471465718720e+00
6.232655059640791e+01,4.674277861746276e+00
6.237655059640791e+01,4.674084523344181e+00
6.242655059640791e+01,4.673891450145578e+00
6.247655059640790e+01,4.673698641784210e+00
6.252655059640790e+01,4.673506097894194e+00
6.257655059640790e+01,4.673313818110127e+00
6.262655059640790e+01,4.673121802067172e+00
6.267655059640789e+01,4.672930049400897e+00
6.272655059640789e+01,4.672738559747376e+00
6.277655059640789e+01,4.672547332743167e+00
6.282655059640788e+01,4.672356368025273e+00
6.287655059640788e+01,4.672165665231270e+00
6.292655059640788e+01,4.671975223999217e+00
6.297655059640788e+01,4.671785043967559e+00
6.302655059640787e+01,4.671595124775232e+00
6.307655059640787e+01,4.671405466061707e+00
6.312655059640787e+01,4.671216067466920e+00
6.317655059640786e+01,4.671026928631301e+00
6.322655059640786e+01,4.670838049195700e+00
6.327655059640786e+01,4.670649428801413e+00
6.332655059640786e+01,4.670461067090353e+00
6.337655059640785e+01,4.670272963704877e+00
6.342655059640785e+01,4.670085118287724e+00
6.347655059640785e+01,4.669897530482150e+00
6.352655059640784e+01,4.669710199931890e+00
6.357655059640784e+01,4.669523126281116e+00
6.362655059640784e+01,4.669336309174494e+00
6.367655059640784e+01,4.669149748257256e+00
6.372655059640783e+01,4.668963443175079e+00
6.377655059640783e+01,4.668777393573962e+00
6.382655059640783e+01,4.668591599100429e+00
6.387655059640782e+01,4.668406059401605e+00
6.392655059640782e+01,4.668220774125031e+00
6.397655059640782e+01,4.668035742918617e+00
6.402655059640782e+01,4.667850965430798e+00
6.407655059640781e+01,4.667666441310532e+00
6.412655059640781e+01,4.667482170207164e+00
6.417655059640781e+01,4.667298151770524e+00
6.422655059640780e+01,4.667114385650974e+00
6.427655059640780e+01,4.666930871499257e+00
6.432655059640780e+01,4.666747608966599e+00
6.437655059640780e+01,4.666564597704773e+00
6.442655059640779e+01,4.666381837365927e+00
6.447655059640779e+01,4.666199327602699e+00
6.452655059640779e+01,4.666017068068158e+00
6.457655059640778e+01,4.665835058415845e+00
6.462655059640778e+01,4.665653298299832e+00
6.467655059640778e+01,4.665471787374570e+00
6.472655059640778e+01,4.665290525294973e+00
6.477655059640777e+01,4.665109511716491e+00
6.482655059640777e+01,4.664928746295010e+00
6.487655059640777e+01,4.664748228686818e+00
6.492655059640776e+01,4.664567958548657e+00
6.497655059640776e+01,4.664387935537773e+00
6.502655059640776e+01,4.664208159311891e+00
6.507655059640776e+01,4.664028629529144e+00
6.512655059640775e+01,4.663849345848149e+00
6.517655059640775e+01,4.663670307927969e+00
6.522655059640775e+01,4.663491515428081e+00
6.527655059640774e+01,4.663312968008482e+00
6.532655059640774e+01,4.663134665329610e+00
6.537655059640774e+01,4.662956607052317e+00
6.542655059640774e+01,4.662778792837919e+00
6.547655059640773e+01,4.662601222348242e+00
6.552655059640773e+01,4.662423895245486e+00
6.557655059640773e+01,4.662246811192285e+00
6.562655059640772e+01,4.662069969851826e+00
6.567655059640772e+01,4.661893370887717e+00
6.572655059640772e+01,4.661717013963983e+00
6.577655059640772e+01,4.661540898745067e+00
6.582655059640771e+01,4.661365024895923e+00
6.587655059640771e+01,4.661189392081936e+00
6.592655059640771e+01,4.661013999968853e+00
6.597655059640771e+01,4.660838848222975e+00
6.602655059640770e+01,4.660663936511096e+00
6.607655059640770e+01,4.660489264500336e+00
6.612655059640770e+01,4.660314831858239e+00
6.617655059640769e+01,4.660140638252916e+00
6.622655059640769e+01,4.659966683352923e+00
6.627655059640769e+01,4.659792966827105e+00
6.632655059640769e+01,4.659619488344816e+00
6.637655059640768e+01,4.659446247575961e+00
6.642655059640768e+01,4.659273244190760e+00
6.647655059640768e+01,4.659100477859895e+00
6.652655059640767e+01,4.658927948254575e+00
6.657655059640767e+01,4.658755655046366e+00
6.662655059640767e+01,4.658583597907240e+00
6.667655059640767e+01,4.658411776509664e+00
6.672655059640766e+01,4.658240190526594e+00
6.677655059640766e+01,4.658068839631363e+00
6.682655059640766e+01,4.657897723497692e+00
6.687655059640765e+01,4.657726841799827e+00
6.692655059640765e+01,4.657556194212446e+00
6.697655059640765e+01,4.657385780410619e+00
6.702655059640765e+01,4.657215600069835e+00
6.707655059640764e+01,4.657045652866041e+00
6.712655059640764e+01,4.656875938475640e+00
6.717655059640764e+01,4.656706456575450e+00
6.722655059640763e+01,4.656537206842770e+00
6.727655059640763e+01,4.656368188955256e+00
6.732655059640763e+01,4.656199402590985e+00
6.737655059640763e+01,4.656030847428586e+00
6.742655059640762e+01,4.655862523147032e+00
6.747655059640762e+01,4.655694429425644e+00
6.752655059640762e+01,4.655526565944291e+00
6.757655059640761e+01,4.655358932383270e+00
6.762655059640761e+01,4.655191528423272e+00
6.767655059640761e+01,4.655024353745453e+00
6.772655059640761e+01,4.654857408031345e+00
6.777655059640760e+01,4.654690690962918e+00
6.782655059640760e+01,4.654524202222562e+00
6.787655059640760e+01,4.654357941493121e+00
6.792655059640759e+01,4.654191908457909e+00
6.797655059640759e+01,4.654026102800569e+00
6.802655059640759e+01,4.653860524205166e+00
6.807655059640759e+01,4.653695172356285e+00
6.812655059640758e+01,4.653530046938880e+00
6.817655059640758e+01,4.653365147638307e+00
6.822655059640758e+01,4.653200474140347e+00
6.827655059640757e+01,4.653036026131231e+00
6.832655059640757e+01,4.652871803297638e+00
6.837655059640757e+01,4.652707805326580e+00
6.842655059640757e+01,4.652544031905546e+00
6.847655059640756e+01,4.652380482722502e+00
6.852655059640756e+01,4.652217157465763e+00
6.857655059640756e+01,4.652054055824028e+00
6.862655059640755e+01,4.651891177486444e+00
6.867655059640755e+01,4.651728522142600e+00
6.872655059640755e+01,4.651566089482484e+00
6.877655059640755e+01,4.651403879196513e+00
6.882655059640754e+01,4.651241890975515e+00
6.887655059640754e+01,4.651080124510751e+00
6.892655059640754e+01,4.650918579493872e+00
6.897655059640753e+01,4.650757255616929e+00
6.902655059640753e+01,4.650596152572406e+00
6.907655059640753e+01,4.650435270053216e+00
6.912655059640753e+01,4.650274607752710e+00
6.917655059640752e+01,4.650114165364573e+00
6.922655059640752e+01,4.649953942582863e+00
6.927655059640752e+01,4.649793939102166e+00
6.932655059640751e+01,4.649634154617506e+00
6.937655059640751e+01,4.649474588824249e+00
6.942655059640751e+01,4.649315241418129e+00
6.947655059640751e+01,4.649156112095313e+00
6.952655059640750e+01,4.648997200552393e+00
6.957655059640750e+01,4.648838506486417e+00
6.962655059640750e+01,4.648680029594824e+00
6.967655059640749e+01,4.648521769575385e+00
6.972655059640749e+01,4.648363726126306e+00
6.977655059640749e+01,4.648205898946226e+00
6.982655059640749e+01,4.648048287734214e+00
6.987655059640748e+01,4.647890892189733e+00
6.992655059640748e+01,4.647733712012601e+00
6.997655059640748e+01,4.647576746903046e+00
7.002655059640747e+01,4.647419996561709e+00
7.007655059640747e+01,4.647263460689699e+00
7.012655059640747e+01,4.647107138988466e+00
7.017655059640747e+01,4.646951031159833e+00
7.022655059640746e+01,4.646795136906109e+00
7.027655059640746e+01,4.646639455929988e+00
7.032655059640746e+01,4.646483987934491e+00
7.037655059640745e+01,4.646328732623048e+00
7.042655059640745e+01,4.646173689699589e+00
7.047655059640745e+01,4.646018858868401e+00
7.052655059640745e+01,4.645864239834046e+00
7.057655059640744e+01,4.645709832301595e+00
7.062655059640744e+01,4.645555635976601e+00
7.067655059640744e+01,4.645401650564904e+00
7.072655059640744e+01,4.645247875772725e+00
7.077655059640743e+01,4.645094311306742e+00
7.082655059640743e+01,4.644940956873961e+00
7.087655059640743e+01,4.644787812181802e+00
7.092655059640742e+01,4.644634876938141e+00
7.097655059640742e+01,4.644482150851217e+00
7.102655059640742e+01,4.644329633629654e+00
7.107655059640742e+01,4.644177324982447e+00
7.112655059640741e+01,4.644025224618997e+00
7.117655059640741e+01,4.643873332249091e+00
7.122655059640741e+01,4.643721647582961e+00
7.127655059640740e+01,4.643570170331252e+00
7.132655059640740e+01,4.643418900204876e+00
7.137655059640740e+01,4.643267836915158e+00
7.142655059640740e+01,4.643116980173864e+00
7.147655059640739e+01,4.642966329693134e+00
7.152655059640739e+01,4.642815885185535e+00
7.157655059640739e+01,4.642665646364001e+00
7.162655059640738e+01,4.642515612941778e+00
7.167655059640738e+01,4.642365784632572e+00
7.172655059640738e+01,4.642216161150540e+00
7.177655059640738e+01,4.642066742210113e+00
7.182655059640737e+01,4.641917527526107e+00
7.187655059640737e+01,4.641768516813816e+00
7.192655059640737e+01,4.641619709788838e+00
7.197655059640736e+01,4.641471106167141e+00
7.202655059640736e+01,4.641322705665173e+00
7.207655059640736e+01,4.641174507999681e+00
7.212655059640736e+01,4.641026512887816e+00
7.217655059640735e+01,4.640878720047179e+00
7.222655059640735e+01,4.640731129195670e+00
7.227655059640735e+01,4.640583740051594e+00
7.232655059640734e+01,4.640436552333628e+00
7.237655059640734e+01,4.640289565760781e+00
7.242655059640734e+01,4.640142780052525e+00
7.247655059640734e+01,4.639996194928762e+00
7.252655059640733e+01,4.639849810109669e+00
7.257655059640733e+01,4.639703625315782e+00
7.262655059640733e+01,4.639557640268085e+00
7.267655059640732e+01,4.639411854687916e+00
7.272655059640732e+01,4.639266268296951e+00
7.277655059640732e+01,4.639120880817322e+00
7.282655059640732e+01,4.638975691971570e+00
7.287655059640731e+01,4.638830701482474e+00
7.292655059640731e+01,4.638685909073190e+00
7.297655059640731e+01,4.638541314467349e+00
7.302655059640730e+01,4.638396917388988e+00
7.307655059640730e+01,4.638252717562397e+00
7.312655059640730e+01,4.638108714712259e+00
7.317655059640730e+01,4.637964908563730e+00
7.322655059640729e+01,4.637821298842270e+00
7.327655059640729e+01,4.637677885273665e+00
7.332655059640729e+01,4.637534667584141e+00
7.337655059640728e+01,4.637391645500263e+00
7.342655059640728e+01,4.637248818748957e+00
7.347655059640728e+01,4.637106187057578e+00
7.352655059640728e+01,4.636963750153817e+00
7.357655059640727e+01,4.636821507765664e+00
7.362655059640727e+01,4.636679459621557e+00
7.367655059640727e+01,4.636537605450365e+00
7.372655059640726e+01,4.636395944981185e+00
7.377655059640726e+01,4.636254477943516e+00
7.382655059640726e+01,4.636113204067319e+00
7.387655059640726e+01,4.635972123082805e+00
7.392655059640725e+01,4.635831234720578e+00
7.397655059640725e+01,4.635690538711692e+00
7.402655059640725e+01,4.635550034787475e+00
7.407655059640724e+01,4.635409722679644e+00
7.412655059640724e+01,4.635269602120303e+00
7.417655059640724e+01,4.635129672841869e+00
7.422655059640724e+01,4.634989934577121e+00
7.427655059640723e+01,4.634850387059256e+00
7.432655059640723e+01,4.634711030021831e+00
7.437655059640723e+01,4.634571863198702e+00
7.442655059640722e+01,4.634432886324143e+00
7.447655059640722e+01,4.634294099132818e+00
7.452655059640722e+01,4.634155501359690e+00
7.457655059640722e+01,4.634017092740024e+00
7.462655059640721e+01,4.633878873009499e+00
7.467655059640721e+01,4.633740841904263e+00
7.472655059640721e+01,4.633602999160746e+00
7.477655059640720e+01,4.633465344515663e+00
7.482655059640720e+01,4.633327877706121e+00
7.487655059640720e+01,4.633190598469606e+00
7.492655059640720e+01,4.633053506544019e+00
7.497655059640719e+01,4.632916601667573e+00
7.502655059640719e+01,4.632779883578765e+00
7.507655059640719e+01,4.632643352016478e+00
7.512655059640718e+01,4.632507006720001e+00
7.517655059640718e+01,4.632370847428985e+00
7.522655059640718e+01,4.632234873883390e+00
7.527655059640718e+01,4.632099085823540e+00
7.532655059640717e+01,4.631963482990133e+00
7.537655059640717e+01,4.631828065124193e+00
7.542655059640717e+01,4.631692831967089e+00
7.547655059640717e+01,4.631557783260509e+00
7.552655059640716e+01,4.631422918746537e+00
7.557655059640716e+01,4.631288238167655e+00
7.562655059640716e+01,4.631153741266655e+00
7.567655059640715e+01,4.631019427786685e+00
7.572655059640715e+01,4.630885297471201e+00
7.577655059640715e+01,4.630751350064068e+00
7.582655059640715e+01,4.630617585309517e+00
7.587655059640714e+01,4.630484002951960e+00
7.592655059640714e+01,4.630350602736253e+00
7.597655059640714e+01,4.630217384407747e+00
7.602655059640713e+01,4.630084347712017e+00
7.607655059640713e+01,4.629951492394913e+00
7.612655059640713e+01,4.629818818202698e+00
7.617655059640713e+01,4.629686324881995e+00
7.622655059640712e+01,4.629554012179733e+00
7.627655059640712e+01,4.629421879843219e+00
7.632655059640712e+01,4.629289927620140e+00
7.637655059640711e+01,4.629158155258473e+00
7.642655059640711e+01,4.629026562506516e+00
7.647655059640711e+01,4.628895149112933e+00
7.652655059640711e+01,4.628763914826767e+00
7.657655059640710e+01,4.628632859397399e+00
7.662655059640710e+01,4.628501982574480e+00
7.667655059640710e+01,4.628371284108058e+00
7.672655059640709e+01,4.628240763748550e+00
7.677655059640709e+01,4.628110421246633e+00
7.682655059640709e+01,4.627980256353351e+00
7.687655059640709e+01,4.627850268820131e+00
7.692655059640708e+01,4.627720458398717e+00
7.697655059640708e+01,4.627590824841170e+00
7.702655059640708e+01,4.627461367899921e+00
7.707655059640707e+01,4.627332087327701e+00
7.712655059640707e+01,4.627202982877557e+00
7.717655059640707e+01,4.627074054302942e+00
7.722655059640707e+01,4.626945301357636e+00
7.727655059640706e+01,4.626816723795760e+00
7.732655059640706e+01,4.626688321371723e+00
7.737655059640706e+01,4.626560093840250e+00
7.742655059640705e+01,4.626432040956469e+00
7.747655059640705e+01,4.626304162475819e+00
7.752655059640705e+01,4.626176458154058e+00
7.757655059640705e+01,4.626048927747286e+00
7.762655059640704e+01,4.625921571011933e+00
7.767655059640704e+01,4.625794387704774e+00
7.772655059640704e+01,4.625667377582912e+00
7.777655059640703e+01,4.625540540403760e+00
7.782655059640703e+01,4.625413875925084e+00
7.787655059640703e+01,4.625287383904963e+00
7.792655059640703e+01,4.625161064101817e+00
7.797655059640702e+01,4.625034916274424e+00
7.802655059640702e+01,4.624908940181862e+00
7.807655059640702e+01,4.624783135583526e+00
7.812655059640701e+01,4.624657502239126e+00
7.817655059640701e+01,4.624532039908729e+00
7.822655059640701e+01,4.624406748352791e+00
7.827655059640701e+01,4.624281627331979e+00
7.832655059640700e+01,4.624156676607275e+00
7.837655059640700e+01,4.624031895940123e+00
7.842655059640700e+01,4.623907285092264e+00
7.847655059640699e+01,4.623782843825698e+00
7.852655059640699e+01,4.623658571902713e+00
7.857655059640699e+01,4.623534469085993e+00
7.862655059640699e+01,4.623410535138600e+00
7.867655059640698e+01,4.623286769823821e+00
7.872655059640698e+01,4.623163172905284e+00
7.877655059640698e+01,4.623039744146997e+00
7.882655059640697e+01,4.622916483313204e+00
7.887655059640697e+01,4.622793390168491e+00
7.892655059640697e+01,4.622670464477839e+00
7.897655059640697e+01,4.622547706006495e+00
7.902655059640696e+01,4.622425114520050e+00
7.907655059640696e+01,4.622302689784410e+00
7.912655059640696e+01,4.622180431565734e+00
7.917655059640695e+01,4.622058339630576e+00
7.922655059640695e+01,4.621936413745829e+00
7.927655059640695e+01,4.621814653678612e+00
7.932655059640695e+01,4.621693059196415e+00
7.937655059640694e+01,4.621571630067095e+00
7.942655059640694e+01,4.621450366058770e+00
7.947655059640694e+01,4.621329266939894e+00
7.952655059640693e+01,4.621208332479201e+00
7.957655059640693e+01,4.621087562445788e+00
7.962655059640693e+01,4.620966956609046e+00
7.967655059640693e+01,4.620846514738631e+00
7.972655059640692e+01,4.620726236604602e+00
7.977655059640692e+01,4.620606121977348e+00
7.982655059640692e+01,4.620486170627460e+00
7.987655059640691e+01,4.620366382325890e+00
7.992655059640691e+01,4.620246756843946e+00
7.997655059640691e+01,4.620127293953271e+00
8.002655059640691e+01,4.620007993425771e+00
8.007655059640690e+01,4.619888855033556e+00
8.012655059640690e+01,4.619769878549162e+00
8.017655059640690e+01,4.619651063745532e+00
8.022655059640690e+01,4.619532410395772e+00
8.027655059640689e+01,4.619413918273362e+00
8.032655059640689e+01,4.619295587152100e+00
8.037655059640689e+01,4.619177416805980e+00
8.042655059640688e+01,4.619059407009409e+00
8.047655059640688e+01,4.618941557537125e+00
8.052655059640688e+01,4.618823868164111e+00
8.057655059640688e+01,4.618706338665704e+00
8.062655059640687e+01,4.618588968817539e+00
8.067655059640687e+01,4.618471758395540e+00
8.072655059640687e+01,4.618354707175987e+00
8.077655059640686e+01,4.618237814935388e+00
8.082655059640686e+01,4.618121081450561e+00
8.087655059640686e+01,4.618004506498672e+00
8.092655059640686e+01,4.617888089857187e+00
8.097655059640685e+01,4.617771831303944e+00
8.102655059640685e+01,4.617655730617004e+00
8.107655059640685e+01,4.617539787574670e+00
8.112655059640684e+01,4.617424001955637e+00
8.117655059640684e+01,4.617308373538937e+00
8.122655059640684e+01,4.617192902103834e+00
8.127655059640684e+01,4.617077587429889e+00
8.132655059640683e+01,4.616962429297019e+00
8.137655059640683e+01,4.616847427485444e+00
8.142655059640683e+01,4.616732581775667e+00
8.147655059640682e+01,4.616617891948430e+00
8.152655059640682e+01,4.616503357784809e+00
8.157655059640682e+01,4.616388979066249e+00
8.162655059640682e+01,4.616274755574482e+00
8.167655059640681e+01,4.616160687091509e+00
8.172655059640681e+01,4.616046773399584e+00
8.177655059640681e+01,4.615933014281308e+00
8.182655059640680e+01,4.615819409519562e+00
8.187655059640680e+01,4.615705958897504e+00
8.192655059640680e+01,4.615592662198703e+00
8.197655059640680e+01,4.615479519206900e+00
8.202655059640679e+01,4.615366529706099e+00
8.207655059640679e+01,4.615253693480819e+00
8.212655059640679e+01,4.615141010315755e+00
8.217655059640678e+01,4.615028479995797e+00
8.222655059640678e+01,4.614916102306196e+00
8.227655059640678e+01,4.614803877032499e+00
8.232655059640678e+01,4.614691803960572e+00
8.237655059640677e+01,4.614579882876577e+00
8.242655059640677e+01,4.614468113566978e+00
8.247655059640677e+01,4.614356495818535e+00
8.252655059640676e+01,4.614245029418204e+00
8.257655059640676e+01,4.614133714153321e+00
8.262655059640676e+01,4.614022549811569e+00
8.267655059640676e+01,4.613911536180792e+00
8.272655059640675e+01,4.613800673049176e+00
8.277655059640675e+01,4.613689960205219e+00
8.282655059640675e+01,4.613579397437692e+00
8.287655059640674e+01,4.613468984535686e+00
8.292655059640674e+01,4.613358721288543e+00
8.297655059640674e+01,4.613248607485926e+00
8.302655059640674e+01,4.613138642917794e+00
8.307655059640673e+01,4.613028827374316e+00
8.312655059640673e+01,4.612919160646026e+00
8.317655059640673e+01,4.612809642523733e+00
8.322655059640672e+01,4.612700272798513e+00
8.327655059640672e+01,4.612591051261768e+00
8.332655059640672e+01,4.612481977705153e+00
8.337655059640672e+01,4.612373051920597e+00
8.342655059640671e+01,4.612264273700329e+00
8.347655059640671e+01,4.612155642836903e+00
8.352655059640671e+01,4.612047159123120e+00
8.357655059640670e+01,4.611938822352025e+00
8.362655059640670e+01,4.611830632317032e+00
8.367655059640670e+01,4.611722588811789e+00
8.372655059640670e+01,4.611614691630215e+00
8.377655059640669e+01,4.611506940566591e+00
8.382655059640669e+01,4.611399335415431e+00
8.387655059640669e+01,4.611291875971524e+00
8.392655059640668e+01,4.611184562029927e+00
8.397655059640668e+01,4.611077393385941e+00
8.402655059640668e+01,4.610970369835234e+00
8.407655059640668e+01,4.610863491173801e+00
8.412655059640667e+01,4.610756757197829e+00
8.417655059640667e+01,4.610650167703736e+00
8.422655059640667e+01,4.610543722488272e+00
8.427655059640666e+01,4.610437421348513e+00
8.432655059640666e+01,4.610331264081807e+00
8.437655059640666e+01,4.610225250485716e+00
8.442655059640666e+01,4.610119380358110e+00
8.447655059640665e+01,4.610013653497187e+00
8.452655059640665e+01,4.609908069701349e+00
8.457655059640665e+01,4.609802628769303e+00
8.462655059640664e+01,4.609697330500074e+00
8.467655059640664e+01,4.609592174692882e+00
8.472655059640664e+01,4.609487161147293e+00
8.477655059640664e+01,4.609382289663154e+00
8.482655059640663e+01,4.609277560040526e+00
8.487655059640663e+01,4.609172972079777e+00
8.492655059640663e+01,4.609068525581551e+00
8.497655059640663e+01,4.608964220346778e+00
8.502655059640662e+01,4.608860056176649e+00
8.507655059640662e+01,4.608756032872605e+00
8.512655059640662e+01,4.608652150236423e+00
8.517655059640661e+01,4.608548408070126e+00
8.522655059640661e+01,4.608444806175956e+00
8.527655059640661e+01,4.608341344356456e+00
8.532655059640661e+01,4.608238022414457e+00
8.537655059640660e+01,4.608134840153130e+00
8.542655059640660e+01,4.608031797375873e+00
8.547655059640660e+01,4.607928893886293e+00
8.552655059640659e+01,4.607826129488269e+00
8.557655059640659e+01,4.607723503985971e+00
8.562655059640659e+01,4.607621017183895e+00
8.567655059640659e+01,4.607518668886757e+00
8.572655059640658e+01,4.607416458899571e+00
8.577655059640658e+01,4.607314387027601e+00
8.582655059640658e+01,4.607212453076374e+00
8.587655059640657e+01,4.607110656851716e+00
8.592655059640657e+01,4.607008998159641e+00
8.597655059640657e+01,4.606907476806484e+00
8.602655059640657e+01,4.606806092598893e+00
8.607655059640656e+01,4.606704845343718e+00
8.612655059640656e+01,4.606603734848076e+00
8.617655059640656e+01,4.606502760919348e+00
8.622655059640655e+01,4.606401923365213e+00
8.627655059640655e+01,4.606301221993677e+00
8.632655059640655e+01,4.606200656612963e+00
8.637655059640655e+01,4.606100227031439e+00
8.642655059640654e+01,4.605999933057803e+00
8.647655059640654e+01,4.605899774501126e+00
8.652655059640654e+01,4.605799751170678e+00
8.657655059640653e+01,4.605699862875907e+00
8.662655059640653e+01,4.605600109426616e+00
8.667655059640653e+01,4.605500490632896e+00
8.672655059640653e+01,4.605401006304978e+00
8.677655059640652e+01,4.605301656253429e+00
8.682655059640652e+01,4.605202440289147e+00
8.687655059640652e+01,4.605103358223210e+00
8.692655059640651e+01,4.605004409866987e+00
8.697655059640651e+01,4.604905595032033e+00
8.702655059640651e+01,4.604806913530177e+00
8.707655059640651e+01,4.604708365173605e+00
8.712655059640650e+01,4.604609949774717e+00
8.717655059640650e+01,4.604511667146206e+00
8.722655059640650e+01,4.604413517100996e+00
8.727655059640649e+01,4.604315499452186e+00
8.732655059640649e+01,4.604217614013193e+00
8.737655059640649e+01,4.604119860597716e+00
8.742655059640649e+01,4.604022239019679e+00
8.747655059640648e+01,4.603924749093265e+00
8.752655059640648e+01,4.603827390632977e+00
8.757655059640648e+01,4.603730163453548e+00
8.762655059640647e+01,4.603633067369894e+00
8.767655059640647e+01,4.603536102197244e+00
8.772655059640647e+01,4.603439267751102e+00
8.777655059640647e+01,4.603342563847197e+00
8.782655059640646e+01,4.603245990301489e+00
8.787655059640646e+01,4.603149546930208e+00
8.792655059640646e+01,4.603053233549882e+00
8.797655059640645e+01,4.602957049977281e+00
8.802655059640645e+01,4.602860996029374e+00
8.807655059640645e+01,4.602765071523420e+00
8.812655059640645e+01,4.602669276276951e+00
8.817655059640644e+01,4.602573610107700e+00
8.822655059640644e+01,4.602478072833692e+00
8.827655059640644e+01,4.602382664273212e+00
8.832655059640643e+01,4.602287384244718e+00
8.837655059640643e+01,4.602192232566989e+00
8.842655059640643e+01,4.602097209059101e+00
8.847655059640643e+01,4.602002313540321e+00
8.852655059640642e+01,4.601907545830133e+00
8.857655059640642e+01,4.601812905748299e+00
8.862655059640642e+01,4.601718393114828e+00
8.867655059640641e+01,4.601624007749988e+00
8.872655059640641e+01,4.601529749474326e+00
8.877655059640641e+01,4.601435618108566e+00
8.882655059640641e+01,4.601341613473759e+00
8.887655059640640e+01,4.601247735391166e+00
8.892655059640640e+01,4.601153983682217e+00
8.897655059640640e+01,4.601060358168694e+00
8.902655059640639e+01,4.600966858672658e+00
8.907655059640639e+01,4.600873485016328e+00
8.912655059640639e+01,4.600780237022148e+00
8.917655059640639e+01,4.600687114512938e+00
8.922655059640638e+01,4.600594117311684e+00
8.927655059640638e+01,4.600501245241505e+00
8.932655059640638e+01,4.600408498125924e+00
8.937655059640637e+01,4.600315875788675e+00
8.942655059640637e+01,4.600223378053743e+00
8.947655059640637e+01,4.600131004745342e+00
8.952655059640637e+01,4.600038755687805e+00
8.957655059640636e+01,4.599946630705882e+00
8.962655059640636e+01,4.599854629624597e+00
8.967655059640636e+01,4.599762752269045e+00
8.972655059640635e+01,4.599670998464621e+00
8.977655059640635e+01,4.599579368037050e+00
8.982655059640635e+01,4.599487860812236e+00
8.987655059640635e+01,4.599396476616278e+00
8.992655059640634e+01,4.599305215275548e+00
8.997655059640634e+01,4.599214076616712e+00
9.002655059640634e+01,4.599123060466633e+00
9.007655059640634e+01,4.599032166652400e+00
9.012655059640633e+01,4.598941395001383e+00
9.017655059640633e+01,4.598850745341151e+00
9.022655059640633e+01,4.598760217499484e+00
9.027655059640632e+01,4.598669811304425e+00
9.032655059640632e+01,4.598579526584360e+00
9.037655059640632e+01,4.598489363167835e+00
9.042655059640632e+01,4.598399320883527e+00
9.047655059640631e+01,4.598309399560527e+00
9.052655059640631e+01,4.598219599028138e+00
9.057655059640631e+01,4.598129919115756e+00
9.062655059640630e+01,4.598040359653075e+00
9.067655059640630e+01,4.597950920470105e+00
9.072655059640630e+01,4.597861601397046e+00
9.077655059640630e+01,4.597772402264309e+00
9.082655059640629e+01,4.597683322902578e+00
9.087655059640629e+01,4.597594363142730e+00
9.092655059640629e+01,4.597505522815870e+00
9.097655059640628e+01,4.597416801753437e+00
9.102655059640628e+01,4.597328199787059e+00
9.107655059640628e+01,4.597239716748481e+00
9.112655059640628e+01,4.597151352469795e+00
9.117655059640627e+01,4.597063106783358e+00
9.122655059640627e+01,4.596974979521651e+00
9.127655059640627e+01,4.596886970517393e+00
9.132655059640626e+01,4.596799079603674e+00
9.137655059640626e+01,4.596711306613741e+00
9.142655059640626e+01,4.596623651380956e+00
9.147655059640626e+01,4.596536113739053e+00
9.152655059640625e+01,4.596448693522010e+00
9.157655059640625e+01,4.596361390563954e+00
9.162655059640625e+01,4.596274204699224e+00
9.167655059640624e+01,4.596187135762438e+00
9.172655059640624e+01,4.596100183588471e+00
9.177655059640624e+01,4.596013348012366e+00
9.182655059640624e+01,4.595926628869502e+00
9.187655059640623e+01,4.595840025995417e+00
9.192655059640623e+01,4.595753539225722e+00
9.197655059640623e+01,4.595667168396474e+00
9.202655059640622e+01,4.595580913343969e+00
9.207655059640622e+01,4.595494773904598e+00
9.212655059640622e+01,4.595408749915018e+00
9.217655059640622e+01,4.595322841212096e+00
9.222655059640621e+01,4.595237047632954e+00
9.227655059640621e+01,4.595151369015010e+00
9.232655059640621e+01,4.595065805195825e+00
9.237655059640620e+01,4.594980356013149e+00
9.242655059640620e+01,4.594895021305059e+00
9.247655059640620e+01,4.594809800909788e+00
9.252655059640620e+01,4.594724694665747e+00
9.257655059640619e+01,4.594639702411690e+00
9.262655059640619e+01,4.594554823986577e+00
9.267655059640619e+01,4.594470059229553e+00
9.272655059640618e+01,4.594385407979945e+00
9.277655059640618e+01,4.594300870077270e+00
9.282655059640618e+01,4.594216445361418e+00
9.287655059640618e+01,4.594132133672524e+00
9.292655059640617e+01,4.594047934850793e+00
9.297655059640617e+01,4.593963848736672e+00
9.302655059640617e+01,4.593879875170848e+00
9.307655059640616e+01,4.593796013994260e+00
9.312655059640616e+01,4.593712265048091e+00
9.317655059640616e+01,4.593628628173687e+00
9.322655059640616e+01,4.593545103212615e+00
9.327655059640615e+01,4.593461690006734e+00
9.332655059640615e+01,4.593378388398075e+00
9.337655059640615e+01,4.593295198228807e+00
9.342655059640614e+01,4.593212119341458e+00
9.347655059640614e+01,4.593129151578752e+00
9.352655059640614e+01,4.593046294783517e+00
9.357655059640614e+01,4.592963548798896e+00
9.362655059640613e+01,4.592880913468242e+00
9.367655059640613e+01,4.592798388635115e+00
9.372655059640613e+01,4.592715974143318e+00
9.377655059640612e+01,4.592633669836800e+00
9.382655059640612e+01,4.592551475559801e+00
9.387655059640612e+01,4.592469391156778e+00
9.392655059640612e+01,4.592387416472311e+00
9.397655059640611e+01,4.592305551351252e+00
9.402655059640611e+01,4.592223795638737e+00
9.407655059640611e+01,4.592142149180049e+00
9.412655059640610e+01,4.592060611820663e+00
9.417655059640610e+01,4.591979183406348e+00
9.422655059640610e+01,4.591897863783029e+00
9.427655059640610e+01,4.591816652796830e+00
9.432655059640609e+01,4.591735550294128e+00
9.437655059640609e+01,4.591654556121498e+00
9.442655059640609e+01,4.591573670125750e+00
9.447655059640608e+01,4.591492892153888e+00
9.452655059640608e+01,4.591412222053090e+00
9.457655059640608e+01,4.591331659670777e+00
9.462655059640608e+01,4.591251204854643e+00
9.467655059640607e+01,4.591170857452583e+00
9.472655059640607e+01,4.591090617312592e+00
9.477655059640607e+01,4.591010484282932e+00
9.482655059640607e+01,4.590930458212153e+00
9.487655059640606e+01,4.590850538948953e+00
9.492655059640606e+01,4.590770726342228e+00
9.497655059640606e+01,4.590691020241068e+00
9.502655059640605e+01,4.590611420494857e+00
9.507655059640605e+01,4.590531926953122e+00
9.512655059640605e+01,4.590452539465561e+00
9.517655059640605e+01,4.590373257882239e+00
9.522655059640604e+01,4.590294082053249e+00
9.527655059640604e+01,4.590215011828922e+00
9.532655059640604e+01,4.590136047059945e+00
9.537655059640603e+01,4.590057187597121e+00
9.542655059640603e+01,4.589978433291407e+00
9.547655059640603e+01,4.589899783993958e+00
9.552655059640603e+01,4.589821239556230e+00
9.557655059640602e+01,4.589742799829887e+00
9.562655059640602e+01,4.589664464666742e+00
9.567655059640602e+01,4.589586233918851e+00
9.572655059640601e+01,4.589508107438390e+00
9.577655059640601e+01,4.589430085077802e+00
9.582655059640601e+01,4.589352166689824e+00
9.587655059640601e+01,4.589274352127311e+00
9.592655059640600e+01,4.589196641243288e+00
9.597655059640600e+01,4.589119033891023e+00
9.602655059640600e+01,4.589041529923993e+00
9.607655059640599e+01,4.588964129195865e+00
9.612655059640599e+01,4.588886831560543e+00
9.617655059640599e+01,4.588809636872128e+00
9.622655059640599e+01,4.588732544984907e+00
9.627655059640598e+01,4.588655555753363e+00
9.632655059640598e+01,4.588578669032168e+00
9.637655059640598e+01,4.588501884676209e+00
9.642655059640597e+01,4.588425202540623e+00
9.647655059640597e+01,4.588348622480733e+00
9.652655059640597e+01,4.588272144351991e+00
9.657655059640597e+01,4.588195768010118e+00
9.662655059640596e+01,4.588119493311036e+00
9.667655059640596e+01,4.588043320110858e+00
9.672655059640596e+01,4.587967248265874e+00
9.677655059640595e+01,4.587891277632576e+00
9.682655059640595e+01,4.587815408067702e+00
9.687655059640595e+01,4.587739639428145e+00
9.692655059640595e+01,4.587663971571010e+00
9.697655059640594e+01,4.587588404353577e+00
9.702655059640594e+01,4.587512937633379e+00
9.707655059640594e+01,4.587437571268194e+00
9.712655059640593e+01,4.587362305115842e+00
9.717655059640593e+01,4.587287139034385e+00
9.722655059640593e+01,4.587212072882180e+00
9.727655059640593e+01,4.587137106517739e+00
9.732655059640592e+01,4.587062239799748e+00
9.737655059640592e+01,4.586987472587110e+00
9.742655059640592e+01,4.586912804738901e+00
9.747655059640591e+01,4.586838236114354e+00
9.752655059640591e+01,4.586763766572977e+00
9.757655059640591e+01,4.586689395974524e+00
9.762655059640591e+01,4.586615124178810e+00
9.767655059640590e+01,4.586540951045872e+00
9.772655059640590e+01,4.586466876436013e+00
9.777655059640590e+01,4.586392900209694e+00
9.782655059640589e+01,4.586319022227552e+00
9.787655059640589e+01,4.586245242350445e+00
9.792655059640589e+01,4.586171560439430e+00
9.797655059640589e+01,4.586097976355685e+00
9.802655059640588e+01,4.586024489960639e+00
9.807655059640588e+01,4.585951101116022e+00
9.812655059640588e+01,4.585877809683590e+00
9.817655059640587e+01,4.585804615525334e+00
9.822655059640587e+01,4.585731518503492e+00
9.827655059640587e+01,4.585658518480419e+00
9.832655059640587e+01,4.585585615318732e+00
9.837655059640586e+01,4.585512808881195e+00
9.842655059640586e+01,4.585440099030778e+00
9.847655059640586e+01,4.585367485630651e+00
9.852655059640585e+01,4.585294968544149e+00
9.857655059640585e+01,4.585222547634826e+00
9.862655059640585e+01,4.585150222766449e+00
9.867655059640585e+01,4.585077993802935e+00
9.872655059640584e+01,4.585005860608321e+00
9.877655059640584e+01,4.584933823046962e+00
9.882655059640584e+01,4.584861880983397e+00
9.887655059640583e+01,4.584790034282269e+00
9.892655059640583e+01,4.584718282808462e+00
9.897655059640583e+01,4.584646626427022e+00
9.902655059640583e+01,4.584575065003181e+00
9.907655059640582e+01,4.584503598402399e+00
9.912655059640582e+01,4.584432226490296e+00
9.917655059640582e+01,4.584360949132727e+00
9.922655059640581e+01,4.584289766195647e+00
9.927655059640581e+01,4.584218677545216e+00
9.932655059640581e+01,4.584147683047838e+00
9.937655059640581e+01,4.584076782570083e+00
9.942655059640580e+01,4.584005975978742e+00
9.947655059640580e+01,4.583935263140710e+00
9.952655059640580e+01,4.583864643923068e+00
9.957655059640580e+01,4.583794118193177e+00
9.962655059640579e+01,4.583723685818565e+00
9.967655059640579e+01,4.583653346666834e+00
9.972655059640579e+01,4.583583100605821e+00
9.977655059640578e+01,4.583512947503655e+00
9.982655059640578e+01,4.583442887228551e+00
9.987655059640578e+01,4.583372919648906e+00
9.992655059640578e+01,4.583303044633324e+00
9.997655059640577e+01,4.583233262050533e+00
1.000265505964058e+02,4.583163571769508e+00
1.000765505964058e+02,4.583093973659513e+00
1.001265505964058e+02,4.583024467589832e+00
1.001765505964058e+02,4.582955053429904e+00
1.002265505964058e+02,4.582885731049494e+00
1.002765505964058e+02,4.582816500318490e+00
1.003265505964058e+02,4.582747361106907e+00
1.003765505964057e+02,4.582678313284966e+00
1.004265505964057e+02,4.582609356723193e+00
1.004765505964057e+02,4.582540491292200e+00
1.005265505964057e+02,4.582471716862671e+00
1.005765505964057e+02,4.582403033305579e+00
1.006265505964057e+02,4.582334440492138e+00
1.006765505964057e+02,4.582265938293678e+00
1.007265505964057e+02,4.582197526581668e+00
1.007765505964057e+02,4.582129205227823e+00
1.008265505964057e+02,4.582060974104001e+00
1.008765505964057e+02,4.581992833082179e+00
1.009265505964057e+02,4.581924782034664e+00
1.009765505964057e+02,4.581856820833878e+00
1.010265505964057e+02,4.581788949352379e+00
1.010765505964057e+02,4.581721167462984e+00
1.011265505964057e+02,4.581653475038552e+00
1.011765505964057e+02,4.581585871952154e+00
1.012265505964057e+02,4.581518358077168e+00
1.012765505964057e+02,4.581450933287085e+00
1.013265505964057e+02,4.581383597455518e+00
1.013765505964057e+02,4.581316350456294e+00
1.014265505964057e+02,4.581249192163415e+00
1.014765505964057e+02,4.581182122451098e+00
1.015265505964057e+02,4.581115141193719e+00
1.015765505964057e+02,4.581048248265711e+00
1.016265505964057e+02,4.580981443541805e+00
1.016765505964057e+02,4.580914726896924e+00
1.017265505964057e+02,4.580848098206102e+00
1.017765505964057e+02,4.580781557344581e+00
1.018265505964057e+02,4.580715104187739e+00
1.018765505964057e+02,4.580648738611216e+00
1.019265505964057e+02,4.580582460490795e+00
1.019765505964057e+02,4.580516269702287e+00
1.020265505964057e+02,4.580450166121844e+00
1.020765505964057e+02,4.580384149625847e+00
1.021265505964057e+02,4.580318220090662e+00
1.021765505964056e+02,4.580252377392848e+00
1.022265505964056e+02,4.580186621409248e+00
1.022765505964056e+02,4.580120952016840e+00
1.023265505964056e+02,4.580055369092783e+00
1.023765505964056e+02,4.579989872514414e+00
1.024265505964056e+02,4.579924462159207e+00
1.024765505964056e+02,4.579859137904772e+00
1.025265505964056e+02,4.579793899628910e+00
1.025765505964056e+02,4.579728747209707e+00
1.026265505964056e+02,4.579663680525324e+00
1.026765505964056e+02,4.579598699454032e+00
1.027265505964056e+02,4.579533803874396e+00
1.027765505964056e+02,4.579468993665143e+00
1.028265505964056e+02,4.579404268705056e+00
1.028765505964056e+02,4.579339628873116e+00
1.029265505964056e+02,4.579275074048625e+00
1.029765505964056e+02,4.579210604110885e+00
1.030265505964056e+02,4.579146218939375e+00
1.030765505964056e+02,4.579081918413859e+00
1.031265505964056e+02,4.579017702414180e+00
1.031765505964056e+02,4.578953570820413e+00
1.032265505964056e+02,4.578889523512746e+00
1.032765505964056e+02,4.578825560371482e+00
1.033265505964056e+02,4.578761681277209e+00
1.033765505964056e+02,4.578697886110679e+00
1.034265505964056e+02,4.578634174752739e+00
1.034765505964056e+02,4.578570547084412e+00
1.035265505964056e+02,4.578507002986883e+00
1.035765505964056e+02,4.578443542341523e+00
1.036265505964056e+02,4.578380165029895e+00
1.036765505964056e+02,4.578316870933736e+00
1.037265505964056e+02,4.578253659934941e+00
1.037765505964056e+02,4.578190531915480e+00
1.038265505964056e+02,4.578127486757539e+00
1.038765505964056e+02,4.578064524343509e+00
1.039265505964055e+02,4.578001644555926e+00
1.039765505964055e+02,4.577938847277518e+00
1.040265505964055e+02,4.577876132391138e+00
1.040765505964055e+02,4.577813499779815e+00
1.041265505964055e+02,4.577750949326745e+00
1.041765505964055e+02,4.577688480915229e+00
1.042265505964055e+02,4.577626094428792e+00
1.042765505964055e+02,4.577563789751181e+00
1.043265505964055e+02,4.577501566766224e+00
1.043765505964055e+02,4.577439425357849e+00
1.044265505964055e+02,4.577377365410283e+00
1.044765505964055e+02,4.577315386807908e+00
1.045265505964055e+02,4.577253489435160e+00
1.045765505964055e+02,4.577191673176658e+00
1.046265505964055e+02,4.577129937917264e+00
1.046765505964055e+02,4.577068283542040e+00
1.047265505964055e+02,4.577006709936012e+00
1.047765505964055e+02,4.576945216984470e+00
1.048265505964055e+02,4.576883804572993e+00
1.048765505964055e+02,4.576822472587145e+00
1.049265505964055e+02,4.576761220912712e+00
1.049765505964055e+02,4.576700049435656e+00
1.050265505964055e+02,4.576638958042025e+00
1.050765505964055e+02,4.576577946618070e+00
1.051265505964055e+02,4.576517015050293e+00
1.051765505964055e+02,4.576456163225290e+00
1.052265505964055e+02,4.576395391029764e+00
1.052765505964055e+02,4.576334698350624e+00
1.053265505964055e+02,4.576274085074932e+00
1.053765505964055e+02,4.576213551089896e+00
1.054265505964055e+02,4.576153096282907e+00
1.054765505964055e+02,4.576092720541505e+00
1.055265505964055e+02,4.576032423753363e+00
1.055765505964055e+02,4.575972205806352e+00
1.056265505964055e+02,4.575912066588488e+00
1.056765505964054e+02,4.575852005987914e+00
1.057265505964054e+02,4.575792023892945e+00
1.057765505964054e+02,4.575732120192065e+00
1.058265505964054e+02,4.575672294773908e+00
1.058765505964054e+02,4.575612547527259e+00
1.059265505964054e+02,4.575552878341137e+00
1.059765505964054e+02,4.575493287104657e+00
1.060265505964054e+02,4.575433773706974e+00
1.060765505964054e+02,4.575374338037546e+00
1.061265505964054e+02,4.575314979985952e+00
1.061765505964054e+02,4.575255699441906e+00
1.062265505964054e+02,4.575196496295322e+00
1.062765505964054e+02,4.575137370436230e+00
1.063265505964054e+02,4.575078321754823e+00
1.063765505964054e+02,4.575019350141424e+00
1.064265505964054e+02,4.574960455486528e+00
1.064765505964054e+02,4.574901637680787e+00
1.065265505964054e+02,4.574842896615007e+00
1.065765505964054e+02,4.574784232180156e+00
1.066265505964054e+02,4.574725644267373e+00
1.066765505964054e+02,4.574667132767926e+00
1.067265505964054e+02,4.574608697573191e+00
1.067765505964054e+02,4.574550338574721e+00
1.068265505964054e+02,4.574492055664293e+00
1.068765505964054e+02,4.574433848733809e+00
1.069265505964054e+02,4.574375717675243e+00
1.069765505964054e+02,4.574317662380763e+00
1.070265505964054e+02,4.574259682742716e+00
1.070765505964054e+02,4.574201778653571e+00
1.071265505964054e+02,4.574143950005962e+00
1.071765505964054e+02,4.574086196692703e+00
1.072265505964054e+02,4.574028518606738e+00
1.072765505964054e+02,4.573970915641167e+00
1.073265505964054e+02,4.573913387689190e+00
1.073765505964054e+02,4.573855934644147e+00
1.074265505964053e+02,4.573798556399598e+00
1.074765505964053e+02,4.573741252849255e+00
1.075265505964053e+02,4.573684023886952e+00
1.075765505964053e+02,4.573626869406680e+00
1.076265505964053e+02,4.573569789302590e+00
1.076765505964053e+02,4.573512783468929e+00
1.077265505964053e+02,4.573455851800099e+00
1.077765505964053e+02,4.573398994190684e+00
1.078265505964053e+02,4.573342210535456e+00
1.078765505964053e+02,4.573285500729310e+00
1.079265505964053e+02,4.573228864667217e+00
1.079765505964053e+02,4.573172302244358e+00
1.080265505964053e+02,4.573115813356045e+00
1.080765505964053e+02,4.573059397897684e+00
1.081265505964053e+02,4.573003055764949e+00
1.081765505964053e+02,4.572946786853677e+00
1.082265505964053e+02,4.572890591059723e+00
1.082765505964053e+02,4.572834468279094e+00
1.083265505964053e+02,4.572778418407985e+00
1.083765505964053e+02,4.572722441342746e+00
1.084265505964053e+02,4.572666536979876e+00
1.084765505964053e+02,4.572610705216034e+00
1.085265505964053e+02,4.572554945948003e+00
1.085765505964053e+02,4.572499259072675e+00
1.086265505964053e+02,4.572443644487117e+00
1.086765505964053e+02,4.572388102088573e+00
1.087265505964053e+02,4.572332631774395e+00
1.087765505964053e+02,4.572277233442057e+00
1.088265505964053e+02,4.572221906989240e+00
1.088765505964053e+02,4.572166652313775e+00
1.089265505964053e+02,4.572111469313567e+00
1.089765505964053e+02,4.572056357886634e+00
1.090265505964053e+02,4.572001317931203e+00
1.090765505964053e+02,4.571946349345711e+00
1.091265505964053e+02,4.571891452028702e+00
1.091765505964052e+02,4.571836625878793e+00
1.092265505964052e+02,4.571781870794683e+00
1.092765505964052e+02,4.571727186675369e+00
1.093265505964052e+02,4.571672573419987e+00
1.093765505964052e+02,4.571618030927721e+00
1.094265505964052e+02,4.571563559097924e+00
1.094765505964052e+02,4.571509157830095e+00
1.095265505964052e+02,4.571454827023875e+00
1.095765505964052e+02,4.571400566579060e+00
1.096265505964052e+02,4.571346376395578e+00
1.096765505964052e+02,4.571292256373539e+00
1.097265505964052e+02,4.571238206413139e+00
1.097765505964052e+02,4.571184226414698e+00
1.098265505964052e+02,4.571130316278745e+00
1.098765505964052e+02,4.571076475905883e+00
1.099265505964052e+02,4.571022705196819e+00
1.099765505964052e+02,4.570969004052515e+00
1.100265505964052e+02,4.570915372374082e+00
1.100765505964052e+02,4.570861810062694e+00
1.101265505964052e+02,4.570808317019657e+00
1.101765505964052e+02,4.570754893146388e+00
1.102265505964052e+02,4.570701538344502e+00
1.102765505964052e+02,4.570648252515803e+00
1.103265505964052e+02,4.570595035562153e+00
1.103765505964052e+02,4.570541887385608e+00
1.104265505964052e+02,4.570488807888299e+00
1.104765505964052e+02,4.570435796972464e+00
1.105265505964052e+02,4.570382854540577e+00
1.105765505964052e+02,4.570329980495231e+00
1.106265505964052e+02,4.570277174739115e+00
1.106765505964052e+02,4.570224437175077e+00
1.107265505964052e+02,4.570171767706118e+00
1.107765505964052e+02,4.570119166235344e+00
1.108265505964052e+02,4.570066632666022e+00
1.108765505964052e+02,4.570014166901559e+00
1.109265505964051e+02,4.569961768845449e+00
1.109765505964051e+02,4.569909438401350e+00
1.110265505964051e+02,4.569857175473056e+00
1.110765505964051e+02,4.569804979964529e+00
1.111265505964051e+02,4.569752851779858e+00
1.111765505964051e+02,4.569700790823231e+00
1.112265505964051e+02,4.569648796998994e+00
1.112765505964051e+02,4.569596870211615e+00
1.113265505964051e+02,4.569545010365682e+00
1.113765505964051e+02,4.569493217365936e+00
1.114265505964051e+02,4.569441491117290e+00
1.114765505964051e+02,4.569389831524755e+00
1.115265505964051e+02,4.569338238493473e+00
1.115765505964051e+02,4.569286711928720e+00
1.116265505964051e+02,4.569235251735877e+00
1.116765505964051e+02,4.569183857820569e+00
1.117265505964051e+02,4.569132530088476e+00
1.117765505964051e+02,4.569081268445312e+00
1.118265505964051e+02,4.569030072797040e+00
1.118765505964051e+02,4.568978943049808e+00
1.119265505964051e+02,4.568927879109806e+00
1.119765505964051e+02,4.568876880883391e+00
1.120265505964051e+02,4.568825948277009e+00
1.120765505964051e+02,4.568775081197228e+00
1.121265505964051e+02,4.568724279550850e+00
1.121765505964051e+02,4.568673543244739e+00
1.122265505964051e+02,4.568622872185868e+00
1.122765505964051e+02,4.568572266281370e+00
1.123265505964051e+02,4.568521725438517e+00
1.123765505964051e+02,4.568471249564715e+00
1.124265505964051e+02,4.568420838567484e+00
1.124765505964051e+02,4.568370492354502e+00
1.125265505964051e+02,4.568320210833530e+00
1.125765505964051e+02,4.568269993912441e+00
1.126265505964051e+02,4.568219841499312e+00
1.126765505964051e+02,4.568169753502341e+00
1.127265505964050e+02,4.568119729829801e+00
1.127765505964050e+02,4.568069770390164e+00
1.128265505964050e+02,4.568019875091987e+00
1.128765505964050e+02,4.567970043843901e+00
1.129265505964050e+02,4.567920276554752e+00
1.129765505964050e+02,4.567870573133543e+00
1.130265505964050e+02,4.567820933489330e+00
1.130765505964050e+02,4.567771357531258e+00
1.131265505964050e+02,4.567721845168676e+00
1.131765505964050e+02,4.567672396311072e+00
1.132265505964050e+02,4.567623010868052e+00
1.132765505964050e+02,4.567573688749342e+00
1.133265505964050e+02,4.567524429864761e+00
1.133765505964050e+02,4.567475234124265e+00
1.134265505964050e+02,4.567426101437947e+00
1.134765505964050e+02,4.567377031716046e+00
1.135265505964050e+02,4.567328024868919e+00
1.135765505964050e+02,4.567279080807045e+00
1.136265505964050e+02,4.567230199441001e+00
1.136765505964050e+02,4.567181380681533e+00
1.137265505964050e+02,4.567132624439538e+00
1.137765505964050e+02,4.567083930625957e+00
1.138265505964050e+02,4.567035299151894e+00
1.138765505964050e+02,4.566986729928631e+00
1.139265505964050e+02,4.566938222867473e+00
1.139765505964050e+02,4.566889777879869e+00
1.140265505964050e+02,4.566841394877476e+00
1.140765505964050e+02,4.566793073772001e+00
1.141265505964050e+02,4.566744814475341e+00
1.141765505964050e+02,4.566696616899504e+00
1.142265505964050e+02,4.566648480956521e+00
1.142765505964050e+02,4.566600406558678e+00
1.143265505964050e+02,4.566552393618332e+00
1.143765505964050e+02,4.566504442047900e+00
1.144265505964050e+02,4.566456551760002e+00
1.144765505964049e+02,4.566408722667378e+00
1.145265505964049e+02,4.566360954682873e+00
1.145765505964049e+02,4.566313247719445e+00
1.146265505964049e+02,4.566265601690195e+00
1.146765505964049e+02,4.566218016508352e+00
1.147265505964049e+02,4.566170492087257e+00
1.147765505964049e+02,4.566123028340367e+00
1.148265505964049e+02,4.566075625181260e+00
1.148765505964049e+02,4.566028282523634e+00
1.149265505964049e+02,4.565981000281335e+00
1.149765505964049e+02,4.565933778368286e+00
1.150265505964049e+02,4.565886616698554e+00
1.150765505964049e+02,4.565839515186350e+00
1.151265505964049e+02,4.565792473745985e+00
1.151765505964049e+02,4.565745492291889e+00
1.152265505964049e+02,4.565698570738599e+00
1.152765505964049e+02,4.565651709000800e+00
1.153265505964049e+02,4.565604906993301e+00
1.153765505964049e+02,4.565558164631011e+00
1.154265505964049e+02,4.565511481828960e+00
1.154765505964049e+02,4.565464858502313e+00
1.155265505964049e+02,4.565418294566312e+00
1.155765505964049e+02,4.565371789936346e+00
1.156265505964049e+02,4.565325344527986e+00
1.156765505964049e+02,4.565278958256878e+00
1.157265505964049e+02,4.565232631038752e+00
1.157765505964049e+02,4.565186362789437e+00
1.158265505964049e+02,4.565140153424925e+00
1.158765505964049e+02,4.565094002861350e+00
1.159265505964049e+02,4.565047911014957e+00
1.159765505964049e+02,4.565001877802112e+00
1.160265505964049e+02,4.564955903139224e+00
1.160765505964049e+02,4.564909986942868e+00
1.161265505964049e+02,4.564864129129808e+00
1.161765505964049e+02,4.564818329616846e+00
1.162265505964048e+02,4.564772588320868e+00
1.162765505964048e+02,4.564726905158947e+00
1.163265505964048e+02,4.564681280048255e+00
1.163765505964048e+02,4.564635712906096e+00
1.164265505964048e+02,4.564590203649914e+00
1.164765505964048e+02,4.564544752197139e+00
1.165265505964048e+02,4.564499358465375e+00
1.165765505964048e+02,4.564454022372476e+00
1.166265505964048e+02,4.564408743836315e+00
1.166765505964048e+02,4.564363522774875e+00
1.167265505964048e+02,4.564318359106214e+00
1.167765505964048e+02,4.564273252748520e+00
1.168265505964048e+02,4.564228203620186e+00
1.168765505964048e+02,4.564183211639641e+00
1.169265505964048e+02,4.564138276725433e+00
1.169765505964048e+02,4.564093398796251e+00
1.170265505964048e+02,4.564048577770888e+00
1.170765505964048e+02,4.564003813568284e+00
1.171265505964048e+02,4.563959106107441e+00
1.171765505964048e+02,4.563914455307461e+00
1.172265505964048e+02,4.563869861087649e+00
1.172765505964048e+02,4.563825323367348e+00
1.173265505964048e+02,4.563780842065994e+00
1.173765505964048e+02,4.563736417103220e+00
1.174265505964048e+02,4.563692048398759e+00
1.174765505964048e+02,4.563647735872423e+00
1.175265505964048e+02,4.563603479444109e+00
1.175765505964048e+02,4.563559279033855e+00
1.176265505964048e+02,4.563515134561829e+00
1.176765505964048e+02,4.563471045948362e+00
1.177265505964048e+02,4.563427013113841e+00
1.177765505964048e+02,4.563383035978669e+00
1.178265505964048e+02,4.563339114463485e+00
1.178765505964048e+02,4.563295248489040e+00
1.179265505964048e+02,4.563251437976179e+00
1.179765505964047e+02,4.563207682845849e+00
1.180265505964047e+02,4.563163983019092e+00
1.180765505964047e+02,4.563120338417066e+00
1.181265505964047e+02,4.563076748961033e+00
1.181765505964047e+02,4.563033214572422e+00
1.182265505964047e+02,4.562989735172764e+00
1.182765505964047e+02,4.562946310683656e+00
1.183265505964047e+02,4.562902941026793e+00
1.183765505964047e+02,4.562859626124023e+00
1.184265505964047e+02,4.562816365897302e+00
1.184765505964047e+02,4.562773160268683e+00
1.185265505964047e+02,4.562730009160346e+00
1.185765505964047e+02,4.562686912494532e+00
1.186265505964047e+02,4.562643870193604e+00
1.186765505964047e+02,4.562600882180121e+00
1.187265505964047e+02,4.562557948376721e+00
1.187765505964047e+02,4.562515068706066e+00
1.188265505964047e+02,4.562472243090930e+00
1.188765505964047e+02,4.562429471454300e+00
1.189265505964047e+02,4.562386753719264e+00
1.189765505964047e+02,4.562344089808949e+00
1.190265505964047e+02,4.562301479646594e+00
1.190765505964047e+02,4.562258923155557e+00
1.191265505964047e+02,4.562216420259336e+00
1.191765505964047e+02,4.562173970881562e+00
1.192265505964047e+02,4.562131574945883e+00
1.192765505964047e+02,4.562089232376077e+00
1.193265505964047e+02,4.562046943096091e+00
1.193765505964047e+02,4.562004707029931e+00
1.194265505964047e+02,4.561962524101705e+00
1.194765505964047e+02,4.561920394235659e+00
1.195265505964047e+02,4.561878317356157e+00
1.195765505964047e+02,4.561836293387624e+00
1.196265505964047e+02,4.561794322254578e+00
1.196765505964047e+02,4.561752403881725e+00
1.197265505964046e+02,4.561710538193839e+00
1.197765505964046e+02,4.561668725115758e+00
1.198265505964046e+02,4.561626964572481e+00
1.198765505964046e+02,4.561585256489106e+00
1.199265505964046e+02,4.561543600790851e+00
1.199765505964046e+02,4.561501997402951e+00
1.200265505964046e+02,4.561460446250805e+00
1.200765505964046e+02,4.561418947259962e+00
1.201265505964046e+02,4.561377500356015e+00
1.201765505964046e+02,4.561336105464706e+00
1.202265505964046e+02,4.561294762511856e+00
1.202765505964046e+02,4.561253471423386e+00
1.203265505964046e+02,4.561212232125341e+00
1.203765505964046e+02,4.561171044543839e+00
1.204265505964046e+02,4.561129908605147e+00
1.204765505964046e+02,4.561088824235608e+00
1.205265505964046e+02,4.561047791361626e+00
1.205765505964046e+02,4.561006809909779e+00
1.206265505964046e+02,4.560965879806787e+00
1.206765505964046e+02,4.560925000979415e+00
1.207265505964046e+02,4.560884173354455e+00
1.207765505964046e+02,4.560843396858875e+00
1.208265505964046e+02,4.560802671419813e+00
1.208765505964046e+02,4.560761996964466e+00
1.209265505964046e+02,4.560721373420080e+00
1.209765505964046e+02,4.560680800713985e+00
1.210265505964046e+02,4.560640278773703e+00
1.210765505964046e+02,4.560599807526852e+00
1.211265505964046e+02,4.560559386901112e+00
1.211765505964046e+02,4.560519016824294e+00
1.212265505964046e+02,4.560478697224252e+00
1.212765505964046e+02,4.560438428028960e+00
1.213265505964046e+02,4.560398209166587e+00
1.213765505964046e+02,4.560358040565339e+00
1.214265505964046e+02,4.560317922153494e+00
1.214765505964046e+02,4.560277853859456e+00
1.215265505964045e+02,4.560237835611729e+00
1.215765505964045e+02,4.560197867338948e+00
1.216265505964045e+02,4.560157948969803e+00
1.216765505964045e+02,4.560118080433057e+00
1.217265505964045e+02,4.560078261657655e+00
1.217765505964045e+02,4.560038492572655e+00
1.218265505964045e+02,4.559998773107140e+00
1.218765505964045e+02,4.559959103190287e+00
1.219265505964045e+02,4.559919482751430e+00
1.219765505964045e+02,4.559879911720033e+00
1.220265505964045e+02,4.559840390025552e+00
1.220765505964045e+02,4.559800917597569e+00
1.221265505964045e+02,4.559761494365843e+00
1.221765505964045e+02,4.559722120260237e+00
1.222265505964045e+02,4.559682795210644e+00
1.222765505964045e+02,4.559643519147005e+00
1.223265505964045e+02,4.559604291999451e+00
1.223765505964045e+02,4.559565113698239e+00
1.224265505964045e+02,4.559525984173621e+00
1.224765505964045e+02,4.559486903355998e+00
1.225265505964045e+02,4.559447871175926e+00
1.225765505964045e+02,4.559408887563986e+00
1.226265505964045e+02,4.559369952450884e+00
1.226765505964045e+02,4.559331065767439e+00
1.227265505964045e+02,4.559292227444521e+00
1.227765505964045e+02,4.559253437413118e+00
1.228265505964045e+02,4.559214695604337e+00
1.228765505964045e+02,4.559176001949391e+00
1.229265505964045e+02,4.559137356379551e+00
1.229765505964045e+02,4.559098758826181e+00
1.230265505964045e+02,4.559060209220763e+00
1.230765505964045e+02,4.559021707494883e+00
1.231265505964045e+02,4.558983253580247e+00
1.231765505964045e+02,4.558944847408624e+00
1.232265505964045e+02,4.558906488911870e+00
1.232765505964044e+02,4.558868178021945e+00
1.233265505964044e+02,4.558829914670948e+00
1.233765505964044e+02,4.558791698791048e+00
1.234265505964044e+02,4.558753530314464e+00
1.234765505964044e+02,4.558715409173532e+00
1.235265505964044e+02,4.558677335300723e+00
1.235765505964044e+02,4.558639308628581e+00
1.236265505964044e+02,4.558601329089728e+00
1.236765505964044e+02,4.558563396616935e+00
1.237265505964044e+02,4.558525511143032e+00
1.237765505964044e+02,4.558487672600910e+00
1.238265505964044e+02,4.558449880923595e+00
1.238765505964044e+02,4.558412136044216e+00
1.239265505964044e+02,4.558374437895997e+00
1.239765505964044e+02,4.558336786412230e+00
1.240265505964044e+02,4.558299181526315e+00
1.240765505964044e+02,4.558261623171727e+00
1.241265505964044e+02,4.558224111282018e+00
1.241765505964044e+02,4.558186645790931e+00
1.242265505964044e+02,4.558149226632285e+00
1.242765505964044e+02,4.558111853739900e+00
1.243265505964044e+02,4.558074527047720e+00
1.243765505964044e+02,4.558037246489797e+00
1.244265505964044e+02,4.558000012000300e+00
1.244765505964044e+02,4.557962823513495e+00
1.245265505964044e+02,4.557925680963715e+00
1.245765505964044e+02,4.557888584285377e+00
1.246265505964044e+02,4.557851533413020e+00
1.246765505964044e+02,4.557814528281243e+00
1.247265505964044e+02,4.557777568824734e+00
1.247765505964044e+02,4.557740654978302e+00
1.248265505964044e+02,4.557703786676859e+00
1.248765505964044e+02,4.557666963855425e+00
1.249265505964044e+02,4.557630186449051e+00
1.249765505964044e+02,4.557593454392856e+00
1.250265505964043e+02,4.557556767622174e+00
1.250765505964043e+02,4.557520126072370e+00
1.251265505964043e+02,4.557483529678803e+00
1.251765505964043e+02,4.557446978377079e+00
1.252265505964043e+02,4.557410472102859e+00
1.252765505964043e+02,4.557374010791762e+00
1.253265505964043e+02,4.557337594379602e+00
1.253765505964043e+02,4.557301222802384e+00
1.254265505964043e+02,4.557264895996071e+00
1.254765505964043e+02,4.557228613896684e+00
1.255265505964043e+02,4.557192376440426e+00
1.255765505964043e+02,4.557156183563574e+00
1.256265505964043e+02,4.557120035202511e+00
1.256765505964043e+02,4.557083931293648e+00
1.257265505964043e+02,4.557047871773501e+00
1.257765505964043e+02,4.557011856578752e+00
1.258265505964043e+02,4.556975885646113e+00
1.258765505964043e+02,4.556939958912358e+00
1.259265505964043e+02,4.556904076314403e+00
1.259765505964043e+02,4.556868237789221e+00
1.260265505964043e+02,4.556832443273863e+00
1.260765505964043e+02,4.556796692705518e+00
1.261265505964043e+02,4.556760986021426e+00
1.261765505964043e+02,4.556725323158959e+00
1.262265505964043e+02,4.556689704055531e+00
1.262765505964043e+02,4.556654128648648e+00
1.263265505964043e+02,4.556618596875948e+00
1.263765505964043e+02,4.556583108675106e+00
1.264265505964043e+02,4.556547663983895e+00
1.264765505964043e+02,4.556512262740211e+00
1.265265505964043e+02,4.556476904881996e+00
1.265765505964043e+02,4.556441590347291e+00
1.266265505964043e+02,4.556406319074264e+00
1.266765505964043e+02,4.556371091001153e+00
1.267265505964043e+02,4.556335906066275e+00
1.267765505964042e+02,4.556300764207989e+00
1.268265505964042e+02,4.556265665364758e+00
1.268765505964042e+02,4.556230609475184e+00
1.269265505964042e+02,4.556195596477971e+00
1.269765505964042e+02,4.556160626311823e+00
1.270265505964042e+02,4.556125698915551e+00
1.270765505964042e+02,4.556090814228155e+00
1.271265505964042e+02,4.556055972188642e+00
1.271765505964042e+02,4.556021172736063e+00
1.272265505964042e+02,4.555986415809599e+00
1.272765505964042e+02,4.555951701348525e+00
1.273265505964042e+02,4.555917029292203e+00
1.273765505964042e+02,4.555882399580075e+00
1.274265505964042e+02,4.555847812151667e+00
1.274765505964042e+02,4.555813266946598e+00
1.275265505964042e+02,4.555778763904561e+00
1.275765505964042e+02,4.555744302965356e+00
1.276265505964042e+02,4.555709884068841e+00
1.276765505964042e+02,4.555675507154935e+00
1.277265505964042e+02,4.555641172163688e+00
1.277765505964042e+02,4.555606879035276e+00
1.278265505964042e+02,4.555572627709900e+00
1.278765505964042e+02,4.555538418127794e+00
1.279265505964042e+02,4.555504250229339e+00
1.279765505964042e+02,4.555470123955083e+00
1.280265505964042e+02,4.555436039245561e+00
1.280765505964042e+02,4.555401996041319e+00
1.281265505964042e+02,4.555367994283142e+00
1.281765505964042e+02,4.555334033911880e+00
1.282265505964042e+02,4.555300114868337e+00
1.282765505964042e+02,4.555266237093490e+00
1.283265505964042e+02,4.555232400528429e+00
1.283765505964043e+02,4.555198605114287e+00
1.284265505964043e+02,4.555164850792282e+00
1.284765505964043e+02,4.555131137503669e+00
1.285265505964043e+02,4.555097465189836e+00
1.285765505964043e+02,4.555063833792333e+00
1.286265505964043e+02,4.555030243252696e+00
1.286765505964043e+02,4.554996693512505e+00
1.287265505964043e+02,4.554963184513524e+00
1.287765505964043e+02,4.554929716197557e+00
1.288265505964044e+02,4.554896288506473e+00
1.288765505964044e+02,4.554862901382255e+00
1.289265505964044e+02,4.554829554766935e+00
1.289765505964044e+02,4.554796248602650e+00
1.290265505964044e+02,4.554762982831640e+00
1.290765505964044e+02,4.554729757396163e+00
1.291265505964044e+02,4.554696572238578e+00
1.291765505964044e+02,4.554663427301408e+00
1.292265505964045e+02,4.554630322527167e+00
1.292765505964045e+02,4.554597257858481e+00
1.293265505964045e+02,4.554564233238090e+00
1.293765505964045e+02,4.554531248608714e+00
1.294265505964045e+02,4.554498303913237e+00
1.294765505964045e+02,4.554465399094618e+00
1.295265505964045e+02,4.554432534095908e+00
1.295765505964045e+02,4.554399708860231e+00
1.296265505964045e+02,4.554366923330742e+00
1.296765505964046e+02,4.554334177450704e+00
1.297265505964046e+02,4.554301471163494e+00
1.297765505964046e+02,4.554268804412564e+00
1.298265505964046e+02,4.554236177141388e+00
1.298765505964046e+02,4.554203589293567e+00
1.299265505964046e+02,4.554171040812797e+00
1.299765505964046e+02,4.554138531642818e+00
1.300265505964046e+02,4.554106061727475e+00
1.300765505964046e+02,4.554073631010698e+00
1.301265505964047e+02,4.554041239436454e+00
1.301765505964047e+02,4.554008886948780e+00
1.302265505964047e+02,4.553976573491882e+00
1.302765505964047e+02,4.553944299009993e+00
1.303265505964047e+02,4.553912063447378e+00
1.303765505964047e+02,4.553879866748435e+00
1.304265505964047e+02,4.553847708857695e+00
1.304765505964047e+02,4.553815589719693e+00
1.305265505964047e+02,4.553783509279008e+00
1.305765505964048e+02,4.553751467480367e+00
1.306265505964048e+02,4.553719464268531e+00
1.306765505964048e+02,4.553687499588376e+00
1.307265505964048e+02,4.553655573384886e+00
1.307765505964048e+02,4.553623685603057e+00
1.308265505964048e+02,4.553591836187975e+00
1.308765505964048e+02,4.553560025084825e+00
1.309265505964048e+02,4.553528252238853e+00
1.309765505964048e+02,4.553496517595378e+00
1.310265505964049e+02,4.553464821099812e+00
1.310765505964049e+02,4.553433162697678e+00
1.311265505964049e+02,4.553401542334529e+00
1.311765505964049e+02,4.553369959955966e+00
1.312265505964049e+02,4.553338415507702e+00
1.312765505964049e+02,4.553306908935577e+00
1.313265505964049e+02,4.553275440185470e+00
1.313765505964049e+02,4.553244009203309e+00
1.314265505964050e+02,4.553212615935114e+00
1.314765505964050e+02,4.553181260327005e+00
1.315265505964050e+02,4.553149942325144e+00
1.315765505964050e+02,4.553118661875811e+00
1.316265505964050e+02,4.553087418925348e+00
1.316765505964050e+02,4.553056213420087e+00
1.317265505964050e+02,4.553025045306555e+00
1.317765505964050e+02,4.552993914531366e+00
1.318265505964050e+02,4.552962821041096e+00
1.318765505964051e+02,4.552931764782463e+00
1.319265505964051e+02,4.552900745702280e+00
1.319765505964051e+02,4.552869763747386e+00
1.320265505964051e+02,4.552838818864728e+00
1.320765505964051e+02,4.552807911001342e+00
1.321265505964051e+02,4.552777040104308e+00
1.321765505964051e+02,4.552746206120768e+00
1.322265505964051e+02,4.552715408997983e+00
1.322765505964051e+02,4.552684648683288e+00
1.323265505964052e+02,4.552653925124062e+00
1.323765505964052e+02,4.552623238267749e+00
1.324265505964052e+02,4.552592588061896e+00
1.324765505964052e+02,4.552561974454147e+00
1.325265505964052e+02,4.552531397392182e+00
1.325765505964052e+02,4.552500856823732e+00
1.326265505964052e+02,4.552470352696641e+00
1.326765505964052e+02,4.552439884958855e+00
1.327265505964052e+02,4.552409453558329e+00
1.327765505964053e+02,4.552379058443128e+00
1.328265505964053e+02,4.552348699561428e+00
1.328765505964053e+02,4.552318376861378e+00
1.329265505964053e+02,4.552288090291256e+00
1.329765505964053e+02,4.552257839799458e+00
1.330265505964053e+02,4.552227625334416e+00
1.330765505964053e+02,4.552197446844604e+00
1.331265505964053e+02,4.552167304278575e+00
1.331765505964053e+02,4.552137197585023e+00
1.332265505964054e+02,4.552107126712679e+00
1.332765505964054e+02,4.552077091610303e+00
1.333265505964054e+02,4.552047092226760e+00
1.333765505964054e+02,4.552017128510985e+00
1.334265505964054e+02,4.551987200412040e+00
1.334765505964054e+02,4.551957307878999e+00
1.335265505964054e+02,4.551927450860923e+00
1.335765505964054e+02,4.551897629307091e+00
1.336265505964055e+02,4.551867843166879e+00
1.336765505964055e+02,4.551838092389614e+00
1.337265505964055e+02,4.551808376924747e+00
1.337765505964055e+02,4.551778696721771e+00
1.338265505964055e+02,4.551749051730268e+00
1.338765505964055e+02,4.551719441899926e+00
1.339265505964055e+02,4.551689867180467e+00
1.339765505964055e+02,4.551660327521681e+00
1.340265505964055e+02,4.551630822873479e+00
1.340765505964056e+02,4.551601353185837e+00
1.341265505964056e+02,4.551571918408712e+00
1.341765505964056e+02,4.551542518492168e+00
1.342265505964056e+02,4.551513153386420e+00
1.342765505964056e+02,4.551483823041693e+00
1.343265505964056e+02,4.551454527408244e+00
1.343765505964056e+02,4.551425266436477e+00
1.344265505964056e+02,4.551396040076868e+00
1.344765505964056e+02,4.551366848279924e+00
1.345265505964057e+02,4.551337690996189e+00
1.345765505964057e+02,4.551308568176296e+00
1.346265505964057e+02,4.551279479771026e+00
1.346765505964057e+02,4.551250425731159e+00
1.347265505964057e+02,4.551221406007572e+00
1.347765505964057e+02,4.551192420551195e+00
1.348265505964057e+02,4.551163469312990e+00
1.348765505964057e+02,4.551134552244068e+00
1.349265505964057e+02,4.551105669295556e+00
1.349765505964058e+02,4.551076820418642e+00
1.350265505964058e+02,4.551048005564647e+00
1.350765505964058e+02,4.551019224684968e+00
1.351265505964058e+02,4.550990477730983e+00
1.351765505964058e+02,4.550961764654111e+00
1.352265505964058e+02,4.550933085405967e+00
1.352765505964058e+02,4.550904439938236e+00
1.353265505964058e+02,4.550875828202596e+00
1.353765505964058e+02,4.550847250150776e+00
1.354265505964059e+02,4.550818705734592e+00
1.354765505964059e+02,4.550790194905977e+00
1.355265505964059e+02,4.550761717616900e+00
1.355765505964059e+02,4.550733273819389e+00
1.356265505964059e+02,4.550704863465571e+00
1.356765505964059e+02,4.550676486507623e+00
1.357265505964059e+02,4.550648142897751e+00
1.357765505964059e+02,4.550619832588295e+00
1.358265505964060e+02,4.550591555531643e+00
1.358765505964060e+02,4.550563311680208e+00
1.359265505964060e+02,4.550535100986540e+00
1.359765505964060e+02,4.550506923403236e+00
1.360265505964060e+02,4.550478778882908e+00
1.360765505964060e+02,4.550450667378285e+00
1.361265505964060e+02,4.550422588842183e+00
1.361765505964060e+02,4.550394543227427e+00
1.362265505964060e+02,4.550366530486898e+00
1.362765505964061e+02,4.550338550573593e+00
1.363265505964061e+02,4.550310603440618e+00
1.363765505964061e+02,4.550282689041107e+00
1.364265505964061e+02,4.550254807328212e+00
1.364765505964061e+02,4.550226958255156e+00
1.365265505964061e+02,4.550199141775257e+00
1.365765505964061e+02,4.550171357841930e+00
1.366265505964061e+02,4.550143606408641e+00
1.366765505964061e+02,4.550115887428873e+00
1.367265505964062e+02,4.550088200856234e+00
1.367765505964062e+02,4.550060546644404e+00
1.368265505964062e+02,4.550032924747069e+00
1.368765505964062e+02,4.550005335118009e+00
1.369265505964062e+02,4.549977777711051e+00
1.369765505964062e+02,4.549950252480122e+00
1.370265505964062e+02,4.549922759379255e+00
1.370765505964062e+02,4.549895298362485e+00
1.371265505964062e+02,4.549867869383876e+00
1.371765505964063e+02,4.549840472397613e+00
1.372265505964063e+02,4.549813107357952e+00
1.372765505964063e+02,4.549785774219184e+00
1.373265505964063e+02,4.549758472935689e+00
1.373765505964063e+02,4.549731203461904e+00
1.374265505964063e+02,4.549703965752325e+00
1.374765505964063e+02,4.549676759761532e+00
1.375265505964063e+02,4.549649585444151e+00
1.375765505964063e+02,4.549622442754891e+00
1.376265505964064e+02,4.549595331648497e+00
1.376765505964064e+02,4.549568252079779e+00
1.377265505964064e+02,4.549541204003654e+00
1.377765505964064e+02,4.549514187375070e+00
1.378265505964064e+02,4.549487202149034e+00
1.378765505964064e+02,4.549460248280635e+00
1.379265505964064e+02,4.549433325725010e+00
1.379765505964064e+02,4.549406434437380e+00
1.380265505964065e+02,4.549379574372990e+00
1.380765505964065e+02,4.549352745487180e+00
1.381265505964065e+02,4.549325947735391e+00
1.381765505964065e+02,4.549299181073097e+00
1.382265505964065e+02,4.549272445455785e+00
1.382765505964065e+02,4.549245740839019e+00
1.383265505964065e+02,4.549219067178480e+00
1.383765505964065e+02,4.549192424429897e+00
1.384265505964065e+02,4.549165812549057e+00
1.384765505964066e+02,4.549139231491789e+00
1.385265505964066e+02,4.549112681213973e+00
1.385765505964066e+02,4.549086161671622e+00
1.386265505964066e+02,4.549059672820789e+00
1.386765505964066e+02,4.549033214617533e+00
1.387265505964066e+02,4.549006787017976e+00
1.387765505964066e+02,4.548980389978336e+00
1.388265505964066e+02,4.548954023454938e+00
1.388765505964066e+02,4.548927687404140e+00
1.389265505964067e+02,4.548901381782328e+00
1.389765505964067e+02,4.548875106545952e+00
1.390265505964067e+02,4.548848861651547e+00
1.390765505964067e+02,4.548822647055723e+00
1.391265505964067e+02,4.548796462715122e+00
1.391765505964067e+02,4.548770308586446e+00
1.392265505964067e+02,4.548744184626488e+00
1.392765505964067e+02,4.548718090792067e+00
1.393265505964067e+02,4.548692027040096e+00
1.393765505964068e+02,4.548665993327561e+00
1.394265505964068e+02,4.548639989611461e+00
1.394765505964068e+02,4.548614015848904e+00
1.395265505964068e+02,4.548588071997012e+00
1.395765505964068e+02,4.548562158012963e+00
1.396265505964068e+02,4.548536273854059e+00
1.396765505964068e+02,4.548510419477617e+00
1.397265505964068e+02,4.548484594841028e+00
1.397765505964068e+02,4.548458799901779e+00
1.398265505964069e+02,4.548433034617345e+00
1.398765505964069e+02,4.548407298945250e+00
1.399265505964069e+02,4.548381592843153e+00
1.399765505964069e+02,4.548355916268772e+00
1.400265505964069e+02,4.548330269179860e+00
1.400765505964069e+02,4.548304651534242e+00
1.401265505964069e+02,4.548279063289798e+00
1.401765505964069e+02,4.548253504404430e+00
1.402265505964070e+02,4.548227974836108e+00
1.402765505964070e+02,4.548202474542899e+00
1.403265505964070e+02,4.548177003482914e+00
1.403765505964070e+02,4.548151561614325e+00
1.404265505964070e+02,4.548126148895382e+00
1.404765505964070e+02,4.548100765284356e+00
1.405265505964070e+02,4.548075410739601e+00
1.405765505964070e+02,4.548050085219552e+00
1.406265505964070e+02,4.548024788682638e+00
1.406765505964071e+02,4.547999521087422e+00
1.407265505964071e+02,4.547974282392499e+00
1.407765505964071e+02,4.547949072556452e+00
1.408265505964071e+02,4.547923891537978e+00
1.408765505964071e+02,4.547898739295882e+00
1.409265505964071e+02,4.547873615789043e+00
1.409765505964071e+02,4.547848520976317e+00
1.410265505964071e+02,4.547823454816569e+00
1.410765505964071e+02,4.547798417268823e+00
1.411265505964072e+02,4.547773408292165e+00
1.411765505964072e+02,4.547748427845701e+00
1.412265505964072e+02,4.547723475888619e+00
1.412765505964072e+02,4.547698552380124e+00
1.413265505964072e+02,4.547673657279495e+00
1.413765505964072e+02,4.547648790546099e+00
1.414265505964072e+02,4.547623952139374e+00
1.414765505964072e+02,4.547599142018766e+00
1.415265505964072e+02,4.547574360143710e+00
1.415765505964073e+02,4.547549606473845e+00
1.416265505964073e+02,4.547524880968852e+00
1.416765505964073e+02,4.547500183588385e+00
1.417265505964073e+02,4.547475514292204e+00
1.417765505964073e+02,4.547450873040098e+00
1.418265505964073e+02,4.547426259791938e+00
1.418765505964073e+02,4.547401674507683e+00
1.419265505964073e+02,4.547377117147288e+00
1.419765505964073e+02,4.547352587670758e+00
1.420265505964074e+02,4.547328086038235e+00
1.420765505964074e+02,4.547303612209891e+00
1.421265505964074e+02,4.547279166145873e+00
1.421765505964074e+02,4.547254747806437e+00
1.422265505964074e+02,4.547230357151961e+00
1.422765505964074e+02,4.547205994142796e+00
1.423265505964074e+02,4.547181658739357e+00
1.423765505964074e+02,4.547157350902173e+00
1.424265505964075e+02,4.547133070591781e+00
1.424765505964075e+02,4.547108817768750e+00
1.425265505964075e+02,4.547084592393777e+00
1.425765505964075e+02,4.547060394427588e+00
1.426265505964075e+02,4.547036223830917e+00
1.426765505964075e+02,4.547012080564612e+00
1.427265505964075e+02,4.546987964589572e+00
1.427765505964075e+02,4.546963875866706e+00
1.428265505964075e+02,4.546939814357000e+00
1.428765505964076e+02,4.546915780021506e+00
1.429265505964076e+02,4.546891772821349e+00
1.429765505964076e+02,4.546867792717708e+00
1.430265505964076e+02,4.546843839671769e+00
1.430765505964076e+02,4.546819913644810e+00
1.431265505964076e+02,4.546796014598176e+00
1.431765505964076e+02,4.546772142493240e+00
1.432265505964076e+02,4.546748297291425e+00
1.432765505964076e+02,4.546724478954216e+00
1.433265505964077e+02,4.546700687443194e+00
1.433765505964077e+02,4.546676922719939e+00
1.434265505964077e+02,4.546653184746107e+00
1.434765505964077e+02,4.546629473483409e+00
1.435265505964077e+02,4.546605788893605e+00
1.435765505964077e+02,4.546582130938522e+00
1.436265505964077e+02,4.546558499580055e+00
1.436765505964077e+02,4.546534894780156e+00
1.437265505964077e+02,4.546511316500760e+00
1.437765505964078e+02,4.546487764703886e+00
1.438265505964078e+02,4.546464239351668e+00
1.438765505964078e+02,4.546440740406254e+00
1.439265505964078e+02,4.546417267829823e+00
1.439765505964078e+02,4.546393821584624e+00
1.440265505964078e+02,4.546370401632984e+00
1.440765505964078e+02,4.546347007937277e+00
1.441265505964078e+02,4.546323640459912e+00
1.441765505964078e+02,4.546300299163324e+00
1.442265505964079e+02,4.546276984010043e+00
1.442765505964079e+02,4.546253694962678e+00
1.443265505964079e+02,4.546230431983825e+00
1.443765505964079e+02,4.546207195036181e+00
1.444265505964079e+02,4.546183984082477e+00
1.444765505964079e+02,4.546160799085493e+00
1.445265505964079e+02,4.546137640008113e+00
1.445765505964079e+02,4.546114506813217e+00
1.446265505964080e+02,4.546091399463721e+00
1.446765505964080e+02,4.546068317922614e+00
1.447265505964080e+02,4.546045262152964e+00
1.447765505964080e+02,4.546022232117918e+00
1.448265505964080e+02,4.545999227780627e+00
1.448765505964080e+02,4.545976249104291e+00
1.449265505964080e+02,4.545953296052144e+00
1.449765505964080e+02,4.545930368587509e+00
1.450265505964080e+02,4.545907466673777e+00
1.450765505964081e+02,4.545884590274350e+00
1.451265505964081e+02,4.545861739352723e+00
1.451765505964081e+02,4.545838913872419e+00
1.452265505964081e+02,4.545816113797006e+00
1.452765505964081e+02,4.545793339090093e+00
1.453265505964081e+02,4.545770589715381e+00
1.453765505964081e+02,4.545747865636606e+00
1.454265505964081e+02,4.545725166817524e+00
1.454765505964081e+02,4.545702493221992e+00
1.455265505964082e+02,4.545679844813948e+00
1.455765505964082e+02,4.545657221557291e+00
1.456265505964082e+02,4.545634623415989e+00
1.456765505964082e+02,4.545612050354065e+00
1.457265505964082e+02,4.545589502335651e+00
1.457765505964082e+02,4.545566979324944e+00
1.458265505964082e+02,4.545544481286061e+00
1.458765505964082e+02,4.545522008183231e+00
1.459265505964082e+02,4.545499559980799e+00
1.459765505964083e+02,4.545477136643118e+00
1.460265505964083e+02,4.545454738134604e+00
1.460765505964083e+02,4.545432364419648e+00
1.461265505964083e+02,4.545410015462762e+00
1.461765505964083e+02,4.545387691228563e+00
1.462265505964083e+02,4.545365391681631e+00
1.462765505964083e+02,4.545343116786563e+00
1.463265505964083e+02,4.545320866508026e+00
1.463765505964084e+02,4.545298640810858e+00
1.464265505964084e+02,4.545276439659916e+00
1.464765505964084e+02,4.545254263019983e+00
1.465265505964084e+02,4.545232110855959e+00
1.465765505964084e+02,4.545209983132803e+00
1.466265505964084e+02,4.545187879815483e+00
1.466765505964084e+02,4.545165800869077e+00
1.467265505964084e+02,4.545143746258741e+00
1.467765505964084e+02,4.545121715949581e+00
1.468265505964085e+02,4.545099709906780e+00
1.468765505964085e+02,4.545077728095650e+00
1.469265505964085e+02,4.545055770481514e+00
1.469765505964085e+02,4.545033837029679e+00
1.470265505964085e+02,4.545011927705481e+00
1.470765505964085e+02,4.544990042474429e+00
1.471265505964085e+02,4.544968181302065e+00
1.471765505964085e+02,4.544946344153890e+00
1.472265505964085e+02,4.544924530995467e+00
1.472765505964086e+02,4.544902741792506e+00
1.473265505964086e+02,4.544880976510737e+00
1.473765505964086e+02,4.544859235115853e+00
1.474265505964086e+02,4.544837517573631e+00
1.474765505964086e+02,4.544815823849930e+00
1.475265505964086e+02,4.544794153910659e+00
1.475765505964086e+02,4.544772507721746e+00
1.476265505964086e+02,4.544750885249161e+00
1.476765505964086e+02,4.544729286458987e+00
1.477265505964087e+02,4.544707711317320e+00
1.477765505964087e+02,4.544686159790231e+00
1.478265505964087e+02,4.544664631843933e+00
1.478765505964087e+02,4.544643127444670e+00
1.479265505964087e+02,4.544621646558701e+00
1.479765505964087e+02,4.544600189152369e+00
1.480265505964087e+02,4.544578755192072e+00
1.480765505964087e+02,4.544557344644208e+00
1.481265505964087e+02,4.544535957475219e+00
1.481765505964088e+02,4.544514593651651e+00
1.482265505964088e+02,4.544493253140076e+00
1.482765505964088e+02,4.544471935907105e+00
1.483265505964088e+02,4.544450641919426e+00
1.483765505964088e+02,4.544429371143724e+00
1.484265505964088e+02,4.544408123546735e+00
1.484765505964088e+02,4.544386899095299e+00
1.485265505964088e+02,4.544365697756284e+00
1.485765505964089e+02,4.544344519496569e+00
1.486265505964089e+02,4.544323364283076e+00
1.486765505964089e+02,4.544302232082825e+00
1.487265505964089e+02,4.544281122862884e+00
1.487765505964089e+02,4.544260036590291e+00
1.488265505964089e+02,4.544238973232198e+00
1.488765505964089e+02,4.544217932755811e+00
1.489265505964089e+02,4.544196915128333e+00
1.489765505964089e+02,4.544175920317045e+00
1.490265505964090e+02,4.544154948289242e+00
1.490765505964090e+02,4.544133999012325e+00
1.491265505964090e+02,4.544113072453741e+00
1.491765505964090e+02,4.544092168580907e+00
1.492265505964090e+02,4.544071287361344e+00
1.492765505964090e+02,4.544050428762636e+00
1.493265505964090e+02,4.544029592752387e+00
1.493765505964090e+02,4.544008779298216e+00
1.494265505964090e+02,4.543987988367755e+00
1.494765505964091e+02,4.543967219928765e+00
1.495265505964091e+02,4.543946473949126e+00
1.495765505964091e+02,4.543925750396665e+00
1.496265505964091e+02,4.543905049239193e+00
1.496765505964091e+02,4.543884370444640e+00
1.497265505964091e+02,4.543863713980985e+00
1.497765505964091e+02,4.543843079816251e+00
1.498265505964091e+02,4.543822467918502e+00
1.498765505964091e+02,4.543801878255841e+00
1.499265505964092e+02,4.543781310796434e+00
1.499765505964092e+02,4.543760765508477e+00
1.500265505964092e+02,4.543740242360219e+00
1.500765505964092e+02,4.543719741319924e+00
1.501265505964092e+02,4.543699262355892e+00
1.501765505964092e+02,4.543678805436557e+00
1.502265505964092e+02,4.543658370530386e+00
1.502765505964092e+02,4.543637957605757e+00
1.503265505964092e+02,4.543617566631154e+00
1.503765505964093e+02,4.543597197575244e+00
1.504265505964093e+02,4.543576850406653e+00
1.504765505964093e+02,4.543556525093984e+00
1.505265505964093e+02,4.543536221605886e+00
1.505765505964093e+02,4.543515939911103e+00
1.506265505964093e+02,4.543495679978445e+00
1.506765505964093e+02,4.543475441776720e+00
1.507265505964093e+02,4.543455225274854e+00
1.507765505964094e+02,4.543435030441747e+00
1.508265505964094e+02,4.543414857246290e+00
1.508765505964094e+02,4.543394705657527e+00
1.509265505964094e+02,4.543374575644531e+00
1.509765505964094e+02,4.543354467176418e+00
1.510265505964094e+02,4.543334380222305e+00
1.510765505964094e+02,4.543314314751326e+00
1.511265505964094e+02,4.543294270732755e+00
1.511765505964094e+02,4.543274248135866e+00
1.512265505964095e+02,4.543254246929929e+00
1.512765505964095e+02,4.543234267084324e+00
1.513265505964095e+02,4.543214308568477e+00
1.513765505964095e+02,4.543194371351834e+00
1.514265505964095e+02,4.543174455403850e+00
1.514765505964095e+02,4.543154560694060e+00
1.515265505964095e+02,4.543134687192111e+00
1.515765505964095e+02,4.543114834867573e+00
1.516265505964095e+02,4.543095003690024e+00
1.516765505964096e+02,4.543075193629242e+00
1.517265505964096e+02,4.543055404655029e+00
1.517765505964096e+02,4.543035636737125e+00
1.518265505964096e+02,4.543015889845345e+00
1.518765505964096e+02,4.542996163949591e+00
1.519265505964096e+02,4.542976459019805e+00
1.519765505964096e+02,4.542956775025944e+00
1.520265505964096e+02,4.542937111937992e+00
1.520765505964096e+02,4.542917469726013e+00
1.521265505964097e+02,4.542897848360108e+00
1.521765505964097e+02,4.542878247810411e+00
1.522265505964097e+02,4.542858668047135e+00
1.522765505964097e+02,4.542839109040463e+00
1.523265505964097e+02,4.542819570760637e+00
1.523765505964097e+02,4.542800053177984e+00
1.524265505964097e+02,4.542780556262833e+00
1.524765505964097e+02,4.542761079985572e+00
1.525265505964097e+02,4.542741624316682e+00
1.525765505964098e+02,4.542722189226639e+00
1.526265505964098e+02,4.542702774685941e+00
1.526765505964098e+02,4.542683380665125e+00
1.527265505964098e+02,4.542664007134789e+00
1.527765505964098e+02,4.542644654065628e+00
1.528265505964098e+02,4.542625321428331e+00
1.528765505964098e+02,4.542606009193594e+00
1.529265505964098e+02,4.542586717332175e+00
1.529765505964099e+02,4.542567445814877e+00
1.530265505964099e+02,4.542548194612569e+00
1.530765505964099e+02,4.542528963696171e+00
1.531265505964099e+02,4.542509753036624e+00
1.531765505964099e+02,4.542490562604867e+00
1.532265505964099e+02,4.542471392371887e+00
1.532765505964099e+02,4.542452242308820e+00
1.533265505964099e+02,4.542433112386795e+00
1.533765505964099e+02,4.542414002576877e+00
1.534265505964100e+02,4.542394912850238e+00
1.534765505964100e+02,4.542375843178130e+00
1.535265505964100e+02,4.542356793531859e+00
1.535765505964100e+02,4.542337763882714e+00
1.536265505964100e+02,4.542318754202024e+00
1.536765505964100e+02,4.542299764461184e+00
1.537265505964100e+02,4.542280794631626e+00
1.537765505964100e+02,4.542261844684818e+00
1.538265505964100e+02,4.542242914592256e+00
1.538765505964101e+02,4.542224004325530e+00
1.539265505964101e+02,4.542205113856231e+00
1.539765505964101e+02,4.542186243155980e+00
1.540265505964101e+02,4.542167392196466e+00
1.540765505964101e+02,4.542148560949382e+00
1.541265505964101e+02,4.542129749386505e+00
1.541765505964101e+02,4.542110957479613e+00
1.542265505964101e+02,4.542092185200512e+00
1.542765505964101e+02,4.542073432521143e+00
1.543265505964102e+02,4.542054699413415e+00
1.543765505964102e+02,4.542035985849235e+00
1.544265505964102e+02,4.542017291800625e+00
1.544765505964102e+02,4.541998617239657e+00
1.545265505964102e+02,4.541979962138385e+00
1.545765505964102e+02,4.541961326468900e+00
1.546265505964102e+02,4.541942710203341e+00
1.546765505964102e+02,4.541924113313928e+00
1.547265505964102e+02,4.541905535772961e+00
1.547765505964103e+02,4.541886977552676e+00
1.548265505964103e+02,4.541868438625364e+00
1.548765505964103e+02,4.541849918963382e+00
1.549265505964103e+02,4.541831418539130e+00
1.549765505964103e+02,4.541812937325068e+00
1.550265505964103e+02,4.541794475293658e+00
1.550765505964103e+02,4.541776032417396e+00
1.551265505964103e+02,4.541757608668844e+00
1.551765505964104e+02,4.541739204020590e+00
1.552265505964104e+02,4.541720818445240e+00
1.552765505964104e+02,4.541702451915488e+00
1.553265505964104e+02,4.541684104404059e+00
1.553765505964104e+02,4.541665775883657e+00
1.554265505964104e+02,4.541647466327096e+00
1.554765505964104e+02,4.541629175707248e+00
1.555265505964104e+02,4.541610903996910e+00
1.555765505964104e+02,4.541592651168989e+00
1.556265505964105e+02,4.541574417196468e+00
1.556765505964105e+02,4.541556202052246e+00
1.557265505964105e+02,4.541538005709391e+00
1.557765505964105e+02,4.541519828141034e+00
1.558265505964105e+02,4.541501669320226e+00
1.558765505964105e+02,4.541483529220057e+00
1.559265505964105e+02,4.541465407813710e+00
1.559765505964105e+02,4.541447305074432e+00
1.560265505964105e+02,4.541429220975436e+00
1.560765505964106e+02,4.541411155490001e+00
1.561265505964106e+02,4.541393108591472e+00
1.561765505964106e+02,4.541375080253225e+00
1.562265505964106e+02,4.541357070448654e+00
1.562765505964106e+02,4.541339079151193e+00
1.563265505964106e+02,4.541321106334342e+00
1.563765505964106e+02,4.541303151971599e+00
1.564265505964106e+02,4.541285216036521e+00
1.564765505964106e+02,4.541267298502693e+00
1.565265505964107e+02,4.541249399343720e+00
1.565765505964107e+02,4.541231518533335e+00
1.566265505964107e+02,4.541213656045222e+00
1.566765505964107e+02,4.541195811853098e+00
1.567265505964107e+02,4.541177985930777e+00
1.567765505964107e+02,4.541160178252024e+00
1.568265505964107e+02,4.541142388790702e+00
1.568765505964107e+02,4.541124617520767e+00
1.569265505964107e+02,4.541106864416124e+00
1.569765505964108e+02,4.541089129450687e+00
1.570265505964108e+02,4.541071412598474e+00
1.570765505964108e+02,4.541053713833563e+00
1.571265505964108e+02,4.541036033130031e+00
1.571765505964108e+02,4.541018370461999e+00
1.572265505964108e+02,4.541000725803600e+00
1.572765505964108e+02,4.540983099128973e+00
1.573265505964108e+02,4.540965490412361e+00
1.573765505964109e+02,4.540947899628083e+00
1.574265505964109e+02,4.540930326750442e+00
1.574765505964109e+02,4.540912771753776e+00
1.575265505964109e+02,4.540895234612450e+00
1.575765505964109e+02,4.540877715300827e+00
1.576265505964109e+02,4.540860213793323e+00
1.576765505964109e+02,4.540842730064472e+00
1.577265505964109e+02,4.540825264088846e+00
1.577765505964109e+02,4.540807815840951e+00
1.578265505964110e+02,4.540790385295360e+00
1.578765505964110e+02,4.540772972426742e+00
1.579265505964110e+02,4.540755577209768e+00
1.579765505964110e+02,4.540738199619116e+00
1.580265505964110e+02,4.540720839629494e+00
1.580765505964110e+02,4.540703497215697e+00
1.581265505964110e+02,4.540686172352564e+00
1.581765505964110e+02,4.540668865014898e+00
1.582265505964110e+02,4.540651575177607e+00
1.582765505964111e+02,4.540634302815633e+00
1.583265505964111e+02,4.540617047903864e+00
1.583765505964111e+02,4.540599810417328e+00
1.584265505964111e+02,4.540582590331077e+00
1.584765505964111e+02,4.540565387620114e+00
1.585265505964111e+02,4.540548202259564e+00
1.585765505964111e+02,4.540531034224584e+00
1.586265505964111e+02,4.540513883490286e+00
1.586765505964111e+02,4.540496750031881e+00
1.587265505964112e+02,4.540479633824617e+00
1.587765505964112e+02,4.540462534843747e+00
1.588265505964112e+02,4.540445453064675e+00
1.588765505964112e+02,4.540428388462723e+00
1.589265505964112e+02,4.540411341013184e+00
1.589765505964112e+02,4.540394310691499e+00
1.590265505964112e+02,4.540377297473098e+00
1.590765505964112e+02,4.540360301333509e+00
1.591265505964112e+02,4.540343322248297e+00
1.591765505964113e+02,4.540326360192946e+00
1.592265505964113e+02,4.540309415143073e+00
1.592765505964113e+02,4.540292487074320e+00
1.593265505964113e+02,4.540275575962278e+00
1.593765505964113e+02,4.540258681782656e+00
1.594265505964113e+02,4.540241804511251e+00
1.594765505964113e+02,4.540224944123824e+00
1.595265505964113e+02,4.540208100596126e+00
1.595765505964114e+02,4.540191273903995e+00
1.596265505964114e+02,4.540174464023302e+00
1.596765505964114e+02,4.540157670929964e+00
1.597265505964114e+02,4.540140894599910e+00
1.597765505964114e+02,4.540124135009121e+00
1.598265505964114e+02,4.540107392133601e+00
1.598765505964114e+02,4.540090665949368e+00
1.599265505964114e+02,4.540073956432511e+00
1.599765505964114e+02,4.540057263559115e+00
1.600265505964115e+02,4.540040587305349e+00
1.600765505964115e+02,4.540023927647447e+00
1.601265505964115e+02,4.540007284561572e+00
1.601765505964115e+02,4.539990658023907e+00
1.602265505964115e+02,4.539974048010746e+00
1.602765505964115e+02,4.539957454498438e+00
1.603265505964115e+02,4.539940877463343e+00
1.603765505964115e+02,4.539924316881831e+00
1.604265505964115e+02,4.539907772730319e+00
1.604765505964116e+02,4.539891244985232e+00
1.605265505964116e+02,4.539874733623057e+00
1.605765505964116e+02,4.539858238620347e+00
1.606265505964116e+02,4.539841759953652e+00
1.606765505964116e+02,4.539825297599518e+00
1.607265505964116e+02,4.539808851534526e+00
1.607765505964116e+02,4.539792421735330e+00
1.608265505964116e+02,4.539776008178676e+00
1.608765505964116e+02,4.539759610841318e+00
1.609265505964117e+02,4.539743229699943e+00
1.609765505964117e+02,4.539726864731310e+00
1.610265505964117e+02,4.539710515912226e+00
1.610765505964117e+02,4.539694183219562e+00
1.611265505964117e+02,4.539677866630262e+00
1.611765505964117e+02,4.539661566121198e+00
1.612265505964117e+02,4.539645281669269e+00
1.612765505964117e+02,4.539629013251458e+00
1.613265505964117e+02,4.539612760844841e+00
1.613765505964118e+02,4.539596524426479e+00
1.614265505964118e+02,4.539580303973406e+00
1.614765505964118e+02,4.539564099462737e+00
1.615265505964118e+02,4.539547910871609e+00
1.615765505964118e+02,4.539531738177225e+00
1.616265505964118e+02,4.539515581356778e+00
1.616765505964118e+02,4.539499440387500e+00
1.617265505964118e+02,4.539483315246747e+00
1.617765505964119e+02,4.539467205911789e+00
1.618265505964119e+02,4.539451112359867e+00
1.618765505964119e+02,4.539435034568420e+00
1.619265505964119e+02,4.539418972514931e+00
1.619765505964119e+02,4.539402926176746e+00
1.620265505964119e+02,4.539386895531313e+00
1.620765505964119e+02,4.539370880556228e+00
1.621265505964119e+02,4.539354881228992e+00
1.621765505964119e+02,4.539338897527152e+00
1.622265505964120e+02,4.539322929428329e+00
1.622765505964120e+02,4.539306976910103e+00
1.623265505964120e+02,4.539291039950148e+00
1.623765505964120e+02,4.539275118526225e+00
1.624265505964120e+02,4.539259212616049e+00
1.624765505964120e+02,4.539243322197350e+00
1.625265505964120e+02,4.539227447247886e+00
1.625765505964120e+02,4.539211587745458e+00
1.626265505964120e+02,4.539195743667998e+00
1.626765505964121e+02,4.539179914993446e+00
1.627265505964121e+02,4.539164101699640e+00
1.627765505964121e+02,4.539148303764487e+00
1.628265505964121e+02,4.539132521165984e+00
1.628765505964121e+02,4.539116753882135e+00
1.629265505964121e+02,4.539101001891082e+00
1.629765505964121e+02,4.539085265170884e+00
1.630265505964121e+02,4.539069543699552e+00
1.630765505964121e+02,4.539053837455243e+00
1.631265505964122e+02,4.539038146416167e+00
1.631765505964122e+02,4.539022470560485e+00
1.632265505964122e+02,4.539006809866440e+00
1.632765505964122e+02,4.538991164312359e+00
1.633265505964122e+02,4.538975533876483e+00
1.633765505964122e+02,4.538959918537111e+00
1.634265505964122e+02,4.538944318272673e+00
1.634765505964122e+02,4.538928733061499e+00
1.635265505964122e+02,4.538913162881965e+00
1.635765505964123e+02,4.538897607712582e+00
1.636265505964123e+02,4.538882067531828e+00
1.636765505964123e+02,4.538866542318153e+00
1.637265505964123e+02,4.538851032050163e+00
1.637765505964123e+02,4.538835536706493e+00
1.638265505964123e+02,4.538820056265639e+00
1.638765505964123e+02,4.538804590706181e+00
1.639265505964123e+02,4.538789140006894e+00
1.639765505964124e+02,4.538773704146504e+00
1.640265505964124e+02,4.538758283103638e+00
1.640765505964124e+02,4.538742876857048e+00
1.641265505964124e+02,4.538727485385552e+00
1.641765505964124e+02,4.538712108667931e+00
1.642265505964124e+02,4.538696746683095e+00
1.642765505964124e+02,4.538681399409957e+00
1.643265505964124e+02,4.538666066827340e+00
1.643765505964124e+02,4.538650748914127e+00
1.644265505964125e+02,4.538635445649359e+00
1.644765505964125e+02,4.538620157012104e+00
1.645265505964125e+02,4.538604882981285e+00
1.645765505964125e+02,4.538589623535933e+00
1.646265505964125e+02,4.538574378655221e+00
1.646765505964125e+02,4.538559148318249e+00
1.647265505964125e+02,4.538543932504103e+00
1.647765505964125e+02,4.538528731192004e+00
1.648265505964125e+02,4.538513544361201e+00
1.648765505964126e+02,4.538498371990897e+00
1.649265505964126e+02,4.538483214060353e+00
1.649765505964126e+02,4.538468070548847e+00
1.650265505964126e+02,4.538452941435696e+00
1.650765505964126e+02,4.538437826700296e+00
1.651265505964126e+02,4.538422726322039e+00
1.651765505964126e+02,4.538407640280301e+00
1.652265505964126e+02,4.538392568554499e+00
1.652765505964126e+02,4.538377511124131e+00
1.653265505964127e+02,4.538362467968766e+00
1.653765505964127e+02,4.538347439067851e+00
1.654265505964127e+02,4.538332424400921e+00
1.654765505964127e+02,4.538317423947638e+00
1.655265505964127e+02,4.538302437687616e+00
1.655765505964127e+02,4.538287465600486e+00
1.656265505964127e+02,4.538272507665940e+00
1.656765505964127e+02,4.538257563863682e+00
1.657265505964127e+02,4.538242634173423e+00
1.657765505964128e+02,4.538227718574929e+00
1.658265505964128e+02,4.538212817048029e+00
1.658765505964128e+02,4.538197929572520e+00
1.659265505964128e+02,4.538183056128234e+00
1.659765505964128e+02,4.538168196695071e+00
1.660265505964128e+02,4.538153351252932e+00
1.660765505964128e+02,4.538138519781780e+00
1.661265505964128e+02,4.538123702261588e+00
1.661765505964129e+02,4.538108898672302e+00
1.662265505964129e+02,4.538094108993968e+00
1.662765505964129e+02,4.538079333206669e+00
1.663265505964129e+02,4.538064571290437e+00
1.663765505964129e+02,4.538049823225374e+00
1.664265505964129e+02,4.538035088991665e+00
1.664765505964129e+02,4.538020368569478e+00
1.665265505964129e+02,4.538005661938989e+00
1.665765505964129e+02,4.537990969080380e+00
1.666265505964130e+02,4.537976289973906e+00
1.666765505964130e+02,4.537961624599900e+00
1.667265505964130e+02,4.537946972938704e+00
1.667765505964130e+02,4.537932334970610e+00
1.668265505964130e+02,4.537917710675961e+00
1.668765505964130e+02,4.537903100035142e+00
1.669265505964130e+02,4.537888503028562e+00
1.669765505964130e+02,4.537873919636709e+00
1.670265505964130e+02,4.537859349840071e+00
1.670765505964131e+02,4.537844793619113e+00
1.671265505964131e+02,4.537830250954369e+00
1.671765505964131e+02,4.537815721826406e+00
1.672265505964131e+02,4.537801206215843e+00
1.672765505964131e+02,4.537786704103284e+00
1.673265505964131e+02,4.537772215469349e+00
1.673765505964131e+02,4.537757740294740e+00
1.674265505964131e+02,4.537743278560106e+00
1.674765505964131e+02,4.537728830246182e+00
1.675265505964132e+02,4.537714395333807e+00
1.675765505964132e+02,4.537699973803707e+00
1.676265505964132e+02,4.537685565636635e+00
1.676765505964132e+02,4.537671170813461e+00
1.677265505964132e+02,4.537656789315063e+00
1.677765505964132e+02,4.537642421122334e+00
1.678265505964132e+02,4.537628066216201e+00
1.678765505964132e+02,4.537613724577608e+00
1.679265505964133e+02,4.537599396187509e+00
1.679765505964133e+02,4.537585081026930e+00
1.680265505964133e+02,4.537570779076896e+00
1.680765505964133e+02,4.537556490318439e+00
1.681265505964133e+02,4.537542214732636e+00
1.681765505964133e+02,4.537527952300604e+00
1.682265505964133e+02,4.537513703003440e+00
1.682765505964133e+02,4.537499466822363e+00
1.683265505964133e+02,4.537485243738611e+00
1.683765505964134e+02,4.537471033733311e+00
1.684265505964134e+02,4.537456836787741e+00
1.684765505964134e+02,4.537442652883183e+00
1.685265505964134e+02,4.537428482000911e+00
1.685765505964134e+02,4.537414324122292e+00
1.686265505964134e+02,4.537400179228642e+00
1.686765505964134e+02,4.537386047301294e+00
1.687265505964134e+02,4.537371928321679e+00
1.687765505964134e+02,4.537357822271240e+00
1.688265505964135e+02,4.537343729131466e+00
1.688765505964135e+02,4.537329648883874e+00
1.689265505964135e+02,4.537315581509883e+00
1.689765505964135e+02,4.537301526991012e+00
1.690265505964135e+02,4.537287485308918e+00
1.690765505964135e+02,4.537273456445164e+00
1.691265505964135e+02,4.537259440381363e+00
1.691765505964135e+02,4.537245437099176e+00
1.692265505964135e+02,4.537231446580193e+00
1.692765505964136e+02,4.537217468806127e+00
1.693265505964136e+02,4.537203503758773e+00
1.693765505964136e+02,4.537189551419847e+00
1.694265505964136e+02,4.537175611771091e+00
1.694765505964136e+02,4.537161684794325e+00
1.695265505964136e+02,4.537147770471385e+00
1.695765505964136e+02,4.537133868784095e+00
1.696265505964136e+02,4.537119979714343e+00
1.696765505964136e+02,4.537106103244084e+00
1.697265505964137e+02,4.537092239355188e+00
1.697765505964137e+02,4.537078388029600e+00
1.698265505964137e+02,4.537064549249396e+00
1.698765505964137e+02,4.537050722996515e+00
1.699265505964137e+02,4.537036909252927e+00
1.699765505964137e+02,4.537023108000756e+00
1.700265505964137e+02,4.537009319222092e+00
1.700765505964137e+02,4.536995542899022e+00
1.701265505964138e+02,4.536981779013726e+00
1.701765505964138e+02,4.536968027548355e+00
1.702265505964138e+02,4.536954288485064e+00
1.702765505964138e+02,4.536940561806105e+00
1.703265505964138e+02,4.536926847493675e+00
1.703765505964138e+02,4.536913145530010e+00
1.704265505964138e+02,4.536899455897475e+00
1.704765505964138e+02,4.536885778578364e+00
1.705265505964138e+02,4.536872113554962e+00
1.705765505964139e+02,4.536858460809667e+00
1.706265505964139e+02,4.536844820324902e+00
1.706765505964139e+02,4.536831192083041e+00
1.707265505964139e+02,4.536817576066531e+00
1.707765505964139e+02,4.536803972257882e+00
1.708265505964139e+02,4.536790380639540e+00
1.708765505964139e+02,4.536776801194000e+00
1.709265505964139e+02,4.536763233903831e+00
1.709765505964139e+02,4.536749678751608e+00
1.710265505964140e+02,4.536736135719907e+00
1.710765505964140e+02,4.536722604791342e+00
1.711265505964140e+02,4.536709085948584e+00
1.711765505964140e+02,4.536695579174281e+00
1.712265505964140e+02,4.536682084451089e+00
1.712765505964140e+02,4.536668601761763e+00
1.713265505964140e+02,4.536655131089044e+00
1.713765505964140e+02,4.536641672415654e+00
1.714265505964140e+02,4.536628225724366e+00
1.714765505964141e+02,4.536614790998059e+00
1.715265505964141e+02,4.536601368219583e+00
1.715765505964141e+02,4.536587957371737e+00
1.716265505964141e+02,4.536574558437414e+00
1.716765505964141e+02,4.536561171399596e+00
1.717265505964141e+02,4.536547796241211e+00
1.717765505964141e+02,4.536534432945135e+00
1.718265505964141e+02,4.536521081494373e+00
1.718765505964141e+02,4.536507741871993e+00
1.719265505964142e+02,4.536494414060993e+00
1.719765505964142e+02,4.536481098044418e+00
1.720265505964142e+02,4.536467793805388e+00
1.720765505964142e+02,4.536454501326997e+00
1.721265505964142e+02,4.536441220592375e+00
1.721765505964142e+02,4.536427951584646e+00
1.722265505964142e+02,4.536414694286989e+00
1.722765505964142e+02,4.536401448682670e+00
1.723265505964143e+02,4.536388214754901e+00
1.723765505964143e+02,4.536374992486889e+00
1.724265505964143e+02,4.536361781861920e+00
1.724765505964143e+02,4.536348582863310e+00
1.725265505964143e+02,4.536335395474381e+00
1.725765505964143e+02,4.536322219678465e+00
1.726265505964143e+02,4.536309055458937e+00
1.726765505964143e+02,4.536295902799193e+00
1.727265505964143e+02,4.536282761682656e+00
1.727765505964144e+02,4.536269632092790e+00
1.728265505964144e+02,4.536256514013069e+00
1.728765505964144e+02,4.536243407426930e+00
1.729265505964144e+02,4.536230312317861e+00
1.729765505964144e+02,4.536217228669463e+00
1.730265505964144e+02,4.536204156465323e+00
1.730765505964144e+02,4.536191095688991e+00
1.731265505964144e+02,4.536178046324036e+00
1.731765505964144e+02,4.536165008354122e+00
1.732265505964145e+02,4.536151981762948e+00
1.732765505964145e+02,4.536138966534129e+00
1.733265505964145e+02,4.536125962651340e+00
1.733765505964145e+02,4.536112970098338e+00
1.734265505964145e+02,4.536099988858918e+00
1.734765505964145e+02,4.536087018916825e+00
1.735265505964145e+02,4.536074060255833e+00
1.735765505964145e+02,4.536061112859779e+00
1.736265505964145e+02,4.536048176712459e+00
1.736765505964146e+02,4.536035251797784e+00
1.737265505964146e+02,4.536022338099626e+00
1.737765505964146e+02,4.536009435601878e+00
1.738265505964146e+02,4.535996544288558e+00
1.738765505964146e+02,4.535983664143574e+00
1.739265505964146e+02,4.535970795150845e+00
1.739765505964146e+02,4.535957937294422e+00
1.740265505964146e+02,4.535945090558327e+00
1.740765505964146e+02,4.535932254926585e+00
1.741265505964147e+02,4.535919430383309e+00
1.741765505964147e+02,4.535906616912602e+00
1.742265505964147e+02,4.535893814498529e+00
1.742765505964147e+02,4.535881023125204e+00
1.743265505964147e+02,4.535868242776861e+00
1.743765505964147e+02,4.535855473437704e+00
1.744265505964147e+02,4.535842715091871e+00
1.744765505964147e+02,4.535829967723600e+00
1.745265505964148e+02,4.535817231317171e+00
1.745765505964148e+02,4.535804505856857e+00
1.746265505964148e+02,4.535791791326976e+00
1.746765505964148e+02,4.535779087711805e+00
1.747265505964148e+02,4.535766394995670e+00
1.747765505964148e+02,4.535753713162986e+00
1.748265505964148e+02,4.535741042198114e+00
1.748765505964148e+02,4.535728382085500e+00
1.749265505964148e+02,4.535715732809579e+00
1.749765505964149e+02,4.535703094354727e+00
1.750265505964149e+02,4.535690466705424e+00
1.750765505964149e+02,4.535677849846214e+00
1.751265505964149e+02,4.535665243761675e+00
1.751765505964149e+02,4.535652648436310e+00
1.752265505964149e+02,4.535640063854629e+00
1.752765505964149e+02,4.535627490001252e+00
1.753265505964149e+02,4.535614926860815e+00
1.753765505964149e+02,4.535602374417911e+00
1.754265505964150e+02,4.535589832657205e+00
1.754765505964150e+02,4.535577301563413e+00
1.755265505964150e+02,4.535564781121192e+00
1.755765505964150e+02,4.535552271315230e+00
1.756265505964150e+02,4.535539772130323e+00
1.756765505964150e+02,4.535527283551243e+00
1.757265505964150e+02,4.535514805562706e+00
1.757765505964150e+02,4.535502338149576e+00
1.758265505964150e+02,4.535489881296707e+00
1.758765505964151e+02,4.535477434988872e+00
1.759265505964151e+02,4.535464999210961e+00
1.759765505964151e+02,4.535452573947933e+00
1.760265505964151e+02,4.535440159184669e+00
1.760765505964151e+02,4.535427754906066e+00
1.761265505964151e+02,4.535415361097104e+00
1.761765505964151e+02,4.535402977742801e+00
1.762265505964151e+02,4.535390604828108e+00
1.762765505964151e+02,4.535378242338032e+00
1.763265505964152e+02,4.535365890257693e+00
1.763765505964152e+02,4.535353548572134e+00
1.764265505964152e+02,4.535341217266433e+00
1.764765505964152e+02,4.535328896325693e+00
1.765265505964152e+02,4.535316585735038e+00
1.765765505964152e+02,4.535304285479659e+00
1.766265505964152e+02,4.535291995544688e+00
1.766765505964152e+02,4.535279715915284e+00
1.767265505964153e+02,4.535267446576694e+00
1.767765505964153e+02,4.535255187514218e+00
1.768265505964153e+02,4.535242938713057e+00
1.768765505964153e+02,4.535230700158454e+00
1.769265505964153e+02,4.535218471835775e+00
1.769765505964153e+02,4.535206253730292e+00
1.770265505964153e+02,4.535194045827359e+00
1.770765505964153e+02,4.535181848112374e+00
1.771265505964153e+02,4.535169660570728e+00
1.771765505964154e+02,4.535157483187815e+00
1.772265505964154e+02,4.535145315949000e+00
1.772765505964154e+02,4.535133158839758e+00
1.773265505964154e+02,4.535121011845588e+00
1.773765505964154e+02,4.535108874951963e+00
1.774265505964154e+02,4.535096748144364e+00
1.774765505964154e+02,4.535084631408318e+00
1.775265505964154e+02,4.535072524729435e+00
1.775765505964154e+02,4.535060428093289e+00
1.776265505964155e+02,4.535048341485409e+00
1.776765505964155e+02,4.535036264891406e+00
1.777265505964155e+02,4.535024198296979e+00
1.777765505964155e+02,4.535012141687769e+00
1.778265505964155e+02,4.535000095049406e+00
1.778765505964155e+02,4.534988058367603e+00
1.779265505964155e+02,4.534976031628053e+00
1.779765505964155e+02,4.534964014816503e+00
1.780265505964155e+02,4.534952007918773e+00
1.780765505964156e+02,4.534940010920602e+00
1.781265505964156e+02,4.534928023807738e+00
1.781765505964156e+02,4.534916046566012e+00
1.782265505964156e+02,4.534904079181317e+00
1.782765505964156e+02,4.534892121639492e+00
1.783265505964156e+02,4.534880173926369e+00
1.783765505964156e+02,4.534868236027871e+00
1.784265505964156e+02,4.534856307929962e+00
1.784765505964156e+02,4.534844389618549e+00
1.785265505964157e+02,4.534832481079516e+00
1.785765505964157e+02,4.534820582298960e+00
1.786265505964157e+02,4.534808693262915e+00
1.786765505964157e+02,4.534796813957247e+00
1.787265505964157e+02,4.534784944368027e+00
1.787765505964157e+02,4.534773084481381e+00
1.788265505964157e+02,4.534761234283375e+00
1.788765505964157e+02,4.534749393760122e+00
1.789265505964158e+02,4.534737562897698e+00
1.789765505964158e+02,4.534725741682236e+00
1.790265505964158e+02,4.534713930099964e+00
1.790765505964158e+02,4.534702128137004e+00
1.791265505964158e+02,4.534690335779526e+00
1.791765505964158e+02,4.534678553013810e+00
1.792265505964158e+02,4.534666779826058e+00
1.792765505964158e+02,4.534655016202549e+00
1.793265505964158e+02,4.534643262129583e+00
1.793765505964159e+02,4.534631517593392e+00
1.794265505964159e+02,4.534619782580322e+00
1.794765505964159e+02,4.534608057076762e+00
1.795265505964159e+02,4.534596341069022e+00
1.795765505964159e+02,4.534584634543479e+00
1.796265505964159e+02,4.534572937486527e+00
1.796765505964159e+02,4.534561249884516e+00
1.797265505964159e+02,4.534549571723951e+00
1.797765505964159e+02,4.534537902991366e+00
1.798265505964160e+02,4.534526243673133e+00
1.798765505964160e+02,4.534514593755713e+00
1.799265505964160e+02,4.534502953225676e+00
1.799765505964160e+02,4.534491322069535e+00
1.800265505964160e+02,4.534479700273822e+00
1.800765505964160e+02,4.534468087825115e+00
1.801265505964160e+02,4.534456484710065e+00
1.801765505964160e+02,4.534444890915301e+00
1.802265505964160e+02,4.534433306427346e+00
1.802765505964161e+02,4.534421731232812e+00
1.803265505964161e+02,4.534410165318463e+00
1.803765505964161e+02,4.534398608670992e+00
1.804265505964161e+02,4.534387061277040e+00
1.804765505964161e+02,4.534375523123360e+00
1.805265505964161e+02,4.534363994196724e+00
1.805765505964161e+02,4.534352474483876e+00
1.806265505964161e+02,4.534340963971565e+00
1.806765505964161e+02,4.534329462646601e+00
1.807265505964162e+02,4.534317970495814e+00
1.807765505964162e+02,4.534306487506017e+00
1.808265505964162e+02,4.534295013664066e+00
1.808765505964162e+02,4.534283548956868e+00
1.809265505964162e+02,4.534272093371292e+00
1.809765505964162e+02,4.534260646894215e+00
1.810265505964162e+02,4.534249209512662e+00
1.810765505964162e+02,4.534237781213603e+00
1.811265505964163e+02,4.534226361983889e+00
1.811765505964163e+02,4.534214951810496e+00
1.812265505964163e+02,4.534203550680508e+00
1.812765505964163e+02,4.534192158580950e+00
1.813265505964163e+02,4.534180775498839e+00
1.813765505964163e+02,4.534169401421225e+00
1.814265505964163e+02,4.534158036335178e+00
1.814765505964163e+02,4.534146680227829e+00
1.815265505964163e+02,4.534135333086287e+00
1.815765505964164e+02,4.534123994897716e+00
1.816265505964164e+02,4.534112665649300e+00
1.816765505964164e+02,4.534101345328096e+00
1.817265505964164e+02,4.534090033921303e+00
1.817765505964164e+02,4.534078731416219e+00
1.818265505964164e+02,4.534067437800060e+00
1.818765505964164e+02,4.534056153060003e+00
1.819265505964164e+02,4.534044877183306e+00
1.819765505964164e+02,4.534033610157310e+00
1.820265505964165e+02,4.534022351969353e+00
1.820765505964165e+02,4.534011102606722e+00
1.821265505964165e+02,4.533999862056678e+00
1.821765505964165e+02,4.533988630306621e+00
1.822265505964165e+02,4.533977407343973e+00
1.822765505964165e+02,4.533966193156086e+00
1.823265505964165e+02,4.533954987730356e+00
1.823765505964165e+02,4.533943791054209e+00
1.824265505964165e+02,4.533932603115121e+00
1.824765505964166e+02,4.533921423900531e+00
1.825265505964166e+02,4.533910253397910e+00
1.825765505964166e+02,4.533899091594787e+00
1.826265505964166e+02,4.533887938478683e+00
1.826765505964166e+02,4.533876794037106e+00
1.827265505964166e+02,4.533865658257605e+00
1.827765505964166e+02,4.533854531127796e+00
1.828265505964166e+02,4.533843412635224e+00
1.828765505964166e+02,4.533832302767481e+00
1.829265505964167e+02,4.533821201512255e+00
1.829765505964167e+02,4.533810108857153e+00
1.830265505964167e+02,4.533799024789840e+00
1.830765505964167e+02,4.533787949298006e+00
1.831265505964167e+02,4.533776882369276e+00
1.831765505964167e+02,4.533765823991400e+00
1.832265505964167e+02,4.533754774152163e+00
1.832765505964167e+02,4.533743732839275e+00
1.833265505964168e+02,4.533732700040497e+00
1.833765505964168e+02,4.533721675743614e+00
1.834265505964168e+02,4.533710659936411e+00
1.834765505964168e+02,4.533699652606710e+00
1.835265505964168e+02,4.533688653742361e+00
1.835765505964168e+02,4.533677663331213e+00
1.836265505964168e+02,4.533666681361124e+00
1.836765505964168e+02,4.533655707820017e+00
1.837265505964168e+02,4.533644742695788e+00
1.837765505964169e+02,4.533633785976293e+00
1.838265505964169e+02,4.533622837649530e+00
1.838765505964169e+02,4.533611897703500e+00
1.839265505964169e+02,4.533600966126117e+00
1.839765505964169e+02,4.533590042905356e+00
1.840265505964169e+02,4.533579128029253e+00
1.840765505964169e+02,4.533568221485823e+00
1.841265505964169e+02,4.533557323263098e+00
1.841765505964169e+02,4.533546433349163e+00
1.842265505964170e+02,4.533535551732123e+00
1.842765505964170e+02,4.533524678400060e+00
1.843265505964170e+02,4.533513813341039e+00
1.843765505964170e+02,4.533502956543151e+00
1.844265505964170e+02,4.533492107994621e+00
1.844765505964170e+02,4.533481267683653e+00
1.845265505964170e+02,4.533470435598340e+00
1.845765505964170e+02,4.533459611726899e+00
1.846265505964170e+02,4.533448796057573e+00
1.846765505964171e+02,4.533437988578543e+00
1.847265505964171e+02,4.533427189278079e+00
1.847765505964171e+02,4.533416398144478e+00
1.848265505964171e+02,4.533405615165994e+00
1.848765505964171e+02,4.533394840330898e+00
1.849265505964171e+02,4.533384073627523e+00
1.849765505964171e+02,4.533373315044201e+00
1.850265505964171e+02,4.533362564569290e+00
1.850765505964171e+02,4.533351822191175e+00
1.851265505964172e+02,4.533341087898211e+00
1.851765505964172e+02,4.533330361678802e+00
1.852265505964172e+02,4.533319643521356e+00
1.852765505964172e+02,4.533308933414282e+00
1.853265505964172e+02,4.533298231346041e+00
1.853765505964172e+02,4.533287537305125e+00
1.854265505964172e+02,4.533276851280015e+00
1.854765505964172e+02,4.533266173259183e+00
1.855265505964173e+02,4.533255503231126e+00
1.855765505964173e+02,4.533244841184410e+00
1.856265505964173e+02,4.533234187107572e+00
1.856765505964173e+02,4.533223540989126e+00
1.857265505964173e+02,4.533212902817697e+00
1.857765505964173e+02,4.533202272581932e+00
1.858265505964173e+02,4.533191650270423e+00
1.858765505964173e+02,4.533181035871754e+00
1.859265505964173e+02,4.533170429374543e+00
1.859765505964174e+02,4.533159830767464e+00
1.860265505964174e+02,4.533149240039256e+00
1.860765505964174e+02,4.533138657178628e+00
1.861265505964174e+02,4.533128082174214e+00
1.861765505964174e+02,4.533117515014719e+00
1.862265505964174e+02,4.533106955688986e+00
1.862765505964174e+02,4.533096404185747e+00
1.863265505964174e+02,4.533085860493689e+00
1.863765505964174e+02,4.533075324601659e+00
1.864265505964175e+02,4.533064796498535e+00
1.864765505964175e+02,4.533054276173071e+00
1.865265505964175e+02,4.533043763614052e+00
1.865765505964175e+02,4.533033258810393e+00
1.866265505964175e+02,4.533022761750999e+00
1.866765505964175e+02,4.533012272424737e+00
1.867265505964175e+02,4.533001790820488e+00
1.867765505964175e+02,4.532991316927151e+00
1.868265505964175e+02,4.532980850733662e+00
1.868765505964176e+02,4.532970392228992e+00
1.869265505964176e+02,4.532959941402123e+00
1.869765505964176e+02,4.532949498242003e+00
1.870265505964176e+02,4.532939062737629e+00
1.870765505964176e+02,4.532928634878046e+00
1.871265505964176e+02,4.532918214652306e+00
1.871765505964176e+02,4.532907802049457e+00
1.872265505964176e+02,4.532897397058512e+00
1.872765505964176e+02,4.532886999668539e+00
1.873265505964177e+02,4.532876609868662e+00
1.873765505964177e+02,4.532866227647972e+00
1.874265505964177e+02,4.532855852995570e+00
1.874765505964177e+02,4.532845485900596e+00
1.875265505964177e+02,4.532835126352253e+00
1.875765505964177e+02,4.532824774339738e+00
1.876265505964177e+02,4.532814429852173e+00
1.876765505964177e+02,4.532804092878746e+00
1.877265505964178e+02,4.532793763408716e+00
1.877765505964178e+02,4.532783441431274e+00
1.878265505964178e+02,4.532773126935679e+00
1.878765505964178e+02,4.532762819911259e+00
1.879265505964178e+02,4.532752520347240e+00
1.879765505964178e+02,4.532742228232875e+00
1.880265505964178e+02,4.532731943557520e+00
1.880765505964178e+02,4.532721666310509e+00
1.881265505964178e+02,4.532711396481196e+00
1.881765505964179e+02,4.532701134058891e+00
1.882265505964179e+02,4.532690879032964e+00
1.882765505964179e+02,4.532680631392815e+00
1.883265505964179e+02,4.532670391127810e+00
1.883765505964179e+02,4.532660158227447e+00
1.884265505964179e+02,4.532649932681154e+00
1.884765505964179e+02,4.532639714478266e+00
1.885265505964179e+02,4.532629503608292e+00
1.885765505964179e+02,4.532619300060777e+00
1.886265505964180e+02,4.532609103825183e+00
1.886765505964180e+02,4.532598914890972e+00
1.887265505964180e+02,4.532588733247712e+00
1.887765505964180e+02,4.532578558884928e+00
1.888265505964180e+02,4.532568391792119e+00
1.888765505964180e+02,4.532558231958884e+00
1.889265505964180e+02,4.532548079374829e+00
1.889765505964180e+02,4.532537934029601e+00
1.890265505964180e+02,4.532527795912774e+00
1.890765505964181e+02,4.532517665013871e+00
1.891265505964181e+02,4.532507541322590e+00
1.891765505964181e+02,4.532497424828677e+00
1.892265505964181e+02,4.532487315521733e+00
1.892765505964181e+02,4.532477213391422e+00
1.893265505964181e+02,4.532467118427500e+00
1.893765505964181e+02,4.532457030619654e+00
1.894265505964181e+02,4.532446949957571e+00
1.894765505964182e+02,4.532436876430991e+00
1.895265505964182e+02,4.532426810029770e+00
1.895765505964182e+02,4.532416750743680e+00
1.896265505964182e+02,4.532406698562414e+00
1.896765505964182e+02,4.532396653475823e+00
1.897265505964182e+02,4.532386615473729e+00
1.897765505964182e+02,4.532376584545947e+00
1.898265505964182e+02,4.532366560682381e+00
1.898765505964182e+02,4.532356543872849e+00
1.899265505964183e+02,4.532346534107203e+00
1.899765505964183e+02,4.532336531375374e+00
1.900265505964183e+02,4.532326535667228e+00
1.900765505964183e+02,4.532316546972721e+00
1.901265505964183e+02,4.532306565281803e+00
1.901765505964183e+02,4.532296590584364e+00
1.902265505964183e+02,4.532286622870404e+00
1.902765505964183e+02,4.532276662129922e+00
1.903265505964183e+02,4.532266708352870e+00
1.903765505964184e+02,4.532256761529278e+00
1.904265505964184e+02,4.532246821649141e+00
1.904765505964184e+02,4.532236888702481e+00
1.905265505964184e+02,4.532226962679398e+00
1.905765505964184e+02,4.532217043569966e+00
1.906265505964184e+02,4.532207131364236e+00
1.906765505964184e+02,4.532197226052292e+00
1.907265505964184e+02,4.532187327624274e+00
1.907765505964184e+02,4.532177436070282e+00
1.908265505964185e+02,4.532167551380357e+00
1.908765505964185e+02,4.532157673544718e+00
1.909265505964185e+02,4.532147802553613e+00
1.909765505964185e+02,4.532137938397149e+00
1.910265505964185e+02,4.532128081065510e+00
1.910765505964185e+02,4.532118230548924e+00
1.911265505964185e+02,4.532108386837573e+00
1.911765505964185e+02,4.532098549921669e+00
1.912265505964185e+02,4.532088719791500e+00
1.912765505964186e+02,4.532078896437383e+00
1.913265505964186e+02,4.532069079849544e+00
1.913765505964186e+02,4.532059270018244e+00
1.914265505964186e+02,4.532049466933831e+00
1.914765505964186e+02,4.532039670586596e+00
1.915265505964186e+02,4.532029880966856e+00
1.915765505964186e+02,4.532020098064976e+00
1.916265505964186e+02,4.532010321871308e+00
1.916765505964187e+02,4.532000552376259e+00
1.917265505964187e+02,4.531990789570199e+00
1.917765505964187e+02,4.531981033443468e+00
1.918265505964187e+02,4.531971283986535e+00
1.918765505964187e+02,4.531961541189857e+00
1.919265505964187e+02,4.531951805043811e+00
1.919765505964187e+02,4.531942075538851e+00
1.920265505964187e+02,4.531932352665497e+00
1.920765505964187e+02,4.531922636414260e+00
1.921265505964188e+02,4.531912926775598e+00
1.921765505964188e+02,4.531903223739959e+00
1.922265505964188e+02,4.531893527297895e+00
1.922765505964188e+02,4.531883837439993e+00
1.923265505964188e+02,4.531874154156752e+00
1.923765505964188e+02,4.531864477438776e+00
1.924265505964188e+02,4.531854807276622e+00
1.924765505964188e+02,4.531845143660817e+00
1.925265505964188e+02,4.531835486582059e+00
1.925765505964189e+02,4.531825836031004e+00
1.926265505964189e+02,4.531816191998217e+00
1.926765505964189e+02,4.531806554474320e+00
1.927265505964189e+02,4.531796923450010e+00
1.927765505964189e+02,4.531787298915950e+00
1.928265505964189e+02,4.531777680862805e+00
1.928765505964189e+02,4.531768069281255e+00
1.929265505964189e+02,4.531758464162027e+00
1.929765505964189e+02,4.531748865495873e+00
1.930265505964190e+02,4.531739273273527e+00
1.930765505964190e+02,4.531729687485798e+00
1.931265505964190e+02,4.531720108123420e+00
1.931765505964190e+02,4.531710535177078e+00
1.932265505964190e+02,4.531700968637607e+00
1.932765505964190e+02,4.531691408495879e+00
1.933265505964190e+02,4.531681854742660e+00
1.933765505964190e+02,4.531672307368765e+00
1.934265505964190e+02,4.531662766365040e+00
1.934765505964191e+02,4.531653231722342e+00
1.935265505964191e+02,4.531643703431609e+00
1.935765505964191e+02,4.531634181483715e+00
1.936265505964191e+02,4.531624665869502e+00
1.936765505964191e+02,4.531615156579863e+00
1.937265505964191e+02,4.531605653605717e+00
1.937765505964191e+02,4.531596156938040e+00
1.938265505964191e+02,4.531586666567801e+00
1.938765505964192e+02,4.531577182485960e+00
1.939265505964192e+02,4.531567704683494e+00
1.939765505964192e+02,4.531558233151346e+00
1.940265505964192e+02,4.531548767880490e+00
1.940765505964192e+02,4.531539308862000e+00
1.941265505964192e+02,4.531529856086934e+00
1.941765505964192e+02,4.531520409546280e+00
1.942265505964192e+02,4.531510969231072e+00
1.942765505964192e+02,4.531501535132401e+00
1.943265505964193e+02,4.531492107241353e+00
1.943765505964193e+02,4.531482685549025e+00
1.944265505964193e+02,4.531473270046487e+00
1.944765505964193e+02,4.531463860724894e+00
1.945265505964193e+02,4.531454457575368e+00
1.945765505964193e+02,4.531445060588969e+00
1.946265505964193e+02,4.531435669756902e+00
1.946765505964193e+02,4.531426285070392e+00
1.947265505964193e+02,4.531416906520617e+00
1.947765505964194e+02,4.531407534098721e+00
1.948265505964194e+02,4.531398167795888e+00
1.948765505964194e+02,4.531388807603348e+00
1.949265505964194e+02,4.531379453512374e+00
1.949765505964194e+02,4.531370105514217e+00
1.950265505964194e+02,4.531360763600080e+00
1.950765505964194e+02,4.531351427761217e+00
1.951265505964194e+02,4.531342097988920e+00
1.951765505964194e+02,4.531332774274539e+00
1.952265505964195e+02,4.531323456609366e+00
1.952765505964195e+02,4.531314144984664e+00
1.953265505964195e+02,4.531304839391821e+00
1.953765505964195e+02,4.531295539822180e+00
1.954265505964195e+02,4.531286246267039e+00
1.954765505964195e+02,4.531276958717775e+00
1.955265505964195e+02,4.531267677165806e+00
1.955765505964195e+02,4.531258401602529e+00
1.956265505964195e+02,4.531249132019324e+00
1.956765505964196e+02,4.531239868407601e+00
1.957265505964196e+02,4.531230610758804e+00
1.957765505964196e+02,4.531221359064382e+00
1.958265505964196e+02,4.531212113315775e+00
1.958765505964196e+02,4.531202873504454e+00
1.959265505964196e+02,4.531193639621899e+00
1.959765505964196e+02,4.531184411659597e+00
1.960265505964196e+02,4.531175189609055e+00
1.960765505964197e+02,4.531165973461769e+00
1.961265505964197e+02,4.531156763209261e+00
1.961765505964197e+02,4.531147558843108e+00
1.962265505964197e+02,4.531138360354857e+00
1.962765505964197e+02,4.531129167736060e+00
1.963265505964197e+02,4.531119980978309e+00
1.963765505964197e+02,4.531110800073165e+00
1.964265505964197e+02,4.531101625012208e+00
1.964765505964197e+02,4.531092455787086e+00
1.965265505964198e+02,4.531083292389441e+00
1.965765505964198e+02,4.531074134810896e+00
1.966265505964198e+02,4.531064983043080e+00
1.966765505964198e+02,4.531055837077637e+00
1.967265505964198e+02,4.531046696906246e+00
1.967765505964198e+02,4.531037562520644e+00
1.968265505964198e+02,4.531028433912531e+00
1.968765505964198e+02,4.531019311073549e+00
1.969265505964198e+02,4.531010193995441e+00
1.969765505964199e+02,4.531001082669958e+00
1.970265505964199e+02,4.530991977088780e+00
1.970765505964199e+02,4.530982877243724e+00
1.971265505964199e+02,4.530973783126591e+00
1.971765505964199e+02,4.530964694729079e+00
1.972265505964199e+02,4.530955612042987e+00
1.972765505964199e+02,4.530946535060168e+00
1.973265505964199e+02,4.530937463772387e+00
1.973765505964199e+02,4.530928398171469e+00
1.974265505964200e+02,4.530919338249331e+00
1.974765505964200e+02,4.530910283997771e+00
1.975265505964200e+02,4.530901235408603e+00
1.975765505964200e+02,4.530892192473767e+00
1.976265505964200e+02,4.530883155185122e+00
1.976765505964200e+02,4.530874123534550e+00
1.977265505964200e+02,4.530865097514001e+00
1.977765505964200e+02,4.530856077115365e+00
1.978265505964200e+02,4.530847062330558e+00
1.978765505964201e+02,4.530838053151546e+00
1.979265505964201e+02,4.530829049570295e+00
1.979765505964201e+02,4.530820051578734e+00
1.980265505964201e+02,4.530811059168839e+00
1.980765505964201e+02,4.530802072332633e+00
1.981265505964201e+02,4.530793091062134e+00
1.981765505964201e+02,4.530784115349337e+00
1.982265505964201e+02,4.530775145186196e+00
1.982765505964202e+02,4.530766180564777e+00
1.983265505964202e+02,4.530757221477191e+00
1.983765505964202e+02,4.530748267915464e+00
1.984265505964202e+02,4.530739319871672e+00
1.984765505964202e+02,4.530730377337862e+00
1.985265505964202e+02,4.530721440306090e+00
1.985765505964202e+02,4.530712508768537e+00
1.986265505964202e+02,4.530703582717300e+00
1.986765505964202e+02,4.530694662144484e+00
1.987265505964203e+02,4.530685747042225e+00
1.987765505964203e+02,4.530676837402708e+00
1.988265505964203e+02,4.530667933218075e+00
1.988765505964203e+02,4.530659034480439e+00
1.989265505964203e+02,4.530650141182032e+00
1.989765505964203e+02,4.530641253315098e+00
1.990265505964203e+02,4.530632370871791e+00
1.990765505964203e+02,4.530623493844303e+00
1.991265505964203e+02,4.530614622224886e+00
1.991765505964204e+02,4.530605756005766e+00
1.992265505964204e+02,4.530596895179180e+00
1.992765505964204e+02,4.530588039737435e+00
1.993265505964204e+02,4.530579189672813e+00
1.993765505964204e+02,4.530570344977530e+00
1.994265505964204e+02,4.530561505643867e+00
1.994765505964204e+02,4.530552671664155e+00
1.995265505964204e+02,4.530543843030744e+00
1.995765505964204e+02,4.530535019735965e+00
1.996265505964205e+02,4.530526201772123e+00
1.996765505964205e+02,4.530517389131549e+00
1.997265505964205e+02,4.530508581806645e+00
1.997765505964205e+02,4.530499779789769e+00
1.998265505964205e+02,4.530490983073308e+00
1.998765505964205e+02,4.530482191649705e+00
1.999265505964205e+02,4.530473405511248e+00
1.999765505964205e+02,4.530464624650338e+00
2.000265505964205e+02,4.530455849059516e+00
2.000765505964206e+02,4.530447078731170e+00
2.001265505964206e+02,4.530438313657728e+00
2.001765505964206e+02,4.530429553831699e+00
2.002265505964206e+02,4.530420799245501e+00
2.002765505964206e+02,4.530412049891615e+00
2.003265505964206e+02,4.530403305762549e+00
2.003765505964206e+02,4.530394566850842e+00
2.004265505964206e+02,4.530385833148991e+00
2.004765505964207e+02,4.530377104649450e+00
2.005265505964207e+02,4.530368381344776e+00
2.005765505964207e+02,4.530359663227544e+00
2.006265505964207e+02,4.530350950290273e+00
2.006765505964207e+02,4.530342242525557e+00
2.007265505964207e+02,4.530333539926010e+00
2.007765505964207e+02,4.530324842484158e+00
2.008265505964207e+02,4.530316150192551e+00
2.008765505964207e+02,4.530307463043844e+00
2.009265505964208e+02,4.530298781030709e+00
2.009765505964208e+02,4.530290104145741e+00
2.010265505964208e+02,4.530281432381579e+00
2.010765505964208e+02,4.530272765730897e+00
2.011265505964208e+02,4.530264104186296e+00
2.011765505964208e+02,4.530255447740451e+00
2.012265505964208e+02,4.530246796386090e+00
2.012765505964208e+02,4.530238150115886e+00
2.013265505964208e+02,4.530229508922545e+00
2.013765505964209e+02,4.530220872798800e+00
2.014265505964209e+02,4.530212241737341e+00
2.014765505964209e+02,4.530203615730889e+00
2.015265505964209e+02,4.530194994772239e+00
2.015765505964209e+02,4.530186378854101e+00
2.016265505964209e+02,4.530177767969264e+00
2.016765505964209e+02,4.530169162110536e+00
2.017265505964209e+02,4.530160561270590e+00
2.017765505964209e+02,4.530151965442277e+00
2.018265505964210e+02,4.530143374618531e+00
2.018765505964210e+02,4.530134788792049e+00
2.019265505964210e+02,4.530126207955581e+00
2.019765505964210e+02,4.530117632102074e+00
2.020265505964210e+02,4.530109061224404e+00
2.020765505964210e+02,4.530100495315366e+00
2.021265505964210e+02,4.530091934367832e+00
2.021765505964210e+02,4.530083378374716e+00
2.022265505964210e+02,4.530074827328866e+00
2.022765505964211e+02,4.530066281223156e+00
2.023265505964211e+02,4.530057740050561e+00
2.023765505964211e+02,4.530049203804023e+00
2.024265505964211e+02,4.530040672476408e+00
2.024765505964211e+02,4.530032146060634e+00
2.025265505964211e+02,4.530023624549698e+00
2.025765505964211e+02,4.530015107936560e+00
2.026265505964211e+02,4.530006596214186e+00
2.026765505964212e+02,4.529998089375593e+00
2.027265505964212e+02,4.529989587413708e+00
2.027765505964212e+02,4.529981090321519e+00
2.028265505964212e+02,4.529972598092075e+00
2.028765505964212e+02,4.529964110718391e+00
2.029265505964212e+02,4.529955628193526e+00
2.029765505964212e+02,4.529947150510523e+00
2.030265505964212e+02,4.529938677662379e+00
2.030765505964212e+02,4.529930209642139e+00
2.031265505964213e+02,4.529921746442935e+00
2.031765505964213e+02,4.529913288057838e+00
2.032265505964213e+02,4.529904834479904e+00
2.032765505964213e+02,4.529896385702278e+00
2.033265505964213e+02,4.529887941718020e+00
2.033765505964213e+02,4.529879502520251e+00
2.034265505964213e+02,4.529871068102186e+00
2.034765505964213e+02,4.529862638456924e+00
2.035265505964213e+02,4.529854213577558e+00
2.035765505964214e+02,4.529845793457254e+00
2.036265505964214e+02,4.529837378089207e+00
2.036765505964214e+02,4.529828967466622e+00
2.037265505964214e+02,4.529820561582693e+00
2.037765505964214e+02,4.529812160430597e+00
2.038265505964214e+02,4.529803764003519e+00
2.038765505964214e+02,4.529795372294664e+00
2.039265505964214e+02,4.529786985297283e+00
2.039765505964214e+02,4.529778603004628e+00
2.040265505964215e+02,4.529770225409950e+00
2.040765505964215e+02,4.529761852506528e+00
2.041265505964215e+02,4.529753484287594e+00
2.041765505964215e+02,4.529745120746405e+00
2.042265505964215e+02,4.529736761876282e+00
2.042765505964215e+02,4.529728407670516e+00
2.043265505964215e+02,4.529720058122358e+00
2.043765505964215e+02,4.529711713225152e+00
2.044265505964215e+02,4.529703372972278e+00
2.044765505964216e+02,4.529695037357042e+00
2.045265505964216e+02,4.529686706372771e+00
2.045765505964216e+02,4.529678380012829e+00
2.046265505964216e+02,4.529670058270557e+00
2.046765505964216e+02,4.529661741139314e+00
2.047265505964216e+02,4.529653428612519e+00
2.047765505964216e+02,4.529645120683554e+00
2.048265505964216e+02,4.529636817345815e+00
2.048765505964217e+02,4.529628518592730e+00
2.049265505964217e+02,4.529620224417715e+00
2.049765505964217e+02,4.529611934814235e+00
2.050265505964217e+02,4.529603649775681e+00
2.050765505964217e+02,4.529595369295426e+00
2.051265505964217e+02,4.529587093367021e+00
2.051765505964217e+02,4.529578821983954e+00
2.052265505964217e+02,4.529570555139639e+00
2.052765505964217e+02,4.529562292827541e+00
2.053265505964218e+02,4.529554035041197e+00
2.053765505964218e+02,4.529545781774159e+00
2.054265505964218e+02,4.529537533019881e+00
2.054765505964218e+02,4.529529288771911e+00
2.055265505964218e+02,4.529521049023789e+00
2.055765505964218e+02,4.529512813768971e+00
2.056265505964218e+02,4.529504583001066e+00
2.056765505964218e+02,4.529496356713675e+00
2.057265505964218e+02,4.529488134900333e+00
2.057765505964219e+02,4.529479917554627e+00
2.058265505964219e+02,4.529471704670137e+00
2.058765505964219e+02,4.529463496240429e+00
2.059265505964219e+02,4.529455292259113e+00
2.059765505964219e+02,4.529447092719832e+00
2.060265505964219e+02,4.529438897616252e+00
2.060765505964219e+02,4.529430706942009e+00
2.061265505964219e+02,4.529422520690657e+00
2.061765505964219e+02,4.529414338855838e+00
2.062265505964220e+02,4.529406161431263e+00
2.062765505964220e+02,4.529397988410614e+00
2.063265505964220e+02,4.529389819787552e+00
2.063765505964220e+02,4.529381655555787e+00
2.064265505964220e+02,4.529373495709025e+00
2.064765505964220e+02,4.529365340240933e+00
2.065265505964220e+02,4.529357189145224e+00
2.065765505964220e+02,4.529349042415644e+00
2.066265505964220e+02,4.529340900045916e+00
2.066765505964221e+02,4.529332762029775e+00
2.067265505964221e+02,4.529324628360985e+00
2.067765505964221e+02,4.529316499033317e+00
2.068265505964221e+02,4.529308374040544e+00
2.068765505964221e+02,4.529300253376407e+00
2.069265505964221e+02,4.529292137034711e+00
2.069765505964221e+02,4.529284025009261e+00
2.070265505964221e+02,4.529275917293853e+00
2.070765505964222e+02,4.529267813882300e+00
2.071265505964222e+02,4.529259714768402e+00
2.071765505964222e+02,4.529251619946034e+00
2.072265505964222e+02,4.529243529409075e+00
2.072765505964222e+02,4.529235443151314e+00
2.073265505964222e+02,4.529227361166565e+00
2.073765505964222e+02,4.529219283448705e+00
2.074265505964222e+02,4.529211209991638e+00
2.074765505964222e+02,4.529203140789331e+00
2.075265505964223e+02,4.529195075835635e+00
2.075765505964223e+02,4.529187015124323e+00
2.076265505964223e+02,4.529178958649405e+00
2.076765505964223e+02,4.529170906404858e+00
2.077265505964223e+02,4.529162858384536e+00
2.077765505964223e+02,4.529154814582374e+00
2.078265505964223e+02,4.529146774992340e+00
2.078765505964223e+02,4.529138739608378e+00
2.079265505964223e+02,4.529130708424455e+00
2.079765505964224e+02,4.529122681434568e+00
2.080265505964224e+02,4.529114658632668e+00
2.080765505964224e+02,4.529106640012733e+00
2.081265505964224e+02,4.529098625568796e+00
2.081765505964224e+02,4.529090615294843e+00
2.082265505964224e+02,4.529082609184859e+00
2.082765505964224e+02,4.529074607232898e+00
2.083265505964224e+02,4.529066609433011e+00
2.083765505964224e+02,4.529058615779205e+00
2.084265505964225e+02,4.529050626265524e+00
2.084765505964225e+02,4.529042640886033e+00
2.085265505964225e+02,4.529034659634858e+00
2.085765505964225e+02,4.529026682506029e+00
2.086265505964225e+02,4.529018709493566e+00
2.086765505964225e+02,4.529010740591634e+00
2.087265505964225e+02,4.529002775794381e+00
2.087765505964225e+02,4.528994815095841e+00
2.088265505964225e+02,4.528986858490081e+00
2.088765505964226e+02,4.528978905971278e+00
2.089265505964226e+02,4.528970957533606e+00
2.089765505964226e+02,4.528963013171190e+00
2.090265505964226e+02,4.528955072878169e+00
2.090765505964226e+02,4.528947136648691e+00
2.091265505964226e+02,4.528939204476932e+00
2.091765505964226e+02,4.528931276357070e+00
2.092265505964226e+02,4.528923352283265e+00
2.092765505964227e+02,4.528915432249763e+00
2.093265505964227e+02,4.528907516250770e+00
2.093765505964227e+02,4.528899604280441e+00
2.094265505964227e+02,4.528891696332988e+00
2.094765505964227e+02,4.528883792402651e+00
2.095265505964227e+02,4.528875892483679e+00
2.095765505964227e+02,4.528867996570333e+00
2.096265505964227e+02,4.528860104656856e+00
2.096765505964227e+02,4.528852216737470e+00
2.097265505964228e+02,4.528844332806450e+00
2.097765505964228e+02,4.528836452858092e+00
2.098265505964228e+02,4.528828576886640e+00
2.098765505964228e+02,4.528820704886450e+00
2.099265505964228e+02,4.528812836851873e+00
2.099765505964228e+02,4.528804972777110e+00
2.100265505964228e+02,4.528797112656440e+00
2.100765505964228e+02,4.528789256484240e+00
2.101265505964228e+02,4.528781404254890e+00
2.101765505964229e+02,4.528773555962720e+00
2.102265505964229e+02,4.528765711602012e+00
2.102765505964229e+02,4.528757871167120e+00
2.103265505964229e+02,4.528750034652477e+00
2.103765505964229e+02,4.528742202052467e+00
2.104265505964229e+02,4.528734373361441e+00
2.104765505964229e+02,4.528726548573772e+00
2.105265505964229e+02,4.528718727683866e+00
2.105765505964229e+02,4.528710910686159e+00
2.106265505964230e+02,4.528703097575018e+00
2.106765505964230e+02,4.528695288344868e+00
2.107265505964230e+02,4.528687482990187e+00
2.107765505964230e+02,4.528679681505393e+00
2.108265505964230e+02,4.528671883884885e+00
2.108765505964230e+02,4.528664090123142e+00
2.109265505964230e+02,4.528656300214652e+00
2.109765505964230e+02,4.528648514153844e+00
2.110265505964230e+02,4.528640731935226e+00
2.110765505964231e+02,4.528632953553286e+00
2.111265505964231e+02,4.528625179002471e+00
2.111765505964231e+02,4.528617408277369e+00
2.112265505964231e+02,4.528609641372470e+00
2.112765505964231e+02,4.528601878282192e+00
2.113265505964231e+02,4.528594119001124e+00
2.113765505964231e+02,4.528586363523855e+00
2.114265505964231e+02,4.528578611844877e+00
2.114765505964232e+02,4.528570863958733e+00
2.115265505964232e+02,4.528563119859953e+00
2.115765505964232e+02,4.528555379543089e+00
2.116265505964232e+02,4.528547643002774e+00
2.116765505964232e+02,4.528539910233576e+00
2.117265505964232e+02,4.528532181230063e+00
2.117765505964232e+02,4.528524455986854e+00
2.118265505964232e+02,4.528516734498535e+00
2.118765505964232e+02,4.528509016759703e+00
2.119265505964233e+02,4.528501302764991e+00
2.119765505964233e+02,4.528493592509025e+00
2.120265505964233e+02,4.528485885986425e+00
2.120765505964233e+02,4.528478183191893e+00
2.121265505964233e+02,4.528470484120059e+00
2.121765505964233e+02,4.528462788765482e+00
2.122265505964233e+02,4.528455097122857e+00
2.122765505964233e+02,4.528447409186978e+00
2.123265505964233e+02,4.528439724952478e+00
2.123765505964234e+02,4.528432044413946e+00
2.124265505964234e+02,4.528424367566123e+00
2.124765505964234e+02,4.528416694403744e+00
2.125265505964234e+02,4.528409024921507e+00
2.125765505964234e+02,4.528401359114118e+00
2.126265505964234e+02,4.528393696976308e+00
2.126765505964234e+02,4.528386038502841e+00
2.127265505964234e+02,4.528378383688410e+00
2.127765505964234e+02,4.528370732527775e+00
2.128265505964235e+02,4.528363085015766e+00
2.128765505964235e+02,4.528355441147046e+00
2.129265505964235e+02,4.528347800916370e+00
2.129765505964235e+02,4.528340164318617e+00
2.130265505964235e+02,4.528332531348537e+00
2.130765505964235e+02,4.528324902000874e+00
2.131265505964235e+02,4.528317276270486e+00
2.131765505964235e+02,4.528309654152189e+00
2.132265505964236e+02,4.528302035640727e+00
2.132765505964236e+02,4.528294420730939e+00
2.133265505964236e+02,4.528286809417722e+00
2.133765505964236e+02,4.528279201695900e+00
2.134265505964236e+02,4.528271597560283e+00
2.134765505964236e+02,4.528263997005712e+00
2.135265505964236e+02,4.528256400027086e+00
2.135765505964236e+02,4.528248806619294e+00
2.136265505964236e+02,4.528241216777126e+00
2.136765505964237e+02,4.528233630495449e+00
2.137265505964237e+02,4.528226047769248e+00
2.137765505964237e+02,4.528218468593435e+00
2.138265505964237e+02,4.528210892962853e+00
2.138765505964237e+02,4.528203320872401e+00
2.139265505964237e+02,4.528195752317038e+00
2.139765505964237e+02,4.528188187291708e+00
2.140265505964237e+02,4.528180625791288e+00
2.140765505964237e+02,4.528173067810729e+00
2.141265505964238e+02,4.528165513345026e+00
2.141765505964238e+02,4.528157962389082e+00
2.142265505964238e+02,4.528150414937849e+00
2.142765505964238e+02,4.528142870986318e+00
2.143265505964238e+02,4.528135330529498e+00
2.143765505964238e+02,4.528127793562375e+00
2.144265505964238e+02,4.528120260079906e+00
2.144765505964238e+02,4.528112730077070e+00
2.145265505964238e+02,4.528105203548913e+00
2.145765505964239e+02,4.528097680490489e+00
2.146265505964239e+02,4.528090160896729e+00
2.146765505964239e+02,4.528082644762670e+00
2.147265505964239e+02,4.528075132083395e+00
2.147765505964239e+02,4.528067622853918e+00
2.148265505964239e+02,4.528060117069299e+00
2.148765505964239e+02,4.528052614724576e+00
2.149265505964239e+02,4.528045115814832e+00
2.149765505964239e+02,4.528037620335145e+00
2.150265505964240e+02,4.528030128280567e+00
2.150765505964240e+02,4.528022639646169e+00
2.151265505964240e+02,4.528015154427041e+00
2.151765505964240e+02,4.528007672618340e+00
2.152265505964240e+02,4.528000194215173e+00
2.152765505964240e+02,4.527992719212618e+00
2.153265505964240e+02,4.527985247605795e+00
2.153765505964240e+02,4.527977779389785e+00
2.154265505964241e+02,4.527970314559727e+00
2.154765505964241e+02,4.527962853110802e+00
2.155265505964241e+02,4.527955395038173e+00
2.155765505964241e+02,4.527947940337024e+00
2.156265505964241e+02,4.527940489002456e+00
2.156765505964241e+02,4.527933041029607e+00
2.157265505964241e+02,4.527925596413727e+00
2.157765505964241e+02,4.527918155149966e+00
2.158265505964241e+02,4.527910717233445e+00
2.158765505964242e+02,4.527903282659436e+00
2.159265505964242e+02,4.527895851423209e+00
2.159765505964242e+02,4.527888423519880e+00
2.160265505964242e+02,4.527880998944632e+00
2.160765505964242e+02,4.527873577692737e+00
2.161265505964242e+02,4.527866159759457e+00
2.161765505964242e+02,4.527858745140017e+00
2.162265505964242e+02,4.527851333829663e+00
2.162765505964242e+02,4.527843925823607e+00
2.163265505964243e+02,4.527836521117054e+00
2.163765505964243e+02,4.527829119705342e+00
2.164265505964243e+02,4.527821721583780e+00
2.164765505964243e+02,4.527814326747599e+00
2.165265505964243e+02,4.527806935192100e+00
2.165765505964243e+02,4.527799546912551e+00
2.166265505964243e+02,4.527792161904205e+00
2.166765505964243e+02,4.527784780162472e+00
2.167265505964243e+02,4.527777401682677e+00
2.167765505964244e+02,4.527770026460029e+00
2.168265505964244e+02,4.527762654489893e+00
2.168765505964244e+02,4.527755285767643e+00
2.169265505964244e+02,4.527747920288592e+00
2.169765505964244e+02,4.527740558048072e+00
2.170265505964244e+02,4.527733199041418e+00
2.170765505964244e+02,4.527725843264005e+00
2.171265505964244e+02,4.527718490711207e+00
2.171765505964244e+02,4.527711141378383e+00
2.172265505964245e+02,4.527703795260948e+00
2.172765505964245e+02,4.527696452354280e+00
2.173265505964245e+02,4.527689112653719e+00
2.173765505964245e+02,4.527681776154708e+00
2.174265505964245e+02,4.527674442852660e+00
2.174765505964245e+02,4.527667112742946e+00
2.175265505964245e+02,4.527659785820986e+00
2.175765505964245e+02,4.527652462082256e+00
2.176265505964246e+02,4.527645141522204e+00
2.176765505964246e+02,4.527637824136188e+00
2.177265505964246e+02,4.527630509919668e+00
2.177765505964246e+02,4.527623198868115e+00
2.178265505964246e+02,4.527615890977004e+00
2.178765505964246e+02,4.527608586241779e+00
2.179265505964246e+02,4.527601284657888e+00
2.179765505964246e+02,4.527593986220859e+00
2.180265505964246e+02,4.527586690926144e+00
2.180765505964247e+02,4.527579398769198e+00
2.181265505964247e+02,4.527572109745534e+00
2.181765505964247e+02,4.527564823850714e+00
2.182265505964247e+02,4.527557541080272e+00
2.182765505964247e+02,4.527550261429637e+00
2.183265505964247e+02,4.527542984894325e+00
2.183765505964247e+02,4.527535711469894e+00
2.184265505964247e+02,4.527528441151907e+00
2.184765505964247e+02,4.527521173935921e+00
2.185265505964248e+02,4.527513909817420e+00
2.185765505964248e+02,4.527506648791972e+00
2.186265505964248e+02,4.527499390855129e+00
2.186765505964248e+02,4.527492136002487e+00
2.187265505964248e+02,4.527484884229624e+00
2.187765505964248e+02,4.527477635532087e+00
2.188265505964248e+02,4.527470389905529e+00
2.188765505964248e+02,4.527463147345514e+00
2.189265505964248e+02,4.527455907847589e+00
2.189765505964249e+02,4.527448671407357e+00
2.190265505964249e+02,4.527441438020492e+00
2.190765505964249e+02,4.527434207682655e+00
2.191265505964249e+02,4.527426980389389e+00
2.191765505964249e+02,4.527419756136291e+00
2.192265505964249e+02,4.527412534919010e+00
2.192765505964249e+02,4.527405316733226e+00
2.193265505964249e+02,4.527398101574630e+00
2.193765505964249e+02,4.527390889438839e+00
2.194265505964250e+02,4.527383680321501e+00
2.194765505964250e+02,4.527376474218283e+00
2.195265505964250e+02,4.527369271124847e+00
2.195765505964250e+02,4.527362071036921e+00
2.196265505964250e+02,4.527354873950178e+00
2.196765505964250e+02,4.527347679860279e+00
2.197265505964250e+02,4.527340488762951e+00
2.197765505964250e+02,4.527333300653924e+00
2.198265505964251e+02,4.527326115528871e+00
2.198765505964251e+02,4.527318933383502e+00
2.199265505964251e+02,4.527311754213534e+00
2.199765505964251e+02,4.527304578014698e+00
2.200265505964251e+02,4.527297404782787e+00
2.200765505964251e+02,4.527290234513512e+00
2.201265505964251e+02,4.527283067202591e+00
2.201765505964251e+02,4.527275902845802e+00
2.202265505964251e+02,4.527268741438891e+00
2.202765505964252e+02,4.527261582977642e+00
2.203265505964252e+02,4.527254427457852e+00
2.203765505964252e+02,4.527247274875273e+00
2.204265505964252e+02,4.527240125225706e+00
2.204765505964252e+02,4.527232978504940e+00
2.205265505964252e+02,4.527225834708720e+00
2.205765505964252e+02,4.527218693832848e+00
2.206265505964252e+02,4.527211555873163e+00
2.206765505964252e+02,4.527204420825489e+00
2.207265505964253e+02,4.527197288685678e+00
2.207765505964253e+02,4.527190159449570e+00
2.208265505964253e+02,4.527183033112929e+00
2.208765505964253e+02,4.527175909671573e+00
2.209265505964253e+02,4.527168789121388e+00
2.209765505964253e+02,4.527161671458241e+00
2.210265505964253e+02,4.527154556677981e+00
2.210765505964253e+02,4.527147444776473e+00
2.211265505964253e+02,4.527140335749559e+00
2.211765505964254e+02,4.527133229593095e+00
2.212265505964254e+02,4.527126126303018e+00
2.212765505964254e+02,4.527119025875226e+00
2.213265505964254e+02,4.527111928305577e+00
2.213765505964254e+02,4.527104833589965e+00
2.214265505964254e+02,4.527097741724312e+00
2.214765505964254e+02,4.527090652704532e+00
2.215265505964254e+02,4.527083566526533e+00
2.215765505964254e+02,4.527076483186226e+00
2.216265505964255e+02,4.527069402679511e+00
2.216765505964255e+02,4.527062325002339e+00
2.217265505964255e+02,4.527055250150686e+00
2.217765505964255e+02,4.527048178120475e+00
2.218265505964255e+02,4.527041108907659e+00
2.218765505964255e+02,4.527034042508228e+00
2.219265505964255e+02,4.527026978918069e+00
2.219765505964255e+02,4.527019918133135e+00
2.220265505964256e+02,4.527012860149489e+00
2.220765505964256e+02,4.527005804963109e+00
2.221265505964256e+02,4.526998752569944e+00
2.221765505964256e+02,4.526991702966003e+00
2.222265505964256e+02,4.526984656147262e+00
2.222765505964256e+02,4.526977612109710e+00
2.223265505964256e+02,4.526970570849397e+00
2.223765505964256e+02,4.526963532362329e+00
2.224265505964256e+02,4.526956496644511e+00
2.224765505964257e+02,4.526949463691956e+00
2.225265505964257e+02,4.526942433500694e+00
2.225765505964257e+02,4.526935406066811e+00
2.226265505964257e+02,4.526928381386341e+00
2.226765505964257e+02,4.526921359455299e+00
2.227265505964257e+02,4.526914340269755e+00
2.227765505964257e+02,4.526907323825772e+00
2.228265505964257e+02,4.526900310119397e+00
2.228765505964257e+02,4.526893299146730e+00
2.229265505964258e+02,4.526886290903833e+00
2.229765505964258e+02,4.526879285386772e+00
2.230265505964258e+02,4.526872282591670e+00
2.230765505964258e+02,4.526865282514614e+00
2.231265505964258e+02,4.526858285151683e+00
2.231765505964258e+02,4.526851290498982e+00
2.232265505964258e+02,4.526844298552628e+00
2.232765505964258e+02,4.526837309308734e+00
2.233265505964258e+02,4.526830322763431e+00
2.233765505964259e+02,4.526823338912859e+00
2.234265505964259e+02,4.526816357753139e+00
2.234765505964259e+02,4.526809379280396e+00
2.235265505964259e+02,4.526802403490818e+00
2.235765505964259e+02,4.526795430380512e+00
2.236265505964259e+02,4.526788459945589e+00
2.236765505964259e+02,4.526781492182277e+00
2.237265505964259e+02,4.526774527086760e+00
2.237765505964259e+02,4.526767564655181e+00
2.238265505964260e+02,4.526760604883679e+00
2.238765505964260e+02,4.526753647768471e+00
2.239265505964260e+02,4.526746693305779e+00
2.239765505964260e+02,4.526739741491752e+00
2.240265505964260e+02,4.526732792322585e+00
2.240765505964260e+02,4.526725845794506e+00
2.241265505964260e+02,4.526718901903712e+00
2.241765505964260e+02,4.526711960646450e+00
2.242265505964261e+02,4.526705022018906e+00
2.242765505964261e+02,4.526698086017279e+00
2.243265505964261e+02,4.526691152637853e+00
2.243765505964261e+02,4.526684221876859e+00
2.244265505964261e+02,4.526677293730510e+00
2.244765505964261e+02,4.526670368195081e+00
2.245265505964261e+02,4.526663445266848e+00
2.245765505964261e+02,4.526656524942062e+00
2.246265505964261e+02,4.526649607216964e+00
2.246765505964262e+02,4.526642692087785e+00
2.247265505964262e+02,4.526635779550813e+00
2.247765505964262e+02,4.526628869602352e+00
2.248265505964262e+02,4.526621962238679e+00
2.248765505964262e+02,4.526615057456082e+00
2.249265505964262e+02,4.526608155250891e+00
2.249765505964262e+02,4.526601255619411e+00
2.250265505964262e+02,4.526594358557930e+00
2.250765505964262e+02,4.526587464062791e+00
2.251265505964263e+02,4.526580572130281e+00
2.251765505964263e+02,4.526573682756664e+00
2.252265505964263e+02,4.526566795938270e+00
2.252765505964263e+02,4.526559911671471e+00
2.253265505964263e+02,4.526553029952682e+00
2.253765505964263e+02,4.526546150778204e+00
2.254265505964263e+02,4.526539274144333e+00
2.254765505964263e+02,4.526532400047455e+00
2.255265505964263e+02,4.526525528483938e+00
2.255765505964264e+02,4.526518659450131e+00
2.256265505964264e+02,4.526511792942383e+00
2.256765505964264e+02,4.526504928957142e+00
2.257265505964264e+02,4.526498067490776e+00
2.257765505964264e+02,4.526491208539559e+00
2.258265505964264e+02,4.526484352099953e+00
2.258765505964264e+02,4.526477498168404e+00
2.259265505964264e+02,4.526470646741256e+00
2.259765505964264e+02,4.526463797814935e+00
2.260265505964265e+02,4.526456951385866e+00
2.260765505964265e+02,4.526450107450420e+00
2.261265505964265e+02,4.526443266005038e+00
2.261765505964265e+02,4.526436427046168e+00
2.262265505964265e+02,4.526429590570217e+00
2.262765505964265e+02,4.526422756573647e+00
2.263265505964265e+02,4.526415925052906e+00
2.263765505964265e+02,4.526409096004408e+00
2.264265505964266e+02,4.526402269424592e+00
2.264765505964266e+02,4.526395445309930e+00
2.265265505964266e+02,4.526388623656905e+00
2.265765505964266e+02,4.526381804462007e+00
2.266265505964266e+02,4.526374987721667e+00
2.266765505964266e+02,4.526368173432364e+00
2.267265505964266e+02,4.526361361590634e+00
2.267765505964266e+02,4.526354552192918e+00
2.268265505964266e+02,4.526347745235684e+00
2.268765505964267e+02,4.526340940715452e+00
2.269265505964267e+02,4.526334138628747e+00
2.269765505964267e+02,4.526327338972068e+00
2.270265505964267e+02,4.526320541741927e+00
2.270765505964267e+02,4.526313746934834e+00
2.271265505964267e+02,4.526306954547297e+00
2.271765505964267e+02,4.526300164575868e+00
2.272265505964267e+02,4.526293377017077e+00
2.272765505964267e+02,4.526286591867446e+00
2.273265505964268e+02,4.526279809123558e+00
2.273765505964268e+02,4.526273028781950e+00
2.274265505964268e+02,4.526266250839125e+00
2.274765505964268e+02,4.526259475291686e+00
2.275265505964268e+02,4.526252702136240e+00
2.275765505964268e+02,4.526245931369264e+00
2.276265505964268e+02,4.526239162987317e+00
2.276765505964268e+02,4.526232396987100e+00
2.277265505964268e+02,4.526225633365152e+00
2.277765505964269e+02,4.526218872117951e+00
2.278265505964269e+02,4.526212113242130e+00
2.278765505964269e+02,4.526205356734373e+00
2.279265505964269e+02,4.526198602591275e+00
2.279765505964269e+02,4.526191850809390e+00
2.280265505964269e+02,4.526185101385348e+00
2.280765505964269e+02,4.526178354315774e+00
2.281265505964269e+02,4.526171609597252e+00
2.281765505964269e+02,4.526164867226436e+00
2.282265505964270e+02,4.526158127199975e+00
2.282765505964270e+02,4.526151389514482e+00
2.283265505964270e+02,4.526144654166579e+00
2.283765505964270e+02,4.526137921152927e+00
2.284265505964270e+02,4.526131190470200e+00
2.284765505964270e+02,4.526124462115031e+00
2.285265505964270e+02,4.526117736084061e+00
2.285765505964270e+02,4.526111012373994e+00
2.286265505964271e+02,4.526104290981526e+00
2.286765505964271e+02,4.526097571903291e+00
2.287265505964271e+02,4.526090855135956e+00
2.287765505964271e+02,4.526084140676193e+00
2.288265505964271e+02,4.526077428520728e+00
2.288765505964271e+02,4.526070718666263e+00
2.289265505964271e+02,4.526064011109447e+00
2.289765505964271e+02,4.526057305847003e+00
2.290265505964271e+02,4.526050602875696e+00
2.290765505964272e+02,4.526043902192199e+00
2.291265505964272e+02,4.526037203793183e+00
2.291765505964272e+02,4.526030507675425e+00
2.292265505964272e+02,4.526023813835643e+00
2.292765505964272e+02,4.526017122270564e+00
2.293265505964272e+02,4.526010432976909e+00
2.293765505964272e+02,4.526003745951397e+00
2.294265505964272e+02,4.525997061190826e+00
2.294765505964272e+02,4.525990378691941e+00
2.295265505964273e+02,4.525983698451486e+00
2.295765505964273e+02,4.525977020466223e+00
2.296265505964273e+02,4.525970344732921e+00
2.296765505964273e+02,4.525963671248343e+00
2.297265505964273e+02,4.525957000009248e+00
2.297765505964273e+02,4.525950331012447e+00
2.298265505964273e+02,4.525943664254678e+00
2.298765505964273e+02,4.525936999732737e+00
2.299265505964273e+02,4.525930337443461e+00
2.299765505964274e+02,4.525923677383580e+00
2.300265505964274e+02,4.525917019549925e+00
2.300765505964274e+02,4.525910363939392e+00
2.301265505964274e+02,4.525903710548702e+00
2.301765505964274e+02,4.525897059374578e+00
2.302265505964274e+02,4.525890410413938e+00
2.302765505964274e+02,4.525883763663666e+00
2.303265505964274e+02,4.525877119120532e+00
2.303765505964274e+02,4.525870476781336e+00
2.304265505964275e+02,4.525863836642964e+00
2.304765505964275e+02,4.525857198702289e+00
2.305265505964275e+02,4.525850562956093e+00
2.305765505964275e+02,4.525843929401213e+00
2.306265505964275e+02,4.525837298034525e+00
2.306765505964275e+02,4.525830668852895e+00
2.307265505964275e+02,4.525824041853220e+00
2.307765505964275e+02,4.525817417032353e+00
2.308265505964276e+02,4.525810794387141e+00
2.308765505964276e+02,4.525804173914486e+00
2.309265505964276e+02,4.525797555611308e+00
2.309765505964276e+02,4.525790939474474e+00
2.310265505964276e+02,4.525784325500786e+00
2.310765505964276e+02,4.525777713687139e+00
2.311265505964276e+02,4.525771104030543e+00
2.311765505964276e+02,4.525764496527903e+00
2.312265505964276e+02,4.525757891176101e+00
2.312765505964277e+02,4.525751287972052e+00
2.313265505964277e+02,4.525744686912621e+00
2.313765505964277e+02,4.525738087994755e+00
2.314265505964277e+02,4.525731491215443e+00
2.314765505964277e+02,4.525724896571592e+00
2.315265505964277e+02,4.525718304060084e+00
2.315765505964277e+02,4.525711713677868e+00
2.316265505964277e+02,4.525705125421937e+00
2.316765505964277e+02,4.525698539289243e+00
2.317265505964278e+02,4.525691955276711e+00
2.317765505964278e+02,4.525685373381302e+00
2.318265505964278e+02,4.525678793599954e+00
2.318765505964278e+02,4.525672215929647e+00
2.319265505964278e+02,4.525665640367398e+00
2.319765505964278e+02,4.525659066910154e+00
2.320265505964278e+02,4.525652495554868e+00
2.320765505964278e+02,4.525645926298538e+00
2.321265505964278e+02,4.525639359138169e+00
2.321765505964279e+02,4.525632794070789e+00
2.322265505964279e+02,4.525626231093337e+00
2.322765505964279e+02,4.525619670202803e+00
2.323265505964279e+02,4.525613111396221e+00
2.323765505964279e+02,4.525606554670612e+00
2.324265505964279e+02,4.525600000022986e+00
2.324765505964279e+02,4.525593447450309e+00
2.325265505964279e+02,4.525586896949656e+00
2.325765505964279e+02,4.525580348518100e+00
2.326265505964280e+02,4.525573802152604e+00
2.326765505964280e+02,4.525567257850216e+00
2.327265505964280e+02,4.525560715608020e+00
2.327765505964280e+02,4.525554175423029e+00
2.328265505964280e+02,4.525547637292252e+00
2.328765505964280e+02,4.525541101212727e+00
2.329265505964280e+02,4.525534567181545e+00
2.329765505964280e+02,4.525528035195802e+00
2.330265505964281e+02,4.525521505252566e+00
2.330765505964281e+02,4.525514977348904e+00
2.331265505964281e+02,4.525508451481863e+00
2.331765505964281e+02,4.525501927648491e+00
2.332265505964281e+02,4.525495405845925e+00
2.332765505964281e+02,4.525488886071271e+00
2.333265505964281e+02,4.525482368321585e+00
2.333765505964281e+02,4.525475852593920e+00
2.334265505964281e+02,4.525469338885377e+00
2.334765505964282e+02,4.525462827193116e+00
2.335265505964282e+02,4.525456317514236e+00
2.335765505964282e+02,4.525449809845850e+00
2.336265505964282e+02,4.525443304185059e+00
2.336765505964282e+02,4.525436800528955e+00
2.337265505964282e+02,4.525430298874714e+00
2.337765505964282e+02,4.525423799219427e+00
2.338265505964282e+02,4.525417301560251e+00
2.338765505964282e+02,4.525410805894341e+00
2.339265505964283e+02,4.525404312218767e+00
2.339765505964283e+02,4.525397820530740e+00
2.340265505964283e+02,4.525391330827397e+00
2.340765505964283e+02,4.525384843105845e+00
2.341265505964283e+02,4.525378357363287e+00
2.341765505964283e+02,4.525371873596881e+00
2.342265505964283e+02,4.525365391803750e+00
2.342765505964283e+02,4.525358911981100e+00
2.343265505964283e+02,4.525352434126152e+00
2.343765505964284e+02,4.525345958236012e+00
2.344265505964284e+02,4.525339484307842e+00
2.344765505964284e+02,4.525333012338880e+00
2.345265505964284e+02,4.525326542326289e+00
2.345765505964284e+02,4.525320074267251e+00
2.346265505964284e+02,4.525313608159027e+00
2.346765505964284e+02,4.525307143998815e+00
2.347265505964284e+02,4.525300681783747e+00
2.347765505964285e+02,4.525294221511050e+00
2.348265505964285e+02,4.525287763177986e+00
2.348765505964285e+02,4.525281306781733e+00
2.349265505964285e+02,4.525274852319501e+00
2.349765505964285e+02,4.525268399788553e+00
2.350265505964285e+02,4.525261949186117e+00
2.350765505964285e+02,4.525255500509411e+00
2.351265505964285e+02,4.525249053755657e+00
2.351765505964285e+02,4.525242608922113e+00
2.352265505964286e+02,4.525236166006050e+00
2.352765505964286e+02,4.525229725004688e+00
2.353265505964286e+02,4.525223285915257e+00
2.353765505964286e+02,4.525216848735070e+00
2.354265505964286e+02,4.525210413461384e+00
2.354765505964286e+02,4.525203980091396e+00
2.355265505964286e+02,4.525197548622414e+00
2.355765505964286e+02,4.525191119051751e+00
2.356265505964286e+02,4.525184691376640e+00
2.356765505964287e+02,4.525178265594358e+00
2.357265505964287e+02,4.525171841702180e+00
2.357765505964287e+02,4.525165419697398e+00
2.358265505964287e+02,4.525158999577361e+00
2.358765505964287e+02,4.525152581339341e+00
2.359265505964287e+02,4.525146164980614e+00
2.359765505964287e+02,4.525139750498524e+00
2.360265505964287e+02,4.525133337890333e+00
2.360765505964287e+02,4.525126927153356e+00
2.361265505964288e+02,4.525120518284937e+00
2.361765505964288e+02,4.525114111282347e+00
2.362265505964288e+02,4.525107706142953e+00
2.362765505964288e+02,4.525101302864117e+00
2.363265505964288e+02,4.525094901443127e+00
2.363765505964288e+02,4.525088501877316e+00
2.364265505964288e+02,4.525082104164015e+00
2.364765505964288e+02,4.525075708300540e+00
2.365265505964288e+02,4.525069314284264e+00
2.365765505964289e+02,4.525062922112594e+00
2.366265505964289e+02,4.525056531782864e+00
2.366765505964289e+02,4.525050143292361e+00
2.367265505964289e+02,4.525043756638495e+00
2.367765505964289e+02,4.525037371818613e+00
2.368265505964289e+02,4.525030988830077e+00
2.368765505964289e+02,4.525024607670314e+00
2.369265505964289e+02,4.525018228336672e+00
2.369765505964290e+02,4.525011850826515e+00
2.370265505964290e+02,4.525005475137248e+00
2.370765505964290e+02,4.524999101266256e+00
2.371265505964290e+02,4.524992729210959e+00
2.371765505964290e+02,4.524986358968752e+00
2.372265505964290e+02,4.524979990536950e+00
2.372765505964290e+02,4.524973623912969e+00
2.373265505964290e+02,4.524967259094257e+00
2.373765505964290e+02,4.524960896078249e+00
2.374265505964291e+02,4.524954534862370e+00
2.374765505964291e+02,4.524948175443989e+00
2.375265505964291e+02,4.524941817820525e+00
2.375765505964291e+02,4.524935461989420e+00
2.376265505964291e+02,4.524929107948069e+00
2.376765505964291e+02,4.524922755693924e+00
2.377265505964291e+02,4.524916405224441e+00
2.377765505964291e+02,4.524910056537069e+00
2.378265505964291e+02,4.524903709629269e+00
2.378765505964292e+02,4.524897364498452e+00
2.379265505964292e+02,4.524891021142045e+00
2.379765505964292e+02,4.524884679557533e+00
2.380265505964292e+02,4.524878339742386e+00
2.380765505964292e+02,4.524872001694070e+00
2.381265505964292e+02,4.524865665410040e+00
2.381765505964292e+02,4.524859330887716e+00
2.382265505964292e+02,4.524852998124609e+00
2.382765505964292e+02,4.524846667118239e+00
2.383265505964293e+02,4.524840337866036e+00
2.383765505964293e+02,4.524834010365487e+00
2.384265505964293e+02,4.524827684614099e+00
2.384765505964293e+02,4.524821360609329e+00
2.385265505964293e+02,4.524815038348684e+00
2.385765505964293e+02,4.524808717829695e+00
2.386265505964293e+02,4.524802399049848e+00
2.386765505964293e+02,4.524796082006620e+00
2.387265505964293e+02,4.524789766697555e+00
2.387765505964294e+02,4.524783453120173e+00
2.388265505964294e+02,4.524777141271977e+00
2.388765505964294e+02,4.524770831150475e+00
2.389265505964294e+02,4.524764522753166e+00
2.389765505964294e+02,4.524758216077625e+00
2.390265505964294e+02,4.524751911121391e+00
2.390765505964294e+02,4.524745607881922e+00
2.391265505964294e+02,4.524739306356807e+00
2.391765505964295e+02,4.524733006543625e+00
2.392265505964295e+02,4.524726708439858e+00
2.392765505964295e+02,4.524720412043094e+00
2.393265505964295e+02,4.524714117350868e+00
2.393765505964295e+02,4.524707824360706e+00
2.394265505964295e+02,4.524701533070182e+00
2.394765505964295e+02,4.524695243476860e+00
2.395265505964295e+02,4.524688955578357e+00
2.395765505964295e+02,4.524682669372235e+00
2.396265505964296e+02,4.524676384856028e+00
2.396765505964296e+02,4.524670102027302e+00
2.397265505964296e+02,4.524663820883649e+00
2.397765505964296e+02,4.524657541422680e+00
2.398265505964296e+02,4.524651263641934e+00
2.398765505964296e+02,4.524644987538992e+00
2.399265505964296e+02,4.524638713111508e+00
2.399765505964296e+02,4.524632440357069e+00
2.400265505964296e+02,4.524626169273277e+00
2.400765505964297e+02,4.524619899857719e+00
2.401265505964297e+02,4.524613632107981e+00
2.401765505964297e+02,4.524607366021686e+00
2.402265505964297e+02,4.524601101596446e+00
2.402765505964297e+02,4.524594838829906e+00
2.403265505964297e+02,4.524588577719690e+00
2.403765505964297e+02,4.524582318263401e+00
2.404265505964297e+02,4.524576060458640e+00
2.404765505964297e+02,4.524569804303074e+00
2.405265505964298e+02,4.524563549794353e+00
2.405765505964298e+02,4.524557296930041e+00
2.406265505964298e+02,4.524551045707836e+00
2.406765505964298e+02,4.524544796125444e+00
2.407265505964298e+02,4.524538548180439e+00
2.407765505964298e+02,4.524532301870452e+00
2.408265505964298e+02,4.524526057193173e+00
2.408765505964298e+02,4.524519814146235e+00
2.409265505964298e+02,4.524513572727315e+00
2.409765505964299e+02,4.524507332934117e+00
2.410265505964299e+02,4.524501094764291e+00
2.410765505964299e+02,4.524494858215482e+00
2.411265505964299e+02,4.524488623285347e+00
2.411765505964299e+02,4.524482389971581e+00
2.412265505964299e+02,4.524476158271924e+00
2.412765505964299e+02,4.524469928184028e+00
2.413265505964299e+02,4.524463699705562e+00
2.413765505964300e+02,4.524457472834218e+00
2.414265505964300e+02,4.524451247567682e+00
2.414765505964300e+02,4.524445023903676e+00
2.415265505964300e+02,4.524438801839896e+00
2.415765505964300e+02,4.524432581374048e+00
2.416265505964300e+02,4.524426362503837e+00
2.416765505964300e+02,4.524420145226973e+00
2.417265505964300e+02,4.524413929541200e+00
2.417765505964300e+02,4.524407715444210e+00
2.418265505964301e+02,4.524401502933696e+00
2.418765505964301e+02,4.524395292007386e+00
2.419265505964301e+02,4.524389082663043e+00
2.419765505964301e+02,4.524382874898453e+00
2.420265505964301e+02,4.524376668711303e+00
2.420765505964301e+02,4.524370464099252e+00
2.421265505964301e+02,4.524364261060064e+00
2.421765505964301e+02,4.524358059591560e+00
2.422265505964301e+02,4.524351859691490e+00
2.422765505964302e+02,4.524345661357534e+00
2.423265505964302e+02,4.524339464587463e+00
2.423765505964302e+02,4.524333269379076e+00
2.424265505964302e+02,4.524327075730117e+00
2.424765505964302e+02,4.524320883638349e+00
2.425265505964302e+02,4.524314693101513e+00
2.425765505964302e+02,4.524308504117367e+00
2.426265505964302e+02,4.524302316683730e+00
2.426765505964302e+02,4.524296130798411e+00
2.427265505964303e+02,4.524289946459104e+00
2.427765505964303e+02,4.524283763663554e+00
2.428265505964303e+02,4.524277582409669e+00
2.428765505964303e+02,4.524271402695258e+00
2.429265505964303e+02,4.524265224518017e+00
2.429765505964303e+02,4.524259047875734e+00
2.430265505964303e+02,4.524252872766264e+00
2.430765505964303e+02,4.524246699187397e+00
2.431265505964303e+02,4.524240527136929e+00
2.431765505964304e+02,4.524234356612658e+00
2.432265505964304e+02,4.524228187612401e+00
2.432765505964304e+02,4.524222020133986e+00
2.433265505964304e+02,4.524215854175218e+00
2.433765505964304e+02,4.524209689733937e+00
2.434265505964304e+02,4.524203526807963e+00
2.434765505964304e+02,4.524197365395105e+00
2.435265505964304e+02,4.524191205493171e+00
2.435765505964305e+02,4.524185047100029e+00
2.436265505964305e+02,4.524178890213554e+00
2.436765505964305e+02,4.524172734831516e+00
2.437265505964305e+02,4.524166580951775e+00
2.437765505964305e+02,4.524160428572222e+00
2.438265505964305e+02,4.524154277690680e+00
2.438765505964305e+02,4.524148128304987e+00
2.439265505964305e+02,4.524141980413017e+00
2.439765505964305e+02,4.524135834012566e+00
2.440265505964306e+02,4.524129689101482e+00
2.440765505964306e+02,4.524123545677728e+00
2.441265505964306e+02,4.524117403739205e+00
2.441765505964306e+02,4.524111263283700e+00
2.442265505964306e+02,4.524105124309063e+00
2.442765505964306e+02,4.524098986813222e+00
2.443265505964306e+02,4.524092850794051e+00
2.443765505964306e+02,4.524086716249409e+00
2.444265505964306e+02,4.524080583177176e+00
2.444765505964307e+02,4.524074451575270e+00
2.445265505964307e+02,4.524068321441577e+00
2.445765505964307e+02,4.524062192773981e+00
2.446265505964307e+02,4.524056065570398e+00
2.446765505964307e+02,4.524049939828694e+00
2.447265505964307e+02,4.524043815546769e+00
2.447765505964307e+02,4.524037692722581e+00
2.448265505964307e+02,4.524031571354075e+00
2.448765505964307e+02,4.524025451439082e+00
2.449265505964308e+02,4.524019332975489e+00
2.449765505964308e+02,4.524013215961297e+00
2.450265505964308e+02,4.524007100394435e+00
2.450765505964308e+02,4.524000986272781e+00
2.451265505964308e+02,4.523994873594231e+00
2.451765505964308e+02,4.523988762356738e+00
2.452265505964308e+02,4.523982652558265e+00
2.452765505964308e+02,4.523976544196735e+00
2.453265505964308e+02,4.523970437270123e+00
2.453765505964309e+02,4.523964331776371e+00
2.454265505964309e+02,4.523958227713349e+00
2.454765505964309e+02,4.523952125079024e+00
2.455265505964309e+02,4.523946023871393e+00
2.455765505964309e+02,4.523939924088388e+00
2.456265505964309e+02,4.523933825727955e+00
2.456765505964309e+02,4.523927728788063e+00
2.457265505964309e+02,4.523921633266701e+00
2.457765505964310e+02,4.523915539161822e+00
2.458265505964310e+02,4.523909446471410e+00
2.458765505964310e+02,4.523903355193433e+00
2.459265505964310e+02,4.523897265325792e+00
2.459765505964310e+02,4.523891176866489e+00
2.460265505964310e+02,4.523885089813595e+00
2.460765505964310e+02,4.523879004165036e+00
2.461265505964310e+02,4.523872919918772e+00
2.461765505964310e+02,4.523866837072826e+00
2.462265505964311e+02,4.523860755625144e+00
2.462765505964311e+02,4.523854675573753e+00
2.463265505964311e+02,4.523848596916713e+00
2.463765505964311e+02,4.523842519652001e+00
2.464265505964311e+02,4.523836443777547e+00
2.464765505964311e+02,4.523830369291368e+00
2.465265505964311e+02,4.523824296191528e+00
2.465765505964311e+02,4.523818224476034e+00
2.466265505964311e+02,4.523812154142892e+00
2.466765505964312e+02,4.523806085190109e+00
2.467265505964312e+02,4.523800017615698e+00
2.467765505964312e+02,4.523793951417682e+00
2.468265505964312e+02,4.523787886594074e+00
2.468765505964312e+02,4.523781823142927e+00
2.469265505964312e+02,4.523775761062280e+00
2.469765505964312e+02,4.523769700350184e+00
2.470265505964312e+02,4.523763641004669e+00
2.470765505964312e+02,4.523757583023737e+00
2.471265505964313e+02,4.523751526405440e+00
2.471765505964313e+02,4.523745471147903e+00
2.472265505964313e+02,4.523739417249147e+00
2.472765505964313e+02,4.523733364707129e+00
2.473265505964313e+02,4.523727313519927e+00
2.473765505964313e+02,4.523721263685639e+00
2.474265505964313e+02,4.523715215202330e+00
2.474765505964313e+02,4.523709168068111e+00
2.475265505964313e+02,4.523703122281015e+00
2.475765505964314e+02,4.523697077839054e+00
2.476265505964314e+02,4.523691034740315e+00
2.476765505964314e+02,4.523684992982887e+00
2.477265505964314e+02,4.523678952564890e+00
2.477765505964314e+02,4.523672913484376e+00
2.478265505964314e+02,4.523666875739388e+00
2.478765505964314e+02,4.523660839328060e+00
2.479265505964314e+02,4.523654804248473e+00
2.479765505964315e+02,4.523648770498686e+00
2.480265505964315e+02,4.523642738076806e+00
2.480765505964315e+02,4.523636706980930e+00
2.481265505964315e+02,4.523630677209161e+00
2.481765505964315e+02,4.523624648759593e+00
2.482265505964315e+02,4.523618621630373e+00
2.482765505964315e+02,4.523612595819607e+00
2.483265505964315e+02,4.523606571325352e+00
2.483765505964315e+02,4.523600548145751e+00
2.484265505964316e+02,4.523594526278917e+00
2.484765505964316e+02,4.523588505722914e+00
2.485265505964316e+02,4.523582486475898e+00
2.485765505964316e+02,4.523576468536056e+00
2.486265505964316e+02,4.523570451901493e+00
2.486765505964316e+02,4.523564436570287e+00
2.487265505964316e+02,4.523558422540568e+00
2.487765505964316e+02,4.523552409810499e+00
2.488265505964316e+02,4.523546398378227e+00
2.488765505964317e+02,4.523540388241860e+00
2.489265505964317e+02,4.523534379399535e+00
2.489765505964317e+02,4.523528371849426e+00
2.490265505964317e+02,4.523522365589678e+00
2.490765505964317e+02,4.523516360618459e+00
2.491265505964317e+02,4.523510356933916e+00
2.491765505964317e+02,4.523504354534168e+00
2.492265505964317e+02,4.523498353417343e+00
2.492765505964317e+02,4.523492353581655e+00
2.493265505964318e+02,4.523486355025320e+00
2.493765505964318e+02,4.523480357746437e+00
2.494265505964318e+02,4.523474361743168e+00
2.494765505964318e+02,4.523468367013744e+00
2.495265505964318e+02,4.523462373556294e+00
2.495765505964318e+02,4.523456381368964e+00
2.496265505964318e+02,4.523450390449985e+00
2.496765505964318e+02,4.523444400797534e+00
2.497265505964318e+02,4.523438412409809e+00
2.497765505964319e+02,4.523432425284974e+00
2.498265505964319e+02,4.523426439421162e+00
2.498765505964319e+02,4.523420454816613e+00
2.499265505964319e+02,4.523414471469538e+00
2.499765505964319e+02,4.523408489378141e+00
2.500265505964319e+02,4.523402508540634e+00
2.500765505964319e+02,4.523396528955176e+00
2.501265505964319e+02,4.523390550619980e+00
2.501765505964320e+02,4.523384573533274e+00
2.502265505964320e+02,4.523378597693224e+00
2.502765505964320e+02,4.523372623098041e+00
2.503265505964320e+02,4.523366649746023e+00
2.503765505964320e+02,4.523360677635421e+00
2.504265505964320e+02,4.523354706764364e+00
2.504765505964320e+02,4.523348737131007e+00
2.505265505964320e+02,4.523342768733656e+00
2.505765505964320e+02,4.523336801570600e+00
2.506265505964321e+02,4.523330835640020e+00
2.506765505964321e+02,4.523324870940088e+00
2.507265505964321e+02,4.523318907469076e+00
2.507765505964321e+02,4.523312945225271e+00
2.508265505964321e+02,4.523306984206876e+00
2.508765505964321e+02,4.523301024412133e+00
2.509265505964321e+02,4.523295065839299e+00
2.509765505964321e+02,4.523289108486612e+00
2.510265505964321e+02,4.523283152352326e+00
2.510765505964322e+02,4.523277197434671e+00
2.511265505964322e+02,4.523271243731941e+00
2.511765505964322e+02,4.523265291242437e+00
2.512265505964322e+02,4.523259339964372e+00
2.512765505964322e+02,4.523253389895969e+00
2.513265505964322e+02,4.523247441035534e+00
2.513765505964322e+02,4.523241493381343e+00
2.514265505964322e+02,4.523235546931643e+00
2.514765505964322e+02,4.523229601684725e+00
2.515265505964323e+02,4.523223657638865e+00
2.515765505964323e+02,4.523217714792302e+00
2.516265505964323e+02,4.523211773143337e+00
2.516765505964323e+02,4.523205832690291e+00
2.517265505964323e+02,4.523199893431440e+00
2.517765505964323e+02,4.523193955365057e+00
2.518265505964323e+02,4.523188018489456e+00
2.518765505964323e+02,4.523182082802911e+00
2.519265505964323e+02,4.523176148303716e+00
2.519765505964324e+02,4.523170214990176e+00
2.520265505964324e+02,4.523164282860567e+00
2.520765505964324e+02,4.523158351913222e+00
2.521265505964324e+02,4.523152422146408e+00
2.521765505964324e+02,4.523146493558443e+00
2.522265505964324e+02,4.523140566147702e+00
2.522765505964324e+02,4.523134639912493e+00
2.523265505964324e+02,4.523128714851086e+00
2.523765505964325e+02,4.523122790961740e+00
2.524265505964325e+02,4.523116868242861e+00
2.524765505964325e+02,4.523110946692774e+00
2.525265505964325e+02,4.523105026309740e+00
2.525765505964325e+02,4.523099107092129e+00
2.526265505964325e+02,4.523093189038275e+00
2.526765505964325e+02,4.523087272146505e+00
2.527265505964325e+02,4.523081356415138e+00
2.527765505964325e+02,4.523075441842513e+00
2.528265505964326e+02,4.523069528427022e+00
2.528765505964326e+02,4.523063616166988e+00
2.529265505964326e+02,4.523057705060680e+00
2.529765505964326e+02,4.523051795106451e+00
2.530265505964326e+02,4.523045886302750e+00
2.530765505964326e+02,4.523039978647900e+00
2.531265505964326e+02,4.523034072140216e+00
2.531765505964326e+02,4.523028166778076e+00
2.532265505964326e+02,4.523022262559826e+00
2.532765505964327e+02,4.523016359483810e+00
2.533265505964327e+02,4.523010457548406e+00
2.533765505964327e+02,4.523004556752005e+00
2.534265505964327e+02,4.522998657092942e+00
2.534765505964327e+02,4.522992758569592e+00
2.535265505964327e+02,4.522986861180358e+00
2.535765505964327e+02,4.522980964923585e+00
2.536265505964327e+02,4.522975069797646e+00
2.536765505964327e+02,4.522969175800927e+00
2.537265505964328e+02,4.522963282931789e+00
2.537765505964328e+02,4.522957391188644e+00
2.538265505964328e+02,4.522951500569902e+00
2.538765505964328e+02,4.522945611073943e+00
2.539265505964328e+02,4.522939722699172e+00
2.539765505964328e+02,4.522933835443935e+00
2.540265505964328e+02,4.522927949306588e+00
2.540765505964328e+02,4.522922064285572e+00
2.541265505964328e+02,4.522916180379320e+00
2.541765505964329e+02,4.522910297586231e+00
2.542265505964329e+02,4.522904415904705e+00
2.542765505964329e+02,4.522898535333177e+00
2.543265505964329e+02,4.522892655869994e+00
2.543765505964329e+02,4.522886777513548e+00
2.544265505964329e+02,4.522880900262323e+00
2.544765505964329e+02,4.522875024114692e+00
2.545265505964329e+02,4.522869149069056e+00
2.545765505964330e+02,4.522863275123892e+00
2.546265505964330e+02,4.522857402277641e+00
2.546765505964330e+02,4.522851530528701e+00
2.547265505964330e+02,4.522845659875430e+00
2.547765505964330e+02,4.522839790316314e+00
2.548265505964330e+02,4.522833921849843e+00
2.548765505964330e+02,4.522828054474407e+00
2.549265505964330e+02,4.522822188188395e+00
2.549765505964330e+02,4.522816322990233e+00
2.550265505964331e+02,4.522810458878410e+00
2.550765505964331e+02,4.522804595851411e+00
2.551265505964331e+02,4.522798733907678e+00
2.551765505964331e+02,4.522792873045614e+00
2.552265505964331e+02,4.522787013263636e+00
2.552765505964331e+02,4.522781154560240e+00
2.553265505964331e+02,4.522775296933882e+00
2.553765505964331e+02,4.522769440383031e+00
2.554265505964331e+02,4.522763584906180e+00
2.554765505964332e+02,4.522757730501699e+00
2.555265505964332e+02,4.522751877168043e+00
2.555765505964332e+02,4.522746024903758e+00
2.556265505964332e+02,4.522740173707296e+00
2.556765505964332e+02,4.522734323577134e+00
2.557265505964332e+02,4.522728474511702e+00
2.557765505964332e+02,4.522722626509451e+00
2.558265505964332e+02,4.522716779568932e+00
2.558765505964332e+02,4.522710933688632e+00
2.559265505964333e+02,4.522705088866976e+00
2.559765505964333e+02,4.522699245102452e+00
2.560265505964333e+02,4.522693402393558e+00
2.560765505964333e+02,4.522687560738742e+00
2.561265505964333e+02,4.522681720136537e+00
2.561765505964333e+02,4.522675880585474e+00
2.562265505964333e+02,4.522670042084004e+00
2.562765505964333e+02,4.522664204630614e+00
2.563265505964333e+02,4.522658368223824e+00
2.563765505964333e+02,4.522652532862121e+00
2.564265505964333e+02,4.522646698543984e+00
2.564765505964334e+02,4.522640865267968e+00
2.565265505964334e+02,4.522635033032566e+00
2.565765505964334e+02,4.522629201836220e+00
2.566265505964334e+02,4.522623371677516e+00
2.566765505964334e+02,4.522617542554998e+00
2.567265505964334e+02,4.522611714467082e+00
2.567765505964334e+02,4.522605887412335e+00
2.568265505964334e+02,4.522600061389328e+00
2.568765505964334e+02,4.522594236396541e+00
2.569265505964335e+02,4.522588412432452e+00
2.569765505964335e+02,4.522582589495590e+00
2.570265505964335e+02,4.522576767584556e+00
2.570765505964335e+02,4.522570946697850e+00
2.571265505964335e+02,4.522565126833989e+00
2.571765505964335e+02,4.522559307991551e+00
2.572265505964335e+02,4.522553490169020e+00
2.572765505964335e+02,4.522547673364933e+00
2.573265505964335e+02,4.522541857577864e+00
2.573765505964336e+02,4.522536042806341e+00
2.574265505964336e+02,4.522530229048894e+00
2.574765505964336e+02,4.522524416304098e+00
2.575265505964336e+02,4.522518604570511e+00
2.575765505964336e+02,4.522512793846646e+00
2.576265505964336e+02,4.522506984131071e+00
2.576765505964336e+02,4.522501175422373e+00
2.577265505964336e+02,4.522495367719103e+00
2.577765505964337e+02,4.522489561019799e+00
2.578265505964337e+02,4.522483755323004e+00
2.578765505964337e+02,4.522477950627279e+00
2.579265505964337e+02,4.522472146931221e+00
2.579765505964337e+02,4.522466344233407e+00
2.580265505964337e+02,4.522460542532375e+00
2.580765505964337e+02,4.522454741826723e+00
2.581265505964337e+02,4.522448942115006e+00
2.581765505964337e+02,4.522443143395789e+00
2.582265505964338e+02,4.522437345667703e+00
2.582765505964338e+02,4.522431548929335e+00
2.583265505964338e+02,4.522425753179210e+00
2.583765505964338e+02,4.522419958415886e+00
2.584265505964338e+02,4.522414164638001e+00
2.584765505964338e+02,4.522408371844159e+00
2.585265505964338e+02,4.522402580032904e+00
2.585765505964338e+02,4.522396789202840e+00
2.586265505964338e+02,4.522390999352595e+00
2.586765505964339e+02,4.522385210480748e+00
2.587265505964339e+02,4.522379422585914e+00
2.587765505964339e+02,4.522373635666665e+00
2.588265505964339e+02,4.522367849721573e+00
2.588765505964339e+02,4.522362064749299e+00
2.589265505964339e+02,4.522356280748446e+00
2.589765505964339e+02,4.522350497717587e+00
2.590265505964339e+02,4.522344715655362e+00
2.590765505964339e+02,4.522338934560422e+00
2.591265505964340e+02,4.522333154431308e+00
2.591765505964340e+02,4.522327375266641e+00
2.592265505964340e+02,4.522321597065084e+00
2.592765505964340e+02,4.522315819825228e+00
2.593265505964340e+02,4.522310043545711e+00
2.593765505964340e+02,4.522304268225168e+00
2.594265505964340e+02,4.522298493862221e+00
2.594765505964340e+02,4.522292720455461e+00
2.595265505964340e+02,4.522286948003494e+00
2.595765505964341e+02,4.522281176505029e+00
2.596265505964341e+02,4.522275405958703e+00
2.596765505964341e+02,4.522269636363093e+00
2.597265505964341e+02,4.522263867716872e+00
2.597765505964341e+02,4.522258100018699e+00
2.598265505964341e+02,4.522252333267151e+00
2.598765505964341e+02,4.522246567460925e+00
2.599265505964341e+02,4.522240802598708e+00
2.599765505964342e+02,4.522235038679018e+00
2.600265505964342e+02,4.522229275700576e+00
2.600765505964342e+02,4.522223513662143e+00
2.601265505964342e+02,4.522217752562258e+00
2.601765505964342e+02,4.522211992399516e+00
2.602265505964342e+02,4.522206233172650e+00
2.602765505964342e+02,4.522200474880325e+00
2.603265505964342e+02,4.522194717521177e+00
2.603765505964342e+02,4.522188961093897e+00
2.604265505964343e+02,4.522183205597170e+00
2.604765505964343e+02,4.522177451029626e+00
2.605265505964343e+02,4.522171697389918e+00
2.605765505964343e+02,4.522165944676770e+00
2.606265505964343e+02,4.522160192888825e+00
2.606765505964343e+02,4.522154442024750e+00
2.607265505964343e+02,4.522148692083277e+00
2.607765505964343e+02,4.522142943063013e+00
2.608265505964343e+02,4.522137194962620e+00
2.608765505964344e+02,4.522131447780841e+00
2.609265505964344e+02,4.522125701516365e+00
2.609765505964344e+02,4.522119956167859e+00
2.610265505964344e+02,4.522114211733992e+00
2.610765505964344e+02,4.522108468213470e+00
2.611265505964344e+02,4.522102725604986e+00
2.611765505964344e+02,4.522096983907223e+00
2.612265505964344e+02,4.522091243118926e+00
2.612765505964344e+02,4.522085503238796e+00
2.613265505964345e+02,4.522079764265464e+00
2.613765505964345e+02,4.522074026197603e+00
2.614265505964345e+02,4.522068289033983e+00
2.614765505964345e+02,4.522062552773337e+00
2.615265505964345e+02,4.522056817414334e+00
2.615765505964345e+02,4.522051082955628e+00
2.616265505964345e+02,4.522045349395991e+00
2.616765505964345e+02,4.522039616734203e+00
2.617265505964345e+02,4.522033884968899e+00
2.617765505964346e+02,4.522028154098737e+00
2.618265505964346e+02,4.522022424122506e+00
2.618765505964346e+02,4.522016695038959e+00
2.619265505964346e+02,4.522010966846769e+00
2.619765505964346e+02,4.522005239544661e+00
2.620265505964346e+02,4.521999513131379e+00
2.620765505964346e+02,4.521993787605648e+00
2.621265505964346e+02,4.521988062966178e+00
2.621765505964347e+02,4.521982339211682e+00
2.622265505964347e+02,4.521976616340914e+00
2.622765505964347e+02,4.521970894352621e+00
2.623265505964347e+02,4.521965173245547e+00
2.623765505964347e+02,4.521959453018439e+00
2.624265505964347e+02,4.521953733670016e+00
2.624765505964347e+02,4.521948015198975e+00
2.625265505964347e+02,4.521942297604106e+00
2.625765505964347e+02,4.521936580884204e+00
2.626265505964348e+02,4.521930865037972e+00
2.626765505964348e+02,4.521925150064129e+00
2.627265505964348e+02,4.521919435961416e+00
2.627765505964348e+02,4.521913722728634e+00
2.628265505964348e+02,4.521908010364531e+00
2.628765505964348e+02,4.521902298867833e+00
2.629265505964348e+02,4.521896588237333e+00
2.629765505964348e+02,4.521890878471766e+00
2.630265505964348e+02,4.521885169569901e+00
2.630765505964349e+02,4.521879461530532e+00
2.631265505964349e+02,4.521873754352380e+00
2.631765505964349e+02,4.521868048034242e+00
2.632265505964349e+02,4.521862342574889e+00
2.632765505964349e+02,4.521856637973048e+00
2.633265505964349e+02,4.521850934227543e+00
2.633765505964349e+02,4.521845231337092e+00
2.634265505964349e+02,4.521839529300473e+00
2.634765505964349e+02,4.521833828116556e+00
2.635265505964350e+02,4.521828127784043e+00
2.635765505964350e+02,4.521822428301689e+00
2.636265505964350e+02,4.521816729668340e+00
2.636765505964350e+02,4.521811031882790e+00
2.637265505964350e+02,4.521805334943787e+00
2.637765505964350e+02,4.521799638850099e+00
2.638265505964350e+02,4.521793943600520e+00
2.638765505964350e+02,4.521788249193876e+00
2.639265505964350e+02,4.521782555628993e+00
2.639765505964351e+02,4.521776862904598e+00
2.640265505964351e+02,4.521771171019473e+00
2.640765505964351e+02,4.521765479972450e+00
2.641265505964351e+02,4.521759789762343e+00
2.641765505964351e+02,4.521754100387978e+00
2.642265505964351e+02,4.521748411848119e+00
2.642765505964351e+02,4.521742724141556e+00
2.643265505964351e+02,4.521737037267120e+00
2.643765505964352e+02,4.521731351223641e+00
2.644265505964352e+02,4.521725666009922e+00
2.644765505964352e+02,4.521719981624748e+00
2.645265505964352e+02,4.521714298066930e+00
2.645765505964352e+02,4.521708615335273e+00
2.646265505964352e+02,4.521702933428623e+00
2.646765505964352e+02,4.521697252345806e+00
2.647265505964352e+02,4.521691572085628e+00
2.647765505964352e+02,4.521685892646905e+00
2.648265505964353e+02,4.521680214028488e+00
2.648765505964353e+02,4.521674536229206e+00
2.649265505964353e+02,4.521668859247820e+00
2.649765505964353e+02,4.521663183083198e+00
2.650265505964353e+02,4.521657507734200e+00
2.650765505964353e+02,4.521651833199607e+00
2.651265505964353e+02,4.521646159478276e+00
2.651765505964353e+02,4.521640486569091e+00
2.652265505964353e+02,4.521634814470849e+00
2.652765505964354e+02,4.521629143182362e+00
2.653265505964354e+02,4.521623472702490e+00
2.653765505964354e+02,4.521617803030105e+00
2.654265505964354e+02,4.521612134164045e+00
2.654765505964354e+02,4.521606466103131e+00
2.655265505964354e+02,4.521600798846205e+00
2.655765505964354e+02,4.521595132392116e+00
2.656265505964354e+02,4.521589466739741e+00
2.656765505964354e+02,4.521583801887897e+00
2.657265505964355e+02,4.521578137835458e+00
2.657765505964355e+02,4.521572474581324e+00
2.658265505964355e+02,4.521566812124274e+00
2.658765505964355e+02,4.521561150463176e+00
2.659265505964355e+02,4.521555489596950e+00
2.659765505964355e+02,4.521549829524470e+00
2.660265505964355e+02,4.521544170244576e+00
2.660765505964355e+02,4.521538511756084e+00
2.661265505964355e+02,4.521532854057870e+00
2.661765505964356e+02,4.521527197148790e+00
2.662265505964356e+02,4.521521541027743e+00
2.662765505964356e+02,4.521515885693627e+00
2.663265505964356e+02,4.521510231145306e+00
2.663765505964356e+02,4.521504577381677e+00
2.664265505964356e+02,4.521498924401573e+00
2.664765505964356e+02,4.521493272203872e+00
2.665265505964356e+02,4.521487620787479e+00
2.665765505964357e+02,4.521481970151259e+00
2.666265505964357e+02,4.521476320294062e+00
2.666765505964357e+02,4.521470671214805e+00
2.667265505964357e+02,4.521465022912433e+00
2.667765505964357e+02,4.521459375385790e+00
2.668265505964357e+02,4.521453728633738e+00
2.668765505964357e+02,4.521448082655185e+00
2.669265505964357e+02,4.521442437449043e+00
2.669765505964357e+02,4.521436793014217e+00
2.670265505964358e+02,4.521431149349516e+00
2.670765505964358e+02,4.521425506453846e+00
2.671265505964358e+02,4.521419864326231e+00
2.671765505964358e+02,4.521414222965535e+00
2.672265505964358e+02,4.521408582370577e+00
2.672765505964358e+02,4.521402942540305e+00
2.673265505964358e+02,4.521397303473635e+00
2.673765505964358e+02,4.521391665169476e+00
2.674265505964358e+02,4.521386027626749e+00
2.674765505964359e+02,4.521380390844326e+00
2.675265505964359e+02,4.521374754821117e+00
2.675765505964359e+02,4.521369119556055e+00
2.676265505964359e+02,4.521363485048063e+00
2.676765505964359e+02,4.521357851296071e+00
2.677265505964359e+02,4.521352218298987e+00
2.677765505964359e+02,4.521346586055683e+00
2.678265505964359e+02,4.521340954565108e+00
2.678765505964359e+02,4.521335323826221e+00
2.679265505964360e+02,4.521329693837919e+00
2.679765505964360e+02,4.521324064599147e+00
2.680265505964360e+02,4.521318436108826e+00
2.680765505964360e+02,4.521312808365869e+00
2.681265505964360e+02,4.521307181369194e+00
2.681765505964360e+02,4.521301555117719e+00
2.682265505964360e+02,4.521295929610412e+00
2.682765505964360e+02,4.521290304846235e+00
2.683265505964361e+02,4.521284680824095e+00
2.683765505964361e+02,4.521279057542915e+00
2.684265505964361e+02,4.521273435001651e+00
2.684765505964361e+02,4.521267813199249e+00
2.685265505964361e+02,4.521262192134635e+00
2.685765505964361e+02,4.521256571806757e+00
2.686265505964361e+02,4.521250952214580e+00
2.686765505964361e+02,4.521245333357034e+00
2.687265505964361e+02,4.521239715233074e+00
2.687765505964362e+02,4.521234097841662e+00
2.688265505964362e+02,4.521228481181734e+00
2.688765505964362e+02,4.521222865252251e+00
2.689265505964362e+02,4.521217250052168e+00
2.689765505964362e+02,4.521211635580413e+00
2.690265505964362e+02,4.521206021835951e+00
2.690765505964362e+02,4.521200408817770e+00
2.691265505964362e+02,4.521194796524820e+00
2.691765505964362e+02,4.521189184956089e+00
2.692265505964363e+02,4.521183574110529e+00
2.692765505964363e+02,4.521177963987032e+00
2.693265505964363e+02,4.521172354584638e+00
2.693765505964363e+02,4.521166745902332e+00
2.694265505964363e+02,4.521161137939024e+00
2.694765505964363e+02,4.521155530693730e+00
2.695265505964363e+02,4.521149924165409e+00
2.695765505964363e+02,4.521144318352981e+00
2.696265505964363e+02,4.521138713255501e+00
2.696765505964364e+02,4.521133108871958e+00
2.697265505964364e+02,4.521127505201259e+00
2.697765505964364e+02,4.521121902242408e+00
2.698265505964364e+02,4.521116299994407e+00
2.698765505964364e+02,4.521110698456207e+00
2.699265505964364e+02,4.521105097626808e+00
2.699765505964364e+02,4.521099497505246e+00
2.700265505964364e+02,4.521093898090473e+00
2.700765505964364e+02,4.521088299381430e+00
2.701265505964365e+02,4.521082701377112e+00
2.701765505964365e+02,4.521077104076547e+00
2.702265505964365e+02,4.521071507478760e+00
2.702765505964365e+02,4.521065911582711e+00
2.703265505964365e+02,4.521060316387382e+00
2.703765505964365e+02,4.521054721891804e+00
2.704265505964365e+02,4.521049128094951e+00
2.704765505964365e+02,4.521043534995817e+00
2.705265505964366e+02,4.521037942593413e+00
2.705765505964366e+02,4.521032350886727e+00
2.706265505964366e+02,4.521026759874791e+00
2.706765505964366e+02,4.521021169556646e+00
2.707265505964366e+02,4.521015579931238e+00
2.707765505964366e+02,4.521009990997575e+00
2.708265505964366e+02,4.521004402754697e+00
2.708765505964366e+02,4.520998815201588e+00
2.709265505964366e+02,4.520993228337301e+00
2.709765505964367e+02,4.520987642160848e+00
2.710265505964367e+02,4.520982056671177e+00
2.710765505964367e+02,4.520976471867325e+00
2.711265505964367e+02,4.520970887748370e+00
2.711765505964367e+02,4.520965304313342e+00
2.712265505964367e+02,4.520959721561218e+00
2.712765505964367e+02,4.520954139491006e+00
2.713265505964367e+02,4.520948558101760e+00
2.713765505964367e+02,4.520942977392481e+00
2.714265505964368e+02,4.520937397362191e+00
2.714765505964368e+02,4.520931818009955e+00
2.715265505964368e+02,4.520926239334789e+00
2.715765505964368e+02,4.520920661335714e+00
2.716265505964368e+02,4.520915084011766e+00
2.716765505964368e+02,4.520909507362021e+00
2.717265505964368e+02,4.520903931385488e+00
2.717765505964368e+02,4.520898356081161e+00
2.718265505964368e+02,4.520892781448113e+00
2.718765505964369e+02,4.520887207485382e+00
2.719265505964369e+02,4.520881634192018e+00
2.719765505964369e+02,4.520876061567076e+00
2.720265505964369e+02,4.520870489609589e+00
2.720765505964369e+02,4.520864918318592e+00
2.721265505964369e+02,4.520859347693117e+00
2.721765505964369e+02,4.520853777732213e+00
2.722265505964369e+02,4.520848208434942e+00
2.722765505964369e+02,4.520842639800360e+00
2.723265505964370e+02,4.520837071827513e+00
2.723765505964370e+02,4.520831504515458e+00
2.724265505964370e+02,4.520825937863269e+00
2.724765505964370e+02,4.520820371870022e+00
2.725265505964370e+02,4.520814806534728e+00
2.725765505964370e+02,4.520809241856406e+00
2.726265505964370e+02,4.520803677834167e+00
2.726765505964370e+02,4.520798114467121e+00
2.727265505964371e+02,4.520792551754282e+00
2.727765505964371e+02,4.520786989694690e+00
2.728265505964371e+02,4.520781428287420e+00
2.728765505964371e+02,4.520775867531529e+00
2.729265505964371e+02,4.520770307426126e+00
2.729765505964371e+02,4.520764747970297e+00
2.730265505964371e+02,4.520759189163082e+00
2.730765505964371e+02,4.520753631003574e+00
2.731265505964371e+02,4.520748073490837e+00
2.731765505964372e+02,4.520742516623886e+00
2.732265505964372e+02,4.520736960401821e+00
2.732765505964372e+02,4.520731404823753e+00
2.733265505964372e+02,4.520725849888750e+00
2.733765505964372e+02,4.520720295595901e+00
2.734265505964372e+02,4.520714741944314e+00
2.734765505964372e+02,4.520709188933052e+00
2.735265505964372e+02,4.520703636561172e+00
2.735765505964372e+02,4.520698084827742e+00
2.736265505964373e+02,4.520692533731879e+00
2.736765505964373e+02,4.520686983272683e+00
2.737265505964373e+02,4.520681433449235e+00
2.737765505964373e+02,4.520675884260662e+00
2.738265505964373e+02,4.520670335706036e+00
2.738765505964373e+02,4.520664787784384e+00
2.739265505964373e+02,4.520659240494825e+00
2.739765505964373e+02,4.520653693836538e+00
2.740265505964373e+02,4.520648147808564e+00
2.740765505964374e+02,4.520642602409946e+00
2.741265505964374e+02,4.520637057639874e+00
2.741765505964374e+02,4.520631513497455e+00
2.742265505964374e+02,4.520625969981735e+00
2.742765505964374e+02,4.520620427091823e+00
2.743265505964374e+02,4.520614884826806e+00
2.743765505964374e+02,4.520609343185863e+00
2.744265505964374e+02,4.520603802168099e+00
2.744765505964374e+02,4.520598261772508e+00
2.745265505964375e+02,4.520592721998279e+00
2.745765505964375e+02,4.520587182844573e+00
2.746265505964375e+02,4.520581644310427e+00
2.746765505964375e+02,4.520576106394969e+00
2.747265505964375e+02,4.520570569097337e+00
2.747765505964375e+02,4.520565032416638e+00
2.748265505964375e+02,4.520559496351981e+00
2.748765505964375e+02,4.520553960902489e+00
2.749265505964376e+02,4.520548426067300e+00
2.749765505964376e+02,4.520542891845495e+00
2.750265505964376e+02,4.520537358236210e+00
2.750765505964376e+02,4.520531825238611e+00
2.751265505964376e+02,4.520526292851801e+00
2.751765505964376e+02,4.520520761074896e+00
2.752265505964376e+02,4.520515229907032e+00
2.752765505964376e+02,4.520509699347356e+00
2.753265505964376e+02,4.520504169394967e+00
2.753765505964377e+02,4.520498640048970e+00
2.754265505964377e+02,4.520493111308538e+00
2.754765505964377e+02,4.520487583172809e+00
2.755265505964377e+02,4.520482055640921e+00
2.755765505964377e+02,4.520476528712031e+00
2.756265505964377e+02,4.520471002385222e+00
2.756765505964377e+02,4.520465476659631e+00
2.757265505964377e+02,4.520459951534464e+00
2.757765505964377e+02,4.520454427008836e+00
2.758265505964378e+02,4.520448903081847e+00
2.758765505964378e+02,4.520443379752652e+00
2.759265505964378e+02,4.520437857020456e+00
2.759765505964378e+02,4.520432334884404e+00
2.760265505964378e+02,4.520426813343596e+00
2.760765505964378e+02,4.520421292397176e+00
2.761265505964378e+02,4.520415772044285e+00
2.761765505964378e+02,4.520410252284128e+00
2.762265505964378e+02,4.520404733115851e+00
2.762765505964379e+02,4.520399214538569e+00
2.763265505964379e+02,4.520393696551475e+00
2.763765505964379e+02,4.520388179153681e+00
2.764265505964379e+02,4.520382662344364e+00
2.764765505964379e+02,4.520377146122734e+00
2.765265505964379e+02,4.520371630487882e+00
2.765765505964379e+02,4.520366115438959e+00
2.766265505964379e+02,4.520360600975192e+00
2.766765505964379e+02,4.520355087095713e+00
2.767265505964380e+02,4.520349573799675e+00
2.767765505964380e+02,4.520344061086267e+00
2.768265505964380e+02,4.520338548954645e+00
2.768765505964380e+02,4.520333037403974e+00
2.769265505964380e+02,4.520327526433460e+00
2.769765505964380e+02,4.520322016042273e+00
2.770265505964380e+02,4.520316506229527e+00
2.770765505964380e+02,4.520310996994383e+00
2.771265505964381e+02,4.520305488336063e+00
2.771765505964381e+02,4.520299980253784e+00
2.772265505964381e+02,4.520294472746675e+00
2.772765505964381e+02,4.520288965813869e+00
2.773265505964381e+02,4.520283459454579e+00
2.773765505964381e+02,4.520277953668021e+00
2.774265505964381e+02,4.520272448453383e+00
2.774765505964381e+02,4.520266943809805e+00
2.775265505964381e+02,4.520261439736442e+00
2.775765505964382e+02,4.520255936232523e+00
2.776265505964382e+02,4.520250433297281e+00
2.776765505964382e+02,4.520244930929839e+00
2.777265505964382e+02,4.520239429129372e+00
2.777765505964382e+02,4.520233927895130e+00
2.778265505964382e+02,4.520228427226272e+00
2.778765505964382e+02,4.520222927121948e+00
2.779265505964382e+02,4.520217427581391e+00
2.779765505964382e+02,4.520211928603835e+00
2.780265505964383e+02,4.520206430188465e+00
2.780765505964383e+02,4.520200932334435e+00
2.781265505964383e+02,4.520195435040933e+00
2.781765505964383e+02,4.520189938307198e+00
2.782265505964383e+02,4.520184442132400e+00
2.782765505964383e+02,4.520178946515741e+00
2.783265505964383e+02,4.520173451456450e+00
2.783765505964383e+02,4.520167956953725e+00
2.784265505964383e+02,4.520162463006784e+00
2.784765505964384e+02,4.520156969614828e+00
2.785265505964384e+02,4.520151476777043e+00
2.785765505964384e+02,4.520145984492637e+00
2.786265505964384e+02,4.520140492760818e+00
2.786765505964384e+02,4.520135001580810e+00
2.787265505964384e+02,4.520129510951815e+00
2.787765505964384e+02,4.520124020873044e+00
2.788265505964384e+02,4.520118531343739e+00
2.788765505964384e+02,4.520113042363079e+00
2.789265505964385e+02,4.520107553930274e+00
2.789765505964385e+02,4.520102066044575e+00
2.790265505964385e+02,4.520096578705188e+00
2.790765505964385e+02,4.520091091911318e+00
2.791265505964385e+02,4.520085605662224e+00
2.791765505964385e+02,4.520080119957133e+00
2.792265505964385e+02,4.520074634795209e+00
2.792765505964385e+02,4.520069150175696e+00
2.793265505964386e+02,4.520063666097856e+00
2.793765505964386e+02,4.520058182560859e+00
2.794265505964386e+02,4.520052699563945e+00
2.794765505964386e+02,4.520047217106373e+00
2.795265505964386e+02,4.520041735187327e+00
2.795765505964386e+02,4.520036253806091e+00
2.796265505964386e+02,4.520030772961898e+00
2.796765505964386e+02,4.520025292653923e+00
2.797265505964386e+02,4.520019812881436e+00
2.797765505964387e+02,4.520014333643691e+00
2.798265505964387e+02,4.520008854939920e+00
2.798765505964387e+02,4.520003376769324e+00
2.799265505964387e+02,4.519997899131145e+00
2.799765505964387e+02,4.519992422024654e+00
2.800265505964387e+02,4.519986945449075e+00
2.800765505964387e+02,4.519981469403627e+00
2.801265505964387e+02,4.519975993887568e+00
2.801765505964387e+02,4.519970518900176e+00
2.802265505964388e+02,4.519965044440690e+00
2.802765505964388e+02,4.519959570508330e+00
2.803265505964388e+02,4.519954097102339e+00
2.803765505964388e+02,4.519948624221975e+00
2.804265505964388e+02,4.519943151866495e+00
2.804765505964388e+02,4.519937680035120e+00
2.805265505964388e+02,4.519932208727101e+00
2.805765505964388e+02,4.519926737941734e+00
2.806265505964388e+02,4.519921267678276e+00
2.806765505964389e+02,4.519915797935963e+00
2.807265505964389e+02,4.519910328714009e+00
2.807765505964389e+02,4.519904860011679e+00
2.808265505964389e+02,4.519899391828283e+00
2.808765505964389e+02,4.519893924163070e+00
2.809265505964389e+02,4.519888457015284e+00
2.809765505964389e+02,4.519882990384178e+00
2.810265505964389e+02,4.519877524269020e+00
2.810765505964389e+02,4.519872058669072e+00
2.811265505964390e+02,4.519866593583584e+00
2.811765505964390e+02,4.519861129011860e+00
2.812265505964390e+02,4.519855664953170e+00
2.812765505964390e+02,4.519850201406753e+00
2.813265505964390e+02,4.519844738371855e+00
2.813765505964390e+02,4.519839275847739e+00
2.814265505964390e+02,4.519833813833728e+00
2.814765505964390e+02,4.519828352329103e+00
2.815265505964391e+02,4.519822891333096e+00
2.815765505964391e+02,4.519817430845009e+00
2.816265505964391e+02,4.519811970864091e+00
2.816765505964391e+02,4.519806511389610e+00
2.817265505964391e+02,4.519801052420859e+00
2.817765505964391e+02,4.519795593957117e+00
2.818265505964391e+02,4.519790135997677e+00
2.818765505964391e+02,4.519784678541786e+00
2.819265505964391e+02,4.519779221588724e+00
2.819765505964392e+02,4.519773765137814e+00
2.820265505964392e+02,4.519768309188332e+00
2.820765505964392e+02,4.519762853739533e+00
2.821265505964392e+02,4.519757398790721e+00
2.821765505964392e+02,4.519751944341185e+00
2.822265505964392e+02,4.519746490390183e+00
2.822765505964392e+02,4.519741036937024e+00
2.823265505964392e+02,4.519735583981006e+00
2.823765505964392e+02,4.519730131521399e+00
2.824265505964393e+02,4.519724679557515e+00
2.824765505964393e+02,4.519719228088642e+00
2.825265505964393e+02,4.519713777114046e+00
2.825765505964393e+02,4.519708326633045e+00
2.826265505964393e+02,4.519702876644943e+00
2.826765505964393e+02,4.519697427149016e+00
2.827265505964393e+02,4.519691978144593e+00
2.827765505964393e+02,4.519686529630954e+00
2.828265505964393e+02,4.519681081607365e+00
2.828765505964394e+02,4.519675634073145e+00
2.829265505964394e+02,4.519670187027607e+00
2.829765505964394e+02,4.519664740470074e+00
2.830265505964394e+02,4.519659294399847e+00
2.830765505964394e+02,4.519653848816195e+00
2.831265505964394e+02,4.519648403718430e+00
2.831765505964394e+02,4.519642959105895e+00
2.832265505964394e+02,4.519637514977872e+00
2.832765505964394e+02,4.519632071333642e+00
2.833265505964395e+02,4.519626628172540e+00
2.833765505964395e+02,4.519621185493898e+00
2.834265505964395e+02,4.519615743296980e+00
2.834765505964395e+02,4.519610301581103e+00
2.835265505964395e+02,4.519604860345599e+00
2.835765505964395e+02,4.519599419589793e+00
2.836265505964395e+02,4.519593979313026e+00
2.836765505964395e+02,4.519588539514582e+00
2.837265505964396e+02,4.519583100193747e+00
2.837765505964396e+02,4.519577661349859e+00
2.838265505964396e+02,4.519572222982261e+00
2.838765505964396e+02,4.519566785090285e+00
2.839265505964396e+02,4.519561347673211e+00
2.839765505964396e+02,4.519555910730351e+00
2.840265505964396e+02,4.519550474261082e+00
2.840765505964396e+02,4.519545038264700e+00
2.841265505964396e+02,4.519539602740500e+00
2.841765505964397e+02,4.519534167687852e+00
2.842265505964397e+02,4.519528733106097e+00
2.842765505964397e+02,4.519523298994495e+00
2.843265505964397e+02,4.519517865352377e+00
2.843765505964397e+02,4.519512432179141e+00
2.844265505964397e+02,4.519506999474110e+00
2.844765505964397e+02,4.519501567236599e+00
2.845265505964397e+02,4.519496135465904e+00
2.845765505964397e+02,4.519490704161367e+00
2.846265505964398e+02,4.519485273322375e+00
2.846765505964398e+02,4.519479842948244e+00
2.847265505964398e+02,4.519474413038301e+00
2.847765505964398e+02,4.519468983591891e+00
2.848265505964398e+02,4.519463554608317e+00
2.848765505964398e+02,4.519458126086928e+00
2.849265505964398e+02,4.519452698027094e+00
2.849765505964398e+02,4.519447270428139e+00
2.850265505964398e+02,4.519441843289417e+00
2.850765505964399e+02,4.519436416610283e+00
2.851265505964399e+02,4.519430990390049e+00
2.851765505964399e+02,4.519425564628063e+00
2.852265505964399e+02,4.519420139323678e+00
2.852765505964399e+02,4.519414714476245e+00
2.853265505964399e+02,4.519409290085132e+00
2.853765505964399e+02,4.519403866149670e+00
2.854265505964399e+02,4.519398442669185e+00
2.854765505964399e+02,4.519393019643043e+00
2.855265505964400e+02,4.519387597070594e+00
2.855765505964400e+02,4.519382174951202e+00
2.856265505964400e+02,4.519376753284241e+00
2.856765505964400e+02,4.519371332069055e+00
2.857265505964400e+02,4.519365911304985e+00
2.857765505964400e+02,4.519360490991365e+00
2.858265505964400e+02,4.519355071127531e+00
2.858765505964400e+02,4.519349651712891e+00
2.859265505964401e+02,4.519344232746849e+00
2.859765505964401e+02,4.519338814228720e+00
2.860265505964401e+02,4.519333396157847e+00
2.860765505964401e+02,4.519327978533585e+00
2.861265505964401e+02,4.519322561355311e+00
2.861765505964401e+02,4.519317144622419e+00
2.862265505964401e+02,4.519311728334217e+00
2.862765505964401e+02,4.519306312490086e+00
2.863265505964401e+02,4.519300897089447e+00
2.863765505964402e+02,4.519295482131655e+00
2.864265505964402e+02,4.519290067616044e+00
2.864765505964402e+02,4.519284653541964e+00
2.865265505964402e+02,4.519279239908797e+00
2.865765505964402e+02,4.519273826715923e+00
2.866265505964402e+02,4.519268413962727e+00
2.866765505964402e+02,4.519263001648577e+00
2.867265505964402e+02,4.519257589772842e+00
2.867765505964402e+02,4.519252178334909e+00
2.868265505964403e+02,4.519246767334143e+00
2.868765505964403e+02,4.519241356769923e+00
2.869265505964403e+02,4.519235946641634e+00
2.869765505964403e+02,4.519230536948638e+00
2.870265505964403e+02,4.519225127690296e+00
2.870765505964403e+02,4.519219718866005e+00
2.871265505964403e+02,4.519214310475166e+00
2.871765505964403e+02,4.519208902517130e+00
2.872265505964403e+02,4.519203494991300e+00
2.872765505964404e+02,4.519198087897075e+00
2.873265505964404e+02,4.519192681233820e+00
2.873765505964404e+02,4.519187275000927e+00
2.874265505964404e+02,4.519181869197794e+00
2.874765505964404e+02,4.519176463823775e+00
2.875265505964404e+02,4.519171058878242e+00
2.875765505964404e+02,4.519165654360637e+00
2.876265505964404e+02,4.519160250270327e+00
2.876765505964404e+02,4.519154846606685e+00
2.877265505964405e+02,4.519149443369132e+00
2.877765505964405e+02,4.519144040557070e+00
2.878265505964405e+02,4.519138638169861e+00
2.878765505964405e+02,4.519133236206899e+00
2.879265505964405e+02,4.519127834667583e+00
2.879765505964405e+02,4.519122433551314e+00
2.880265505964405e+02,4.519117032857523e+00
2.880765505964405e+02,4.519111632585565e+00
2.881265505964406e+02,4.519106232734808e+00
2.881765505964406e+02,4.519100833304696e+00
2.882265505964406e+02,4.519095434294620e+00
2.882765505964406e+02,4.519090035703989e+00
2.883265505964406e+02,4.519084637532216e+00
2.883765505964406e+02,4.519079239778681e+00
2.884265505964406e+02,4.519073842442803e+00
2.884765505964406e+02,4.519068445523983e+00
2.885265505964406e+02,4.519063049021607e+00
2.885765505964407e+02,4.519057652935101e+00
2.886265505964407e+02,4.519052257263855e+00
2.886765505964407e+02,4.519046862007284e+00
2.887265505964407e+02,4.519041467164825e+00
2.887765505964407e+02,4.519036072735850e+00
2.888265505964407e+02,4.519030678719782e+00
2.888765505964407e+02,4.519025285116065e+00
2.889265505964407e+02,4.519019891924064e+00
2.889765505964407e+02,4.519014499143180e+00
2.890265505964408e+02,4.519009106772849e+00
2.890765505964408e+02,4.519003714812487e+00
2.891265505964408e+02,4.518998323261532e+00
2.891765505964408e+02,4.518992932119379e+00
2.892265505964408e+02,4.518987541385438e+00
2.892765505964408e+02,4.518982151059157e+00
2.893265505964408e+02,4.518976761139932e+00
2.893765505964408e+02,4.518971371627179e+00
2.894265505964408e+02,4.518965982520335e+00
2.894765505964409e+02,4.518960593818798e+00
2.895265505964409e+02,4.518955205522001e+00
2.895765505964409e+02,4.518949817629379e+00
2.896265505964409e+02,4.518944430140333e+00
2.896765505964409e+02,4.518939043054277e+00
2.897265505964409e+02,4.518933656370667e+00
2.897765505964409e+02,4.518928270088943e+00
2.898265505964409e+02,4.518922884208528e+00
2.898765505964409e+02,4.518917498728825e+00
2.899265505964410e+02,4.518912113649250e+00
2.899765505964410e+02,4.518906728969247e+00
2.900265505964410e+02,4.518901344688258e+00
2.900765505964410e+02,4.518895960805710e+00
2.901265505964410e+02,4.518890577321041e+00
2.901765505964410e+02,4.518885194233671e+00
2.902265505964410e+02,4.518879811543052e+00
2.902765505964410e+02,4.518874429248629e+00
2.903265505964411e+02,4.518869047349777e+00
2.903765505964411e+02,4.518863665845943e+00
2.904265505964411e+02,4.518858284736610e+00
2.904765505964411e+02,4.518852904021221e+00
2.905265505964411e+02,4.518847523699185e+00
2.905765505964411e+02,4.518842143769918e+00
2.906265505964411e+02,4.518836764232873e+00
2.906765505964411e+02,4.518831385087523e+00
2.907265505964411e+02,4.518826006333309e+00
2.907765505964412e+02,4.518820627969644e+00
2.908265505964412e+02,4.518815249995990e+00
2.908765505964412e+02,4.518809872411810e+00
2.909265505964412e+02,4.518804495216514e+00
2.909765505964412e+02,4.518799118409520e+00
2.910265505964412e+02,4.518793741990319e+00
2.910765505964412e+02,4.518788365958391e+00
2.911265505964412e+02,4.518782990313125e+00
2.911765505964412e+02,4.518777615053986e+00
2.912265505964413e+02,4.518772240180456e+00
2.912765505964413e+02,4.518766865691926e+00
2.913265505964413e+02,4.518761491587862e+00
2.913765505964413e+02,4.518756117867746e+00
2.914265505964413e+02,4.518750744531019e+00
2.914765505964413e+02,4.518745371577140e+00
2.915265505964413e+02,4.518739999005550e+00
2.915765505964413e+02,4.518734626815705e+00
2.916265505964413e+02,4.518729255007073e+00
2.916765505964414e+02,4.518723883579111e+00
2.917265505964414e+02,4.518718512531258e+00
2.917765505964414e+02,4.518713141862993e+00
2.918265505964414e+02,4.518707771573791e+00
2.918765505964414e+02,4.518702401663076e+00
2.919265505964414e+02,4.518697032130299e+00
2.919765505964414e+02,4.518691662974941e+00
2.920265505964414e+02,4.518686294196455e+00
2.920765505964415e+02,4.518680925794325e+00
2.921265505964415e+02,4.518675557768033e+00
2.921765505964415e+02,4.518670190116988e+00
2.922265505964415e+02,4.518664822840672e+00
2.922765505964415e+02,4.518659455938590e+00
2.923265505964415e+02,4.518654089410179e+00
2.923765505964415e+02,4.518648723254886e+00
2.924265505964415e+02,4.518643357472211e+00
2.924765505964415e+02,4.518637992061632e+00
2.925265505964416e+02,4.518632627022589e+00
2.925765505964416e+02,4.518627262354550e+00
2.926265505964416e+02,4.518621898057006e+00
2.926765505964416e+02,4.518616534129430e+00
2.927265505964416e+02,4.518611170571264e+00
2.927765505964416e+02,4.518605807382009e+00
2.928265505964416e+02,4.518600444561191e+00
2.928765505964416e+02,4.518595082108183e+00
2.929265505964416e+02,4.518589720022505e+00
2.929765505964417e+02,4.518584358303693e+00
2.930265505964417e+02,4.518578996951121e+00
2.930765505964417e+02,4.518573635964284e+00
2.931265505964417e+02,4.518568275342716e+00
2.931765505964417e+02,4.518562915085894e+00
2.932265505964417e+02,4.518557555193301e+00
2.932765505964417e+02,4.518552195664399e+00
2.933265505964417e+02,4.518546836498631e+00
2.933765505964417e+02,4.518541477695496e+00
2.934265505964418e+02,4.518536119254520e+00
2.934765505964418e+02,4.518530761175186e+00
2.935265505964418e+02,4.518525403456949e+00
2.935765505964418e+02,4.518520046099271e+00
2.936265505964418e+02,4.518514689101661e+00
2.936765505964418e+02,4.518509332463648e+00
2.937265505964418e+02,4.518503976184684e+00
2.937765505964418e+02,4.518498620264232e+00
2.938265505964418e+02,4.518493264701817e+00
2.938765505964419e+02,4.518487909496931e+00
2.939265505964419e+02,4.518482554649035e+00
2.939765505964419e+02,4.518477200157655e+00
2.940265505964419e+02,4.518471846022297e+00
2.940765505964419e+02,4.518466492242427e+00
2.941265505964419e+02,4.518461138817533e+00
2.941765505964419e+02,4.518455785747092e+00
2.942265505964419e+02,4.518450433030628e+00
2.942765505964420e+02,4.518445080667647e+00
2.943265505964420e+02,4.518439728657608e+00
2.943765505964420e+02,4.518434377000015e+00
2.944265505964420e+02,4.518429025694405e+00
2.944765505964420e+02,4.518423674740253e+00
2.945265505964420e+02,4.518418324137049e+00
2.945765505964420e+02,4.518412973884313e+00
2.946265505964420e+02,4.518407623981522e+00
2.946765505964420e+02,4.518402274428166e+00
2.947265505964421e+02,4.518396925223787e+00
2.947765505964421e+02,4.518391576367910e+00
2.948265505964421e+02,4.518386227860016e+00
2.948765505964421e+02,4.518380879699577e+00
2.949265505964421e+02,4.518375531886091e+00
2.949765505964421e+02,4.518370184419087e+00
2.950265505964421e+02,4.518364837298094e+00
2.950765505964421e+02,4.518359490522591e+00
2.951265505964421e+02,4.518354144092093e+00
2.951765505964422e+02,4.518348798006135e+00
2.952265505964422e+02,4.518343452264202e+00
2.952765505964422e+02,4.518338106865782e+00
2.953265505964422e+02,4.518332761810403e+00
2.953765505964422e+02,4.518327417097593e+00
2.954265505964422e+02,4.518322072726852e+00
2.954765505964422e+02,4.518316728697697e+00
2.955265505964422e+02,4.518311385009650e+00
2.955765505964422e+02,4.518306041662207e+00
2.956265505964423e+02,4.518300698654913e+00
2.956765505964423e+02,4.518295355987251e+00
2.957265505964423e+02,4.518290013658710e+00
2.957765505964423e+02,4.518284671668879e+00
2.958265505964423e+02,4.518279330017279e+00
2.958765505964423e+02,4.518273988703360e+00
2.959265505964423e+02,4.518268647726674e+00
2.959765505964423e+02,4.518263307086758e+00
2.960265505964423e+02,4.518257966783077e+00
2.960765505964424e+02,4.518252626815196e+00
2.961265505964424e+02,4.518247287182661e+00
2.961765505964424e+02,4.518241947884937e+00
2.962265505964424e+02,4.518236608921569e+00
2.962765505964424e+02,4.518231270292123e+00
2.963265505964424e+02,4.518225931996094e+00
2.963765505964424e+02,4.518220594032972e+00
2.964265505964424e+02,4.518215256402309e+00
2.964765505964425e+02,4.518209919103655e+00
2.965265505964425e+02,4.518204582136524e+00
2.965765505964425e+02,4.518199245500441e+00
2.966265505964425e+02,4.518193909194932e+00
2.966765505964425e+02,4.518188573219512e+00
2.967265505964425e+02,4.518183237573740e+00
2.967765505964425e+02,4.518177902257144e+00
2.968265505964425e+02,4.518172567269216e+00
2.968765505964425e+02,4.518167232609510e+00
2.969265505964426e+02,4.518161898277564e+00
2.969765505964426e+02,4.518156564272914e+00
2.970265505964426e+02,4.518151230595132e+00
2.970765505964426e+02,4.518145897243703e+00
2.971265505964426e+02,4.518140564218164e+00
2.971765505964426e+02,4.518135231518077e+00
2.972265505964426e+02,4.518129899142934e+00
2.972765505964426e+02,4.518124567092310e+00
2.973265505964426e+02,4.518119235365773e+00
2.973765505964427e+02,4.518113903962822e+00
2.974265505964427e+02,4.518108572882991e+00
2.974765505964427e+02,4.518103242125816e+00
2.975265505964427e+02,4.518097911690849e+00
2.975765505964427e+02,4.518092581577653e+00
2.976265505964427e+02,4.518087251785748e+00
2.976765505964427e+02,4.518081922314684e+00
2.977265505964427e+02,4.518076593164014e+00
2.977765505964427e+02,4.518071264333241e+00
2.978265505964428e+02,4.518065935821909e+00
2.978765505964428e+02,4.518060607629591e+00
2.979265505964428e+02,4.518055279755866e+00
2.979765505964428e+02,4.518049952200262e+00
2.980265505964428e+02,4.518044624962293e+00
2.980765505964428e+02,4.518039298041516e+00
2.981265505964428e+02,4.518033971437497e+00
2.981765505964428e+02,4.518028645149808e+00
2.982265505964428e+02,4.518023319177982e+00
2.982765505964429e+02,4.518017993521537e+00
2.983265505964429e+02,4.518012668180028e+00
2.983765505964429e+02,4.518007343153053e+00
2.984265505964429e+02,4.518002018440142e+00
2.984765505964429e+02,4.517996694040825e+00
2.985265505964429e+02,4.517991369954675e+00
2.985765505964429e+02,4.517986046181217e+00
2.986265505964429e+02,4.517980722720032e+00
2.986765505964430e+02,4.517975399570718e+00
2.987265505964430e+02,4.517970076732768e+00
2.987765505964430e+02,4.517964754205757e+00
2.988265505964430e+02,4.517959431989292e+00
2.988765505964430e+02,4.517954110082888e+00
2.989265505964430e+02,4.517948788486086e+00
2.989765505964430e+02,4.517943467198456e+00
2.990265505964430e+02,4.517938146219566e+00
2.990765505964430e+02,4.517932825548972e+00
2.991265505964431e+02,4.517927505186254e+00
2.991765505964431e+02,4.517922185130970e+00
2.992265505964431e+02,4.517916865382656e+00
2.992765505964431e+02,4.517911545940898e+00
2.993265505964431e+02,4.517906226805293e+00
2.993765505964431e+02,4.517900907975359e+00
2.994265505964431e+02,4.517895589450635e+00
2.994765505964431e+02,4.517890271230709e+00
2.995265505964431e+02,4.517884953315164e+00
2.995765505964432e+02,4.517879635703599e+00
2.996265505964432e+02,4.517874318395568e+00
2.996765505964432e+02,4.517869001390589e+00
2.997265505964432e+02,4.517863684688246e+00
2.997765505964432e+02,4.517858368288153e+00
2.998265505964432e+02,4.517853052189836e+00
2.998765505964432e+02,4.517847736392859e+00
2.999265505964432e+02,4.517842420896824e+00
2.999765505964432e+02,4.517837105701292e+00
3.000265505964433e+02,4.517831790805841e+00
3.000765505964433e+02,4.517826476210047e+00
3.001265505964433e+02,4.517821161913471e+00
3.001765505964433e+02,4.517815847915710e+00
3.002265505964433e+02,4.517810534216330e+00
3.002765505964433e+02,4.517805220814910e+00
3.003265505964433e+02,4.517799907711017e+00
3.003765505964433e+02,4.517794594904222e+00
3.004265505964433e+02,4.517789282394121e+00
3.004765505964434e+02,4.517783970180267e+00
3.005265505964434e+02,4.517778658262229e+00
3.005765505964434e+02,4.517773346639625e+00
3.006265505964434e+02,4.517768035312043e+00
3.006765505964434e+02,4.517762724279022e+00
3.007265505964434e+02,4.517757413540159e+00
3.007765505964434e+02,4.517752103095055e+00
3.008265505964434e+02,4.517746792943250e+00
3.008765505964435e+02,4.517741483084346e+00
3.009265505964435e+02,4.517736173517963e+00
3.009765505964435e+02,4.517730864243671e+00
3.010265505964435e+02,4.517725555261029e+00
3.010765505964435e+02,4.517720246569616e+00
3.011265505964435e+02,4.517714938169039e+00
3.011765505964435e+02,4.517709630058890e+00
3.012265505964435e+02,4.517704322238749e+00
3.012765505964435e+02,4.517699014708212e+00
3.013265505964436e+02,4.517693707466867e+00
3.013765505964436e+02,4.517688400514282e+00
3.014265505964436e+02,4.517683093850056e+00
3.014765505964436e+02,4.517677787473792e+00
3.015265505964436e+02,4.517672481385050e+00
3.015765505964436e+02,4.517667175583437e+00
3.016265505964436e+02,4.517661870068571e+00
3.016765505964436e+02,4.517656564840045e+00
3.017265505964436e+02,4.517651259897420e+00
3.017765505964437e+02,4.517645955240282e+00
3.018265505964437e+02,4.517640650868255e+00
3.018765505964437e+02,4.517635346780930e+00
3.019265505964437e+02,4.517630042977894e+00
3.019765505964437e+02,4.517624739458744e+00
3.020265505964437e+02,4.517619436223076e+00
3.020765505964437e+02,4.517614133270484e+00
3.021265505964437e+02,4.517608830600601e+00
3.021765505964437e+02,4.517603528213000e+00
3.022265505964438e+02,4.517598226107232e+00
3.022765505964438e+02,4.517592924282926e+00
3.023265505964438e+02,4.517587622739734e+00
3.023765505964438e+02,4.517582321477216e+00
3.024265505964438e+02,4.517577020494944e+00
3.024765505964438e+02,4.517571719792586e+00
3.025265505964438e+02,4.517566419369709e+00
3.025765505964438e+02,4.517561119225889e+00
3.026265505964438e+02,4.517555819360764e+00
3.026765505964439e+02,4.517550519773947e+00
3.027265505964439e+02,4.517545220465035e+00
3.027765505964439e+02,4.517539921433599e+00
3.028265505964439e+02,4.517534622679314e+00
3.028765505964439e+02,4.517529324201786e+00
3.029265505964439e+02,4.517524026000530e+00
3.029765505964439e+02,4.517518728075170e+00
3.030265505964439e+02,4.517513430425376e+00
3.030765505964440e+02,4.517508133050738e+00
3.031265505964440e+02,4.517502835950826e+00
3.031765505964440e+02,4.517497539125275e+00
3.032265505964440e+02,4.517492242573708e+00
3.032765505964440e+02,4.517486946295742e+00
3.033265505964440e+02,4.517481650291013e+00
3.033765505964440e+02,4.517476354559087e+00
3.034265505964440e+02,4.517471059099555e+00
3.034765505964440e+02,4.517465763912060e+00
3.035265505964441e+02,4.517460468996200e+00
3.035765505964441e+02,4.517455174351602e+00
3.036265505964441e+02,4.517449879977908e+00
3.036765505964441e+02,4.517444585874716e+00
3.037265505964441e+02,4.517439292041627e+00
3.037765505964441e+02,4.517433998478252e+00
3.038265505964441e+02,4.517428705184193e+00
3.038765505964441e+02,4.517423412159117e+00
3.039265505964441e+02,4.517418119402655e+00
3.039765505964442e+02,4.517412826914377e+00
3.040265505964442e+02,4.517407534693916e+00
3.040765505964442e+02,4.517402242740858e+00
3.041265505964442e+02,4.517396951054856e+00
3.041765505964442e+02,4.517391659635583e+00
3.042265505964442e+02,4.517386368482620e+00
3.042765505964442e+02,4.517381077595570e+00
3.043265505964442e+02,4.517375786974045e+00
3.043765505964442e+02,4.517370496617663e+00
3.044265505964443e+02,4.517365206526092e+00
3.044765505964443e+02,4.517359916698950e+00
3.045265505964443e+02,4.517354627135838e+00
3.045765505964443e+02,4.517349337836386e+00
3.046265505964443e+02,4.517344048800215e+00
3.046765505964443e+02,4.517338760026976e+00
3.047265505964443e+02,4.517333471516285e+00
3.047765505964443e+02,4.517328183267766e+00
3.048265505964443e+02,4.517322895281051e+00
3.048765505964444e+02,4.517317607555747e+00
3.049265505964444e+02,4.517312320091496e+00
3.049765505964444e+02,4.517307032887909e+00
3.050265505964444e+02,4.517301745944660e+00
3.050765505964444e+02,4.517296459261383e+00
3.051265505964444e+02,4.517291172837658e+00
3.051765505964444e+02,4.517285886673135e+00
3.052265505964444e+02,4.517280600767459e+00
3.052765505964445e+02,4.517275315120254e+00
3.053265505964445e+02,4.517270029731176e+00
3.053765505964445e+02,4.517264744599834e+00
3.054265505964445e+02,4.517259459725856e+00
3.054765505964445e+02,4.517254175108893e+00
3.055265505964445e+02,4.517248890748588e+00
3.055765505964445e+02,4.517243606644581e+00
3.056265505964445e+02,4.517238322796475e+00
3.056765505964445e+02,4.517233039203909e+00
3.057265505964446e+02,4.517227755866545e+00
3.057765505964446e+02,4.517222472784004e+00
3.058265505964446e+02,4.517217189955896e+00
3.058765505964446e+02,4.517211907381889e+00
3.059265505964446e+02,4.517206625061683e+00
3.059765505964446e+02,4.517201342994889e+00
3.060265505964446e+02,4.517196061181111e+00
3.060765505964446e+02,4.517190779619980e+00
3.061265505964446e+02,4.517185498311130e+00
3.061765505964447e+02,4.517180217254238e+00
3.062265505964447e+02,4.517174936448962e+00
3.062765505964447e+02,4.517169655894906e+00
3.063265505964447e+02,4.517164375591745e+00
3.063765505964447e+02,4.517159095539133e+00
3.064265505964447e+02,4.517153815736675e+00
3.064765505964447e+02,4.517148536184016e+00
3.065265505964447e+02,4.517143256880805e+00
3.065765505964447e+02,4.517137977826712e+00
3.066265505964448e+02,4.517132699021399e+00
3.066765505964448e+02,4.517127420464475e+00
3.067265505964448e+02,4.517122142155599e+00
3.067765505964448e+02,4.517116864094430e+00
3.068265505964448e+02,4.517111586280590e+00
3.068765505964448e+02,4.517106308713716e+00
3.069265505964448e+02,4.517101031393508e+00
3.069765505964448e+02,4.517095754319624e+00
3.070265505964448e+02,4.517090477491650e+00
3.070765505964449e+02,4.517085200909262e+00
3.071265505964449e+02,4.517079924572163e+00
3.071765505964449e+02,4.517074648479953e+00
3.072265505964449e+02,4.517069372632277e+00
3.072765505964449e+02,4.517064097028824e+00
3.073265505964449e+02,4.517058821669244e+00
3.073765505964449e+02,4.517053546553151e+00
3.074265505964449e+02,4.517048271680203e+00
3.074765505964450e+02,4.517042997050099e+00
3.075265505964450e+02,4.517037722662481e+00
3.075765505964450e+02,4.517032448516979e+00
3.076265505964450e+02,4.517027174613303e+00
3.076765505964450e+02,4.517021900951103e+00
3.077265505964450e+02,4.517016627529999e+00
3.077765505964450e+02,4.517011354349633e+00
3.078265505964450e+02,4.517006081409640e+00
3.078765505964450e+02,4.517000808709756e+00
3.079265505964451e+02,4.516995536249675e+00
3.079765505964451e+02,4.516990264028974e+00
3.080265505964451e+02,4.516984992047313e+00
3.080765505964451e+02,4.516979720304373e+00
3.081265505964451e+02,4.516974448799812e+00
3.081765505964451e+02,4.516969177533310e+00
3.082265505964451e+02,4.516963906504568e+00
3.082765505964451e+02,4.516958635713181e+00
3.083265505964451e+02,4.516953365158760e+00
3.083765505964452e+02,4.516948094841060e+00
3.084265505964452e+02,4.516942824759808e+00
3.084765505964452e+02,4.516937554914583e+00
3.085265505964452e+02,4.516932285304985e+00
3.085765505964452e+02,4.516927015930751e+00
3.086265505964452e+02,4.516921746791604e+00
3.086765505964452e+02,4.516916477887150e+00
3.087265505964452e+02,4.516911209217027e+00
3.087765505964452e+02,4.516905940780949e+00
3.088265505964453e+02,4.516900672578557e+00
3.088765505964453e+02,4.516895404609514e+00
3.089265505964453e+02,4.516890136873528e+00
3.089765505964453e+02,4.516884869370245e+00
3.090265505964453e+02,4.516879602099344e+00
3.090765505964453e+02,4.516874335060489e+00
3.091265505964453e+02,4.516869068253342e+00
3.091765505964453e+02,4.516863801677603e+00
3.092265505964453e+02,4.516858535332927e+00
3.092765505964454e+02,4.516853269218990e+00
3.093265505964454e+02,4.516848003335473e+00
3.093765505964454e+02,4.516842737682015e+00
3.094265505964454e+02,4.516837472258294e+00
3.094765505964454e+02,4.516832207064001e+00
3.095265505964454e+02,4.516826942098816e+00
3.095765505964454e+02,4.516821677362443e+00
3.096265505964454e+02,4.516816412854549e+00
3.096765505964455e+02,4.516811148574758e+00
3.097265505964455e+02,4.516805884522778e+00
3.097765505964455e+02,4.516800620698291e+00
3.098265505964455e+02,4.516795357100962e+00
3.098765505964455e+02,4.516790093730487e+00
3.099265505964455e+02,4.516784830586524e+00
3.099765505964455e+02,4.516779567668769e+00
3.100265505964455e+02,4.516774304976883e+00
3.100765505964455e+02,4.516769042510528e+00
3.101265505964456e+02,4.516763780269452e+00
3.101765505964456e+02,4.516758518253329e+00
3.102265505964456e+02,4.516753256461794e+00
3.102765505964456e+02,4.516747994894525e+00
3.103265505964456e+02,4.516742733551233e+00
3.103765505964456e+02,4.516737472431594e+00
3.104265505964456e+02,4.516732211535262e+00
3.104765505964456e+02,4.516726950861959e+00
3.105265505964456e+02,4.516721690411353e+00
3.105765505964457e+02,4.516716430183148e+00
3.106265505964457e+02,4.516711170177041e+00
3.106765505964457e+02,4.516705910392644e+00
3.107265505964457e+02,4.516700650829666e+00
3.107765505964457e+02,4.516695391487872e+00
3.108265505964457e+02,4.516690132366933e+00
3.108765505964457e+02,4.516684873466475e+00
3.109265505964457e+02,4.516679614786160e+00
3.109765505964457e+02,4.516674356325710e+00
3.110265505964458e+02,4.516669098084850e+00
3.110765505964458e+02,4.516663840063263e+00
3.111265505964458e+02,4.516658582260655e+00
3.111765505964458e+02,4.516653324676692e+00
3.112265505964458e+02,4.516648067311047e+00
3.112765505964458e+02,4.516642810163385e+00
3.113265505964458e+02,4.516637553233402e+00
3.113765505964458e+02,4.516632296520848e+00
3.114265505964458e+02,4.516627040025396e+00
3.114765505964459e+02,4.516621783746730e+00
3.115265505964459e+02,4.516616527684539e+00
3.115765505964459e+02,4.516611271838497e+00
3.116265505964459e+02,4.516606016208349e+00
3.116765505964459e+02,4.516600760793795e+00
3.117265505964459e+02,4.516595505594461e+00
3.117765505964459e+02,4.516590250610070e+00
3.118265505964459e+02,4.516584995840358e+00
3.118765505964460e+02,4.516579741284979e+00
3.119265505964460e+02,4.516574486943628e+00
3.119765505964460e+02,4.516569232816019e+00
3.120265505964460e+02,4.516563978901855e+00
3.120765505964460e+02,4.516558725200841e+00
3.121265505964460e+02,4.516553471712648e+00
3.121765505964460e+02,4.516548218436962e+00
3.122265505964460e+02,4.516542965373506e+00
3.122765505964460e+02,4.516537712521970e+00
3.123265505964461e+02,4.516532459882092e+00
3.123765505964461e+02,4.516527207453580e+00
3.124265505964461e+02,4.516521955236063e+00
3.124765505964461e+02,4.516516703229251e+00
3.125265505964461e+02,4.516511451432877e+00
3.125765505964461e+02,4.516506199846641e+00
3.126265505964461e+02,4.516500948470275e+00
3.126765505964461e+02,4.516495697303446e+00
3.127265505964461e+02,4.516490446345849e+00
3.127765505964462e+02,4.516485195597205e+00
3.128265505964462e+02,4.516479945057212e+00
3.128765505964462e+02,4.516474694725582e+00
3.129265505964462e+02,4.516469444602009e+00
3.129765505964462e+02,4.516464194686181e+00
3.130265505964462e+02,4.516458944977838e+00
3.130765505964462e+02,4.516453695476694e+00
3.131265505964462e+02,4.516448446182436e+00
3.131765505964462e+02,4.516443197094770e+00
3.132265505964463e+02,4.516437948213375e+00
3.132765505964463e+02,4.516432699538011e+00
3.133265505964463e+02,4.516427451068436e+00
3.133765505964463e+02,4.516422202804295e+00
3.134265505964463e+02,4.516416954745226e+00
3.134765505964463e+02,4.516411706890979e+00
3.135265505964463e+02,4.516406459241338e+00
3.135765505964463e+02,4.516401211795981e+00
3.136265505964464e+02,4.516395964554596e+00
3.136765505964464e+02,4.516390717516902e+00
3.137265505964464e+02,4.516385470682594e+00
3.137765505964464e+02,4.516380224051400e+00
3.138265505964464e+02,4.516374977623053e+00
3.138765505964464e+02,4.516369731397242e+00
3.139265505964464e+02,4.516364485373723e+00
3.139765505964464e+02,4.516359239552187e+00
3.140265505964464e+02,4.516353993932291e+00
3.140765505964465e+02,4.516348748513785e+00
3.141265505964465e+02,4.516343503296407e+00
3.141765505964465e+02,4.516338258279862e+00
3.142265505964465e+02,4.516333013463868e+00
3.142765505964465e+02,4.516327768848148e+00
3.143265505964465e+02,4.516322524432409e+00
3.143765505964465e+02,4.516317280216347e+00
3.144265505964465e+02,4.516312036199698e+00
3.144765505964465e+02,4.516306792382221e+00
3.145265505964466e+02,4.516301548763596e+00
3.145765505964466e+02,4.516296305343527e+00
3.146265505964466e+02,4.516291062121728e+00
3.146765505964466e+02,4.516285819097910e+00
3.147265505964466e+02,4.516280576271832e+00
3.147765505964466e+02,4.516275333643217e+00
3.148265505964466e+02,4.516270091211799e+00
3.148765505964466e+02,4.516264848977266e+00
3.149265505964466e+02,4.516259606939321e+00
3.149765505964467e+02,4.516254365097737e+00
3.150265505964467e+02,4.516249123452218e+00
3.150765505964467e+02,4.516243882002454e+00
3.151265505964467e+02,4.516238640748212e+00
3.151765505964467e+02,4.516233399689201e+00
3.152265505964467e+02,4.516228158825144e+00
3.152765505964467e+02,4.516222918155786e+00
3.153265505964467e+02,4.516217677680812e+00
3.153765505964467e+02,4.516212437399952e+00
3.154265505964468e+02,4.516207197312964e+00
3.154765505964468e+02,4.516201957419559e+00
3.155265505964468e+02,4.516196717719483e+00
3.155765505964468e+02,4.516191478212418e+00
3.156265505964468e+02,4.516186238898068e+00
3.156765505964468e+02,4.516180999776241e+00
3.157265505964468e+02,4.516175760846656e+00
3.157765505964468e+02,4.516170522109000e+00
3.158265505964469e+02,4.516165283562982e+00
3.158765505964469e+02,4.516160045208333e+00
3.159265505964469e+02,4.516154807044860e+00
3.159765505964469e+02,4.516149569072287e+00
3.160265505964469e+02,4.516144331290326e+00
3.160765505964469e+02,4.516139093698687e+00
3.161265505964469e+02,4.516133856297049e+00
3.161765505964469e+02,4.516128619085171e+00
3.162265505964469e+02,4.516123382062834e+00
3.162765505964470e+02,4.516118145229776e+00
3.163265505964470e+02,4.516112908585693e+00
3.163765505964470e+02,4.516107672130289e+00
3.164265505964470e+02,4.516102435863356e+00
3.164765505964470e+02,4.516097199784645e+00
3.165265505964470e+02,4.516091963893822e+00
3.165765505964470e+02,4.516086728190622e+00
3.166265505964470e+02,4.516081492674830e+00
3.166765505964470e+02,4.516076257346164e+00
3.167265505964471e+02,4.516071022204366e+00
3.167765505964471e+02,4.516065787249159e+00
3.168265505964471e+02,4.516060552480255e+00
3.168765505964471e+02,4.516055317897444e+00
3.169265505964471e+02,4.516050083500475e+00
3.169765505964471e+02,4.516044849289046e+00
3.170265505964471e+02,4.516039615262888e+00
3.170765505964471e+02,4.516034381421714e+00
3.171265505964471e+02,4.516029147765287e+00
3.171765505964472e+02,4.516023914293370e+00
3.172265505964472e+02,4.516018681005706e+00
3.172765505964472e+02,4.516013447902032e+00
3.173265505964472e+02,4.516008214982069e+00
3.173765505964472e+02,4.516002982245547e+00
3.174265505964472e+02,4.515997749692219e+00
3.174765505964472e+02,4.515992517321838e+00
3.175265505964472e+02,4.515987285134128e+00
3.175765505964472e+02,4.515982053128847e+00
3.176265505964473e+02,4.515976821305763e+00
3.176765505964473e+02,4.515971589664584e+00
3.177265505964473e+02,4.515966358205020e+00
3.177765505964473e+02,4.515961126926828e+00
3.178265505964473e+02,4.515955895829793e+00
3.178765505964473e+02,4.515950664913708e+00
3.179265505964473e+02,4.515945434178279e+00
3.179765505964473e+02,4.515940203623171e+00
3.180265505964474e+02,4.515934973248164e+00
3.180765505964474e+02,4.515929743053009e+00
3.181265505964474e+02,4.515924513037466e+00
3.181765505964474e+02,4.515919283201314e+00
3.182265505964474e+02,4.515914053544304e+00
3.182765505964474e+02,4.515908824066106e+00
3.183265505964474e+02,4.515903594766455e+00
3.183765505964474e+02,4.515898365645193e+00
3.184265505964474e+02,4.515893136702029e+00
3.184765505964475e+02,4.515887907936686e+00
3.185265505964475e+02,4.515882679348990e+00
3.185765505964475e+02,4.515877450938628e+00
3.186265505964475e+02,4.515872222705315e+00
3.186765505964475e+02,4.515866994648863e+00
3.187265505964475e+02,4.515861766769054e+00
3.187765505964475e+02,4.515856539065605e+00
3.188265505964475e+02,4.515851311538206e+00
3.188765505964475e+02,4.515846084186665e+00
3.189265505964476e+02,4.515840857010733e+00
3.189765505964476e+02,4.515835630010113e+00
3.190265505964476e+02,4.515830403184601e+00
3.190765505964476e+02,4.515825176533984e+00
3.191265505964476e+02,4.515819950057966e+00
3.191765505964476e+02,4.515814723756299e+00
3.192265505964476e+02,4.515809497628772e+00
3.192765505964476e+02,4.515804271675099e+00
3.193265505964476e+02,4.515799045895059e+00
3.193765505964477e+02,4.515793820288431e+00
3.194265505964477e+02,4.515788594854926e+00
3.194765505964477e+02,4.515783369594310e+00
3.195265505964477e+02,4.515778144506366e+00
3.195765505964477e+02,4.515772919590825e+00
3.196265505964477e+02,4.515767694847415e+00
3.196765505964477e+02,4.515762470275904e+00
3.197265505964477e+02,4.515757245876092e+00
3.197765505964477e+02,4.515752021647780e+00
3.198265505964478e+02,4.515746797590687e+00
3.198765505964478e+02,4.515741573704489e+00
3.199265505964478e+02,4.515736349988970e+00
3.199765505964478e+02,4.515731126443918e+00
3.200265505964478e+02,4.515725903069117e+00
3.200765505964478e+02,4.515720679864336e+00
3.201265505964478e+02,4.515715456829310e+00
3.201765505964478e+02,4.515710233963816e+00
3.202265505964479e+02,4.515705011267605e+00
3.202765505964479e+02,4.515699788740380e+00
3.203265505964479e+02,4.515694566381943e+00
3.203765505964479e+02,4.515689344192129e+00
3.204265505964479e+02,4.515684122170642e+00
3.204765505964479e+02,4.515678900317180e+00
3.205265505964479e+02,4.515673678631554e+00
3.205765505964479e+02,4.515668457113610e+00
3.206265505964479e+02,4.515663235763060e+00
3.206765505964480e+02,4.515658014579585e+00
3.207265505964480e+02,4.515652793562980e+00
3.207765505964480e+02,4.515647572713071e+00
3.208265505964480e+02,4.515642352029615e+00
3.208765505964480e+02,4.515637131512348e+00
3.209265505964480e+02,4.515631911161062e+00
3.209765505964480e+02,4.515626690975536e+00
3.210265505964480e+02,4.515621470955517e+00
3.210765505964480e+02,4.515616251100741e+00
3.211265505964481e+02,4.515611031410984e+00
3.211765505964481e+02,4.515605811886029e+00
3.212265505964481e+02,4.515600592525645e+00
3.212765505964481e+02,4.515595373329598e+00
3.213265505964481e+02,4.515590154297642e+00
3.213765505964481e+02,4.515584935429550e+00
3.214265505964481e+02,4.515579716725123e+00
3.214765505964481e+02,4.515574498184118e+00
3.215265505964481e+02,4.515569279806266e+00
3.215765505964482e+02,4.515564061591366e+00
3.216265505964482e+02,4.515558843539216e+00
3.216765505964482e+02,4.515553625649535e+00
3.217265505964482e+02,4.515548407922131e+00
3.217765505964482e+02,4.515543190356808e+00
3.218265505964482e+02,4.515537972953274e+00
3.218765505964482e+02,4.515532755711274e+00
3.219265505964482e+02,4.515527538630625e+00
3.219765505964482e+02,4.515522321711124e+00
3.220265505964483e+02,4.515517104952523e+00
3.220765505964483e+02,4.515511888354610e+00
3.221265505964483e+02,4.515506671917175e+00
3.221765505964483e+02,4.515501455639946e+00
3.222265505964483e+02,4.515496239522683e+00
3.222765505964483e+02,4.515491023565160e+00
3.223265505964483e+02,4.515485807767176e+00
3.223765505964483e+02,4.515480592128561e+00
3.224265505964484e+02,4.515475376649038e+00
3.224765505964484e+02,4.515470161328366e+00
3.225265505964484e+02,4.515464946166358e+00
3.225765505964484e+02,4.515459731162760e+00
3.226265505964484e+02,4.515454516317374e+00
3.226765505964484e+02,4.515449301629984e+00
3.227265505964484e+02,4.515444087100311e+00
3.227765505964484e+02,4.515438872728154e+00
3.228265505964484e+02,4.515433658513355e+00
3.228765505964485e+02,4.515428444455654e+00
3.229265505964485e+02,4.515423230554791e+00
3.229765505964485e+02,4.515418016810609e+00
3.230265505964485e+02,4.515412803222888e+00
3.230765505964485e+02,4.515407589791360e+00
3.231265505964485e+02,4.515402376515805e+00
3.231765505964485e+02,4.515397163396004e+00
3.232265505964485e+02,4.515391950431765e+00
3.232765505964485e+02,4.515386737622856e+00
3.233265505964486e+02,4.515381524969032e+00
3.233765505964486e+02,4.515376312470107e+00
3.234265505964486e+02,4.515371100125888e+00
3.234765505964486e+02,4.515365887936134e+00
3.235265505964486e+02,4.515360675900602e+00
3.235765505964486e+02,4.515355464019080e+00
3.236265505964486e+02,4.515350252291380e+00
3.236765505964486e+02,4.515345040717270e+00
3.237265505964486e+02,4.515339829296540e+00
3.237765505964487e+02,4.515334618028988e+00
3.238265505964487e+02,4.515329406914383e+00
3.238765505964487e+02,4.515324195952518e+00
3.239265505964487e+02,4.515318985143151e+00
3.239765505964487e+02,4.515313774486033e+00
3.240265505964487e+02,4.515308563981006e+00
3.240765505964487e+02,4.515303353627888e+00
3.241265505964487e+02,4.515298143426488e+00
3.241765505964487e+02,4.515292933376529e+00
3.242265505964488e+02,4.515287723477736e+00
3.242765505964488e+02,4.515282513729971e+00
3.243265505964488e+02,4.515277304133031e+00
3.243765505964488e+02,4.515272094686670e+00
3.244265505964488e+02,4.515266885390711e+00
3.244765505964488e+02,4.515261676244961e+00
3.245265505964488e+02,4.515256467249131e+00
3.245765505964488e+02,4.515251258403024e+00
3.246265505964489e+02,4.515246049706510e+00
3.246765505964489e+02,4.515240841159346e+00
3.247265505964489e+02,4.515235632761261e+00
3.247765505964489e+02,4.515230424512074e+00
3.248265505964489e+02,4.515225216411604e+00
3.248765505964489e+02,4.515220008459614e+00
3.249265505964489e+02,4.515214800655901e+00
3.249765505964489e+02,4.515209593000268e+00
3.250265505964489e+02,4.515204385492484e+00
3.250765505964490e+02,4.515199178132354e+00
3.251265505964490e+02,4.515193970919699e+00
3.251765505964490e+02,4.515188763854308e+00
3.252265505964490e+02,4.515183556935952e+00
3.252765505964490e+02,4.515178350164402e+00
3.253265505964490e+02,4.515173143539477e+00
3.253765505964490e+02,4.515167937061016e+00
3.254265505964490e+02,4.515162730728764e+00
3.254765505964490e+02,4.515157524542487e+00
3.255265505964491e+02,4.515152318502041e+00
3.255765505964491e+02,4.515147112607204e+00
3.256265505964491e+02,4.515141906857743e+00
3.256765505964491e+02,4.515136701253451e+00
3.257265505964491e+02,4.515131495794112e+00
3.257765505964491e+02,4.515126290479573e+00
3.258265505964491e+02,4.515121085309652e+00
3.258765505964491e+02,4.515115880284127e+00
3.259265505964491e+02,4.515110675402753e+00
3.259765505964492e+02,4.515105470665318e+00
3.260265505964492e+02,4.515100266071647e+00
3.260765505964492e+02,4.515095061621554e+00
3.261265505964492e+02,4.515089857314821e+00
3.261765505964492e+02,4.515084653151244e+00
3.262265505964492e+02,4.515079449130637e+00
3.262765505964492e+02,4.515074245252789e+00
3.263265505964492e+02,4.515069041517488e+00
3.263765505964492e+02,4.515063837924540e+00
3.264265505964493e+02,4.515058634473744e+00
3.264765505964493e+02,4.515053431164915e+00
3.265265505964493e+02,4.515048227997887e+00
3.265765505964493e+02,4.515043024972434e+00
3.266265505964493e+02,4.515037822088325e+00
3.266765505964493e+02,4.515032619345357e+00
3.267265505964493e+02,4.515027416743352e+00
3.267765505964493e+02,4.515022214282135e+00
3.268265505964494e+02,4.515017011961513e+00
3.268765505964494e+02,4.515011809781246e+00
3.269265505964494e+02,4.515006607741116e+00
3.269765505964494e+02,4.515001405840985e+00
3.270265505964494e+02,4.514996204080648e+00
3.270765505964494e+02,4.514991002459880e+00
3.271265505964494e+02,4.514985800978550e+00
3.271765505964494e+02,4.514980599636435e+00
3.272265505964494e+02,4.514975398433282e+00
3.272765505964495e+02,4.514970197368946e+00
3.273265505964495e+02,4.514964996443227e+00
3.273765505964495e+02,4.514959795655883e+00
3.274265505964495e+02,4.514954595006770e+00
3.274765505964495e+02,4.514949394495699e+00
3.275265505964495e+02,4.514944194122449e+00
3.275765505964495e+02,4.514938993886854e+00
3.276265505964495e+02,4.514933793788711e+00
3.276765505964495e+02,4.514928593827821e+00
3.277265505964496e+02,4.514923394003988e+00
3.277765505964496e+02,4.514918194317003e+00
3.278265505964496e+02,4.514912994766699e+00
3.278765505964496e+02,4.514907795352934e+00
3.279265505964496e+02,4.514902596075475e+00
3.279765505964496e+02,4.514897396934065e+00
3.280265505964496e+02,4.514892197928519e+00
3.280765505964496e+02,4.514886999058731e+00
3.281265505964496e+02,4.514881800324532e+00
3.281765505964497e+02,4.514876601725672e+00
3.282265505964497e+02,4.514871403261907e+00
3.282765505964497e+02,4.514866204933092e+00
3.283265505964497e+02,4.514861006739098e+00
3.283765505964497e+02,4.514855808679682e+00
3.284265505964497e+02,4.514850610754649e+00
3.284765505964497e+02,4.514845412963852e+00
3.285265505964497e+02,4.514840215307085e+00
3.285765505964497e+02,4.514835017784092e+00
3.286265505964498e+02,4.514829820394716e+00
3.286765505964498e+02,4.514824623138829e+00
3.287265505964498e+02,4.514819426016229e+00
3.287765505964498e+02,4.514814229026735e+00
3.288265505964498e+02,4.514809032170144e+00
3.288765505964498e+02,4.514803835446227e+00
3.289265505964498e+02,4.514798638854826e+00
3.289765505964498e+02,4.514793442395796e+00
3.290265505964499e+02,4.514788246068906e+00
3.290765505964499e+02,4.514783049873924e+00
3.291265505964499e+02,4.514777853810767e+00
3.291765505964499e+02,4.514772657879270e+00
3.292265505964499e+02,4.514767462079153e+00
3.292765505964499e+02,4.514762266410227e+00
3.293265505964499e+02,4.514757070872356e+00
3.293765505964499e+02,4.514751875465375e+00
3.294265505964499e+02,4.514746680189056e+00
3.294765505964500e+02,4.514741485043205e+00
3.295265505964500e+02,4.514736290027675e+00
3.295765505964500e+02,4.514731095142284e+00
3.296265505964500e+02,4.514725900386843e+00
3.296765505964500e+02,4.514720705761160e+00
3.297265505964500e+02,4.514715511265053e+00
3.297765505964500e+02,4.514710316898337e+00
3.298265505964500e+02,4.514705122660837e+00
3.298765505964500e+02,4.514699928552399e+00
3.299265505964501e+02,4.514694734572846e+00
3.299765505964501e+02,4.514689540721963e+00
3.300265505964501e+02,4.514684346999565e+00
3.300765505964501e+02,4.514679153405489e+00
3.301265505964501e+02,4.514673959939560e+00
3.301765505964501e+02,4.514668766601583e+00
3.302265505964501e+02,4.514663573391359e+00
3.302765505964501e+02,4.514658380308756e+00
3.303265505964501e+02,4.514653187353574e+00
3.303765505964502e+02,4.514647994525616e+00
3.304265505964502e+02,4.514642801824745e+00
3.304765505964502e+02,4.514637609250753e+00
3.305265505964502e+02,4.514632416803460e+00
3.305765505964502e+02,4.514627224482745e+00
3.306265505964502e+02,4.514622032288398e+00
3.306765505964502e+02,4.514616840220167e+00
3.307265505964502e+02,4.514611648277918e+00
3.307765505964502e+02,4.514606456461556e+00
3.308265505964503e+02,4.514601264770852e+00
3.308765505964503e+02,4.514596073205573e+00
3.309265505964503e+02,4.514590881765591e+00
3.309765505964503e+02,4.514585690450756e+00
3.310265505964503e+02,4.514580499260881e+00
3.310765505964503e+02,4.514575308195750e+00
3.311265505964503e+02,4.514570117255190e+00
3.311765505964503e+02,4.514564926439094e+00
3.312265505964504e+02,4.514559735747286e+00
3.312765505964504e+02,4.514554545179522e+00
3.313265505964504e+02,4.514549354735661e+00
3.313765505964504e+02,4.514544164415530e+00
3.314265505964504e+02,4.514538974218907e+00
3.314765505964504e+02,4.514533784145663e+00
3.315265505964504e+02,4.514528594195670e+00
3.315765505964504e+02,4.514523404368747e+00
3.316265505964504e+02,4.514518214664701e+00
3.316765505964505e+02,4.514513025083315e+00
3.317265505964505e+02,4.514507835624419e+00
3.317765505964505e+02,4.514502646287895e+00
3.318265505964505e+02,4.514497457073571e+00
3.318765505964505e+02,4.514492267981233e+00
3.319265505964505e+02,4.514487079010730e+00
3.319765505964505e+02,4.514481890161913e+00
3.320265505964505e+02,4.514476701434572e+00
3.320765505964505e+02,4.514471512828539e+00
3.321265505964506e+02,4.514466324343660e+00
3.321765505964506e+02,4.514461135979776e+00
3.322265505964506e+02,4.514455947736766e+00
3.322765505964506e+02,4.514450759614396e+00
3.323265505964506e+02,4.514445571612455e+00
3.323765505964506e+02,4.514440383730859e+00
3.324265505964506e+02,4.514435195969414e+00
3.324765505964506e+02,4.514430008327942e+00
3.325265505964506e+02,4.514424820806304e+00
3.325765505964507e+02,4.514419633404304e+00
3.326265505964507e+02,4.514414446121743e+00
3.326765505964507e+02,4.514409258958491e+00
3.327265505964507e+02,4.514404071914384e+00
3.327765505964507e+02,4.514398884989231e+00
3.328265505964507e+02,4.514393698182896e+00
3.328765505964507e+02,4.514388511495193e+00
3.329265505964507e+02,4.514383324926018e+00
3.329765505964507e+02,4.514378138475180e+00
3.330265505964508e+02,4.514372952142431e+00
3.330765505964508e+02,4.514367765927633e+00
3.331265505964508e+02,4.514362579830661e+00
3.331765505964508e+02,4.514357393851386e+00
3.332265505964508e+02,4.514352207989607e+00
3.332765505964508e+02,4.514347022245098e+00
3.333265505964508e+02,4.514341836617756e+00
3.333765505964508e+02,4.514336651107442e+00
3.334265505964509e+02,4.514331465713951e+00
3.334765505964509e+02,4.514326280437100e+00
3.335265505964509e+02,4.514321095276740e+00
3.335765505964509e+02,4.514315910232737e+00
3.336265505964509e+02,4.514310725304955e+00
3.336765505964509e+02,4.514305540493207e+00
3.337265505964509e+02,4.514300355797282e+00
3.337765505964509e+02,4.514295171217025e+00
3.338265505964509e+02,4.514289986752307e+00
3.338765505964510e+02,4.514284802402980e+00
3.339265505964510e+02,4.514279618168851e+00
3.339765505964510e+02,4.514274434049777e+00
3.340265505964510e+02,4.514269250045627e+00
3.340765505964510e+02,4.514264066156194e+00
3.341265505964510e+02,4.514258882381280e+00
3.341765505964510e+02,4.514253698720766e+00
3.342265505964510e+02,4.514248515174515e+00
3.342765505964510e+02,4.514243331742380e+00
3.343265505964511e+02,4.514238148424187e+00
3.343765505964511e+02,4.514232965219750e+00
3.344265505964511e+02,4.514227782128898e+00
3.344765505964511e+02,4.514222599151494e+00
3.345265505964511e+02,4.514217416287432e+00
3.345765505964511e+02,4.514212233536526e+00
3.346265505964511e+02,4.514207050898560e+00
3.346765505964511e+02,4.514201868373391e+00
3.347265505964511e+02,4.514196685960898e+00
3.347765505964512e+02,4.514191503660909e+00
3.348265505964512e+02,4.514186321473251e+00
3.348765505964512e+02,4.514181139397817e+00
3.349265505964512e+02,4.514175957434417e+00
3.349765505964512e+02,4.514170775582877e+00
3.350265505964512e+02,4.514165593843111e+00
3.350765505964512e+02,4.514160412214906e+00
3.351265505964512e+02,4.514155230698053e+00
3.351765505964512e+02,4.514150049292456e+00
3.352265505964513e+02,4.514144867998025e+00
3.352765505964513e+02,4.514139686814568e+00
3.353265505964513e+02,4.514134505741860e+00
3.353765505964513e+02,4.514129324779760e+00
3.354265505964513e+02,4.514124143928148e+00
3.354765505964513e+02,4.514118963186874e+00
3.355265505964513e+02,4.514113782555796e+00
3.355765505964513e+02,4.514108602034733e+00
3.356265505964514e+02,4.514103421623490e+00
3.356765505964514e+02,4.514098241321965e+00
3.357265505964514e+02,4.514093061130035e+00
3.357765505964514e+02,4.514087881047514e+00
3.358265505964514e+02,4.514082701074280e+00
3.358765505964514e+02,4.514077521210170e+00
3.359265505964514e+02,4.514072341454982e+00
3.359765505964514e+02,4.514067161808589e+00
3.360265505964514e+02,4.514061982270825e+00
3.360765505964515e+02,4.514056802841540e+00
3.361265505964515e+02,4.514051623520629e+00
3.361765505964515e+02,4.514046444307933e+00
3.362265505964515e+02,4.514041265203277e+00
3.362765505964515e+02,4.514036086206477e+00
3.363265505964515e+02,4.514030907317436e+00
3.363765505964515e+02,4.514025728536028e+00
3.364265505964515e+02,4.514020549862035e+00
3.364765505964515e+02,4.514015371295352e+00
3.365265505964516e+02,4.514010192835815e+00
3.365765505964516e+02,4.514005014483243e+00
3.366265505964516e+02,4.513999836237531e+00
3.366765505964516e+02,4.513994658098522e+00
3.367265505964516e+02,4.513989480066080e+00
3.367765505964516e+02,4.513984302140004e+00
3.368265505964516e+02,4.513979124320159e+00
3.368765505964516e+02,4.513973946606471e+00
3.369265505964516e+02,4.513968768998743e+00
3.369765505964517e+02,4.513963591496782e+00
3.370265505964517e+02,4.513958414100444e+00
3.370765505964517e+02,4.513953236809669e+00
3.371265505964517e+02,4.513948059624301e+00
3.371765505964517e+02,4.513942882544109e+00
3.372265505964517e+02,4.513937705568979e+00
3.372765505964517e+02,4.513932528698780e+00
3.373265505964517e+02,4.513927351933373e+00
3.373765505964518e+02,4.513922175272600e+00
3.374265505964518e+02,4.513916998716313e+00
3.374765505964518e+02,4.513911822264407e+00
3.375265505964518e+02,4.513906645916705e+00
3.375765505964518e+02,4.513901469673040e+00
3.376265505964518e+02,4.513896293533274e+00
3.376765505964518e+02,4.513891117497259e+00
3.377265505964518e+02,4.513885941564860e+00
3.377765505964518e+02,4.513880765735961e+00
3.378265505964519e+02,4.513875590010394e+00
3.378765505964519e+02,4.513870414387987e+00
3.379265505964519e+02,4.513865238868667e+00
3.379765505964519e+02,4.513860063452266e+00
3.380265505964519e+02,4.513854888138581e+00
3.380765505964519e+02,4.513849712927537e+00
3.381265505964519e+02,4.513844537818978e+00
3.381765505964519e+02,4.513839362812728e+00
3.382265505964519e+02,4.513834187908640e+00
3.382765505964520e+02,4.513829013106592e+00
3.383265505964520e+02,4.513823838406485e+00
3.383765505964520e+02,4.513818663808123e+00
3.384265505964520e+02,4.513813489311360e+00
3.384765505964520e+02,4.513808314916114e+00
3.385265505964520e+02,4.513803140622221e+00
3.385765505964520e+02,4.513797966429498e+00
3.386265505964520e+02,4.513792792337813e+00
3.386765505964520e+02,4.513787618347058e+00
3.387265505964521e+02,4.513782444457100e+00
3.387765505964521e+02,4.513777270667796e+00
3.388265505964521e+02,4.513772096978979e+00
3.388765505964521e+02,4.513766923390469e+00
3.389265505964521e+02,4.513761749902208e+00
3.389765505964521e+02,4.513756576514056e+00
3.390265505964521e+02,4.513751403225780e+00
3.390765505964521e+02,4.513746230037274e+00
3.391265505964521e+02,4.513741056948447e+00
3.391765505964522e+02,4.513735883959161e+00
3.392265505964522e+02,4.513730711069283e+00
3.392765505964522e+02,4.513725538278657e+00
3.393265505964522e+02,4.513720365587129e+00
3.393765505964522e+02,4.513715192994574e+00
3.394265505964522e+02,4.513710020500854e+00
3.394765505964522e+02,4.513704848105811e+00
3.395265505964522e+02,4.513699675809332e+00
3.395765505964523e+02,4.513694503611281e+00
3.396265505964523e+02,4.513689331511493e+00
3.396765505964523e+02,4.513684159509866e+00
3.397265505964523e+02,4.513678987606261e+00
3.397765505964523e+02,4.513673815800511e+00
3.398265505964523e+02,4.513668644092513e+00
3.398765505964523e+02,4.513663472482126e+00
3.399265505964523e+02,4.513658300969201e+00
3.399765505964523e+02,4.513653129553632e+00
3.400265505964524e+02,4.513647958235235e+00
3.400765505964524e+02,4.513642787013879e+00
3.401265505964524e+02,4.513637615889439e+00
3.401765505964524e+02,4.513632444861780e+00
3.402265505964524e+02,4.513627273930839e+00
3.402765505964524e+02,4.513622103096429e+00
3.403265505964524e+02,4.513616932358381e+00
3.403765505964524e+02,4.513611761716597e+00
3.404265505964524e+02,4.513606591170917e+00
3.404765505964525e+02,4.513601420721223e+00
3.405265505964525e+02,4.513596250367402e+00
3.405765505964525e+02,4.513591080109318e+00
3.406265505964525e+02,4.513585909946846e+00
3.406765505964525e+02,4.513580739879797e+00
3.407265505964525e+02,4.513575569908030e+00
3.407765505964525e+02,4.513570400031497e+00
3.408265505964525e+02,4.513565230250059e+00
3.408765505964525e+02,4.513560060563504e+00
3.409265505964526e+02,4.513554890971721e+00
3.409765505964526e+02,4.513549721474657e+00
3.410265505964526e+02,4.513544552072176e+00
3.410765505964526e+02,4.513539382764071e+00
3.411265505964526e+02,4.513534213550181e+00
3.411765505964526e+02,4.513529044430425e+00
3.412265505964526e+02,4.513523875404713e+00
3.412765505964526e+02,4.513518706472888e+00
3.413265505964526e+02,4.513513537634829e+00
3.413765505964527e+02,4.513508368890410e+00
3.414265505964527e+02,4.513503200239437e+00
3.414765505964527e+02,4.513498031681828e+00
3.415265505964527e+02,4.513492863217498e+00
3.415765505964527e+02,4.513487694846200e+00
3.416265505964527e+02,4.513482526567822e+00
3.416765505964527e+02,4.513477358382357e+00
3.417265505964527e+02,4.513472190289622e+00
3.417765505964528e+02,4.513467022289472e+00
3.418265505964528e+02,4.513461854381801e+00
3.418765505964528e+02,4.513456686566428e+00
3.419265505964528e+02,4.513451518843216e+00
3.419765505964528e+02,4.513446351212115e+00
3.420265505964528e+02,4.513441183673028e+00
3.420765505964528e+02,4.513436016225737e+00
3.421265505964528e+02,4.513430848870087e+00
3.421765505964528e+02,4.513425681606041e+00
3.422265505964529e+02,4.513420514433447e+00
3.422765505964529e+02,4.513415347352125e+00
3.423265505964529e+02,4.513410180362014e+00
3.423765505964529e+02,4.513405013462944e+00
3.424265505964529e+02,4.513399846654778e+00
3.424765505964529e+02,4.513394679937433e+00
3.425265505964529e+02,4.513389513310796e+00
3.425765505964529e+02,4.513384346774757e+00
3.426265505964529e+02,4.513379180329080e+00
3.426765505964530e+02,4.513374013973679e+00
3.427265505964530e+02,4.513368847708529e+00
3.427765505964530e+02,4.513363681533439e+00
3.428265505964530e+02,4.513358515448238e+00
3.428765505964530e+02,4.513353349452849e+00
3.429265505964530e+02,4.513348183547171e+00
3.429765505964530e+02,4.513343017731033e+00
3.430265505964530e+02,4.513337852004300e+00
3.430765505964530e+02,4.513332686366898e+00
3.431265505964531e+02,4.513327520818683e+00
3.431765505964531e+02,4.513322355359516e+00
3.432265505964531e+02,4.513317189989309e+00
3.432765505964531e+02,4.513312024707951e+00
3.433265505964531e+02,4.513306859515250e+00
3.433765505964531e+02,4.513301694411094e+00
3.434265505964531e+02,4.513296529395413e+00
3.434765505964531e+02,4.513291364468048e+00
3.435265505964531e+02,4.513286199628899e+00
3.435765505964532e+02,4.513281034877843e+00
3.436265505964532e+02,4.513275870214715e+00
3.436765505964532e+02,4.513270705639403e+00
3.437265505964532e+02,4.513265541151840e+00
3.437765505964532e+02,4.513260376751929e+00
3.438265505964532e+02,4.513255212439453e+00
3.438765505964532e+02,4.513250048214267e+00
3.439265505964532e+02,4.513244884076335e+00
3.439765505964533e+02,4.513239720025529e+00
3.440265505964533e+02,4.513234556061701e+00
3.440765505964533e+02,4.513229392184752e+00
3.441265505964533e+02,4.513224228394583e+00
3.441765505964533e+02,4.513219064691063e+00
3.442265505964533e+02,4.513213901074017e+00
3.442765505964533e+02,4.513208737543348e+00
3.443265505964533e+02,4.513203574098974e+00
3.443765505964533e+02,4.513198410740745e+00
3.444265505964534e+02,4.513193247468556e+00
3.444765505964534e+02,4.513188084282294e+00
3.445265505964534e+02,4.513182921181810e+00
3.445765505964534e+02,4.513177758166978e+00
3.446265505964534e+02,4.513172595237690e+00
3.446765505964534e+02,4.513167432393873e+00
3.447265505964534e+02,4.513162269635405e+00
3.447765505964534e+02,4.513157106962101e+00
3.448265505964534e+02,4.513151944373869e+00
3.448765505964535e+02,4.513146781870657e+00
3.449265505964535e+02,4.513141619452289e+00
3.449765505964535e+02,4.513136457118609e+00
3.450265505964535e+02,4.513131294869591e+00
3.450765505964535e+02,4.513126132705104e+00
3.451265505964535e+02,4.513120970624971e+00
3.451765505964535e+02,4.513115808629082e+00
3.452265505964535e+02,4.513110646717352e+00
3.452765505964535e+02,4.513105484889658e+00
3.453265505964536e+02,4.513100323145862e+00
3.453765505964536e+02,4.513095161485871e+00
3.454265505964536e+02,4.513089999909574e+00
3.454765505964536e+02,4.513084838416860e+00
3.455265505964536e+02,4.513079677007631e+00
3.455765505964536e+02,4.513074515681744e+00
3.456265505964536e+02,4.513069354439056e+00
3.456765505964536e+02,4.513064193279476e+00
3.457265505964536e+02,4.513059032202881e+00
3.457765505964537e+02,4.513053871209160e+00
3.458265505964537e+02,4.513048710298241e+00
3.458765505964537e+02,4.513043549469983e+00
3.459265505964537e+02,4.513038388724257e+00
3.459765505964537e+02,4.513033228060922e+00
3.460265505964537e+02,4.513028067479893e+00
3.460765505964537e+02,4.513022906981097e+00
3.461265505964537e+02,4.513017746564354e+00
3.461765505964538e+02,4.513012586229581e+00
3.462265505964538e+02,4.513007425976726e+00
3.462765505964538e+02,4.513002265805624e+00
3.463265505964538e+02,4.512997105716097e+00
3.463765505964538e+02,4.512991945708066e+00
3.464265505964538e+02,4.512986785781472e+00
3.464765505964538e+02,4.512981625936183e+00
3.465265505964538e+02,4.512976466172062e+00
3.465765505964538e+02,4.512971306489003e+00
3.466265505964539e+02,4.512966146886917e+00
3.466765505964539e+02,4.512960987365688e+00
3.467265505964539e+02,4.512955827925221e+00
3.467765505964539e+02,4.512950668565389e+00
3.468265505964539e+02,4.512945509286022e+00
3.468765505964539e+02,4.512940350087037e+00
3.469265505964539e+02,4.512935190968365e+00
3.469765505964539e+02,4.512930031929880e+00
3.470265505964539e+02,4.512924872971469e+00
3.470765505964540e+02,4.512919714093019e+00
3.471265505964540e+02,4.512914555294389e+00
3.471765505964540e+02,4.512909396575517e+00
3.472265505964540e+02,4.512904237936323e+00
3.472765505964540e+02,4.512899079376619e+00
3.473265505964540e+02,4.512893920896283e+00
3.473765505964540e+02,4.512888762495287e+00
3.474265505964540e+02,4.512883604173497e+00
3.474765505964540e+02,4.512878445930768e+00
3.475265505964541e+02,4.512873287767034e+00
3.475765505964541e+02,4.512868129682174e+00
3.476265505964541e+02,4.512862971676040e+00
3.476765505964541e+02,4.512857813748522e+00
3.477265505964541e+02,4.512852655899567e+00
3.477765505964541e+02,4.512847498129068e+00
3.478265505964541e+02,4.512842340436882e+00
3.478765505964541e+02,4.512837182822921e+00
3.479265505964541e+02,4.512832025287062e+00
3.479765505964542e+02,4.512826867829192e+00
3.480265505964542e+02,4.512821710449230e+00
3.480765505964542e+02,4.512816553147064e+00
3.481265505964542e+02,4.512811395922561e+00
3.481765505964542e+02,4.512806238775612e+00
3.482265505964542e+02,4.512801081706136e+00
3.482765505964542e+02,4.512795924714045e+00
3.483265505964542e+02,4.512790767799238e+00
3.483765505964543e+02,4.512785610961561e+00
3.484265505964543e+02,4.512780454200855e+00
3.484765505964543e+02,4.512775297517104e+00
3.485265505964543e+02,4.512770140910257e+00
3.485765505964543e+02,4.512764984380106e+00
3.486265505964543e+02,4.512759827926514e+00
3.486765505964543e+02,4.512754671549451e+00
3.487265505964543e+02,4.512749515248834e+00
3.487765505964543e+02,4.512744359024514e+00
3.488265505964544e+02,4.512739202876354e+00
3.488765505964544e+02,4.512734046804304e+00
3.489265505964544e+02,4.512728890808257e+00
3.489765505964544e+02,4.512723734888097e+00
3.490265505964544e+02,4.512718579043708e+00
3.490765505964544e+02,4.512713423274973e+00
3.491265505964544e+02,4.512708267581822e+00
3.491765505964544e+02,4.512703111964134e+00
3.492265505964544e+02,4.512697956421792e+00
3.492765505964545e+02,4.512692800954683e+00
3.493265505964545e+02,4.512687645562747e+00
3.493765505964545e+02,4.512682490245915e+00
3.494265505964545e+02,4.512677335004016e+00
3.494765505964545e+02,4.512672179836953e+00
3.495265505964545e+02,4.512667024744633e+00
3.495765505964545e+02,4.512661869726933e+00
3.496265505964545e+02,4.512656714783761e+00
3.496765505964545e+02,4.512651559915012e+00
3.497265505964546e+02,4.512646405120631e+00
3.497765505964546e+02,4.512641250400524e+00
3.498265505964546e+02,4.512636095754526e+00
3.498765505964546e+02,4.512630941182532e+00
3.499265505964546e+02,4.512625786684460e+00
3.499765505964546e+02,4.512620632260224e+00
3.500265505964546e+02,4.512615477909692e+00
3.500765505964546e+02,4.512610323632766e+00
3.501265505964546e+02,4.512605169429394e+00
3.501765505964547e+02,4.512600015299463e+00
3.502265505964547e+02,4.512594861242831e+00
3.502765505964547e+02,4.512589707259393e+00
3.503265505964547e+02,4.512584553349097e+00
3.503765505964547e+02,4.512579399511837e+00
3.504265505964547e+02,4.512574245747463e+00
3.504765505964547e+02,4.512569092055902e+00
3.505265505964547e+02,4.512563938437100e+00
3.505765505964548e+02,4.512558784890884e+00
3.506265505964548e+02,4.512553631417142e+00
3.506765505964548e+02,4.512548478015858e+00
3.507265505964548e+02,4.512543324686916e+00
3.507765505964548e+02,4.512538171430186e+00
3.508265505964548e+02,4.512533018245571e+00
3.508765505964548e+02,4.512527865132972e+00
3.509265505964548e+02,4.512522712092301e+00
3.509765505964548e+02,4.512517559123436e+00
3.510265505964549e+02,4.512512406226281e+00
3.510765505964549e+02,4.512507253400785e+00
3.511265505964549e+02,4.512502100646833e+00
3.511765505964549e+02,4.512496947964287e+00
3.512265505964549e+02,4.512491795353050e+00
3.512765505964549e+02,4.512486642813065e+00
3.513265505964549e+02,4.512481490344253e+00
3.513765505964549e+02,4.512476337946476e+00
3.514265505964549e+02,4.512471185619657e+00
3.514765505964550e+02,4.512466033363693e+00
3.515265505964550e+02,4.512460881178430e+00
3.515765505964550e+02,4.512455729063812e+00
3.516265505964550e+02,4.512450577019773e+00
3.516765505964550e+02,4.512445425046199e+00
3.517265505964550e+02,4.512440273142986e+00
3.517765505964550e+02,4.512435121310013e+00
3.518265505964550e+02,4.512429969547215e+00
3.518765505964550e+02,4.512424817854485e+00
3.519265505964551e+02,4.512419666231711e+00
3.519765505964551e+02,4.512414514678841e+00
3.520265505964551e+02,4.512409363195760e+00
3.520765505964551e+02,4.512404211782374e+00
3.521265505964551e+02,4.512399060438613e+00
3.521765505964551e+02,4.512393909164352e+00
3.522265505964551e+02,4.512388757959472e+00
3.522765505964551e+02,4.512383606823859e+00
3.523265505964551e+02,4.512378455757474e+00
3.523765505964552e+02,4.512373304760280e+00
3.524265505964552e+02,4.512368153832083e+00
3.524765505964552e+02,4.512363002972771e+00
3.525265505964552e+02,4.512357852182298e+00
3.525765505964552e+02,4.512352701460574e+00
3.526265505964552e+02,4.512347550807518e+00
3.526765505964552e+02,4.512342400223008e+00
3.527265505964552e+02,4.512337249706970e+00
3.527765505964553e+02,4.512332099259314e+00
3.528265505964553e+02,4.512326948879893e+00
3.528765505964553e+02,4.512321798568642e+00
3.529265505964553e+02,4.512316648325497e+00
3.529765505964553e+02,4.512311498150336e+00
3.530265505964553e+02,4.512306348043071e+00
3.530765505964553e+02,4.512301198003611e+00
3.531265505964553e+02,4.512296048031882e+00
3.531765505964553e+02,4.512290898127799e+00
3.532265505964554e+02,4.512285748291224e+00
3.532765505964554e+02,4.512280598522070e+00
3.533265505964554e+02,4.512275448820294e+00
3.533765505964554e+02,4.512270299185762e+00
3.534265505964554e+02,4.512265149618366e+00
3.534765505964554e+02,4.512260000118055e+00
3.535265505964554e+02,4.512254850684727e+00
3.535765505964554e+02,4.512249701318281e+00
3.536265505964554e+02,4.512244552018630e+00
3.536765505964555e+02,4.512239402785651e+00
3.537265505964555e+02,4.512234253619302e+00
3.537765505964555e+02,4.512229104519512e+00
3.538265505964555e+02,4.512223955486134e+00
3.538765505964555e+02,4.512218806519070e+00
3.539265505964555e+02,4.512213657618237e+00
3.539765505964555e+02,4.512208508783568e+00
3.540265505964555e+02,4.512203360015016e+00
3.540765505964555e+02,4.512198211312444e+00
3.541265505964556e+02,4.512193062675728e+00
3.541765505964556e+02,4.512187914104827e+00
3.542265505964556e+02,4.512182765599642e+00
3.542765505964556e+02,4.512177617160039e+00
3.543265505964556e+02,4.512172468785953e+00
3.543765505964556e+02,4.512167320477348e+00
3.544265505964556e+02,4.512162172234121e+00
3.544765505964556e+02,4.512157024056143e+00
3.545265505964556e+02,4.512151875943310e+00
3.545765505964557e+02,4.512146727895531e+00
3.546265505964557e+02,4.512141579912741e+00
3.546765505964557e+02,4.512136431994890e+00
3.547265505964557e+02,4.512131284141860e+00
3.547765505964557e+02,4.512126136353546e+00
3.548265505964557e+02,4.512120988629884e+00
3.548765505964557e+02,4.512115840970784e+00
3.549265505964557e+02,4.512110693376139e+00
3.549765505964558e+02,4.512105545845859e+00
3.550265505964558e+02,4.512100398379868e+00
3.550765505964558e+02,4.512095250978079e+00
3.551265505964558e+02,4.512090103640407e+00
3.551765505964558e+02,4.512084956366761e+00
3.552265505964558e+02,4.512079809157054e+00
3.552765505964558e+02,4.512074662011225e+00
3.553265505964558e+02,4.512069514929156e+00
3.553765505964558e+02,4.512064367910723e+00
3.554265505964559e+02,4.512059220955868e+00
3.554765505964559e+02,4.512054074064523e+00
3.555265505964559e+02,4.512048927236616e+00
3.555765505964559e+02,4.512043780472045e+00
3.556265505964559e+02,4.512038633770744e+00
3.556765505964559e+02,4.512033487132616e+00
3.557265505964559e+02,4.512028340557514e+00
3.557765505964559e+02,4.512023194045389e+00
3.558265505964559e+02,4.512018047596183e+00
3.558765505964560e+02,4.512012901209776e+00
3.559265505964560e+02,4.512007754886103e+00
3.559765505964560e+02,4.512002608625076e+00
3.560265505964560e+02,4.511997462426615e+00
3.560765505964560e+02,4.511992316290660e+00
3.561265505964560e+02,4.511987170217069e+00
3.561765505964560e+02,4.511982024205768e+00
3.562265505964560e+02,4.511976878256702e+00
3.562765505964560e+02,4.511971732369731e+00
3.563265505964561e+02,4.511966586544824e+00
3.563765505964561e+02,4.511961440781914e+00
3.564265505964561e+02,4.511956295080872e+00
3.564765505964561e+02,4.511951149441642e+00
3.565265505964561e+02,4.511946003864108e+00
3.565765505964561e+02,4.511940858348188e+00
3.566265505964561e+02,4.511935712893814e+00
3.566765505964561e+02,4.511930567500893e+00
3.567265505964561e+02,4.511925422169358e+00
3.567765505964562e+02,4.511920276899130e+00
3.568265505964562e+02,4.511915131690112e+00
3.568765505964562e+02,4.511909986542214e+00
3.569265505964562e+02,4.511904841455376e+00
3.569765505964562e+02,4.511899696429502e+00
3.570265505964562e+02,4.511894551464477e+00
3.570765505964562e+02,4.511889406560257e+00
3.571265505964562e+02,4.511884261716752e+00
3.571765505964563e+02,4.511879116933887e+00
3.572265505964563e+02,4.511873972211585e+00
3.572765505964563e+02,4.511868827549740e+00
3.573265505964563e+02,4.511863682948250e+00
3.573765505964563e+02,4.511858538407068e+00
3.574265505964563e+02,4.511853393926136e+00
3.574765505964563e+02,4.511848249505307e+00
3.575265505964563e+02,4.511843105144509e+00
3.575765505964563e+02,4.511837960843729e+00
3.576265505964564e+02,4.511832816602863e+00
3.576765505964564e+02,4.511827672421792e+00
3.577265505964564e+02,4.511822528300429e+00
3.577765505964564e+02,4.511817384238710e+00
3.578265505964564e+02,4.511812240236582e+00
3.578765505964564e+02,4.511807096293925e+00
3.579265505964564e+02,4.511801952410664e+00
3.579765505964564e+02,4.511796808586761e+00
3.580265505964564e+02,4.511791664822105e+00
3.580765505964565e+02,4.511786521116613e+00
3.581265505964565e+02,4.511781377470216e+00
3.581765505964565e+02,4.511776233882826e+00
3.582265505964565e+02,4.511771090354351e+00
3.582765505964565e+02,4.511765946884740e+00
3.583265505964565e+02,4.511760803473895e+00
3.583765505964565e+02,4.511755660121699e+00
3.584265505964565e+02,4.511750516828095e+00
3.584765505964565e+02,4.511745373593041e+00
3.585265505964566e+02,4.511740230416446e+00
3.585765505964566e+02,4.511735087298192e+00
3.586265505964566e+02,4.511729944238223e+00
3.586765505964566e+02,4.511724801236487e+00
3.587265505964566e+02,4.511719658292868e+00
3.587765505964566e+02,4.511714515407296e+00
3.588265505964566e+02,4.511709372579700e+00
3.588765505964566e+02,4.511704229809995e+00
3.589265505964567e+02,4.511699087098106e+00
3.589765505964567e+02,4.511693944443949e+00
3.590265505964567e+02,4.511688801847465e+00
3.590765505964567e+02,4.511683659308575e+00
3.591265505964567e+02,4.511678516827202e+00
3.591765505964567e+02,4.511673374403262e+00
3.592265505964567e+02,4.511668232036643e+00
3.592765505964567e+02,4.511663089727236e+00
3.593265505964567e+02,4.511657947475038e+00
3.593765505964568e+02,4.511652805280009e+00
3.594265505964568e+02,4.511647663142007e+00
3.594765505964568e+02,4.511642521060952e+00
3.595265505964568e+02,4.511637379036785e+00
3.595765505964568e+02,4.511632237069409e+00
3.596265505964568e+02,4.511627095158760e+00
3.596765505964568e+02,4.511621953304759e+00
3.597265505964568e+02,4.511616811507335e+00
3.597765505964568e+02,4.511611669766451e+00
3.598265505964569e+02,4.511606528081987e+00
3.598765505964569e+02,4.511601386453854e+00
3.599265505964569e+02,4.511596244881979e+00
3.599765505964569e+02,4.511591103366277e+00
3.600265505964569e+02,4.511585961906694e+00
3.600765505964569e+02,4.511580820503143e+00
3.601265505964569e+02,4.511575679155585e+00
3.601765505964569e+02,4.511570537863959e+00
3.602265505964569e+02,4.511565396628125e+00
3.602765505964570e+02,4.511560255447999e+00
3.603265505964570e+02,4.511555114323546e+00
3.603765505964570e+02,4.511549973254696e+00
3.604265505964570e+02,4.511544832241388e+00
3.604765505964570e+02,4.511539691283491e+00
3.605265505964570e+02,4.511534550380904e+00
3.605765505964570e+02,4.511529409533636e+00
3.606265505964570e+02,4.511524268741633e+00
3.606765505964570e+02,4.511519128004778e+00
3.607265505964571e+02,4.511513987322950e+00
3.607765505964571e+02,4.511508846696095e+00
3.608265505964571e+02,4.511503706124171e+00
3.608765505964571e+02,4.511498565607079e+00
3.609265505964571e+02,4.511493425144756e+00
3.609765505964571e+02,4.511488284737152e+00
3.610265505964571e+02,4.511483144384171e+00
3.610765505964571e+02,4.511478004085722e+00
3.611265505964572e+02,4.511472863841709e+00
3.611765505964572e+02,4.511467723652085e+00
3.612265505964572e+02,4.511462583516824e+00
3.612765505964572e+02,4.511457443435843e+00
3.613265505964572e+02,4.511452303409019e+00
3.613765505964572e+02,4.511447163436277e+00
3.614265505964572e+02,4.511442023517595e+00
3.614765505964572e+02,4.511436883652890e+00
3.615265505964572e+02,4.511431743842049e+00
3.615765505964573e+02,4.511426604085028e+00
3.616265505964573e+02,4.511421464381740e+00
3.616765505964573e+02,4.511416324732076e+00
3.617265505964573e+02,4.511411185136049e+00
3.617765505964573e+02,4.511406045593582e+00
3.618265505964573e+02,4.511400906104536e+00
3.618765505964573e+02,4.511395766668876e+00
3.619265505964573e+02,4.511390627286556e+00
3.619765505964573e+02,4.511385487957487e+00
3.620265505964574e+02,4.511380348681504e+00
3.620765505964574e+02,4.511375209458582e+00
3.621265505964574e+02,4.511370070288784e+00
3.621765505964574e+02,4.511364931171951e+00
3.622265505964574e+02,4.511359792107920e+00
3.622765505964574e+02,4.511354653096667e+00
3.623265505964574e+02,4.511349514138182e+00
3.623765505964574e+02,4.511344375232395e+00
3.624265505964574e+02,4.511339236379205e+00
3.624765505964575e+02,4.511334097578556e+00
3.625265505964575e+02,4.511328958830337e+00
3.625765505964575e+02,4.511323820134477e+00
3.626265505964575e+02,4.511318681490952e+00
3.626765505964575e+02,4.511313542899660e+00
3.627265505964575e+02,4.511308404360507e+00
3.627765505964575e+02,4.511303265873489e+00
3.628265505964575e+02,4.511298127438531e+00
3.628765505964575e+02,4.511292989055517e+00
3.629265505964576e+02,4.511287850724382e+00
3.629765505964576e+02,4.511282712445043e+00
3.630265505964576e+02,4.511277574217449e+00
3.630765505964576e+02,4.511272436041555e+00
3.631265505964576e+02,4.511267297917274e+00
3.631765505964576e+02,4.511262159844558e+00
3.632265505964576e+02,4.511257021823333e+00
3.632765505964576e+02,4.511251883853475e+00
3.633265505964577e+02,4.511246745934919e+00
3.633765505964577e+02,4.511241608067651e+00
3.634265505964577e+02,4.511236470251622e+00
3.634765505964577e+02,4.511231332486709e+00
3.635265505964577e+02,4.511226194772813e+00
3.635765505964577e+02,4.511221057109918e+00
3.636265505964577e+02,4.511215919497972e+00
3.636765505964577e+02,4.511210781936858e+00
3.637265505964577e+02,4.511205644426520e+00
3.637765505964578e+02,4.511200506966928e+00
3.638265505964578e+02,4.511195369557986e+00
3.638765505964578e+02,4.511190232199610e+00
3.639265505964578e+02,4.511185094891727e+00
3.639765505964578e+02,4.511179957634306e+00
3.640265505964578e+02,4.511174820427280e+00
3.640765505964578e+02,4.511169683270559e+00
3.641265505964578e+02,4.511164546164090e+00
3.641765505964578e+02,4.511159409107755e+00
3.642265505964579e+02,4.511154272101514e+00
3.642765505964579e+02,4.511149135145352e+00
3.643265505964579e+02,4.511143998239167e+00
3.643765505964579e+02,4.511138861382888e+00
3.644265505964579e+02,4.511133724576427e+00
3.644765505964579e+02,4.511128587819723e+00
3.645265505964579e+02,4.511123451112725e+00
3.645765505964579e+02,4.511118314455387e+00
3.646265505964579e+02,4.511113177847672e+00
3.646765505964580e+02,4.511108041289446e+00
3.647265505964580e+02,4.511102904780616e+00
3.647765505964580e+02,4.511097768321168e+00
3.648265505964580e+02,4.511092631911046e+00
3.648765505964580e+02,4.511087495550118e+00
3.649265505964580e+02,4.511082359238355e+00
3.649765505964580e+02,4.511077222975735e+00
3.650265505964580e+02,4.511072086762147e+00
3.650765505964580e+02,4.511066950597530e+00
3.651265505964581e+02,4.511061814481831e+00
3.651765505964581e+02,4.511056678414976e+00
3.652265505964581e+02,4.511051542396904e+00
3.652765505964581e+02,4.511046406427561e+00
3.653265505964581e+02,4.511041270506881e+00
3.653765505964581e+02,4.511036134634756e+00
3.654265505964581e+02,4.511030998811113e+00
3.654765505964581e+02,4.511025863035967e+00
3.655265505964582e+02,4.511020727309252e+00
3.655765505964582e+02,4.511015591630827e+00
3.656265505964582e+02,4.511010456000633e+00
3.656765505964582e+02,4.511005320418649e+00
3.657265505964582e+02,4.511000184884820e+00
3.657765505964582e+02,4.510995049399047e+00
3.658265505964582e+02,4.510989913961249e+00
3.658765505964582e+02,4.510984778571379e+00
3.659265505964582e+02,4.510979643229357e+00
3.659765505964583e+02,4.510974507935164e+00
3.660265505964583e+02,4.510969372688783e+00
3.660765505964583e+02,4.510964237490054e+00
3.661265505964583e+02,4.510959102338928e+00
3.661765505964583e+02,4.510953967235380e+00
3.662265505964583e+02,4.510948832179320e+00
3.662765505964583e+02,4.510943697170685e+00
3.663265505964583e+02,4.510938562209387e+00
3.663765505964583e+02,4.510933427295405e+00
3.664265505964584e+02,4.510928292428685e+00
3.664765505964584e+02,4.510923157609121e+00
3.665265505964584e+02,4.510918022836678e+00
3.665765505964584e+02,4.510912888111263e+00
3.666265505964584e+02,4.510907753432802e+00
3.666765505964584e+02,4.510902618801281e+00
3.667265505964584e+02,4.510897484216612e+00
3.667765505964584e+02,4.510892349678725e+00
3.668265505964584e+02,4.510887215187582e+00
3.668765505964585e+02,4.510882080743130e+00
3.669265505964585e+02,4.510876946345303e+00
3.669765505964585e+02,4.510871811993982e+00
3.670265505964585e+02,4.510866677689142e+00
3.670765505964585e+02,4.510861543430793e+00
3.671265505964585e+02,4.510856409218823e+00
3.671765505964585e+02,4.510851275053110e+00
3.672265505964585e+02,4.510846140933601e+00
3.672765505964585e+02,4.510841006860288e+00
3.673265505964586e+02,4.510835872833086e+00
3.673765505964586e+02,4.510830738851902e+00
3.674265505964586e+02,4.510825604916757e+00
3.674765505964586e+02,4.510820471027562e+00
3.675265505964586e+02,4.510815337184183e+00
3.675765505964586e+02,4.510810203386625e+00
3.676265505964586e+02,4.510805069634854e+00
3.676765505964586e+02,4.510799935928741e+00
3.677265505964587e+02,4.510794802268235e+00
3.677765505964587e+02,4.510789668653287e+00
3.678265505964587e+02,4.510784535083832e+00
3.678765505964587e+02,4.510779401559827e+00
3.679265505964587e+02,4.510774268081203e+00
3.679765505964587e+02,4.510769134647892e+00
3.680265505964587e+02,4.510764001259864e+00
3.680765505964587e+02,4.510758867917073e+00
3.681265505964587e+02,4.510753734619403e+00
3.681765505964588e+02,4.510748601366775e+00
3.682265505964588e+02,4.510743468159189e+00
3.682765505964588e+02,4.510738334996583e+00
3.683265505964588e+02,4.510733201878853e+00
3.683765505964588e+02,4.510728068805959e+00
3.684265505964588e+02,4.510722935777857e+00
3.684765505964588e+02,4.510717802794471e+00
3.685265505964588e+02,4.510712669855716e+00
3.685765505964588e+02,4.510707536961561e+00
3.686265505964589e+02,4.510702404111986e+00
3.686765505964589e+02,4.510697271306914e+00
3.687265505964589e+02,4.510692138546249e+00
3.687765505964589e+02,4.510687005829944e+00
3.688265505964589e+02,4.510681873157929e+00
3.688765505964589e+02,4.510676740530144e+00
3.689265505964589e+02,4.510671607946581e+00
3.689765505964589e+02,4.510666475407125e+00
3.690265505964589e+02,4.510661342911737e+00
3.690765505964590e+02,4.510656210460403e+00
3.691265505964590e+02,4.510651078052988e+00
3.691765505964590e+02,4.510645945689484e+00
3.692265505964590e+02,4.510640813369849e+00
3.692765505964590e+02,4.510635681093931e+00
3.693265505964590e+02,4.510630548861736e+00
3.693765505964590e+02,4.510625416673219e+00
3.694265505964590e+02,4.510620284528316e+00
3.694765505964590e+02,4.510615152426987e+00
3.695265505964591e+02,4.510610020369104e+00
3.695765505964591e+02,4.510604888354646e+00
3.696265505964591e+02,4.510599756383599e+00
3.696765505964591e+02,4.510594624455849e+00
3.697265505964591e+02,4.510589492571335e+00
3.697765505964591e+02,4.510584360730029e+00
3.698265505964591e+02,4.510579228931885e+00
3.698765505964591e+02,4.510574097176836e+00
3.699265505964592e+02,4.510568965464794e+00
3.699765505964592e+02,4.510563833795695e+00
3.700265505964592e+02,4.510558702169525e+00
3.700765505964592e+02,4.510553570586210e+00
3.701265505964592e+02,4.510548439045691e+00
3.701765505964592e+02,4.510543307547961e+00
3.702265505964592e+02,4.510538176092941e+00
3.702765505964592e+02,4.510533044680514e+00
3.703265505964592e+02,4.510527913310643e+00
3.703765505964593e+02,4.510522781983313e+00
3.704265505964593e+02,4.510517650698417e+00
3.704765505964593e+02,4.510512519455926e+00
3.705265505964593e+02,4.510507388255819e+00
3.705765505964593e+02,4.510502257097996e+00
3.706265505964593e+02,4.510497125982398e+00
3.706765505964593e+02,4.510491994908994e+00
3.707265505964593e+02,4.510486863877722e+00
3.707765505964593e+02,4.510481732888489e+00
3.708265505964594e+02,4.510476601941275e+00
3.708765505964594e+02,4.510471471036048e+00
3.709265505964594e+02,4.510466340172731e+00
3.709765505964594e+02,4.510461209351251e+00
3.710265505964594e+02,4.510456078571525e+00
3.710765505964594e+02,4.510450947833551e+00
3.711265505964594e+02,4.510445817137277e+00
3.711765505964594e+02,4.510440686482584e+00
3.712265505964594e+02,4.510435555869459e+00
3.712765505964595e+02,4.510430425297891e+00
3.713265505964595e+02,4.510425294767783e+00
3.713765505964595e+02,4.510420164279077e+00
3.714265505964595e+02,4.510415033831712e+00
3.714765505964595e+02,4.510409903425643e+00
3.715265505964595e+02,4.510404773060853e+00
3.715765505964595e+02,4.510399642737228e+00
3.716265505964595e+02,4.510394512454696e+00
3.716765505964595e+02,4.510389382213257e+00
3.717265505964596e+02,4.510384252012872e+00
3.717765505964596e+02,4.510379121853464e+00
3.718265505964596e+02,4.510373991734931e+00
3.718765505964596e+02,4.510368861657259e+00
3.719265505964596e+02,4.510363731620419e+00
3.719765505964596e+02,4.510358601624321e+00
3.720265505964596e+02,4.510353471668934e+00
3.720765505964596e+02,4.510348341754205e+00
3.721265505964597e+02,4.510343211880047e+00
3.721765505964597e+02,4.510338082046433e+00
3.722265505964597e+02,4.510332952253321e+00
3.722765505964597e+02,4.510327822500636e+00
3.723265505964597e+02,4.510322692788328e+00
3.723765505964597e+02,4.510317563116332e+00
3.724265505964597e+02,4.510312433484597e+00
3.724765505964597e+02,4.510307303893087e+00
3.725265505964597e+02,4.510302174341763e+00
3.725765505964598e+02,4.510297044830552e+00
3.726265505964598e+02,4.510291915359364e+00
3.726765505964598e+02,4.510286785928190e+00
3.727265505964598e+02,4.510281656537006e+00
3.727765505964598e+02,4.510276527185696e+00
3.728265505964598e+02,4.510271397874228e+00
3.728765505964598e+02,4.510266268602601e+00
3.729265505964598e+02,4.510261139370712e+00
3.729765505964598e+02,4.510256010178521e+00
3.730265505964599e+02,4.510250881025972e+00
3.730765505964599e+02,4.510245751912970e+00
3.731265505964599e+02,4.510240622839505e+00
3.731765505964599e+02,4.510235493805523e+00
3.732265505964599e+02,4.510230364810985e+00
3.732765505964599e+02,4.510225235855832e+00
3.733265505964599e+02,4.510220106939997e+00
3.733765505964599e+02,4.510214978063439e+00
3.734265505964599e+02,4.510209849226110e+00
3.734765505964600e+02,4.510204720427956e+00
3.735265505964600e+02,4.510199591668882e+00
3.735765505964600e+02,4.510194462948892e+00
3.736265505964600e+02,4.510189334267979e+00
3.736765505964600e+02,4.510184205625987e+00
3.737265505964600e+02,4.510179077022890e+00
3.737765505964600e+02,4.510173948458716e+00
3.738265505964600e+02,4.510168819933355e+00
3.738765505964600e+02,4.510163691446721e+00
3.739265505964601e+02,4.510158562998795e+00
3.739765505964601e+02,4.510153434589538e+00
3.740265505964601e+02,4.510148306218886e+00
3.740765505964601e+02,4.510143177886808e+00
3.741265505964601e+02,4.510138049593208e+00
3.741765505964601e+02,4.510132921338048e+00
3.742265505964601e+02,4.510127793121358e+00
3.742765505964601e+02,4.510122664943027e+00
3.743265505964602e+02,4.510117536802952e+00
3.743765505964602e+02,4.510112408701149e+00
3.744265505964602e+02,4.510107280637563e+00
3.744765505964602e+02,4.510102152612119e+00
3.745265505964602e+02,4.510097024624790e+00
3.745765505964602e+02,4.510091896675492e+00
3.746265505964602e+02,4.510086768764201e+00
3.746765505964602e+02,4.510081640890892e+00
3.747265505964602e+02,4.510076513055482e+00
3.747765505964603e+02,4.510071385257907e+00
3.748265505964603e+02,4.510066257498151e+00
3.748765505964603e+02,4.510061129776182e+00
3.749265505964603e+02,4.510056002091890e+00
3.749765505964603e+02,4.510050874445258e+00
3.750265505964603e+02,4.510045746836252e+00
3.750765505964603e+02,4.510040619264751e+00
3.751265505964603e+02,4.510035491730743e+00
3.751765505964603e+02,4.510030364234247e+00
3.752265505964604e+02,4.510025236775187e+00
3.752765505964604e+02,4.510020109353478e+00
3.753265505964604e+02,4.510014981969088e+00
3.753765505964604e+02,4.510009854621947e+00
3.754265505964604e+02,4.510004727312010e+00
3.754765505964604e+02,4.509999600039262e+00
3.755265505964604e+02,4.509994472803614e+00
3.755765505964604e+02,4.509989345605032e+00
3.756265505964604e+02,4.509984218443496e+00
3.756765505964605e+02,4.509979091318920e+00
3.757265505964605e+02,4.509973964231249e+00
3.757765505964605e+02,4.509968837180464e+00
3.758265505964605e+02,4.509963710166525e+00
3.758765505964605e+02,4.509958583189355e+00
3.759265505964605e+02,4.509953456248915e+00
3.759765505964605e+02,4.509948329345149e+00
3.760265505964605e+02,4.509943202478031e+00
3.760765505964605e+02,4.509938075647526e+00
3.761265505964606e+02,4.509932948853534e+00
3.761765505964606e+02,4.509927822096011e+00
3.762265505964606e+02,4.509922695374943e+00
3.762765505964606e+02,4.509917568690316e+00
3.763265505964606e+02,4.509912442042030e+00
3.763765505964606e+02,4.509907315430018e+00
3.764265505964606e+02,4.509902188854252e+00
3.764765505964606e+02,4.509897062314661e+00
3.765265505964607e+02,4.509891935811285e+00
3.765765505964607e+02,4.509886809344064e+00
3.766265505964607e+02,4.509881682912855e+00
3.766765505964607e+02,4.509876556517649e+00
3.767265505964607e+02,4.509871430158421e+00
3.767765505964607e+02,4.509866303835102e+00
3.768265505964607e+02,4.509861177547641e+00
3.768765505964607e+02,4.509856051296037e+00
3.769265505964607e+02,4.509850925080264e+00
3.769765505964608e+02,4.509845798900220e+00
3.770265505964608e+02,4.509840672755843e+00
3.770765505964608e+02,4.509835546647109e+00
3.771265505964608e+02,4.509830420573992e+00
3.771765505964608e+02,4.509825294536427e+00
3.772265505964608e+02,4.509820168534337e+00
3.772765505964608e+02,4.509815042567704e+00
3.773265505964608e+02,4.509809916636486e+00
3.773765505964608e+02,4.509804790740634e+00
3.774265505964609e+02,4.509799664880119e+00
3.774765505964609e+02,4.509794539054868e+00
3.775265505964609e+02,4.509789413264821e+00
3.775765505964609e+02,4.509784287509945e+00
3.776265505964609e+02,4.509779161790241e+00
3.776765505964609e+02,4.509774036105643e+00
3.777265505964609e+02,4.509768910456082e+00
3.777765505964609e+02,4.509763784841529e+00
3.778265505964609e+02,4.509758659261896e+00
3.778765505964610e+02,4.509753533717157e+00
3.779265505964610e+02,4.509748408207331e+00
3.779765505964610e+02,4.509743282732346e+00
3.780265505964610e+02,4.509738157292100e+00
3.780765505964610e+02,4.509733031886538e+00
3.781265505964610e+02,4.509727906515670e+00
3.781765505964610e+02,4.509722781179443e+00
3.782265505964610e+02,4.509717655877789e+00
3.782765505964610e+02,4.509712530610714e+00
3.783265505964611e+02,4.509707405378155e+00
3.783765505964611e+02,4.509702280180004e+00
3.784265505964611e+02,4.509697155016259e+00
3.784765505964611e+02,4.509692029886915e+00
3.785265505964611e+02,4.509686904791929e+00
3.785765505964611e+02,4.509681779731230e+00
3.786265505964611e+02,4.509676654704746e+00
3.786765505964611e+02,4.509671529712430e+00
3.787265505964612e+02,4.509666404754246e+00
3.787765505964612e+02,4.509661279830183e+00
3.788265505964612e+02,4.509656154940200e+00
3.788765505964612e+02,4.509651030084161e+00
3.789265505964612e+02,4.509645905262042e+00
3.789765505964612e+02,4.509640780473910e+00
3.790265505964612e+02,4.509635655719724e+00
3.790765505964612e+02,4.509630530999377e+00
3.791265505964612e+02,4.509625406312787e+00
3.791765505964613e+02,4.509620281659946e+00
3.792265505964613e+02,4.509615157040792e+00
3.792765505964613e+02,4.509610032455266e+00
3.793265505964613e+02,4.509604907903401e+00
3.793765505964613e+02,4.509599783385104e+00
3.794265505964613e+02,4.509594658900317e+00
3.794765505964613e+02,4.509589534449066e+00
3.795265505964613e+02,4.509584410031261e+00
3.795765505964613e+02,4.509579285646784e+00
3.796265505964614e+02,4.509574161295678e+00
3.796765505964614e+02,4.509569036977926e+00
3.797265505964614e+02,4.509563912693419e+00
3.797765505964614e+02,4.509558788442130e+00
3.798265505964614e+02,4.509553664224027e+00
3.798765505964614e+02,4.509548540039081e+00
3.799265505964614e+02,4.509543415887238e+00
3.799765505964614e+02,4.509538291768463e+00
3.800265505964614e+02,4.509533167682701e+00
3.800765505964615e+02,4.509528043629895e+00
3.801265505964615e+02,4.509522919609998e+00
3.801765505964615e+02,4.509517795622974e+00
3.802265505964615e+02,4.509512671668827e+00
3.802765505964615e+02,4.509507547747500e+00
3.803265505964615e+02,4.509502423858911e+00
3.803765505964615e+02,4.509497300003008e+00
3.804265505964615e+02,4.509492176179759e+00
3.804765505964615e+02,4.509487052389185e+00
3.805265505964616e+02,4.509481928631250e+00
3.805765505964616e+02,4.509476804905822e+00
3.806265505964616e+02,4.509471681212860e+00
3.806765505964616e+02,4.509466557552400e+00
3.807265505964616e+02,4.509461433924350e+00
3.807765505964616e+02,4.509456310328649e+00
3.808265505964616e+02,4.509451186765316e+00
3.808765505964616e+02,4.509446063234278e+00
3.809265505964617e+02,4.509440939735483e+00
3.809765505964617e+02,4.509435816268893e+00
3.810265505964617e+02,4.509430692834440e+00
3.810765505964617e+02,4.509425569432146e+00
3.811265505964617e+02,4.509420446062011e+00
3.811765505964617e+02,4.509415322723910e+00
3.812265505964617e+02,4.509410199417765e+00
3.812765505964617e+02,4.509405076143587e+00
3.813265505964617e+02,4.509399952901334e+00
3.813765505964618e+02,4.509394829690964e+00
3.814265505964618e+02,4.509389706512433e+00
3.814765505964618e+02,4.509384583365697e+00
3.815265505964618e+02,4.509379460250714e+00
3.815765505964618e+02,4.509374337167461e+00
3.816265505964618e+02,4.509369214115906e+00
3.816765505964618e+02,4.509364091095956e+00
3.817265505964618e+02,4.509358968107574e+00
3.817765505964618e+02,4.509353845150775e+00
3.818265505964619e+02,4.509348722225528e+00
3.818765505964619e+02,4.509343599331737e+00
3.819265505964619e+02,4.509338476469342e+00
3.819765505964619e+02,4.509333353638350e+00
3.820265505964619e+02,4.509328230838708e+00
3.820765505964619e+02,4.509323108070363e+00
3.821265505964619e+02,4.509317985333324e+00
3.821765505964619e+02,4.509312862627522e+00
3.822265505964619e+02,4.509307739952870e+00
3.822765505964620e+02,4.509302617309373e+00
3.823265505964620e+02,4.509297494697024e+00
3.823765505964620e+02,4.509292372115761e+00
3.824265505964620e+02,4.509287249565514e+00
3.824765505964620e+02,4.509282127046220e+00
3.825265505964620e+02,4.509277004557892e+00
3.825765505964620e+02,4.509271882100490e+00
3.826265505964620e+02,4.509266759673922e+00
3.826765505964621e+02,4.509261637278208e+00
3.827265505964621e+02,4.509256514913341e+00
3.827765505964621e+02,4.509251392579211e+00
3.828265505964621e+02,4.509246270275749e+00
3.828765505964621e+02,4.509241148002970e+00
3.829265505964621e+02,4.509236025760861e+00
3.829765505964621e+02,4.509230903549337e+00
3.830265505964621e+02,4.509225781368369e+00
3.830765505964621e+02,4.509220659217950e+00
3.831265505964622e+02,4.509215537097973e+00
3.831765505964622e+02,4.509210415008382e+00
3.832265505964622e+02,4.509205292949219e+00
3.832765505964622e+02,4.509200170920446e+00
3.833265505964622e+02,4.509195048921967e+00
3.833765505964622e+02,4.509189926953767e+00
3.834265505964622e+02,4.509184805015818e+00
3.834765505964622e+02,4.509179683108093e+00
3.835265505964622e+02,4.509174561230573e+00
3.835765505964623e+02,4.509169439383143e+00
3.836265505964623e+02,4.509164317565789e+00
3.836765505964623e+02,4.509159195778511e+00
3.837265505964623e+02,4.509154074021258e+00
3.837765505964623e+02,4.509148952293997e+00
3.838265505964623e+02,4.509143830596627e+00
3.838765505964623e+02,4.509138708929115e+00
3.839265505964623e+02,4.509133587291521e+00
3.839765505964623e+02,4.509128465683773e+00
3.840265505964624e+02,4.509123344105765e+00
3.840765505964624e+02,4.509118222557494e+00
3.841265505964624e+02,4.509113101038932e+00
3.841765505964624e+02,4.509107979550050e+00
3.842265505964624e+02,4.509102858090847e+00
3.842765505964624e+02,4.509097736661225e+00
3.843265505964624e+02,4.509092615261133e+00
3.843765505964624e+02,4.509087493890570e+00
3.844265505964624e+02,4.509082372549462e+00
3.844765505964625e+02,4.509077251237786e+00
3.845265505964625e+02,4.509072129955539e+00
3.845765505964625e+02,4.509067008702679e+00
3.846265505964625e+02,4.509061887479155e+00
3.846765505964625e+02,4.509056766284921e+00
3.847265505964625e+02,4.509051645119945e+00
3.847765505964625e+02,4.509046523984177e+00
3.848265505964625e+02,4.509041402877586e+00
3.848765505964626e+02,4.509036281800141e+00
3.849265505964626e+02,4.509031160751799e+00
3.849765505964626e+02,4.509026039732528e+00
3.850265505964626e+02,4.509020918742285e+00
3.850765505964626e+02,4.509015797781053e+00
3.851265505964626e+02,4.509010676848805e+00
3.851765505964626e+02,4.509005555945469e+00
3.852265505964626e+02,4.509000435070981e+00
3.852765505964626e+02,4.508995314225334e+00
3.853265505964627e+02,4.508990193408527e+00
3.853765505964627e+02,4.508985072620477e+00
3.854265505964627e+02,4.508979951861182e+00
3.854765505964627e+02,4.508974831130624e+00
3.855265505964627e+02,4.508969710428715e+00
3.855765505964627e+02,4.508964589755426e+00
3.856265505964627e+02,4.508959469110711e+00
3.856765505964627e+02,4.508954348494544e+00
3.857265505964627e+02,4.508949227906895e+00
3.857765505964628e+02,4.508944107347749e+00
3.858265505964628e+02,4.508938986817074e+00
3.858765505964628e+02,4.508933866314819e+00
3.859265505964628e+02,4.508928745840916e+00
3.859765505964628e+02,4.508923625395344e+00
3.860265505964628e+02,4.508918504978094e+00
3.860765505964628e+02,4.508913384589108e+00
3.861265505964628e+02,4.508908264228330e+00
3.861765505964628e+02,4.508903143895733e+00
3.862265505964629e+02,4.508898023591330e+00
3.862765505964629e+02,4.508892903315101e+00
3.863265505964629e+02,4.508887783066918e+00
3.863765505964629e+02,4.508882662846719e+00
3.864265505964629e+02,4.508877542654568e+00
3.864765505964629e+02,4.508872422490438e+00
3.865265505964629e+02,4.508867302354238e+00
3.865765505964629e+02,4.508862182245951e+00
3.866265505964629e+02,4.508857062165565e+00
3.866765505964630e+02,4.508851942113030e+00
3.867265505964630e+02,4.508846822088287e+00
3.867765505964630e+02,4.508841702091297e+00
3.868265505964630e+02,4.508836582122016e+00
3.868765505964630e+02,4.508831462180448e+00
3.869265505964630e+02,4.508826342266581e+00
3.869765505964630e+02,4.508821222380340e+00
3.870265505964630e+02,4.508816102521671e+00
3.870765505964631e+02,4.508810982690555e+00
3.871265505964631e+02,4.508805862886972e+00
3.871765505964631e+02,4.508800743110874e+00
3.872265505964631e+02,4.508795623362243e+00
3.872765505964631e+02,4.508790503641063e+00
3.873265505964631e+02,4.508785383947270e+00
3.873765505964631e+02,4.508780264280788e+00
3.874265505964631e+02,4.508775144641574e+00
3.874765505964631e+02,4.508770025029684e+00
3.875265505964632e+02,4.508764905445097e+00
3.875765505964632e+02,4.508759785887688e+00
3.876265505964632e+02,4.508754666357445e+00
3.876765505964632e+02,4.508749546854355e+00
3.877265505964632e+02,4.508744427378367e+00
3.877765505964632e+02,4.508739307929472e+00
3.878265505964632e+02,4.508734188507605e+00
3.878765505964632e+02,4.508729069112754e+00
3.879265505964632e+02,4.508723949744921e+00
3.879765505964633e+02,4.508718830403988e+00
3.880265505964633e+02,4.508713711089924e+00
3.880765505964633e+02,4.508708591802741e+00
3.881265505964633e+02,4.508703472542421e+00
3.881765505964633e+02,4.508698353308940e+00
3.882265505964633e+02,4.508693234102221e+00
3.882765505964633e+02,4.508688114922192e+00
3.883265505964633e+02,4.508682995768861e+00
3.883765505964633e+02,4.508677876642237e+00
3.884265505964634e+02,4.508672757542265e+00
3.884765505964634e+02,4.508667638468886e+00
3.885265505964634e+02,4.508662519422074e+00
3.885765505964634e+02,4.508657400401802e+00
3.886265505964634e+02,4.508652281408032e+00
3.886765505964634e+02,4.508647162440719e+00
3.887265505964634e+02,4.508642043499808e+00
3.887765505964634e+02,4.508636924585287e+00
3.888265505964634e+02,4.508631805697175e+00
3.888765505964635e+02,4.508626686835430e+00
3.889265505964635e+02,4.508621567999950e+00
3.889765505964635e+02,4.508616449190722e+00
3.890265505964635e+02,4.508611330407769e+00
3.890765505964635e+02,4.508606211651019e+00
3.891265505964635e+02,4.508601092920424e+00
3.891765505964635e+02,4.508595974216002e+00
3.892265505964635e+02,4.508590855537697e+00
3.892765505964636e+02,4.508585736885431e+00
3.893265505964636e+02,4.508580618259185e+00
3.893765505964636e+02,4.508575499658977e+00
3.894265505964636e+02,4.508570381084746e+00
3.894765505964636e+02,4.508565262536408e+00
3.895265505964636e+02,4.508560144014002e+00
3.895765505964636e+02,4.508555025517532e+00
3.896265505964636e+02,4.508549907046877e+00
3.896765505964636e+02,4.508544788601982e+00
3.897265505964637e+02,4.508539670182890e+00
3.897765505964637e+02,4.508534551789565e+00
3.898265505964637e+02,4.508529433421919e+00
3.898765505964637e+02,4.508524315079957e+00
3.899265505964637e+02,4.508519196763706e+00
3.899765505964637e+02,4.508514078473083e+00
3.900265505964637e+02,4.508508960208008e+00
3.900765505964637e+02,4.508503841968481e+00
3.901265505964637e+02,4.508498723754466e+00
3.901765505964638e+02,4.508493605565957e+00
3.902265505964638e+02,4.508488487402923e+00
3.902765505964638e+02,4.508483369265297e+00
3.903265505964638e+02,4.508478251153060e+00
3.903765505964638e+02,4.508473133066208e+00
3.904265505964638e+02,4.508468015004724e+00
3.904765505964638e+02,4.508462896968501e+00
3.905265505964638e+02,4.508457778957497e+00
3.905765505964638e+02,4.508452660971779e+00
3.906265505964639e+02,4.508447543011296e+00
3.906765505964639e+02,4.508442425075965e+00
3.907265505964639e+02,4.508437307165750e+00
3.907765505964639e+02,4.508432189280649e+00
3.908265505964639e+02,4.508427071420662e+00
3.908765505964639e+02,4.508421953585724e+00
3.909265505964639e+02,4.508416835775750e+00
3.909765505964639e+02,4.508411717990764e+00
3.910265505964639e+02,4.508406600230764e+00
3.910765505964640e+02,4.508401482495697e+00
3.911265505964640e+02,4.508396364785529e+00
3.911765505964640e+02,4.508391247100231e+00
3.912265505964640e+02,4.508386129439753e+00
3.912765505964640e+02,4.508381011804038e+00
3.913265505964640e+02,4.508375894193129e+00
3.913765505964640e+02,4.508370776606994e+00
3.914265505964640e+02,4.508365659045491e+00
3.914765505964641e+02,4.508360541508631e+00
3.915265505964641e+02,4.508355423996482e+00
3.915765505964641e+02,4.508350306508975e+00
3.916265505964641e+02,4.508345189046006e+00
3.916765505964641e+02,4.508340071607595e+00
3.917265505964641e+02,4.508334954193754e+00
3.917765505964641e+02,4.508329836804403e+00
3.918265505964641e+02,4.508324719439487e+00
3.918765505964641e+02,4.508319602098989e+00
3.919265505964642e+02,4.508314484782885e+00
3.919765505964642e+02,4.508309367491155e+00
3.920265505964642e+02,4.508304250223798e+00
3.920765505964642e+02,4.508299132980753e+00
3.921265505964642e+02,4.508294015761975e+00
3.921765505964642e+02,4.508288898567472e+00
3.922265505964642e+02,4.508283781397194e+00
3.922765505964642e+02,4.508278664251069e+00
3.923265505964642e+02,4.508273547129101e+00
3.923765505964643e+02,4.508268430031266e+00
3.924265505964643e+02,4.508263312957535e+00
3.924765505964643e+02,4.508258195907898e+00
3.925265505964643e+02,4.508253078882283e+00
3.925765505964643e+02,4.508247961880664e+00
3.926265505964643e+02,4.508242844903072e+00
3.926765505964643e+02,4.508237727949443e+00
3.927265505964643e+02,4.508232611019691e+00
3.927765505964643e+02,4.508227494113827e+00
3.928265505964644e+02,4.508222377231845e+00
3.928765505964644e+02,4.508217260373698e+00
3.929265505964644e+02,4.508212143539332e+00
3.929765505964644e+02,4.508207026728746e+00
3.930265505964644e+02,4.508201909941939e+00
3.930765505964644e+02,4.508196793178841e+00
3.931265505964644e+02,4.508191676439409e+00
3.931765505964644e+02,4.508186559723653e+00
3.932265505964644e+02,4.508181443031537e+00
3.932765505964645e+02,4.508176326362983e+00
3.933265505964645e+02,4.508171209717978e+00
3.933765505964645e+02,4.508166093096527e+00
3.934265505964645e+02,4.508160976498591e+00
3.934765505964645e+02,4.508155859924162e+00
3.935265505964645e+02,4.508150743373214e+00
3.935765505964645e+02,4.508145626845672e+00
3.936265505964645e+02,4.508140510341530e+00
3.936765505964646e+02,4.508135393860756e+00
3.937265505964646e+02,4.508130277403275e+00
3.937765505964646e+02,4.508125160969080e+00
3.938265505964646e+02,4.508120044558165e+00
3.938765505964646e+02,4.508114928170512e+00
3.939265505964646e+02,4.508109811806130e+00
3.939765505964646e+02,4.508104695464951e+00
3.940265505964646e+02,4.508099579146931e+00
3.940765505964646e+02,4.508094462852034e+00
3.941265505964647e+02,4.508089346580219e+00
3.941765505964647e+02,4.508084230331503e+00
3.942265505964647e+02,4.508079114105847e+00
3.942765505964647e+02,4.508073997903209e+00
3.943265505964647e+02,4.508068881723585e+00
3.943765505964647e+02,4.508063765566906e+00
3.944265505964647e+02,4.508058649433136e+00
3.944765505964647e+02,4.508053533322330e+00
3.945265505964647e+02,4.508048417234397e+00
3.945765505964648e+02,4.508043301169256e+00
3.946265505964648e+02,4.508038185126958e+00
3.946765505964648e+02,4.508033069107512e+00
3.947265505964648e+02,4.508027953110835e+00
3.947765505964648e+02,4.508022837136869e+00
3.948265505964648e+02,4.508017721185610e+00
3.948765505964648e+02,4.508012605257059e+00
3.949265505964648e+02,4.508007489351165e+00
3.949765505964648e+02,4.508002373467875e+00
3.950265505964649e+02,4.507997257607190e+00
3.950765505964649e+02,4.507992141769109e+00
3.951265505964649e+02,4.507987025953593e+00
3.951765505964649e+02,4.507981910160583e+00
3.952265505964649e+02,4.507976794390050e+00
3.952765505964649e+02,4.507971678641986e+00
3.953265505964649e+02,4.507966562916355e+00
3.953765505964649e+02,4.507961447213126e+00
3.954265505964649e+02,4.507956331532268e+00
3.954765505964650e+02,4.507951215873780e+00
3.955265505964650e+02,4.507946100237651e+00
3.955765505964650e+02,4.507940984623779e+00
3.956265505964650e+02,4.507935869032154e+00
3.956765505964650e+02,4.507930753462800e+00
3.957265505964650e+02,4.507925637915691e+00
3.957765505964650e+02,4.507920522390783e+00
3.958265505964650e+02,4.507915406888023e+00
3.958765505964651e+02,4.507910291407391e+00
3.959265505964651e+02,4.507905175948879e+00
3.959765505964651e+02,4.507900060512445e+00
3.960265505964651e+02,4.507894945098029e+00
3.960765505964651e+02,4.507889829705618e+00
3.961265505964651e+02,4.507884714335257e+00
3.961765505964651e+02,4.507879598986902e+00
3.962265505964651e+02,4.507874483660474e+00
3.962765505964651e+02,4.507869368355956e+00
3.963265505964652e+02,4.507864253073349e+00
3.963765505964652e+02,4.507859137812606e+00
3.964265505964652e+02,4.507854022573686e+00
3.964765505964652e+02,4.507848907356612e+00
3.965265505964652e+02,4.507843792161307e+00
3.965765505964652e+02,4.507838676987734e+00
3.966265505964652e+02,4.507833561835919e+00
3.966765505964652e+02,4.507828446705793e+00
3.967265505964652e+02,4.507823331597349e+00
3.967765505964653e+02,4.507818216510607e+00
3.968265505964653e+02,4.507813101445490e+00
3.968765505964653e+02,4.507807986401949e+00
3.969265505964653e+02,4.507802871379994e+00
3.969765505964653e+02,4.507797756379579e+00
3.970265505964653e+02,4.507792641400688e+00
3.970765505964653e+02,4.507787526443291e+00
3.971265505964653e+02,4.507782411507359e+00
3.971765505964653e+02,4.507777296592886e+00
3.972265505964654e+02,4.507772181699834e+00
3.972765505964654e+02,4.507767066828191e+00
3.973265505964654e+02,4.507761951977916e+00
3.973765505964654e+02,4.507756837148956e+00
3.974265505964654e+02,4.507751722341340e+00
3.974765505964654e+02,4.507746607555040e+00
3.975265505964654e+02,4.507741492789943e+00
3.975765505964654e+02,4.507736378046085e+00
3.976265505964654e+02,4.507731263323490e+00
3.976765505964655e+02,4.507726148622030e+00
3.977265505964655e+02,4.507721033941712e+00
3.977765505964655e+02,4.507715919282582e+00
3.978265505964655e+02,4.507710804644571e+00
3.978765505964655e+02,4.507705690027606e+00
3.979265505964655e+02,4.507700575431669e+00
3.979765505964655e+02,4.507695460856802e+00
3.980265505964655e+02,4.507690346303009e+00
3.980765505964656e+02,4.507685231770176e+00
3.981265505964656e+02,4.507680117258227e+00
3.981765505964656e+02,4.507675002767210e+00
3.982265505964656e+02,4.507669888297126e+00
3.982765505964656e+02,4.507664773847923e+00
3.983265505964656e+02,4.507659659419577e+00
3.983765505964656e+02,4.507654545012056e+00
3.984265505964656e+02,4.507649430625342e+00
3.984765505964656e+02,4.507644316259427e+00
3.985265505964657e+02,4.507639201914248e+00
3.985765505964657e+02,4.507634087589799e+00
3.986265505964657e+02,4.507628973286097e+00
3.986765505964657e+02,4.507623859003058e+00
3.987265505964657e+02,4.507618744740643e+00
3.987765505964657e+02,4.507613630498839e+00
3.988265505964657e+02,4.507608516277660e+00
3.988765505964657e+02,4.507603402077113e+00
3.989265505964657e+02,4.507598287897094e+00
3.989765505964658e+02,4.507593173737566e+00
3.990265505964658e+02,4.507588059598580e+00
3.990765505964658e+02,4.507582945480094e+00
3.991265505964658e+02,4.507577831382017e+00
3.991765505964658e+02,4.507572717304368e+00
3.992265505964658e+02,4.507567603247157e+00
3.992765505964658e+02,4.507562489210317e+00
3.993265505964658e+02,4.507557375193816e+00
3.993765505964658e+02,4.507552261197658e+00
3.994265505964659e+02,4.507547147221840e+00
3.994765505964659e+02,4.507542033266310e+00
3.995265505964659e+02,4.507536919331023e+00
3.995765505964659e+02,4.507531805415956e+00
3.996265505964659e+02,4.507526691521066e+00
3.996765505964659e+02,4.507521577646388e+00
3.997265505964659e+02,4.507516463791925e+00
3.997765505964659e+02,4.507511349957583e+00
3.998265505964659e+02,4.507506236143334e+00
3.998765505964660e+02,4.507501122349164e+00
3.999265505964660e+02,4.507496008575065e+00
3.999765505964660e+02,4.507490894821007e+00
4.000265505964660e+02,4.507485781086984e+00
4.000765505964660e+02,4.507480667372984e+00
4.001265505964660e+02,4.507475553678933e+00
4.001765505964660e+02,4.507470440004806e+00
4.002265505964660e+02,4.507465326350584e+00
4.002765505964661e+02,4.507460212716276e+00
4.003265505964661e+02,4.507455099101866e+00
4.003765505964661e+02,4.507449985507293e+00
4.004265505964661e+02,4.507444871932554e+00
4.004765505964661e+02,4.507439758377613e+00
4.005265505964661e+02,4.507434644842422e+00
4.005765505964661e+02,4.507429531327016e+00
4.006265505964661e+02,4.507424417831359e+00
4.006765505964661e+02,4.507419304355368e+00
4.007265505964662e+02,4.507414190899087e+00
4.007765505964662e+02,4.507409077462496e+00
4.008265505964662e+02,4.507403964045525e+00
4.008765505964662e+02,4.507398850648167e+00
4.009265505964662e+02,4.507393737270415e+00
4.009765505964662e+02,4.507388623912224e+00
4.010265505964662e+02,4.507383510573523e+00
4.010765505964662e+02,4.507378397254328e+00
4.011265505964662e+02,4.507373283954708e+00
4.011765505964663e+02,4.507368170674567e+00
4.012265505964663e+02,4.507363057413800e+00
4.012765505964663e+02,4.507357944172474e+00
4.013265505964663e+02,4.507352830950599e+00
4.013765505964663e+02,4.507347717748102e+00
4.014265505964663e+02,4.507342604564957e+00
4.014765505964663e+02,4.507337491401134e+00
4.015265505964663e+02,4.507332378256638e+00
4.015765505964663e+02,4.507327265131458e+00
4.016265505964664e+02,4.507322152025553e+00
4.016765505964664e+02,4.507317038938889e+00
4.017265505964664e+02,4.507311925871408e+00
4.017765505964664e+02,4.507306812823085e+00
4.018265505964664e+02,4.507301699793927e+00
4.018765505964664e+02,4.507296586783975e+00
4.019265505964664e+02,4.507291473793190e+00
4.019765505964664e+02,4.507286360821499e+00
4.020265505964664e+02,4.507281247868883e+00
4.020765505964665e+02,4.507276134935295e+00
4.021265505964665e+02,4.507271022020752e+00
4.021765505964665e+02,4.507265909125244e+00
4.022265505964665e+02,4.507260796248715e+00
4.022765505964665e+02,4.507255683391130e+00
4.023265505964665e+02,4.507250570552507e+00
4.023765505964665e+02,4.507245457732839e+00
4.024265505964665e+02,4.507240344932065e+00
4.024765505964666e+02,4.507235232150176e+00
4.025265505964666e+02,4.507230119387167e+00
4.025765505964666e+02,4.507225006642972e+00
4.026265505964666e+02,4.507219893917566e+00
4.026765505964666e+02,4.507214781210952e+00
4.027265505964666e+02,4.507209668523114e+00
4.027765505964666e+02,4.507204555854028e+00
4.028265505964666e+02,4.507199443203694e+00
4.028765505964666e+02,4.507194330572061e+00
4.029265505964667e+02,4.507189217959035e+00
4.029765505964667e+02,4.507184105364678e+00
4.030265505964667e+02,4.507178992789020e+00
4.030765505964667e+02,4.507173880231995e+00
4.031265505964667e+02,4.507168767693563e+00
4.031765505964667e+02,4.507163655173681e+00
4.032265505964667e+02,4.507158542672348e+00
4.032765505964667e+02,4.507153430189542e+00
4.033265505964667e+02,4.507148317725211e+00
4.033765505964668e+02,4.507143205279355e+00
4.034265505964668e+02,4.507138092851978e+00
4.034765505964668e+02,4.507132980443046e+00
4.035265505964668e+02,4.507127868052514e+00
4.035765505964668e+02,4.507122755680390e+00
4.036265505964668e+02,4.507117643326657e+00
4.036765505964668e+02,4.507112530991285e+00
4.037265505964668e+02,4.507107418674262e+00
4.037765505964668e+02,4.507102306375525e+00
4.038265505964669e+02,4.507097194095052e+00
4.038765505964669e+02,4.507092081832852e+00
4.039265505964669e+02,4.507086969588885e+00
4.039765505964669e+02,4.507081857363145e+00
4.040265505964669e+02,4.507076745155654e+00
4.040765505964669e+02,4.507071632966333e+00
4.041265505964669e+02,4.507066520795102e+00
4.041765505964669e+02,4.507061408642039e+00
4.042265505964670e+02,4.507056296507134e+00
4.042765505964670e+02,4.507051184390307e+00
4.043265505964670e+02,4.507046072291556e+00
4.043765505964670e+02,4.507040960210860e+00
4.044265505964670e+02,4.507035848148184e+00
4.044765505964670e+02,4.507030736103509e+00
4.045265505964670e+02,4.507025624076848e+00
4.045765505964670e+02,4.507020512068168e+00
4.046265505964670e+02,4.507015400077393e+00
4.046765505964671e+02,4.507010288104539e+00
4.047265505964671e+02,4.507005176149590e+00
4.047765505964671e+02,4.507000064212538e+00
4.048265505964671e+02,4.506994952293395e+00
4.048765505964671e+02,4.506989840392085e+00
4.049265505964671e+02,4.506984728508544e+00
4.049765505964671e+02,4.506979616642802e+00
4.050265505964671e+02,4.506974504794885e+00
4.050765505964671e+02,4.506969392964749e+00
4.051265505964672e+02,4.506964281152332e+00
4.051765505964672e+02,4.506959169357587e+00
4.052265505964672e+02,4.506954057580517e+00
4.052765505964672e+02,4.506948945821162e+00
4.053265505964672e+02,4.506943834079502e+00
4.053765505964672e+02,4.506938722355454e+00
4.054265505964672e+02,4.506933610649021e+00
4.054765505964672e+02,4.506928498960213e+00
4.055265505964672e+02,4.506923387288979e+00
4.055765505964673e+02,4.506918275635232e+00
4.056265505964673e+02,4.506913163999014e+00
4.056765505964673e+02,4.506908052380378e+00
4.057265505964673e+02,4.506902940779199e+00
4.057765505964673e+02,4.506897829195466e+00
4.058265505964673e+02,4.506892717629196e+00
4.058765505964673e+02,4.506887606080328e+00
4.059265505964673e+02,4.506882494548879e+00
4.059765505964673e+02,4.506877383034839e+00
4.060265505964674e+02,4.506872271538193e+00
4.060765505964674e+02,4.506867160058906e+00
4.061265505964674e+02,4.506862048596923e+00
4.061765505964674e+02,4.506856937152223e+00
4.062265505964674e+02,4.506851825724794e+00
4.062765505964674e+02,4.506846714314653e+00
4.063265505964674e+02,4.506841602921814e+00
4.063765505964674e+02,4.506836491546216e+00
4.064265505964675e+02,4.506831380187780e+00
4.064765505964675e+02,4.506826268846535e+00
4.065265505964675e+02,4.506821157522477e+00
4.065765505964675e+02,4.506816046215552e+00
4.066265505964675e+02,4.506810934925759e+00
4.066765505964675e+02,4.506805823653071e+00
4.067265505964675e+02,4.506800712397473e+00
4.067765505964675e+02,4.506795601158973e+00
4.068265505964675e+02,4.506790489937495e+00
4.068765505964676e+02,4.506785378733007e+00
4.069265505964676e+02,4.506780267545547e+00
4.069765505964676e+02,4.506775156375121e+00
4.070265505964676e+02,4.506770045221677e+00
4.070765505964676e+02,4.506764934085134e+00
4.071265505964676e+02,4.506759822965537e+00
4.071765505964676e+02,4.506754711862886e+00
4.072265505964676e+02,4.506749600777076e+00
4.072765505964676e+02,4.506744489708149e+00
4.073265505964677e+02,4.506739378656123e+00
4.073765505964677e+02,4.506734267620885e+00
4.074265505964677e+02,4.506729156602443e+00
4.074765505964677e+02,4.506724045600848e+00
4.075265505964677e+02,4.506718934616021e+00
4.075765505964677e+02,4.506713823647921e+00
4.076265505964677e+02,4.506708712696586e+00
4.076765505964677e+02,4.506703601761971e+00
4.077265505964677e+02,4.506698490844012e+00
4.077765505964678e+02,4.506693379942734e+00
4.078265505964678e+02,4.506688269058159e+00
4.078765505964678e+02,4.506683158190218e+00
4.079265505964678e+02,4.506678047338870e+00
4.079765505964678e+02,4.506672936504121e+00
4.080265505964678e+02,4.506667825685973e+00
4.080765505964678e+02,4.506662714884417e+00
4.081265505964678e+02,4.506657604099395e+00
4.081765505964678e+02,4.506652493330900e+00
4.082265505964679e+02,4.506647382578937e+00
4.082765505964679e+02,4.506642271843404e+00
4.083265505964679e+02,4.506637161124321e+00
4.083765505964679e+02,4.506632050421761e+00
4.084265505964679e+02,4.506626939735647e+00
4.084765505964679e+02,4.506621829065900e+00
4.085265505964679e+02,4.506616718412515e+00
4.085765505964679e+02,4.506611607775529e+00
4.086265505964680e+02,4.506606497154940e+00
4.086765505964680e+02,4.506601386550688e+00
4.087265505964680e+02,4.506596275962737e+00
4.087765505964680e+02,4.506591165391080e+00
4.088265505964680e+02,4.506586054835694e+00
4.088765505964680e+02,4.506580944296555e+00
4.089265505964680e+02,4.506575833773674e+00
4.089765505964680e+02,4.506570723267033e+00
4.090265505964680e+02,4.506565612776595e+00
4.090765505964681e+02,4.506560502302333e+00
4.091265505964681e+02,4.506555391844235e+00
4.091765505964681e+02,4.506550281402287e+00
4.092265505964681e+02,4.506545170976498e+00
4.092765505964681e+02,4.506540060566859e+00
4.093265505964681e+02,4.506534950173307e+00
4.093765505964681e+02,4.506529839795798e+00
4.094265505964681e+02,4.506524729434350e+00
4.094765505964681e+02,4.506519619088946e+00
4.095265505964682e+02,4.506514508759540e+00
4.095765505964682e+02,4.506509398446163e+00
4.096265505964682e+02,4.506504288148803e+00
4.096765505964682e+02,4.506499177867376e+00
4.097265505964682e+02,4.506494067601904e+00
4.097765505964682e+02,4.506488957352396e+00
4.098265505964682e+02,4.506483847118806e+00
4.098765505964682e+02,4.506478736901105e+00
4.099265505964682e+02,4.506473626699249e+00
4.099765505964683e+02,4.506468516513213e+00
4.100265505964683e+02,4.506463406343052e+00
4.100765505964683e+02,4.506458296188741e+00
4.101265505964683e+02,4.506453186050199e+00
4.101765505964683e+02,4.506448075927446e+00
4.102265505964683e+02,4.506442965820501e+00
4.102765505964683e+02,4.506437855729309e+00
4.103265505964683e+02,4.506432745653851e+00
4.103765505964683e+02,4.506427635594128e+00
4.104265505964684e+02,4.506422525550084e+00
4.104765505964684e+02,4.506417415521653e+00
4.105265505964684e+02,4.506412305508881e+00
4.105765505964684e+02,4.506407195511807e+00
4.106265505964684e+02,4.506402085530388e+00
4.106765505964684e+02,4.506396975564567e+00
4.107265505964684e+02,4.506391865614343e+00
4.107765505964684e+02,4.506386755679684e+00
4.108265505964685e+02,4.506381645760547e+00
4.108765505964685e+02,4.506376535856982e+00
4.109265505964685e+02,4.506371425968984e+00
4.109765505964685e+02,4.506366316096435e+00
4.110265505964685e+02,4.506361206239339e+00
4.110765505964685e+02,4.506356096397733e+00
4.111265505964685e+02,4.506350986571589e+00
4.111765505964685e+02,4.506345876760906e+00
4.112265505964685e+02,4.506340766965624e+00
4.112765505964686e+02,4.506335657185693e+00
4.113265505964686e+02,4.506330547421148e+00
4.113765505964686e+02,4.506325437672016e+00
4.114265505964686e+02,4.506320327938228e+00
4.114765505964686e+02,4.506315218219744e+00
4.115265505964686e+02,4.506310108516603e+00
4.115765505964686e+02,4.506304998828773e+00
4.116265505964686e+02,4.506299889156193e+00
4.116765505964686e+02,4.506294779498836e+00
4.117265505964687e+02,4.506289669856729e+00
4.117765505964687e+02,4.506284560229881e+00
4.118265505964687e+02,4.506279450618255e+00
4.118765505964687e+02,4.506274341021822e+00
4.119265505964687e+02,4.506269231440571e+00
4.119765505964687e+02,4.506264121874490e+00
4.120265505964687e+02,4.506259012323505e+00
4.120765505964687e+02,4.506253902787620e+00
4.121265505964687e+02,4.506248793266865e+00
4.121765505964688e+02,4.506243683761205e+00
4.122265505964688e+02,4.506238574270625e+00
4.122765505964688e+02,4.506233464795122e+00
4.123265505964688e+02,4.506228355334685e+00
4.123765505964688e+02,4.506223245889247e+00
4.124265505964688e+02,4.506218136458773e+00
4.124765505964688e+02,4.506213027043273e+00
4.125265505964688e+02,4.506207917642763e+00
4.125765505964688e+02,4.506202808257243e+00
4.126265505964689e+02,4.506197698886651e+00
4.126765505964689e+02,4.506192589530973e+00
4.127265505964689e+02,4.506187480190220e+00
4.127765505964689e+02,4.506182370864331e+00
4.128265505964689e+02,4.506177261553294e+00
4.128765505964689e+02,4.506172152257139e+00
4.129265505964689e+02,4.506167042975838e+00
4.129765505964689e+02,4.506161933709325e+00
4.130265505964690e+02,4.506156824457613e+00
4.130765505964690e+02,4.506151715220717e+00
4.131265505964690e+02,4.506146605998585e+00
4.131765505964690e+02,4.506141496791211e+00
4.132265505964690e+02,4.506136387598593e+00
4.132765505964690e+02,4.506131278420696e+00
4.133265505964690e+02,4.506126169257517e+00
4.133765505964690e+02,4.506121060109036e+00
4.134265505964690e+02,4.506115950975200e+00
4.134765505964691e+02,4.506110841856001e+00
4.135265505964691e+02,4.506105732751460e+00
4.135765505964691e+02,4.506100623661555e+00
4.136265505964691e+02,4.506095514586229e+00
4.136765505964691e+02,4.506090405525510e+00
4.137265505964691e+02,4.506085296479391e+00
4.137765505964691e+02,4.506080187447804e+00
4.138265505964691e+02,4.506075078430793e+00
4.138765505964691e+02,4.506069969428334e+00
4.139265505964692e+02,4.506064860440337e+00
4.139765505964692e+02,4.506059751466831e+00
4.140265505964692e+02,4.506054642507850e+00
4.140765505964692e+02,4.506049533563328e+00
4.141265505964692e+02,4.506044424633223e+00
4.141765505964692e+02,4.506039315717532e+00
4.142265505964692e+02,4.506034206816262e+00
4.142765505964692e+02,4.506029097929424e+00
4.143265505964692e+02,4.506023989056974e+00
4.143765505964693e+02,4.506018880198857e+00
4.144265505964693e+02,4.506013771355113e+00
4.144765505964693e+02,4.506008662525731e+00
4.145265505964693e+02,4.506003553710646e+00
4.145765505964693e+02,4.505998444909869e+00
4.146265505964693e+02,4.505993336123356e+00
4.146765505964693e+02,4.505988227351095e+00
4.147265505964693e+02,4.505983118593115e+00
4.147765505964693e+02,4.505978009849384e+00
4.148265505964694e+02,4.505972901119891e+00
4.148765505964694e+02,4.505967792404603e+00
4.149265505964694e+02,4.505962683703504e+00
4.149765505964694e+02,4.505957575016600e+00
4.150265505964694e+02,4.505952466343855e+00
4.150765505964694e+02,4.505947357685228e+00
4.151265505964694e+02,4.505942249040742e+00
4.151765505964694e+02,4.505937140410379e+00
4.152265505964695e+02,4.505932031794112e+00
4.152765505964695e+02,4.505926923191949e+00
4.153265505964695e+02,4.505921814603869e+00
4.153765505964695e+02,4.505916706029835e+00
4.154265505964695e+02,4.505911597469821e+00
4.154765505964695e+02,4.505906488923824e+00
4.155265505964695e+02,4.505901380391863e+00
4.155765505964695e+02,4.505896271873894e+00
4.156265505964695e+02,4.505891163369850e+00
4.156765505964696e+02,4.505886054879793e+00
4.157265505964696e+02,4.505880946403733e+00
4.157765505964696e+02,4.505875837941591e+00
4.158265505964696e+02,4.505870729493353e+00
4.158765505964696e+02,4.505865621059018e+00
4.159265505964696e+02,4.505860512638577e+00
4.159765505964696e+02,4.505855404231994e+00
4.160265505964696e+02,4.505850295839230e+00
4.160765505964696e+02,4.505845187460300e+00
4.161265505964697e+02,4.505840079095206e+00
4.161765505964697e+02,4.505834970743970e+00
4.162265505964697e+02,4.505829862406539e+00
4.162765505964697e+02,4.505824754082838e+00
4.163265505964697e+02,4.505819645772920e+00
4.163765505964697e+02,4.505814537476762e+00
4.164265505964697e+02,4.505809429194311e+00
4.164765505964697e+02,4.505804320925597e+00
4.165265505964697e+02,4.505799212670609e+00
4.165765505964698e+02,4.505794104429333e+00
4.166265505964698e+02,4.505788996201697e+00
4.166765505964698e+02,4.505783887987658e+00
4.167265505964698e+02,4.505778779787295e+00
4.167765505964698e+02,4.505773671600585e+00
4.168265505964698e+02,4.505768563427488e+00
4.168765505964698e+02,4.505763455268001e+00
4.169265505964698e+02,4.505758347122118e+00
4.169765505964698e+02,4.505753238989799e+00
4.170265505964699e+02,4.505748130870984e+00
4.170765505964699e+02,4.505743022765720e+00
4.171265505964699e+02,4.505737914674036e+00
4.171765505964699e+02,4.505732806595887e+00
4.172265505964699e+02,4.505727698531230e+00
4.172765505964699e+02,4.505722590480024e+00
4.173265505964699e+02,4.505717482442264e+00
4.173765505964699e+02,4.505712374417941e+00
4.174265505964700e+02,4.505707266407078e+00
4.174765505964700e+02,4.505702158409677e+00
4.175265505964700e+02,4.505697050425662e+00
4.175765505964700e+02,4.505691942455023e+00
4.176265505964700e+02,4.505686834497800e+00
4.176765505964700e+02,4.505681726553925e+00
4.177265505964700e+02,4.505676618623387e+00
4.177765505964700e+02,4.505671510706246e+00
4.178265505964700e+02,4.505666402802436e+00
4.178765505964701e+02,4.505661294911907e+00
4.179265505964701e+02,4.505656187034637e+00
4.179765505964701e+02,4.505651079170609e+00
4.180265505964701e+02,4.505645971319862e+00
4.180765505964701e+02,4.505640863482394e+00
4.181265505964701e+02,4.505635755658163e+00
4.181765505964701e+02,4.505630647847166e+00
4.182265505964701e+02,4.505625540049412e+00
4.182765505964701e+02,4.505620432264831e+00
4.183265505964702e+02,4.505615324493386e+00
4.183765505964702e+02,4.505610216735128e+00
4.184265505964702e+02,4.505605108990069e+00
4.184765505964702e+02,4.505600001258140e+00
4.185265505964702e+02,4.505594893539333e+00
4.185765505964702e+02,4.505589785833613e+00
4.186265505964702e+02,4.505584678140956e+00
4.186765505964702e+02,4.505579570461427e+00
4.187265505964702e+02,4.505574462794995e+00
4.187765505964703e+02,4.505569355141557e+00
4.188265505964703e+02,4.505564247501122e+00
4.188765505964703e+02,4.505559139873771e+00
4.189265505964703e+02,4.505554032259491e+00
4.189765505964703e+02,4.505548924658141e+00
4.190265505964703e+02,4.505543817069740e+00
4.190765505964703e+02,4.505538709494394e+00
4.191265505964703e+02,4.505533601931985e+00
4.191765505964703e+02,4.505528494382438e+00
4.192265505964704e+02,4.505523386845855e+00
4.192765505964704e+02,4.505518279322199e+00
4.193265505964704e+02,4.505513171811429e+00
4.193765505964704e+02,4.505508064313571e+00
4.194265505964704e+02,4.505502956828590e+00
4.194765505964704e+02,4.505497849356462e+00
4.195265505964704e+02,4.505492741897169e+00
4.195765505964704e+02,4.505487634450736e+00
4.196265505964705e+02,4.505482527017150e+00
4.196765505964705e+02,4.505477419596330e+00
4.197265505964705e+02,4.505472312188280e+00
4.197765505964705e+02,4.505467204793022e+00
4.198265505964705e+02,4.505462097410498e+00
4.198765505964705e+02,4.505456990040713e+00
4.199265505964705e+02,4.505451882683715e+00
4.199765505964705e+02,4.505446775339465e+00
4.200265505964705e+02,4.505441668007917e+00
4.200765505964706e+02,4.505436560689022e+00
4.201265505964706e+02,4.505431453382784e+00
4.201765505964706e+02,4.505426346089274e+00
4.202265505964706e+02,4.505421238808435e+00
4.202765505964706e+02,4.505416131540194e+00
4.203265505964706e+02,4.505411024284584e+00
4.203765505964706e+02,4.505405917041608e+00
4.204265505964706e+02,4.505400809811230e+00
4.204765505964706e+02,4.505395702593445e+00
4.205265505964707e+02,4.505390595388211e+00
4.205765505964707e+02,4.505385488195539e+00
4.206265505964707e+02,4.505380381015456e+00
4.206765505964707e+02,4.505375273847891e+00
4.207265505964707e+02,4.505370166692835e+00
4.207765505964707e+02,4.505365059550315e+00
4.208265505964707e+02,4.505359952420298e+00
4.208765505964707e+02,4.505354845302766e+00
4.209265505964707e+02,4.505349738197667e+00
4.209765505964708e+02,4.505344631104989e+00
4.210265505964708e+02,4.505339524024779e+00
4.210765505964708e+02,4.505334416957041e+00
4.211265505964708e+02,4.505329309901707e+00
4.211765505964708e+02,4.505324202858746e+00
4.212265505964708e+02,4.505319095828195e+00
4.212765505964708e+02,4.505313988810034e+00
4.213265505964708e+02,4.505308881804238e+00
4.213765505964708e+02,4.505303774810764e+00
4.214265505964709e+02,4.505298667829605e+00
4.214765505964709e+02,4.505293560860803e+00
4.215265505964709e+02,4.505288453904352e+00
4.215765505964709e+02,4.505283346960220e+00
4.216265505964709e+02,4.505278240028352e+00
4.216765505964709e+02,4.505273133108743e+00
4.217265505964709e+02,4.505268026201374e+00
4.217765505964709e+02,4.505262919306220e+00
4.218265505964710e+02,4.505257812423341e+00
4.218765505964710e+02,4.505252705552717e+00
4.219265505964710e+02,4.505247598694301e+00
4.219765505964710e+02,4.505242491848088e+00
4.220265505964710e+02,4.505237385014031e+00
4.220765505964710e+02,4.505232278192107e+00
4.221265505964710e+02,4.505227171382368e+00
4.221765505964710e+02,4.505222064584824e+00
4.222265505964710e+02,4.505216957799405e+00
4.222765505964711e+02,4.505211851026077e+00
4.223265505964711e+02,4.505206744264835e+00
4.223765505964711e+02,4.505201637515690e+00
4.224265505964711e+02,4.505196530778657e+00
4.224765505964711e+02,4.505191424053706e+00
4.225265505964711e+02,4.505186317340775e+00
4.225765505964711e+02,4.505181210639887e+00
4.226265505964711e+02,4.505176103951067e+00
4.226765505964711e+02,4.505170997274282e+00
4.227265505964712e+02,4.505165890609504e+00
4.227765505964712e+02,4.505160783956717e+00
4.228265505964712e+02,4.505155677315892e+00
4.228765505964712e+02,4.505150570687020e+00
4.229265505964712e+02,4.505145464070131e+00
4.229765505964712e+02,4.505140357465181e+00
4.230265505964712e+02,4.505135250872126e+00
4.230765505964712e+02,4.505130144291026e+00
4.231265505964712e+02,4.505125037721863e+00
4.231765505964713e+02,4.505119931164541e+00
4.232265505964713e+02,4.505114824619089e+00
4.232765505964713e+02,4.505109718085554e+00
4.233265505964713e+02,4.505104611563899e+00
4.233765505964713e+02,4.505099505054093e+00
4.234265505964713e+02,4.505094398556121e+00
4.234765505964713e+02,4.505089292069945e+00
4.235265505964713e+02,4.505084185595557e+00
4.235765505964713e+02,4.505079079132976e+00
4.236265505964714e+02,4.505073972682204e+00
4.236765505964714e+02,4.505068866243220e+00
4.237265505964714e+02,4.505063759815959e+00
4.237765505964714e+02,4.505058653400411e+00
4.238265505964714e+02,4.505053546996653e+00
4.238765505964714e+02,4.505048440604667e+00
4.239265505964714e+02,4.505043334224359e+00
4.239765505964714e+02,4.505038227855720e+00
4.240265505964715e+02,4.505033121498743e+00
4.240765505964715e+02,4.505028015153443e+00
4.241265505964715e+02,4.505022908819825e+00
4.241765505964715e+02,4.505017802497855e+00
4.242265505964715e+02,4.505012696187568e+00
4.242765505964715e+02,4.505007589888929e+00
4.243265505964715e+02,4.505002483601854e+00
4.243765505964715e+02,4.504997377326392e+00
4.244265505964715e+02,4.504992271062550e+00
4.244765505964716e+02,4.504987164810268e+00
4.245265505964716e+02,4.504982058569563e+00
4.245765505964716e+02,4.504976952340399e+00
4.246265505964716e+02,4.504971846122767e+00
4.246765505964716e+02,4.504966739916684e+00
4.247265505964716e+02,4.504961633722149e+00
4.247765505964716e+02,4.504956527539104e+00
4.248265505964716e+02,4.504951421367513e+00
4.248765505964716e+02,4.504946315207418e+00
4.249265505964717e+02,4.504941209058824e+00
4.249765505964717e+02,4.504936102921722e+00
4.250265505964717e+02,4.504930996796070e+00
4.250765505964717e+02,4.504925890681847e+00
4.251265505964717e+02,4.504920784579046e+00
4.251765505964717e+02,4.504915678487623e+00
4.252265505964717e+02,4.504910572407593e+00
4.252765505964717e+02,4.504905466339027e+00
4.253265505964717e+02,4.504900360281867e+00
4.253765505964718e+02,4.504895254236010e+00
4.254265505964718e+02,4.504890148201484e+00
4.254765505964718e+02,4.504885042178327e+00
4.255265505964718e+02,4.504879936166533e+00
4.255765505964718e+02,4.504874830166072e+00
4.256265505964718e+02,4.504869724176932e+00
4.256765505964718e+02,4.504864618199074e+00
4.257265505964718e+02,4.504859512232463e+00
4.257765505964718e+02,4.504854406277161e+00
4.258265505964719e+02,4.504849300333125e+00
4.258765505964719e+02,4.504844194400331e+00
4.259265505964719e+02,4.504839088478807e+00
4.259765505964719e+02,4.504833982568534e+00
4.260265505964719e+02,4.504828876669464e+00
4.260765505964719e+02,4.504823770781542e+00
4.261265505964719e+02,4.504818664904827e+00
4.261765505964719e+02,4.504813559039342e+00
4.262265505964720e+02,4.504808453185014e+00
4.262765505964720e+02,4.504803347341876e+00
4.263265505964720e+02,4.504798241509891e+00
4.263765505964720e+02,4.504793135689005e+00
4.264265505964720e+02,4.504788029879248e+00
4.264765505964720e+02,4.504782924080626e+00
4.265265505964720e+02,4.504777818293120e+00
4.265765505964720e+02,4.504772712516707e+00
4.266265505964720e+02,4.504767606751370e+00
4.266765505964721e+02,4.504762500997137e+00
4.267265505964721e+02,4.504757395253977e+00
4.267765505964721e+02,4.504752289521819e+00
4.268265505964721e+02,4.504747183800691e+00
4.268765505964721e+02,4.504742078090620e+00
4.269265505964721e+02,4.504736972391602e+00
4.269765505964721e+02,4.504731866703586e+00
4.270265505964721e+02,4.504726761026527e+00
4.270765505964721e+02,4.504721655360455e+00
4.271265505964722e+02,4.504716549705362e+00
4.271765505964722e+02,4.504711444061234e+00
4.272265505964722e+02,4.504706338428071e+00
4.272765505964722e+02,4.504701232805834e+00
4.273265505964722e+02,4.504696127194516e+00
4.273765505964722e+02,4.504691021594148e+00
4.274265505964722e+02,4.504685916004687e+00
4.274765505964722e+02,4.504680810426096e+00
4.275265505964722e+02,4.504675704858403e+00
4.275765505964723e+02,4.504670599301565e+00
4.276265505964723e+02,4.504665493755592e+00
4.276765505964723e+02,4.504660388220494e+00
4.277265505964723e+02,4.504655282696248e+00
4.277765505964723e+02,4.504650177182867e+00
4.278265505964723e+02,4.504645071680288e+00
4.278765505964723e+02,4.504639966188458e+00
4.279265505964723e+02,4.504634860707432e+00
4.279765505964724e+02,4.504629755237266e+00
4.280265505964724e+02,4.504624649777870e+00
4.280765505964724e+02,4.504619544329199e+00
4.281265505964724e+02,4.504614438891303e+00
4.281765505964724e+02,4.504609333464163e+00
4.282265505964724e+02,4.504604228047748e+00
4.282765505964724e+02,4.504599122642050e+00
4.283265505964724e+02,4.504594017247070e+00
4.283765505964724e+02,4.504588911862776e+00
4.284265505964725e+02,4.504583806489177e+00
4.284765505964725e+02,4.504578701126288e+00
4.285265505964725e+02,4.504573595774035e+00
4.285765505964725e+02,4.504568490432460e+00
4.286265505964725e+02,4.504563385101593e+00
4.286765505964725e+02,4.504558279781341e+00
4.287265505964725e+02,4.504553174471662e+00
4.287765505964725e+02,4.504548069172603e+00
4.288265505964725e+02,4.504542963884195e+00
4.288765505964726e+02,4.504537858606392e+00
4.289265505964726e+02,4.504532753339177e+00
4.289765505964726e+02,4.504527648082514e+00
4.290265505964726e+02,4.504522542836373e+00
4.290765505964726e+02,4.504517437600823e+00
4.291265505964726e+02,4.504512332375855e+00
4.291765505964726e+02,4.504507227161417e+00
4.292265505964726e+02,4.504502121957478e+00
4.292765505964726e+02,4.504497016764064e+00
4.293265505964727e+02,4.504491911581185e+00
4.293765505964727e+02,4.504486806408775e+00
4.294265505964727e+02,4.504481701246835e+00
4.294765505964727e+02,4.504476596095410e+00
4.295265505964727e+02,4.504471490954455e+00
4.295765505964727e+02,4.504466385823903e+00
4.296265505964727e+02,4.504461280703769e+00
4.296765505964727e+02,4.504456175594081e+00
4.297265505964727e+02,4.504451070494841e+00
4.297765505964728e+02,4.504445965406003e+00
4.298265505964728e+02,4.504440860327552e+00
4.298765505964728e+02,4.504435755259526e+00
4.299265505964728e+02,4.504430650201909e+00
4.299765505964728e+02,4.504425545154651e+00
4.300265505964728e+02,4.504420440117719e+00
4.300765505964728e+02,4.504415335091110e+00
4.301265505964728e+02,4.504410230074842e+00
4.301765505964729e+02,4.504405125068922e+00
4.302265505964729e+02,4.504400020073330e+00
4.302765505964729e+02,4.504394915088067e+00
4.303265505964729e+02,4.504389810113123e+00
4.303765505964729e+02,4.504384705148460e+00
4.304265505964729e+02,4.504379600194068e+00
4.304765505964729e+02,4.504374495249941e+00
4.305265505964729e+02,4.504369390316066e+00
4.305765505964729e+02,4.504364285392452e+00
4.306265505964730e+02,4.504359180479068e+00
4.306765505964730e+02,4.504354075575885e+00
4.307265505964730e+02,4.504348970682924e+00
4.307765505964730e+02,4.504343865800212e+00
4.308265505964730e+02,4.504338760927723e+00
4.308765505964730e+02,4.504333656065421e+00
4.309265505964730e+02,4.504328551213282e+00
4.309765505964730e+02,4.504323446371282e+00
4.310265505964730e+02,4.504318341539475e+00
4.310765505964731e+02,4.504313236717846e+00
4.311265505964731e+02,4.504308131906320e+00
4.311765505964731e+02,4.504303027104925e+00
4.312265505964731e+02,4.504297922313683e+00
4.312765505964731e+02,4.504292817532517e+00
4.313265505964731e+02,4.504287712761410e+00
4.313765505964731e+02,4.504282608000441e+00
4.314265505964731e+02,4.504277503249603e+00
4.314765505964731e+02,4.504272398508817e+00
4.315265505964732e+02,4.504267293778073e+00
4.315765505964732e+02,4.504262189057372e+00
4.316265505964732e+02,4.504257084346706e+00
4.316765505964732e+02,4.504251979646098e+00
4.317265505964732e+02,4.504246874955526e+00
4.317765505964732e+02,4.504241770274966e+00
4.318265505964732e+02,4.504236665604409e+00
4.318765505964732e+02,4.504231560943866e+00
4.319265505964732e+02,4.504226456293305e+00
4.319765505964733e+02,4.504221351652692e+00
4.320265505964733e+02,4.504216247022052e+00
4.320765505964733e+02,4.504211142401372e+00
4.321265505964733e+02,4.504206037790636e+00
4.321765505964733e+02,4.504200933189839e+00
4.322265505964733e+02,4.504195828598959e+00
4.322765505964733e+02,4.504190724018000e+00
4.323265505964733e+02,4.504185619446969e+00
4.323765505964734e+02,4.504180514885878e+00
4.324265505964734e+02,4.504175410334671e+00
4.324765505964734e+02,4.504170305793306e+00
4.325265505964734e+02,4.504165201261795e+00
4.325765505964734e+02,4.504160096740145e+00
4.326265505964734e+02,4.504154992228382e+00
4.326765505964734e+02,4.504149887726482e+00
4.327265505964734e+02,4.504144783234365e+00
4.327765505964734e+02,4.504139678752026e+00
4.328265505964735e+02,4.504134574279555e+00
4.328765505964735e+02,4.504129469816956e+00
4.329265505964735e+02,4.504124365364144e+00
4.329765505964735e+02,4.504119260921076e+00
4.330265505964735e+02,4.504114156487751e+00
4.330765505964735e+02,4.504109052064222e+00
4.331265505964735e+02,4.504103947650501e+00
4.331765505964735e+02,4.504098843246532e+00
4.332265505964735e+02,4.504093738852282e+00
4.332765505964736e+02,4.504088634467736e+00
4.333265505964736e+02,4.504083530092883e+00
4.333765505964736e+02,4.504078425727773e+00
4.334265505964736e+02,4.504073321372382e+00
4.334765505964736e+02,4.504068217026676e+00
4.335265505964736e+02,4.504063112690681e+00
4.335765505964736e+02,4.504058008364356e+00
4.336265505964736e+02,4.504052904047673e+00
4.336765505964736e+02,4.504047799740650e+00
4.337265505964737e+02,4.504042695443289e+00
4.337765505964737e+02,4.504037591155581e+00
4.338265505964737e+02,4.504032486877511e+00
4.338765505964737e+02,4.504027382609062e+00
4.339265505964737e+02,4.504022278350217e+00
4.339765505964737e+02,4.504017174100970e+00
4.340265505964737e+02,4.504012069861325e+00
4.340765505964737e+02,4.504006965631265e+00
4.341265505964737e+02,4.504001861410782e+00
4.341765505964738e+02,4.503996757199863e+00
4.342265505964738e+02,4.503991652998491e+00
4.342765505964738e+02,4.503986548806673e+00
4.343265505964738e+02,4.503981444624419e+00
4.343765505964738e+02,4.503976340451698e+00
4.344265505964738e+02,4.503971236288474e+00
4.344765505964738e+02,4.503966132134752e+00
4.345265505964738e+02,4.503961027990570e+00
4.345765505964739e+02,4.503955923855899e+00
4.346265505964739e+02,4.503950819730679e+00
4.346765505964739e+02,4.503945715614933e+00
4.347265505964739e+02,4.503940611508673e+00
4.347765505964739e+02,4.503935507411885e+00
4.348265505964739e+02,4.503930403324563e+00
4.348765505964739e+02,4.503925299246669e+00
4.349265505964739e+02,4.503920195178181e+00
4.349765505964739e+02,4.503915091119137e+00
4.350265505964740e+02,4.503909987069543e+00
4.350765505964740e+02,4.503904883029338e+00
4.351265505964740e+02,4.503899778998504e+00
4.351765505964740e+02,4.503894674977074e+00
4.352265505964740e+02,4.503889570965050e+00
4.352765505964740e+02,4.503884466962370e+00
4.353265505964740e+02,4.503879362969045e+00
4.353765505964740e+02,4.503874258985089e+00
4.354265505964740e+02,4.503869155010468e+00
4.354765505964741e+02,4.503864051045208e+00
4.355265505964741e+02,4.503858947089287e+00
4.355765505964741e+02,4.503853843142682e+00
4.356265505964741e+02,4.503848739205393e+00
4.356765505964741e+02,4.503843635277398e+00
4.357265505964741e+02,4.503838531358714e+00
4.357765505964741e+02,4.503833427449312e+00
4.358265505964741e+02,4.503828323549164e+00
4.358765505964741e+02,4.503823219658288e+00
4.359265505964742e+02,4.503818115776682e+00
4.359765505964742e+02,4.503813011904360e+00
4.360265505964742e+02,4.503807908041273e+00
4.360765505964742e+02,4.503802804187368e+00
4.361265505964742e+02,4.503797700342679e+00
4.361765505964742e+02,4.503792596507247e+00
4.362265505964742e+02,4.503787492681052e+00
4.362765505964742e+02,4.503782388864085e+00
4.363265505964742e+02,4.503777285056300e+00
4.363765505964743e+02,4.503772181257658e+00
4.364265505964743e+02,4.503767077468175e+00
4.364765505964743e+02,4.503761973687864e+00
4.365265505964743e+02,4.503756869916733e+00
4.365765505964743e+02,4.503751766154745e+00
4.366265505964743e+02,4.503746662401887e+00
4.366765505964743e+02,4.503741558658186e+00
4.367265505964743e+02,4.503736454923613e+00
4.367765505964744e+02,4.503731351198139e+00
4.368265505964744e+02,4.503726247481786e+00
4.368765505964744e+02,4.503721143774531e+00
4.369265505964744e+02,4.503716040076345e+00
4.369765505964744e+02,4.503710936387279e+00
4.370265505964744e+02,4.503705832707309e+00
4.370765505964744e+02,4.503700729036393e+00
4.371265505964744e+02,4.503695625374539e+00
4.371765505964744e+02,4.503690521721709e+00
4.372265505964745e+02,4.503685418077923e+00
4.372765505964745e+02,4.503680314443215e+00
4.373265505964745e+02,4.503675210817507e+00
4.373765505964745e+02,4.503670107200769e+00
4.374265505964745e+02,4.503665003593055e+00
4.374765505964745e+02,4.503659899994386e+00
4.375265505964745e+02,4.503654796404717e+00
4.375765505964745e+02,4.503649692824007e+00
4.376265505964745e+02,4.503644589252267e+00
4.376765505964746e+02,4.503639485689533e+00
4.377265505964746e+02,4.503634382135771e+00
4.377765505964746e+02,4.503629278590912e+00
4.378265505964746e+02,4.503624175054988e+00
4.378765505964746e+02,4.503619071527983e+00
4.379265505964746e+02,4.503613968009894e+00
4.379765505964746e+02,4.503608864500804e+00
4.380265505964746e+02,4.503603761000665e+00
4.380765505964746e+02,4.503598657509370e+00
4.381265505964747e+02,4.503593554026934e+00
4.381765505964747e+02,4.503588450553408e+00
4.382265505964747e+02,4.503583347088784e+00
4.382765505964747e+02,4.503578243633063e+00
4.383265505964747e+02,4.503573140186209e+00
4.383765505964747e+02,4.503568036748133e+00
4.384265505964747e+02,4.503562933318885e+00
4.384765505964747e+02,4.503557829898546e+00
4.385265505964747e+02,4.503552726487034e+00
4.385765505964748e+02,4.503547623084322e+00
4.386265505964748e+02,4.503542519690459e+00
4.386765505964748e+02,4.503537416305413e+00
4.387265505964748e+02,4.503532312929159e+00
4.387765505964748e+02,4.503527209561679e+00
4.388265505964748e+02,4.503522106202967e+00
4.388765505964748e+02,4.503517002853060e+00
4.389265505964748e+02,4.503511899511937e+00
4.389765505964749e+02,4.503506796179583e+00
4.390265505964749e+02,4.503501692855969e+00
4.390765505964749e+02,4.503496589541060e+00
4.391265505964749e+02,4.503491486234906e+00
4.391765505964749e+02,4.503486382937514e+00
4.392265505964749e+02,4.503481279648851e+00
4.392765505964749e+02,4.503476176368899e+00
4.393265505964749e+02,4.503471073097631e+00
4.393765505964749e+02,4.503465969835057e+00
4.394265505964750e+02,4.503460866581193e+00
4.394765505964750e+02,4.503455763336015e+00
4.395265505964750e+02,4.503450660099507e+00
4.395765505964750e+02,4.503445556871663e+00
4.396265505964750e+02,4.503440453652460e+00
4.396765505964750e+02,4.503435350441928e+00
4.397265505964750e+02,4.503430247240066e+00
4.397765505964750e+02,4.503425144046817e+00
4.398265505964750e+02,4.503420040862193e+00
4.398765505964751e+02,4.503414937686196e+00
4.399265505964751e+02,4.503409834518815e+00
4.399765505964751e+02,4.503404731360069e+00
4.400265505964751e+02,4.503399628209920e+00
4.400765505964751e+02,4.503394525068328e+00
4.401265505964751e+02,4.503389421935295e+00
4.401765505964751e+02,4.503384318810858e+00
4.402265505964751e+02,4.503379215695016e+00
4.402765505964751e+02,4.503374112587751e+00
4.403265505964752e+02,4.503369009489020e+00
4.403765505964752e+02,4.503363906398812e+00
4.404265505964752e+02,4.503358803317161e+00
4.404765505964752e+02,4.503353700244054e+00
4.405265505964752e+02,4.503348597179476e+00
4.405765505964752e+02,4.503343494123410e+00
4.406265505964752e+02,4.503338391075851e+00
4.406765505964752e+02,4.503333288036798e+00
4.407265505964752e+02,4.503328185006222e+00
4.407765505964753e+02,4.503323081984120e+00
4.408265505964753e+02,4.503317978970504e+00
4.408765505964753e+02,4.503312875965387e+00
4.409265505964753e+02,4.503307772968753e+00
4.409765505964753e+02,4.503302669980556e+00
4.410265505964753e+02,4.503297567000799e+00
4.410765505964753e+02,4.503292464029474e+00
4.411265505964753e+02,4.503287361066580e+00
4.411765505964754e+02,4.503282258112123e+00
4.412265505964754e+02,4.503277155166085e+00
4.412765505964754e+02,4.503272052228476e+00
4.413265505964754e+02,4.503266949299283e+00
4.413765505964754e+02,4.503261846378455e+00
4.414265505964754e+02,4.503256743466021e+00
4.414765505964754e+02,4.503251640561994e+00
4.415265505964754e+02,4.503246537666332e+00
4.415765505964754e+02,4.503241434779025e+00
4.416265505964755e+02,4.503236331900091e+00
4.416765505964755e+02,4.503231229029513e+00
4.417265505964755e+02,4.503226126167276e+00
4.417765505964755e+02,4.503221023313388e+00
4.418265505964755e+02,4.503215920467827e+00
4.418765505964755e+02,4.503210817630598e+00
4.419265505964755e+02,4.503205714801709e+00
4.419765505964755e+02,4.503200611981125e+00
4.420265505964755e+02,4.503195509168823e+00
4.420765505964756e+02,4.503190406364809e+00
4.421265505964756e+02,4.503185303569130e+00
4.421765505964756e+02,4.503180200781722e+00
4.422265505964756e+02,4.503175098002541e+00
4.422765505964756e+02,4.503169995231639e+00
4.423265505964756e+02,4.503164892469009e+00
4.423765505964756e+02,4.503159789714646e+00
4.424265505964756e+02,4.503154686968540e+00
4.424765505964756e+02,4.503149584230657e+00
4.425265505964757e+02,4.503144481501011e+00
4.425765505964757e+02,4.503139378779609e+00
4.426265505964757e+02,4.503134276066405e+00
4.426765505964757e+02,4.503129173361400e+00
4.427265505964757e+02,4.503124070664631e+00
4.427765505964757e+02,4.503118967976061e+00
4.428265505964757e+02,4.503113865295645e+00
4.428765505964757e+02,4.503108762623414e+00
4.429265505964757e+02,4.503103659959367e+00
4.429765505964758e+02,4.503098557303495e+00
4.430265505964758e+02,4.503093454655808e+00
4.430765505964758e+02,4.503088352016260e+00
4.431265505964758e+02,4.503083249384848e+00
4.431765505964758e+02,4.503078146761600e+00
4.432265505964758e+02,4.503073044146506e+00
4.432765505964758e+02,4.503067941539536e+00
4.433265505964758e+02,4.503062838940665e+00
4.433765505964759e+02,4.503057736349896e+00
4.434265505964759e+02,4.503052633767215e+00
4.434765505964759e+02,4.503047531192627e+00
4.435265505964759e+02,4.503042428626171e+00
4.435765505964759e+02,4.503037326067823e+00
4.436265505964759e+02,4.503032223517540e+00
4.436765505964759e+02,4.503027120975344e+00
4.437265505964759e+02,4.503022018441213e+00
4.437765505964759e+02,4.503016915915106e+00
4.438265505964760e+02,4.503011813397048e+00
4.438765505964760e+02,4.503006710887061e+00
4.439265505964760e+02,4.503001608385117e+00
4.439765505964760e+02,4.502996505891162e+00
4.440265505964760e+02,4.502991403405254e+00
4.440765505964760e+02,4.502986300927396e+00
4.441265505964760e+02,4.502981198457533e+00
4.441765505964760e+02,4.502976095995685e+00
4.442265505964760e+02,4.502970993541831e+00
4.442765505964761e+02,4.502965891095966e+00
4.443265505964761e+02,4.502960788658072e+00
4.443765505964761e+02,4.502955686228141e+00
4.444265505964761e+02,4.502950583806204e+00
4.444765505964761e+02,4.502945481392243e+00
4.445265505964761e+02,4.502940378986221e+00
4.445765505964761e+02,4.502935276588147e+00
4.446265505964761e+02,4.502930174198050e+00
4.446765505964761e+02,4.502925071815880e+00
4.447265505964762e+02,4.502919969441616e+00
4.447765505964762e+02,4.502914867075289e+00
4.448265505964762e+02,4.502909764716886e+00
4.448765505964762e+02,4.502904662366388e+00
4.449265505964762e+02,4.502899560023809e+00
4.449765505964762e+02,4.502894457689155e+00
4.450265505964762e+02,4.502889355362377e+00
4.450765505964762e+02,4.502884253043453e+00
4.451265505964762e+02,4.502879150732412e+00
4.451765505964763e+02,4.502874048429255e+00
4.452265505964763e+02,4.502868946133967e+00
4.452765505964763e+02,4.502863843846534e+00
4.453265505964763e+02,4.502858741566962e+00
4.453765505964763e+02,4.502853639295229e+00
4.454265505964763e+02,4.502848537031313e+00
4.454765505964763e+02,4.502843434775252e+00
4.455265505964763e+02,4.502838332527022e+00
4.455765505964764e+02,4.502833230286594e+00
4.456265505964764e+02,4.502828128053983e+00
4.456765505964764e+02,4.502823025829186e+00
4.457265505964764e+02,4.502817923612193e+00
4.457765505964764e+02,4.502812821402988e+00
4.458265505964764e+02,4.502807719201588e+00
4.458765505964764e+02,4.502802617007991e+00
4.459265505964764e+02,4.502797514822130e+00
4.459765505964764e+02,4.502792412644016e+00
4.460265505964765e+02,4.502787310473683e+00
4.460765505964765e+02,4.502782208311106e+00
4.461265505964765e+02,4.502777106156299e+00
4.461765505964765e+02,4.502772004009236e+00
4.462265505964765e+02,4.502766901869870e+00
4.462765505964765e+02,4.502761799738237e+00
4.463265505964765e+02,4.502756697614361e+00
4.463765505964765e+02,4.502751595498196e+00
4.464265505964765e+02,4.502746493389720e+00
4.464765505964766e+02,4.502741391288971e+00
4.465265505964766e+02,4.502736289195919e+00
4.465765505964766e+02,4.502731187110527e+00
4.466265505964766e+02,4.502726085032845e+00
4.466765505964766e+02,4.502720982962875e+00
4.467265505964766e+02,4.502715880900558e+00
4.467765505964766e+02,4.502710778845893e+00
4.468265505964766e+02,4.502705676798900e+00
4.468765505964766e+02,4.502700574759562e+00
4.469265505964767e+02,4.502695472727881e+00
4.469765505964767e+02,4.502690370703858e+00
4.470265505964767e+02,4.502685268687458e+00
4.470765505964767e+02,4.502680166678664e+00
4.471265505964767e+02,4.502675064677492e+00
4.471765505964767e+02,4.502669962683950e+00
4.472265505964767e+02,4.502664860698000e+00
4.472765505964767e+02,4.502659758719651e+00
4.473265505964767e+02,4.502654656748923e+00
4.473765505964768e+02,4.502649554785794e+00
4.474265505964768e+02,4.502644452830263e+00
4.474765505964768e+02,4.502639350882309e+00
4.475265505964768e+02,4.502634248941902e+00
4.475765505964768e+02,4.502629147009079e+00
4.476265505964768e+02,4.502624045083833e+00
4.476765505964768e+02,4.502618943166111e+00
4.477265505964768e+02,4.502613841255929e+00
4.477765505964769e+02,4.502608739353310e+00
4.478265505964769e+02,4.502603637458227e+00
4.478765505964769e+02,4.502598535570692e+00
4.479265505964769e+02,4.502593433690695e+00
4.479765505964769e+02,4.502588331818201e+00
4.480265505964769e+02,4.502583229953224e+00
4.480765505964769e+02,4.502578128095750e+00
4.481265505964769e+02,4.502573026245764e+00
4.481765505964769e+02,4.502567924403278e+00
4.482265505964770e+02,4.502562822568287e+00
4.482765505964770e+02,4.502557720740781e+00
4.483265505964770e+02,4.502552618920750e+00
4.483765505964770e+02,4.502547517108190e+00
4.484265505964770e+02,4.502542415303100e+00
4.484765505964770e+02,4.502537313505466e+00
4.485265505964770e+02,4.502532211715291e+00
4.485765505964770e+02,4.502527109932558e+00
4.486265505964770e+02,4.502522008157258e+00
4.486765505964771e+02,4.502516906389407e+00
4.487265505964771e+02,4.502511804628976e+00
4.487765505964771e+02,4.502506702875958e+00
4.488265505964771e+02,4.502501601130389e+00
4.488765505964771e+02,4.502496499392238e+00
4.489265505964771e+02,4.502491397661463e+00
4.489765505964771e+02,4.502486295938085e+00
4.490265505964771e+02,4.502481194222126e+00
4.490765505964771e+02,4.502476092513564e+00
4.491265505964772e+02,4.502470990812368e+00
4.491765505964772e+02,4.502465889118540e+00
4.492265505964772e+02,4.502460787432099e+00
4.492765505964772e+02,4.502455685753043e+00
4.493265505964772e+02,4.502450584081323e+00
4.493765505964772e+02,4.502445482416911e+00
4.494265505964772e+02,4.502440380759857e+00
4.494765505964772e+02,4.502435279110185e+00
4.495265505964773e+02,4.502430177467858e+00
4.495765505964773e+02,4.502425075832868e+00
4.496265505964773e+02,4.502419974205184e+00
4.496765505964773e+02,4.502414872584807e+00
4.497265505964773e+02,4.502409770971730e+00
4.497765505964773e+02,4.502404669365966e+00
4.498265505964773e+02,4.502399567767533e+00
4.498765505964773e+02,4.502394466176372e+00
4.499265505964773e+02,4.502389364592498e+00
4.499765505964774e+02,4.502384263015941e+00
4.500265505964774e+02,4.502379161446653e+00
4.500765505964774e+02,4.502374059884635e+00
4.501265505964774e+02,4.502368958329887e+00
4.501765505964774e+02,4.502363856782378e+00
4.502265505964774e+02,4.502358755242109e+00
4.502765505964774e+02,4.502353653709116e+00
4.503265505964774e+02,4.502348552183386e+00
4.503765505964774e+02,4.502343450664872e+00
4.504265505964775e+02,4.502338349153598e+00
4.504765505964775e+02,4.502333247649578e+00
4.505265505964775e+02,4.502328146152781e+00
4.505765505964775e+02,4.502323044663182e+00
4.506265505964775e+02,4.502317943180777e+00
4.506765505964775e+02,4.502312841705581e+00
4.507265505964775e+02,4.502307740237600e+00
4.507765505964775e+02,4.502302638776815e+00
4.508265505964775e+02,4.502297537323209e+00
4.508765505964776e+02,4.502292435876777e+00
4.509265505964776e+02,4.502287334437524e+00
4.509765505964776e+02,4.502282233005471e+00
4.510265505964776e+02,4.502277131580555e+00
4.510765505964776e+02,4.502272030162780e+00
4.511265505964776e+02,4.502266928752197e+00
4.511765505964776e+02,4.502261827348759e+00
4.512265505964776e+02,4.502256725952471e+00
4.512765505964776e+02,4.502251624563332e+00
4.513265505964777e+02,4.502246523181305e+00
4.513765505964777e+02,4.502241421806398e+00
4.514265505964777e+02,4.502236320438610e+00
4.514765505964777e+02,4.502231219077957e+00
4.515265505964777e+02,4.502226117724429e+00
4.515765505964777e+02,4.502221016378007e+00
4.516265505964777e+02,4.502215915038691e+00
4.516765505964777e+02,4.502210813706456e+00
4.517265505964778e+02,4.502205712381303e+00
4.517765505964778e+02,4.502200611063239e+00
4.518265505964778e+02,4.502195509752227e+00
4.518765505964778e+02,4.502190408448291e+00
4.519265505964778e+02,4.502185307151461e+00
4.519765505964778e+02,4.502180205861697e+00
4.520265505964778e+02,4.502175104578954e+00
4.520765505964778e+02,4.502170003303247e+00
4.521265505964778e+02,4.502164902034623e+00
4.521765505964779e+02,4.502159800773051e+00
4.522265505964779e+02,4.502154699518497e+00
4.522765505964779e+02,4.502149598270948e+00
4.523265505964779e+02,4.502144497030442e+00
4.523765505964779e+02,4.502139395796982e+00
4.524265505964779e+02,4.502134294570537e+00
4.524765505964779e+02,4.502129193351106e+00
4.525265505964779e+02,4.502124092138675e+00
4.525765505964779e+02,4.502118990933229e+00
4.526265505964780e+02,4.502113889734758e+00
4.526765505964780e+02,4.502108788543274e+00
4.527265505964780e+02,4.502103687358773e+00
4.527765505964780e+02,4.502098586181273e+00
4.528265505964780e+02,4.502093485010772e+00
4.528765505964780e+02,4.502088383847219e+00
4.529265505964780e+02,4.502083282690591e+00
4.529765505964780e+02,4.502078181540916e+00
4.530265505964780e+02,4.502073080398206e+00
4.530765505964781e+02,4.502067979262449e+00
4.531265505964781e+02,4.502062878133646e+00
4.531765505964781e+02,4.502057777011800e+00
4.532265505964781e+02,4.502052675896876e+00
4.532765505964781e+02,4.502047574788842e+00
4.533265505964781e+02,4.502042473687716e+00
4.533765505964781e+02,4.502037372593516e+00
4.534265505964781e+02,4.502032271506239e+00
4.534765505964781e+02,4.502027170425902e+00
4.535265505964782e+02,4.502022069352466e+00
4.535765505964782e+02,4.502016968285890e+00
4.536265505964782e+02,4.502011867226186e+00
4.536765505964782e+02,4.502006766173375e+00
4.537265505964782e+02,4.502001665127452e+00
4.537765505964782e+02,4.501996564088410e+00
4.538265505964782e+02,4.501991463056247e+00
4.538765505964782e+02,4.501986362030924e+00
4.539265505964783e+02,4.501981261012439e+00
4.539765505964783e+02,4.501976160000810e+00
4.540265505964783e+02,4.501971058996038e+00
4.540765505964783e+02,4.501965957998139e+00
4.541265505964783e+02,4.501960857007083e+00
4.541765505964783e+02,4.501955756022829e+00
4.542265505964783e+02,4.501950655045404e+00
4.542765505964783e+02,4.501945554074836e+00
4.543265505964783e+02,4.501940453111080e+00
4.543765505964784e+02,4.501935352154105e+00
4.544265505964784e+02,4.501930251203945e+00
4.544765505964784e+02,4.501925150260560e+00
4.545265505964784e+02,4.501920049323978e+00
4.545765505964784e+02,4.501914948394253e+00
4.546265505964784e+02,4.501909847471327e+00
4.546765505964784e+02,4.501904746555161e+00
4.547265505964784e+02,4.501899645645739e+00
4.547765505964784e+02,4.501894544743077e+00
4.548265505964785e+02,4.501889443847212e+00
4.548765505964785e+02,4.501884342958106e+00
4.549265505964785e+02,4.501879242075731e+00
4.549765505964785e+02,4.501874141200123e+00
4.550265505964785e+02,4.501869040331290e+00
4.550765505964785e+02,4.501863939469180e+00
4.551265505964785e+02,4.501858838613791e+00
4.551765505964785e+02,4.501853737765178e+00
4.552265505964785e+02,4.501848636923302e+00
4.552765505964786e+02,4.501843536088118e+00
4.553265505964786e+02,4.501838435259657e+00
4.553765505964786e+02,4.501833334437903e+00
4.554265505964786e+02,4.501828233622848e+00
4.554765505964786e+02,4.501823132814516e+00
4.555265505964786e+02,4.501818032012878e+00
4.555765505964786e+02,4.501812931217938e+00
4.556265505964786e+02,4.501807830429714e+00
4.556765505964786e+02,4.501802729648166e+00
4.557265505964787e+02,4.501797628873260e+00
4.557765505964787e+02,4.501792528105022e+00
4.558265505964787e+02,4.501787427343491e+00
4.558765505964787e+02,4.501782326588622e+00
4.559265505964787e+02,4.501777225840396e+00
4.559765505964787e+02,4.501772125098831e+00
4.560265505964787e+02,4.501767024363928e+00
4.560765505964787e+02,4.501761923635665e+00
4.561265505964788e+02,4.501756822914042e+00
4.561765505964788e+02,4.501751722199052e+00
4.562265505964788e+02,4.501746621490702e+00
4.562765505964788e+02,4.501741520788983e+00
4.563265505964788e+02,4.501736420093859e+00
4.563765505964788e+02,4.501731319405339e+00
4.564265505964788e+02,4.501726218723435e+00
4.564765505964788e+02,4.501721118048171e+00
4.565265505964788e+02,4.501716017379517e+00
4.565765505964789e+02,4.501710916717429e+00
4.566265505964789e+02,4.501705816061951e+00
4.566765505964789e+02,4.501700715413105e+00
4.567265505964789e+02,4.501695614770836e+00
4.567765505964789e+02,4.501690514135128e+00
4.568265505964789e+02,4.501685413505963e+00
4.568765505964789e+02,4.501680312883354e+00
4.569265505964789e+02,4.501675212267341e+00
4.569765505964789e+02,4.501670111657891e+00
4.570265505964790e+02,4.501665011054978e+00
4.570765505964790e+02,4.501659910458614e+00
4.571265505964790e+02,4.501654809868836e+00
4.571765505964790e+02,4.501649709285624e+00
4.572265505964790e+02,4.501644608708926e+00
4.572765505964790e+02,4.501639508138738e+00
4.573265505964790e+02,4.501634407575080e+00
4.573765505964790e+02,4.501629307017947e+00
4.574265505964790e+02,4.501624206467344e+00
4.574765505964791e+02,4.501619105923251e+00
4.575265505964791e+02,4.501614005385643e+00
4.575765505964791e+02,4.501608904854540e+00
4.576265505964791e+02,4.501603804329978e+00
4.576765505964791e+02,4.501598703811922e+00
4.577265505964791e+02,4.501593603300326e+00
4.577765505964791e+02,4.501588502795205e+00
4.578265505964791e+02,4.501583402296581e+00
4.578765505964791e+02,4.501578301804439e+00
4.579265505964792e+02,4.501573201318781e+00
4.579765505964792e+02,4.501568100839589e+00
4.580265505964792e+02,4.501563000366843e+00
4.580765505964792e+02,4.501557899900564e+00
4.581265505964792e+02,4.501552799440753e+00
4.581765505964792e+02,4.501547698987401e+00
4.582265505964792e+02,4.501542598540479e+00
4.582765505964792e+02,4.501537498099979e+00
4.583265505964793e+02,4.501532397665936e+00
4.583765505964793e+02,4.501527297238336e+00
4.584265505964793e+02,4.501522196817164e+00
4.584765505964793e+02,4.501517096402416e+00
4.585265505964793e+02,4.501511995994053e+00
4.585765505964793e+02,4.501506895592097e+00
4.586265505964793e+02,4.501501795196600e+00
4.586765505964793e+02,4.501496694807497e+00
4.587265505964793e+02,4.501491594424779e+00
4.587765505964794e+02,4.501486494048499e+00
4.588265505964794e+02,4.501481393678605e+00
4.588765505964794e+02,4.501476293315066e+00
4.589265505964794e+02,4.501471192957903e+00
4.589765505964794e+02,4.501466092607123e+00
4.590265505964794e+02,4.501460992262730e+00
4.590765505964794e+02,4.501455891924715e+00
4.591265505964794e+02,4.501450791593085e+00
4.591765505964794e+02,4.501445691267803e+00
4.592265505964795e+02,4.501440590948848e+00
4.592765505964795e+02,4.501435490636268e+00
4.593265505964795e+02,4.501430390330060e+00
4.593765505964795e+02,4.501425290030175e+00
4.594265505964795e+02,4.501420189736633e+00
4.594765505964795e+02,4.501415089449428e+00
4.595265505964795e+02,4.501409989168527e+00
4.595765505964795e+02,4.501404888893944e+00
4.596265505964795e+02,4.501399788625715e+00
4.596765505964796e+02,4.501394688363834e+00
4.597265505964796e+02,4.501389588108256e+00
4.597765505964796e+02,4.501384487858964e+00
4.598265505964796e+02,4.501379387615968e+00
4.598765505964796e+02,4.501374287379267e+00
4.599265505964796e+02,4.501369187148871e+00
4.599765505964796e+02,4.501364086924792e+00
4.600265505964796e+02,4.501358986707015e+00
4.600765505964796e+02,4.501353886495502e+00
4.601265505964797e+02,4.501348786290269e+00
4.601765505964797e+02,4.501343686091333e+00
4.602265505964797e+02,4.501338585898647e+00
4.602765505964797e+02,4.501333485712211e+00
4.603265505964797e+02,4.501328385532062e+00
4.603765505964797e+02,4.501323285358177e+00
4.604265505964797e+02,4.501318185190545e+00
4.604765505964797e+02,4.501313085029155e+00
4.605265505964798e+02,4.501307984874007e+00
4.605765505964798e+02,4.501302884725101e+00
4.606265505964798e+02,4.501297784582422e+00
4.606765505964798e+02,4.501292684445979e+00
4.607265505964798e+02,4.501287584315758e+00
4.607765505964798e+02,4.501282484191764e+00
4.608265505964798e+02,4.501277384074005e+00
4.608765505964798e+02,4.501272283962474e+00
4.609265505964798e+02,4.501267183857156e+00
4.609765505964799e+02,4.501262083758040e+00
4.610265505964799e+02,4.501256983665131e+00
4.610765505964799e+02,4.501251883578412e+00
4.611265505964799e+02,4.501246783497884e+00
4.611765505964799e+02,4.501241683423546e+00
4.612265505964799e+02,4.501236583355412e+00
4.612765505964799e+02,4.501231483293462e+00
4.613265505964799e+02,4.501226383237665e+00
4.613765505964799e+02,4.501221283188043e+00
4.614265505964800e+02,4.501216183144606e+00
4.614765505964800e+02,4.501211083107334e+00
4.615265505964800e+02,4.501205983076232e+00
4.615765505964800e+02,4.501200883051295e+00
4.616265505964800e+02,4.501195783032514e+00
4.616765505964800e+02,4.501190683019869e+00
4.617265505964800e+02,4.501185583013368e+00
4.617765505964800e+02,4.501180483013034e+00
4.618265505964800e+02,4.501175383018847e+00
4.618765505964801e+02,4.501170283030745e+00
4.619265505964801e+02,4.501165183048788e+00
4.619765505964801e+02,4.501160083072998e+00
4.620265505964801e+02,4.501154983103303e+00
4.620765505964801e+02,4.501149883139723e+00
4.621265505964801e+02,4.501144783182256e+00
4.621765505964801e+02,4.501139683230891e+00
4.622265505964801e+02,4.501134583285649e+00
4.622765505964801e+02,4.501129483346521e+00
4.623265505964802e+02,4.501124383413485e+00
4.623765505964802e+02,4.501119283486529e+00
4.624265505964802e+02,4.501114183565657e+00
4.624765505964802e+02,4.501109083650886e+00
4.625265505964802e+02,4.501103983742207e+00
4.625765505964802e+02,4.501098883839577e+00
4.626265505964802e+02,4.501093783943010e+00
4.626765505964802e+02,4.501088684052541e+00
4.627265505964803e+02,4.501083584168130e+00
4.627765505964803e+02,4.501078484289766e+00
4.628265505964803e+02,4.501073384417480e+00
4.628765505964803e+02,4.501068284551271e+00
4.629265505964803e+02,4.501063184691112e+00
4.629765505964803e+02,4.501058084836983e+00
4.630265505964803e+02,4.501052984988887e+00
4.630765505964803e+02,4.501047885146817e+00
4.631265505964803e+02,4.501042785310796e+00
4.631765505964804e+02,4.501037685480814e+00
4.632265505964804e+02,4.501032585656842e+00
4.632765505964804e+02,4.501027485838906e+00
4.633265505964804e+02,4.501022386027014e+00
4.633765505964804e+02,4.501017286221117e+00
4.634265505964804e+02,4.501012186421203e+00
4.634765505964804e+02,4.501007086627336e+00
4.635265505964804e+02,4.501001986839496e+00
4.635765505964804e+02,4.500996887057610e+00
4.636265505964805e+02,4.500991787281700e+00
4.636765505964805e+02,4.500986687511805e+00
4.637265505964805e+02,4.500981587747923e+00
4.637765505964805e+02,4.500976487990006e+00
4.638265505964805e+02,4.500971388238070e+00
4.638765505964805e+02,4.500966288492126e+00
4.639265505964805e+02,4.500961188752149e+00
4.639765505964805e+02,4.500956089018131e+00
4.640265505964805e+02,4.500950989290085e+00
4.640765505964806e+02,4.500945889567991e+00
4.641265505964806e+02,4.500940789851845e+00
4.641765505964806e+02,4.500935690141697e+00
4.642265505964806e+02,4.500930590437504e+00
4.642765505964806e+02,4.500925490739218e+00
4.643265505964806e+02,4.500920391046883e+00
4.643765505964806e+02,4.500915291360498e+00
4.644265505964806e+02,4.500910191680039e+00
4.644765505964806e+02,4.500905092005524e+00
4.645265505964807e+02,4.500899992336922e+00
4.645765505964807e+02,4.500894892674233e+00
4.646265505964807e+02,4.500889793017473e+00
4.646765505964807e+02,4.500884693366626e+00
4.647265505964807e+02,4.500879593721684e+00
4.647765505964807e+02,4.500874494082662e+00
4.648265505964807e+02,4.500869394449559e+00
4.648765505964807e+02,4.500864294822355e+00
4.649265505964808e+02,4.500859195201041e+00
4.649765505964808e+02,4.500854095585618e+00
4.650265505964808e+02,4.500848995976108e+00
4.650765505964808e+02,4.500843896372473e+00
4.651265505964808e+02,4.500838796774676e+00
4.651765505964808e+02,4.500833697182777e+00
4.652265505964808e+02,4.500828597596792e+00
4.652765505964808e+02,4.500823498016682e+00
4.653265505964808e+02,4.500818398442438e+00
4.653765505964809e+02,4.500813298874056e+00
4.654265505964809e+02,4.500808199311504e+00
4.654765505964809e+02,4.500803099754791e+00
4.655265505964809e+02,4.500798000203966e+00
4.655765505964809e+02,4.500792900659027e+00
4.656265505964809e+02,4.500787801119917e+00
4.656765505964809e+02,4.500782701586631e+00
4.657265505964809e+02,4.500777602059181e+00
4.657765505964809e+02,4.500772502537562e+00
4.658265505964810e+02,4.500767403021769e+00
4.658765505964810e+02,4.500762303511796e+00
4.659265505964810e+02,4.500757204007646e+00
4.659765505964810e+02,4.500752104509334e+00
4.660265505964810e+02,4.500747005016866e+00
4.660765505964810e+02,4.500741905530224e+00
4.661265505964810e+02,4.500736806049376e+00
4.661765505964810e+02,4.500731706574320e+00
4.662265505964810e+02,4.500726607105056e+00
4.662765505964811e+02,4.500721507641584e+00
4.663265505964811e+02,4.500716408183907e+00
4.663765505964811e+02,4.500711308732043e+00
4.664265505964811e+02,4.500706209285988e+00
4.664765505964811e+02,4.500701109845703e+00
4.665265505964811e+02,4.500696010411205e+00
4.665765505964811e+02,4.500690910982476e+00
4.666265505964811e+02,4.500685811559510e+00
4.666765505964811e+02,4.500680712142309e+00
4.667265505964812e+02,4.500675612730879e+00
4.667765505964812e+02,4.500670513325232e+00
4.668265505964812e+02,4.500665413925339e+00
4.668765505964812e+02,4.500660314531197e+00
4.669265505964812e+02,4.500655215142811e+00
4.669765505964812e+02,4.500650115760157e+00
4.670265505964812e+02,4.500645016383266e+00
4.670765505964812e+02,4.500639917012159e+00
4.671265505964813e+02,4.500634817646771e+00
4.671765505964813e+02,4.500629718287088e+00
4.672265505964813e+02,4.500624618933145e+00
4.672765505964813e+02,4.500619519584957e+00
4.673265505964813e+02,4.500614420242494e+00
4.673765505964813e+02,4.500609320905719e+00
4.674265505964813e+02,4.500604221574661e+00
4.674765505964813e+02,4.500599122249354e+00
4.675265505964813e+02,4.500594022929741e+00
4.675765505964814e+02,4.500588923615823e+00
4.676265505964814e+02,4.500583824307637e+00
4.676765505964814e+02,4.500578725005133e+00
4.677265505964814e+02,4.500573625708333e+00
4.677765505964814e+02,4.500568526417243e+00
4.678265505964814e+02,4.500563427131824e+00
4.678765505964814e+02,4.500558327852109e+00
4.679265505964814e+02,4.500553228578076e+00
4.679765505964814e+02,4.500548129309730e+00
4.680265505964815e+02,4.500543030047059e+00
4.680765505964815e+02,4.500537930790022e+00
4.681265505964815e+02,4.500532831538659e+00
4.681765505964815e+02,4.500527732292989e+00
4.682265505964815e+02,4.500522633053008e+00
4.682765505964815e+02,4.500517533818680e+00
4.683265505964815e+02,4.500512434589981e+00
4.683765505964815e+02,4.500507335366915e+00
4.684265505964815e+02,4.500502236149514e+00
4.684765505964816e+02,4.500497136937801e+00
4.685265505964816e+02,4.500492037731736e+00
4.685765505964816e+02,4.500486938531297e+00
4.686265505964816e+02,4.500481839336492e+00
4.686765505964816e+02,4.500476740147322e+00
4.687265505964816e+02,4.500471640963773e+00
4.687765505964816e+02,4.500466541785851e+00
4.688265505964816e+02,4.500461442613558e+00
4.688765505964816e+02,4.500456343446879e+00
4.689265505964817e+02,4.500451244285820e+00
4.689765505964817e+02,4.500446145130374e+00
4.690265505964817e+02,4.500441045980526e+00
4.690765505964817e+02,4.500435946836306e+00
4.691265505964817e+02,4.500430847697706e+00
4.691765505964817e+02,4.500425748564687e+00
4.692265505964817e+02,4.500420649437269e+00
4.692765505964817e+02,4.500415550315457e+00
4.693265505964818e+02,4.500410451199222e+00
4.693765505964818e+02,4.500405352088560e+00
4.694265505964818e+02,4.500400252983496e+00
4.694765505964818e+02,4.500395153884010e+00
4.695265505964818e+02,4.500390054790091e+00
4.695765505964818e+02,4.500384955701769e+00
4.696265505964818e+02,4.500379856619032e+00
4.696765505964818e+02,4.500374757541860e+00
4.697265505964818e+02,4.500369658470235e+00
4.697765505964819e+02,4.500364559404142e+00
4.698265505964819e+02,4.500359460343624e+00
4.698765505964819e+02,4.500354361288682e+00
4.699265505964819e+02,4.500349262239286e+00
4.699765505964819e+02,4.500344163195435e+00
4.700265505964819e+02,4.500339064157153e+00
4.700765505964819e+02,4.500333965124415e+00
4.701265505964819e+02,4.500328866097178e+00
4.701765505964819e+02,4.500323767075495e+00
4.702265505964820e+02,4.500318668059359e+00
4.702765505964820e+02,4.500313569048728e+00
4.703265505964820e+02,4.500308470043651e+00
4.703765505964820e+02,4.500303371044089e+00
4.704265505964820e+02,4.500298272050008e+00
4.704765505964820e+02,4.500293173061471e+00
4.705265505964820e+02,4.500288074078485e+00
4.705765505964820e+02,4.500282975100989e+00
4.706265505964820e+02,4.500277876128970e+00
4.706765505964821e+02,4.500272777162472e+00
4.707265505964821e+02,4.500267678201498e+00
4.707765505964821e+02,4.500262579245988e+00
4.708265505964821e+02,4.500257480295950e+00
4.708765505964821e+02,4.500252381351450e+00
4.709265505964821e+02,4.500247282412471e+00
4.709765505964821e+02,4.500242183478933e+00
4.710265505964821e+02,4.500237084550868e+00
4.710765505964822e+02,4.500231985628308e+00
4.711265505964822e+02,4.500226886711213e+00
4.711765505964822e+02,4.500221787799604e+00
4.712265505964822e+02,4.500216688893481e+00
4.712765505964822e+02,4.500211589992788e+00
4.713265505964822e+02,4.500206491097544e+00
4.713765505964822e+02,4.500201392207773e+00
4.714265505964822e+02,4.500196293323466e+00
4.714765505964822e+02,4.500191194444636e+00
4.715265505964823e+02,4.500186095571261e+00
4.715765505964823e+02,4.500180996703303e+00
4.716265505964823e+02,4.500175897840804e+00
4.716765505964823e+02,4.500170798983768e+00
4.717265505964823e+02,4.500165700132140e+00
4.717765505964823e+02,4.500160601285944e+00
4.718265505964823e+02,4.500155502445200e+00
4.718765505964823e+02,4.500150403609875e+00
4.719265505964823e+02,4.500145304779959e+00
4.719765505964824e+02,4.500140205955484e+00
4.720265505964824e+02,4.500135107136471e+00
4.720765505964824e+02,4.500130008322855e+00
4.721265505964824e+02,4.500124909514619e+00
4.721765505964824e+02,4.500119810711832e+00
4.722265505964824e+02,4.500114711914469e+00
4.722765505964824e+02,4.500109613122482e+00
4.723265505964824e+02,4.500104514335882e+00
4.723765505964824e+02,4.500099415554700e+00
4.724265505964825e+02,4.500094316778942e+00
4.724765505964825e+02,4.500089218008573e+00
4.725265505964825e+02,4.500084119243563e+00
4.725765505964825e+02,4.500079020483942e+00
4.726265505964825e+02,4.500073921729709e+00
4.726765505964825e+02,4.500068822980864e+00
4.727265505964825e+02,4.500063724237415e+00
4.727765505964825e+02,4.500058625499316e+00
4.728265505964825e+02,4.500053526766584e+00
4.728765505964826e+02,4.500048428039232e+00
4.729265505964826e+02,4.500043329317248e+00
4.729765505964826e+02,4.500038230600658e+00
4.730265505964826e+02,4.500033131889426e+00
4.730765505964826e+02,4.500028033183515e+00
4.731265505964826e+02,4.500022934482963e+00
4.731765505964826e+02,4.500017835787791e+00
4.732265505964826e+02,4.500012737097991e+00
4.732765505964827e+02,4.500007638413527e+00
4.733265505964827e+02,4.500002539734355e+00
4.733765505964827e+02,4.499997441060512e+00
4.734265505964827e+02,4.499992342392071e+00
4.734765505964827e+02,4.499987243728973e+00
4.735265505964827e+02,4.499982145071160e+00
4.735765505964827e+02,4.499977046418689e+00
4.736265505964827e+02,4.499971947771577e+00
4.736765505964827e+02,4.499966849129778e+00
4.737265505964828e+02,4.499961750493277e+00
4.737765505964828e+02,4.499956651862090e+00
4.738265505964828e+02,4.499951553236232e+00
4.738765505964828e+02,4.499946454615686e+00
4.739265505964828e+02,4.499941356000444e+00
4.739765505964828e+02,4.499936257390518e+00
4.740265505964828e+02,4.499931158785905e+00
4.740765505964828e+02,4.499926060186591e+00
4.741265505964828e+02,4.499920961592544e+00
4.741765505964829e+02,4.499915863003794e+00
4.742265505964829e+02,4.499910764420365e+00
4.742765505964829e+02,4.499905665842229e+00
4.743265505964829e+02,4.499900567269369e+00
4.743765505964829e+02,4.499895468701777e+00
4.744265505964829e+02,4.499890370139447e+00
4.744765505964829e+02,4.499885271582406e+00
4.745265505964829e+02,4.499880173030671e+00
4.745765505964829e+02,4.499875074484196e+00
4.746265505964830e+02,4.499869975942991e+00
4.746765505964830e+02,4.499864877407076e+00
4.747265505964830e+02,4.499859778876413e+00
4.747765505964830e+02,4.499854680350996e+00
4.748265505964830e+02,4.499849581830827e+00
4.748765505964830e+02,4.499844483315904e+00
4.749265505964830e+02,4.499839384806255e+00
4.749765505964830e+02,4.499834286301875e+00
4.750265505964830e+02,4.499829187802742e+00
4.750765505964831e+02,4.499824089308841e+00
4.751265505964831e+02,4.499818990820176e+00
4.751765505964831e+02,4.499813892336748e+00
4.752265505964831e+02,4.499808793858553e+00
4.752765505964831e+02,4.499803695385596e+00
4.753265505964831e+02,4.499798596917876e+00
4.753765505964831e+02,4.499793498455382e+00
4.754265505964831e+02,4.499788399998088e+00
4.754765505964832e+02,4.499783301546024e+00
4.755265505964832e+02,4.499778203099207e+00
4.755765505964832e+02,4.499773104657598e+00
4.756265505964832e+02,4.499768006221204e+00
4.756765505964832e+02,4.499762907790054e+00
4.757265505964832e+02,4.499757809364099e+00
4.757765505964832e+02,4.499752710943310e+00
4.758265505964832e+02,4.499747612527728e+00
4.758765505964832e+02,4.499742514117362e+00
4.759265505964833e+02,4.499737415712203e+00
4.759765505964833e+02,4.499732317312239e+00
4.760265505964833e+02,4.499727218917452e+00
4.760765505964833e+02,4.499722120527844e+00
4.761265505964833e+02,4.499717022143415e+00
4.761765505964833e+02,4.499711923764194e+00
4.762265505964833e+02,4.499706825390181e+00
4.762765505964833e+02,4.499701727021346e+00
4.763265505964833e+02,4.499696628657675e+00
4.763765505964834e+02,4.499691530299152e+00
4.764265505964834e+02,4.499686431945809e+00
4.764765505964834e+02,4.499681333597666e+00
4.765265505964834e+02,4.499676235254701e+00
4.765765505964834e+02,4.499671136916891e+00
4.766265505964834e+02,4.499666038584222e+00
4.766765505964834e+02,4.499660940256695e+00
4.767265505964834e+02,4.499655841934303e+00
4.767765505964834e+02,4.499650743617050e+00
4.768265505964835e+02,4.499645645304969e+00
4.768765505964835e+02,4.499640546998052e+00
4.769265505964835e+02,4.499635448696290e+00
4.769765505964835e+02,4.499630350399689e+00
4.770265505964835e+02,4.499625252108229e+00
4.770765505964835e+02,4.499620153821889e+00
4.771265505964835e+02,4.499615055540677e+00
4.771765505964835e+02,4.499609957264607e+00
4.772265505964835e+02,4.499604858993668e+00
4.772765505964836e+02,4.499599760727837e+00
4.773265505964836e+02,4.499594662467112e+00
4.773765505964836e+02,4.499589564211513e+00
4.774265505964836e+02,4.499584465961056e+00
4.774765505964836e+02,4.499579367715723e+00
4.775265505964836e+02,4.499574269475503e+00
4.775765505964836e+02,4.499569171240386e+00
4.776265505964836e+02,4.499564073010363e+00
4.776765505964837e+02,4.499558974785423e+00
4.777265505964837e+02,4.499553876565579e+00
4.777765505964837e+02,4.499548778350882e+00
4.778265505964837e+02,4.499543680141304e+00
4.778765505964837e+02,4.499538581936794e+00
4.779265505964837e+02,4.499533483737386e+00
4.779765505964837e+02,4.499528385543080e+00
4.780265505964837e+02,4.499523287353833e+00
4.780765505964837e+02,4.499518189169661e+00
4.781265505964838e+02,4.499513090990585e+00
4.781765505964838e+02,4.499507992816596e+00
4.782265505964838e+02,4.499502894647689e+00
4.782765505964838e+02,4.499497796483841e+00
4.783265505964838e+02,4.499492698325035e+00
4.783765505964838e+02,4.499487600171317e+00
4.784265505964838e+02,4.499482502022710e+00
4.784765505964838e+02,4.499477403879163e+00
4.785265505964838e+02,4.499472305740668e+00
4.785765505964839e+02,4.499467207607259e+00
4.786265505964839e+02,4.499462109478888e+00
4.786765505964839e+02,4.499457011355528e+00
4.787265505964839e+02,4.499451913237242e+00
4.787765505964839e+02,4.499446815124023e+00
4.788265505964839e+02,4.499441717015841e+00
4.788765505964839e+02,4.499436618912694e+00
4.789265505964839e+02,4.499431520814598e+00
4.789765505964839e+02,4.499426422721561e+00
4.790265505964840e+02,4.499421324633566e+00
4.790765505964840e+02,4.499416226550577e+00
4.791265505964840e+02,4.499411128472619e+00
4.791765505964840e+02,4.499406030399710e+00
4.792265505964840e+02,4.499400932331807e+00
4.792765505964840e+02,4.499395834268939e+00
4.793265505964840e+02,4.499390736211115e+00
4.793765505964840e+02,4.499385638158290e+00
4.794265505964840e+02,4.499380540110502e+00
4.794765505964841e+02,4.499375442067733e+00
4.795265505964841e+02,4.499370344029958e+00
4.795765505964841e+02,4.499365245997209e+00
4.796265505964841e+02,4.499360147969460e+00
4.796765505964841e+02,4.499355049946695e+00
4.797265505964841e+02,4.499349951928936e+00
4.797765505964841e+02,4.499344853916197e+00
4.798265505964841e+02,4.499339755908486e+00
4.798765505964842e+02,4.499334657905751e+00
4.799265505964842e+02,4.499329559907964e+00
4.799765505964842e+02,4.499324461915196e+00
4.800265505964842e+02,4.499319363927442e+00
4.800765505964842e+02,4.499314265944641e+00
4.801265505964842e+02,4.499309167966848e+00
4.801765505964842e+02,4.499304069994038e+00
4.802265505964842e+02,4.499298972026188e+00
4.802765505964842e+02,4.499293874063345e+00
4.803265505964843e+02,4.499288776105471e+00
4.803765505964843e+02,4.499283678152548e+00
4.804265505964843e+02,4.499278580204609e+00
4.804765505964843e+02,4.499273482261639e+00
4.805265505964843e+02,4.499268384323633e+00
4.805765505964843e+02,4.499263286390586e+00
4.806265505964843e+02,4.499258188462499e+00
4.806765505964843e+02,4.499253090539382e+00
4.807265505964843e+02,4.499247992621194e+00
4.807765505964844e+02,4.499242894707946e+00
4.808265505964844e+02,4.499237796799666e+00
4.808765505964844e+02,4.499232698896335e+00
4.809265505964844e+02,4.499227600997955e+00
4.809765505964844e+02,4.499222503104536e+00
4.810265505964844e+02,4.499217405216039e+00
4.810765505964844e+02,4.499212307332453e+00
4.811265505964844e+02,4.499207209453820e+00
4.811765505964844e+02,4.499202111580177e+00
4.812265505964845e+02,4.499197013711480e+00
4.812765505964845e+02,4.499191915847650e+00
4.813265505964845e+02,4.499186817988718e+00
4.813765505964845e+02,4.499181720134747e+00
4.814265505964845e+02,4.499176622285693e+00
4.814765505964845e+02,4.499171524441555e+00
4.815265505964845e+02,4.499166426602357e+00
4.815765505964845e+02,4.499161328768066e+00
4.816265505964845e+02,4.499156230938684e+00
4.816765505964846e+02,4.499151133114254e+00
4.817265505964846e+02,4.499146035294750e+00
4.817765505964846e+02,4.499140937480109e+00
4.818265505964846e+02,4.499135839670331e+00
4.818765505964846e+02,4.499130741865447e+00
4.819265505964846e+02,4.499125644065495e+00
4.819765505964846e+02,4.499120546270450e+00
4.820265505964846e+02,4.499115448480285e+00
4.820765505964847e+02,4.499110350695027e+00
4.821265505964847e+02,4.499105252914676e+00
4.821765505964847e+02,4.499100155139213e+00
4.822265505964847e+02,4.499095057368636e+00
4.822765505964847e+02,4.499089959602939e+00
4.823265505964847e+02,4.499084861842142e+00
4.823765505964847e+02,4.499079764086216e+00
4.824265505964847e+02,4.499074666335124e+00
4.824765505964847e+02,4.499069568588911e+00
4.825265505964848e+02,4.499064470847584e+00
4.825765505964848e+02,4.499059373111113e+00
4.826265505964848e+02,4.499054275379535e+00
4.826765505964848e+02,4.499049177652865e+00
4.827265505964848e+02,4.499044079931029e+00
4.827765505964848e+02,4.499038982214042e+00
4.828265505964848e+02,4.499033884501935e+00
4.828765505964848e+02,4.499028786794668e+00
4.829265505964848e+02,4.499023689092256e+00
4.829765505964849e+02,4.499018591394717e+00
4.830265505964849e+02,4.499013493702010e+00
4.830765505964849e+02,4.499008396014130e+00
4.831265505964849e+02,4.499003298331107e+00
4.831765505964849e+02,4.498998200652933e+00
4.832265505964849e+02,4.498993102979584e+00
4.832765505964849e+02,4.498988005311074e+00
4.833265505964849e+02,4.498982907647430e+00
4.833765505964849e+02,4.498977809988642e+00
4.834265505964850e+02,4.498972712334681e+00
4.834765505964850e+02,4.498967614685530e+00
4.835265505964850e+02,4.498962517041190e+00
4.835765505964850e+02,4.498957419401670e+00
4.836265505964850e+02,4.498952321767002e+00
4.836765505964850e+02,4.498947224137179e+00
4.837265505964850e+02,4.498942126512143e+00
4.837765505964850e+02,4.498937028891919e+00
4.838265505964850e+02,4.498931931276535e+00
4.838765505964851e+02,4.498926833665979e+00
4.839265505964851e+02,4.498921736060218e+00
4.839765505964851e+02,4.498916638459240e+00
4.840265505964851e+02,4.498911540863078e+00
4.840765505964851e+02,4.498906443271768e+00
4.841265505964851e+02,4.498901345685236e+00
4.841765505964851e+02,4.498896248103449e+00
4.842265505964851e+02,4.498891150526496e+00
4.842765505964852e+02,4.498886052954389e+00
4.843265505964852e+02,4.498880955387058e+00
4.843765505964852e+02,4.498875857824499e+00
4.844265505964852e+02,4.498870760266731e+00
4.844765505964852e+02,4.498865662713728e+00
4.845265505964852e+02,4.498860565165521e+00
4.845765505964852e+02,4.498855467622141e+00
4.846265505964852e+02,4.498850370083549e+00
4.846765505964852e+02,4.498845272549708e+00
4.847265505964853e+02,4.498840175020612e+00
4.847765505964853e+02,4.498835077496289e+00
4.848265505964853e+02,4.498829979976763e+00
4.848765505964853e+02,4.498824882462011e+00
4.849265505964853e+02,4.498819784952045e+00
4.849765505964853e+02,4.498814687446868e+00
4.850265505964853e+02,4.498809589946419e+00
4.850765505964853e+02,4.498804492450717e+00
4.851265505964853e+02,4.498799394959802e+00
4.851765505964854e+02,4.498794297473646e+00
4.852265505964854e+02,4.498789199992218e+00
4.852765505964854e+02,4.498784102515549e+00
4.853265505964854e+02,4.498779005043645e+00
4.853765505964854e+02,4.498773907576508e+00
4.854265505964854e+02,4.498768810114139e+00
4.854765505964854e+02,4.498763712656505e+00
4.855265505964854e+02,4.498758615203585e+00
4.855765505964854e+02,4.498753517755400e+00
4.856265505964855e+02,4.498748420311967e+00
4.856765505964855e+02,4.498743322873277e+00
4.857265505964855e+02,4.498738225439348e+00
4.857765505964855e+02,4.498733128010146e+00
4.858265505964855e+02,4.498728030585658e+00
4.858765505964855e+02,4.498722933165883e+00
4.859265505964855e+02,4.498717835750830e+00
4.859765505964855e+02,4.498712738340528e+00
4.860265505964855e+02,4.498707640934970e+00
4.860765505964856e+02,4.498702543534110e+00
4.861265505964856e+02,4.498697446137957e+00
4.861765505964856e+02,4.498692348746554e+00
4.862265505964856e+02,4.498687251359867e+00
4.862765505964856e+02,4.498682153977870e+00
4.863265505964856e+02,4.498677056600581e+00
4.863765505964856e+02,4.498671959228011e+00
4.864265505964856e+02,4.498666861860155e+00
4.864765505964857e+02,4.498661764497005e+00
4.865265505964857e+02,4.498656667138562e+00
4.865765505964857e+02,4.498651569784801e+00
4.866265505964857e+02,4.498646472435746e+00
4.866765505964857e+02,4.498641375091415e+00
4.867265505964857e+02,4.498636277751788e+00
4.867765505964857e+02,4.498631180416831e+00
4.868265505964857e+02,4.498626083086548e+00
4.868765505964857e+02,4.498620985760995e+00
4.869265505964858e+02,4.498615888440120e+00
4.869765505964858e+02,4.498610791123905e+00
4.870265505964858e+02,4.498605693812389e+00
4.870765505964858e+02,4.498600596505549e+00
4.871265505964858e+02,4.498595499203415e+00
4.871765505964858e+02,4.498590401905957e+00
4.872265505964858e+02,4.498585304613138e+00
4.872765505964858e+02,4.498580207325026e+00
4.873265505964858e+02,4.498575110041604e+00
4.873765505964859e+02,4.498570012762822e+00
4.874265505964859e+02,4.498564915488680e+00
4.874765505964859e+02,4.498559818219220e+00
4.875265505964859e+02,4.498554720954473e+00
4.875765505964859e+02,4.498549623694380e+00
4.876265505964859e+02,4.498544526438918e+00
4.876765505964859e+02,4.498539429188111e+00
4.877265505964859e+02,4.498534331941951e+00
4.877765505964859e+02,4.498529234700464e+00
4.878265505964860e+02,4.498524137463639e+00
4.878765505964860e+02,4.498519040231448e+00
4.879265505964860e+02,4.498513943003934e+00
4.879765505964860e+02,4.498508845781072e+00
4.880265505964860e+02,4.498503748562826e+00
4.880765505964860e+02,4.498498651349204e+00
4.881265505964860e+02,4.498493554140245e+00
4.881765505964860e+02,4.498488456935951e+00
4.882265505964860e+02,4.498483359736274e+00
4.882765505964861e+02,4.498478262541230e+00
4.883265505964861e+02,4.498473165350838e+00
4.883765505964861e+02,4.498468068165085e+00
4.884265505964861e+02,4.498462970983949e+00
4.884765505964861e+02,4.498457873807429e+00
4.885265505964861e+02,4.498452776635548e+00
4.885765505964861e+02,4.498447679468292e+00
4.886265505964861e+02,4.498442582305660e+00
4.886765505964862e+02,4.498437485147656e+00
4.887265505964862e+02,4.498432387994256e+00
4.887765505964862e+02,4.498427290845471e+00
4.888265505964862e+02,4.498422193701303e+00
4.888765505964862e+02,4.498417096561744e+00
4.889265505964862e+02,4.498411999426809e+00
4.889765505964862e+02,4.498406902296481e+00
4.890265505964862e+02,4.498401805170733e+00
4.890765505964862e+02,4.498396708049571e+00
4.891265505964863e+02,4.498391610933064e+00
4.891765505964863e+02,4.498386513821179e+00
4.892265505964863e+02,4.498381416713888e+00
4.892765505964863e+02,4.498376319611206e+00
4.893265505964863e+02,4.498371222513090e+00
4.893765505964863e+02,4.498366125419552e+00
4.894265505964863e+02,4.498361028330628e+00
4.894765505964863e+02,4.498355931246292e+00
4.895265505964863e+02,4.498350834166541e+00
4.895765505964864e+02,4.498345737091408e+00
4.896265505964864e+02,4.498340640020846e+00
4.896765505964864e+02,4.498335542954832e+00
4.897265505964864e+02,4.498330445893412e+00
4.897765505964864e+02,4.498325348836608e+00
4.898265505964864e+02,4.498320251784376e+00
4.898765505964864e+02,4.498315154736679e+00
4.899265505964864e+02,4.498310057693595e+00
4.899765505964864e+02,4.498304960655115e+00
4.900265505964865e+02,4.498299863621154e+00
4.900765505964865e+02,4.498294766591763e+00
4.901265505964865e+02,4.498289669566966e+00
4.901765505964865e+02,4.498284572546726e+00
4.902265505964865e+02,4.498279475531034e+00
4.902765505964865e+02,4.498274378519893e+00
4.903265505964865e+02,4.498269281513328e+00
4.903765505964865e+02,4.498264184511357e+00
4.904265505964865e+02,4.498259087513929e+00
4.904765505964866e+02,4.498253990521025e+00
4.905265505964866e+02,4.498248893532695e+00
4.905765505964866e+02,4.498243796548936e+00
4.906265505964866e+02,4.498238699569703e+00
4.906765505964866e+02,4.498233602595004e+00
4.907265505964866e+02,4.498228505624860e+00
4.907765505964866e+02,4.498223408659280e+00
4.908265505964866e+02,4.498218311698263e+00
4.908765505964867e+02,4.498213214741773e+00
4.909265505964867e+02,4.498208117789766e+00
4.909765505964867e+02,4.498203020842293e+00
4.910265505964867e+02,4.498197923899399e+00
4.910765505964867e+02,4.498192826961031e+00
4.911265505964867e+02,4.498187730027200e+00
4.911765505964867e+02,4.498182633097915e+00
4.912265505964867e+02,4.498177536173148e+00
4.912765505964867e+02,4.498172439252929e+00
4.913265505964868e+02,4.498167342337220e+00
4.913765505964868e+02,4.498162245426018e+00
4.914265505964868e+02,4.498157148519356e+00
4.914765505964868e+02,4.498152051617212e+00
4.915265505964868e+02,4.498146954719566e+00
4.915765505964868e+02,4.498141857826429e+00
4.916265505964868e+02,4.498136760937829e+00
4.916765505964868e+02,4.498131664053739e+00
4.917265505964868e+02,4.498126567174160e+00
4.917765505964869e+02,4.498121470299093e+00
4.918265505964869e+02,4.498116373428522e+00
4.918765505964869e+02,4.498111276562456e+00
4.919265505964869e+02,4.498106179700899e+00
4.919765505964869e+02,4.498101082843869e+00
4.920265505964869e+02,4.498095985991342e+00
4.920765505964869e+02,4.498090889143319e+00
4.921265505964869e+02,4.498085792299795e+00
4.921765505964869e+02,4.498080695460737e+00
4.922265505964870e+02,4.498075598626166e+00
4.922765505964870e+02,4.498070501796107e+00
4.923265505964870e+02,4.498065404970552e+00
4.923765505964870e+02,4.498060308149477e+00
4.924265505964870e+02,4.498055211332862e+00
4.924765505964870e+02,4.498050114520722e+00
4.925265505964870e+02,4.498045017713107e+00
4.925765505964870e+02,4.498039920910005e+00
4.926265505964870e+02,4.498034824111354e+00
4.926765505964871e+02,4.498029727317155e+00
4.927265505964871e+02,4.498024630527443e+00
4.927765505964871e+02,4.498019533742212e+00
4.928265505964871e+02,4.498014436961456e+00
4.928765505964871e+02,4.498009340185218e+00
4.929265505964871e+02,4.498004243413440e+00
4.929765505964871e+02,4.497999146646076e+00
4.930265505964871e+02,4.497994049883200e+00
4.930765505964872e+02,4.497988953124791e+00
4.931265505964872e+02,4.497983856370841e+00
4.931765505964872e+02,4.497978759621387e+00
4.932265505964872e+02,4.497973662876391e+00
4.932765505964872e+02,4.497968566135841e+00
4.933265505964872e+02,4.497963469399733e+00
4.933765505964872e+02,4.497958372668077e+00
4.934265505964872e+02,4.497953275940880e+00
4.934765505964872e+02,4.497948179218135e+00
4.935265505964873e+02,4.497943082499870e+00
4.935765505964873e+02,4.497937985786071e+00
4.936265505964873e+02,4.497932889076709e+00
4.936765505964873e+02,4.497927792371792e+00
4.937265505964873e+02,4.497922695671304e+00
4.937765505964873e+02,4.497917598975252e+00
4.938265505964873e+02,4.497912502283643e+00
4.938765505964873e+02,4.497907405596457e+00
4.939265505964873e+02,4.497902308913691e+00
4.939765505964874e+02,4.497897212235391e+00
4.940265505964874e+02,4.497892115561567e+00
4.940765505964874e+02,4.497887018892163e+00
4.941265505964874e+02,4.497881922227180e+00
4.941765505964874e+02,4.497876825566635e+00
4.942265505964874e+02,4.497871728910496e+00
4.942765505964874e+02,4.497866632258776e+00
4.943265505964874e+02,4.497861535611516e+00
4.943765505964874e+02,4.497856438968693e+00
4.944265505964875e+02,4.497851342330256e+00
4.944765505964875e+02,4.497846245696194e+00
4.945265505964875e+02,4.497841149066582e+00
4.945765505964875e+02,4.497836052441438e+00
4.946265505964875e+02,4.497830955820685e+00
4.946765505964875e+02,4.497825859204361e+00
4.947265505964875e+02,4.497820762592481e+00
4.947765505964875e+02,4.497815665984962e+00
4.948265505964876e+02,4.497810569381828e+00
4.948765505964876e+02,4.497805472783130e+00
4.949265505964876e+02,4.497800376188830e+00
4.949765505964876e+02,4.497795279598929e+00
4.950265505964876e+02,4.497790183013456e+00
4.950765505964876e+02,4.497785086432360e+00
4.951265505964876e+02,4.497779989855678e+00
4.951765505964876e+02,4.497774893283433e+00
4.952265505964876e+02,4.497769796715542e+00
4.952765505964877e+02,4.497764700152029e+00
4.953265505964877e+02,4.497759603592957e+00
4.953765505964877e+02,4.497754507038292e+00
4.954265505964877e+02,4.497749410487968e+00
4.954765505964877e+02,4.497744313942020e+00
4.955265505964877e+02,4.497739217400486e+00
4.955765505964877e+02,4.497734120863342e+00
4.956265505964877e+02,4.497729024330559e+00
4.956765505964877e+02,4.497723927802168e+00
4.957265505964878e+02,4.497718831278185e+00
4.957765505964878e+02,4.497713734758555e+00
4.958265505964878e+02,4.497708638243314e+00
4.958765505964878e+02,4.497703541732489e+00
4.959265505964878e+02,4.497698445226011e+00
4.959765505964878e+02,4.497693348723888e+00
4.960265505964878e+02,4.497688252226163e+00
4.960765505964878e+02,4.497683155732813e+00
4.961265505964878e+02,4.497678059243833e+00
4.961765505964879e+02,4.497672962759194e+00
4.962265505964879e+02,4.497667866278897e+00
4.962765505964879e+02,4.497662769803032e+00
4.963265505964879e+02,4.497657673331540e+00
4.963765505964879e+02,4.497652576864367e+00
4.964265505964879e+02,4.497647480401535e+00
4.964765505964879e+02,4.497642383943071e+00
4.965265505964879e+02,4.497637287488982e+00
4.965765505964879e+02,4.497632191039241e+00
4.966265505964880e+02,4.497627094593853e+00
4.966765505964880e+02,4.497621998152842e+00
4.967265505964880e+02,4.497616901716191e+00
4.967765505964880e+02,4.497611805283872e+00
4.968265505964880e+02,4.497606708855900e+00
4.968765505964880e+02,4.497601612432265e+00
4.969265505964880e+02,4.497596516012973e+00
4.969765505964880e+02,4.497591419598049e+00
4.970265505964881e+02,4.497586323187448e+00
4.970765505964881e+02,4.497581226781177e+00
4.971265505964881e+02,4.497576130379277e+00
4.971765505964881e+02,4.497571033981714e+00
4.972265505964881e+02,4.497565937588469e+00
4.972765505964881e+02,4.497560841199547e+00
4.973265505964881e+02,4.497555744814987e+00
4.973765505964881e+02,4.497550648434783e+00
4.974265505964881e+02,4.497545552058893e+00
4.974765505964882e+02,4.497540455687341e+00
4.975265505964882e+02,4.497535359320114e+00
4.975765505964882e+02,4.497530262957182e+00
4.976265505964882e+02,4.497525166598568e+00
4.976765505964882e+02,4.497520070244292e+00
4.977265505964882e+02,4.497514973894361e+00
4.977765505964882e+02,4.497509877548745e+00
4.978265505964882e+02,4.497504781207425e+00
4.978765505964882e+02,4.497499684870421e+00
4.979265505964883e+02,4.497494588537741e+00
4.979765505964883e+02,4.497489492209385e+00
4.980265505964883e+02,4.497484395885370e+00
4.980765505964883e+02,4.497479299565663e+00
4.981265505964883e+02,4.497474203250255e+00
4.981765505964883e+02,4.497469106939165e+00
4.982265505964883e+02,4.497464010632369e+00
4.982765505964883e+02,4.497458914329883e+00
4.983265505964883e+02,4.497453818031706e+00
4.983765505964884e+02,4.497448721737809e+00
4.984265505964884e+02,4.497443625448217e+00
4.984765505964884e+02,4.497438529162959e+00
4.985265505964884e+02,4.497433432882004e+00
4.985765505964884e+02,4.497428336605299e+00
4.986265505964884e+02,4.497423240332870e+00
4.986765505964884e+02,4.497418144064801e+00
4.987265505964884e+02,4.497413047801044e+00
4.987765505964884e+02,4.497407951541557e+00
4.988265505964885e+02,4.497402855286364e+00
4.988765505964885e+02,4.497397759035427e+00
4.989265505964885e+02,4.497392662788763e+00
4.989765505964885e+02,4.497387566546394e+00
4.990265505964885e+02,4.497382470308332e+00
4.990765505964885e+02,4.497377374074608e+00
4.991265505964885e+02,4.497372277845148e+00
4.991765505964885e+02,4.497367181619916e+00
4.992265505964886e+02,4.497362085398962e+00
4.992765505964886e+02,4.497356989182319e+00
4.993265505964886e+02,4.497351892969976e+00
4.993765505964886e+02,4.497346796761891e+00
4.994265505964886e+02,4.497341700558054e+00
4.994765505964886e+02,4.497336604358498e+00
4.995265505964886e+02,4.497331508163219e+00
4.995765505964886e+02,4.497326411972232e+00
4.996265505964886e+02,4.497321315785519e+00
4.996765505964887e+02,4.497316219603025e+00
4.997265505964887e+02,4.497311123424802e+00
4.997765505964887e+02,4.497306027250873e+00
4.998265505964887e+02,4.497300931081200e+00
4.998765505964887e+02,4.497295834915784e+00
4.999265505964887e+02,4.497290738754633e+00
4.999765505964887e+02,4.497285642597753e+00
5.000265505964887e+02,4.497280546445115e+00
5.000765505964887e+02,4.497275450296710e+00
5.001265505964888e+02,4.497270354152592e+00
5.001765505964888e+02,4.497265258012746e+00
5.002265505964888e+02,4.497260161877120e+00
5.002765505964888e+02,4.497255065745764e+00
5.003265505964888e+02,4.497249969618701e+00
5.003765505964888e+02,4.497244873495864e+00
5.004265505964888e+02,4.497239777377240e+00
5.004765505964888e+02,4.497234681262851e+00
5.005265505964888e+02,4.497229585152717e+00
5.005765505964889e+02,4.497224489046840e+00
5.006265505964889e+02,4.497219392945220e+00
5.006765505964889e+02,4.497214296847840e+00
5.007265505964889e+02,4.497209200754676e+00
5.007765505964889e+02,4.497204104665743e+00
5.008265505964889e+02,4.497199008581079e+00
5.008765505964889e+02,4.497193912500651e+00
5.009265505964889e+02,4.497188816424435e+00
5.009765505964889e+02,4.497183720352466e+00
5.010265505964890e+02,4.497178624284727e+00
5.010765505964890e+02,4.497173528221214e+00
5.011265505964890e+02,4.497168432161941e+00
5.011765505964890e+02,4.497163336106881e+00
5.012265505964890e+02,4.497158240056025e+00
5.012765505964890e+02,4.497153144009372e+00
5.013265505964890e+02,4.497148047966976e+00
5.013765505964890e+02,4.497142951928859e+00
5.014265505964891e+02,4.497137855894944e+00
5.014765505964891e+02,4.497132759865227e+00
5.015265505964891e+02,4.497127663839725e+00
5.015765505964891e+02,4.497122567818417e+00
5.016265505964891e+02,4.497117471801333e+00
5.016765505964891e+02,4.497112375788494e+00
5.017265505964891e+02,4.497107279779875e+00
5.017765505964891e+02,4.497102183775450e+00
5.018265505964891e+02,4.497097087775228e+00
5.018765505964892e+02,4.497091991779241e+00
5.019265505964892e+02,4.497086895787466e+00
5.019765505964892e+02,4.497081799799880e+00
5.020265505964892e+02,4.497076703816500e+00
5.020765505964892e+02,4.497071607837307e+00
5.021265505964892e+02,4.497066511862319e+00
5.021765505964892e+02,4.497061415891549e+00
5.022265505964892e+02,4.497056319924991e+00
5.022765505964892e+02,4.497051223962644e+00
5.023265505964893e+02,4.497046128004472e+00
5.023765505964893e+02,4.497041032050502e+00
5.024265505964893e+02,4.497035936100738e+00
5.024765505964893e+02,4.497030840155118e+00
5.025265505964893e+02,4.497025744213695e+00
5.025765505964893e+02,4.497020648276497e+00
5.026265505964893e+02,4.497015552343481e+00
5.026765505964893e+02,4.497010456414640e+00
5.027265505964893e+02,4.497005360490001e+00
5.027765505964894e+02,4.497000264569562e+00
5.028265505964894e+02,4.496995168653303e+00
5.028765505964894e+02,4.496990072741239e+00
5.029265505964894e+02,4.496984976833367e+00
5.029765505964894e+02,4.496979880929660e+00
5.030265505964894e+02,4.496974785030135e+00
5.030765505964894e+02,4.496969689134791e+00
5.031265505964894e+02,4.496964593243592e+00
5.031765505964894e+02,4.496959497356573e+00
5.032265505964895e+02,4.496954401473752e+00
5.032765505964895e+02,4.496949305595111e+00
5.033265505964895e+02,4.496944209720668e+00
5.033765505964895e+02,4.496939113850384e+00
5.034265505964895e+02,4.496934017984251e+00
5.034765505964895e+02,4.496928922122298e+00
5.035265505964895e+02,4.496923826264505e+00
5.035765505964895e+02,4.496918730410865e+00
5.036265505964896e+02,4.496913634561407e+00
5.036765505964896e+02,4.496908538716123e+00
5.037265505964896e+02,4.496903442874983e+00
5.037765505964896e+02,4.496898347038017e+00
5.038265505964896e+02,4.496893251205231e+00
5.038765505964896e+02,4.496888155376568e+00
5.039265505964896e+02,4.496883059552042e+00
5.039765505964896e+02,4.496877963731711e+00
5.040265505964896e+02,4.496872867915569e+00
5.040765505964897e+02,4.496867772103558e+00
5.041265505964897e+02,4.496862676295683e+00
5.041765505964897e+02,4.496857580491997e+00
5.042265505964897e+02,4.496852484692454e+00
5.042765505964897e+02,4.496847388897011e+00
5.043265505964897e+02,4.496842293105719e+00
5.043765505964897e+02,4.496837197318611e+00
5.044265505964897e+02,4.496832101535637e+00
5.044765505964897e+02,4.496827005756799e+00
5.045265505964898e+02,4.496821909982138e+00
5.045765505964898e+02,4.496816814211614e+00
5.046265505964898e+02,4.496811718445217e+00
5.046765505964898e+02,4.496806622682994e+00
5.047265505964898e+02,4.496801526924901e+00
5.047765505964898e+02,4.496796431170919e+00
5.048265505964898e+02,4.496791335421083e+00
5.048765505964898e+02,4.496786239675370e+00
5.049265505964898e+02,4.496781143933799e+00
5.049765505964899e+02,4.496776048196375e+00
5.050265505964899e+02,4.496770952463078e+00
5.050765505964899e+02,4.496765856733917e+00
5.051265505964899e+02,4.496760761008887e+00
5.051765505964899e+02,4.496755665287986e+00
5.052265505964899e+02,4.496750569571191e+00
5.052765505964899e+02,4.496745473858523e+00
5.053265505964899e+02,4.496740378150009e+00
5.053765505964899e+02,4.496735282445617e+00
5.054265505964900e+02,4.496730186745338e+00
5.054765505964900e+02,4.496725091049195e+00
5.055265505964900e+02,4.496719995357152e+00
5.055765505964900e+02,4.496714899669186e+00
5.056265505964900e+02,4.496709803985357e+00
5.056765505964900e+02,4.496704708305680e+00
5.057265505964900e+02,4.496699612630146e+00
5.057765505964900e+02,4.496694516958719e+00
5.058265505964901e+02,4.496689421291376e+00
5.058765505964901e+02,4.496684325628169e+00
5.059265505964901e+02,4.496679229969098e+00
5.059765505964901e+02,4.496674134314104e+00
5.060265505964901e+02,4.496669038663175e+00
5.060765505964901e+02,4.496663943016364e+00
5.061265505964901e+02,4.496658847373721e+00
5.061765505964901e+02,4.496653751735184e+00
5.062265505964901e+02,4.496648656100739e+00
5.062765505964902e+02,4.496643560470393e+00
5.063265505964902e+02,4.496638464844103e+00
5.063765505964902e+02,4.496633369221909e+00
5.064265505964902e+02,4.496628273603846e+00
5.064765505964902e+02,4.496623177989904e+00
5.065265505964902e+02,4.496618082380077e+00
5.065765505964902e+02,4.496612986774313e+00
5.066265505964902e+02,4.496607891172632e+00
5.066765505964902e+02,4.496602795575062e+00
5.067265505964903e+02,4.496597699981608e+00
5.067765505964903e+02,4.496592604392245e+00
5.068265505964903e+02,4.496587508806931e+00
5.068765505964903e+02,4.496582413225707e+00
5.069265505964903e+02,4.496577317648589e+00
5.069765505964903e+02,4.496572222075556e+00
5.070265505964903e+02,4.496567126506638e+00
5.070765505964903e+02,4.496562030941817e+00
5.071265505964903e+02,4.496556935381060e+00
5.071765505964904e+02,4.496551839824369e+00
5.072265505964904e+02,4.496546744271765e+00
5.072765505964904e+02,4.496541648723253e+00
5.073265505964904e+02,4.496536553178824e+00
5.073765505964904e+02,4.496531457638465e+00
5.074265505964904e+02,4.496526362102167e+00
5.074765505964904e+02,4.496521266569954e+00
5.075265505964904e+02,4.496516171041852e+00
5.075765505964904e+02,4.496511075517850e+00
5.076265505964905e+02,4.496505979997909e+00
5.076765505964905e+02,4.496500884481998e+00
5.077265505964905e+02,4.496495788970122e+00
5.077765505964905e+02,4.496490693462339e+00
5.078265505964905e+02,4.496485597958650e+00
5.078765505964905e+02,4.496480502459043e+00
5.079265505964905e+02,4.496475406963483e+00
5.079765505964905e+02,4.496470311471969e+00
5.080265505964906e+02,4.496465215984537e+00
5.080765505964906e+02,4.496460120501189e+00
5.081265505964906e+02,4.496455025021906e+00
5.081765505964906e+02,4.496449929546659e+00
5.082265505964906e+02,4.496444834075469e+00
5.082765505964906e+02,4.496439738608361e+00
5.083265505964906e+02,4.496434643145322e+00
5.083765505964906e+02,4.496429547686351e+00
5.084265505964906e+02,4.496424452231458e+00
5.084765505964907e+02,4.496419356780613e+00
5.085265505964907e+02,4.496414261333770e+00
5.085765505964907e+02,4.496409165890959e+00
5.086265505964907e+02,4.496404070452221e+00
5.086765505964907e+02,4.496398975017547e+00
5.087265505964907e+02,4.496393879586927e+00
5.087765505964907e+02,4.496388784160362e+00
5.088265505964907e+02,4.496383688737851e+00
5.088765505964907e+02,4.496378593319386e+00
5.089265505964908e+02,4.496373497904950e+00
5.089765505964908e+02,4.496368402494562e+00
5.090265505964908e+02,4.496363307088237e+00
5.090765505964908e+02,4.496358211685951e+00
5.091265505964908e+02,4.496353116287690e+00
5.091765505964908e+02,4.496348020893461e+00
5.092265505964908e+02,4.496342925503269e+00
5.092765505964908e+02,4.496337830117133e+00
5.093265505964908e+02,4.496332734735059e+00
5.093765505964909e+02,4.496327639357008e+00
5.094265505964909e+02,4.496322543982966e+00
5.094765505964909e+02,4.496317448612986e+00
5.095265505964909e+02,4.496312353247052e+00
5.095765505964909e+02,4.496307257885128e+00
5.096265505964909e+02,4.496302162527229e+00
5.096765505964909e+02,4.496297067173368e+00
5.097265505964909e+02,4.496291971823563e+00
5.097765505964909e+02,4.496286876477781e+00
5.098265505964910e+02,4.496281781136007e+00
5.098765505964910e+02,4.496276685798243e+00
5.099265505964910e+02,4.496271590464496e+00
5.099765505964910e+02,4.496266495134803e+00
5.100265505964910e+02,4.496261399809135e+00
5.100765505964910e+02,4.496256304487498e+00
5.101265505964910e+02,4.496251209169915e+00
5.101765505964910e+02,4.496246113856325e+00
5.102265505964911e+02,4.496241018546724e+00
5.102765505964911e+02,4.496235923241146e+00
5.103265505964911e+02,4.496230827939576e+00
5.103765505964911e+02,4.496225732642023e+00
5.104265505964911e+02,4.496220637348510e+00
5.104765505964911e+02,4.496215542059000e+00
5.105265505964911e+02,4.496210446773499e+00
5.105765505964911e+02,4.496205351492021e+00
5.106265505964911e+02,4.496200256214537e+00
5.106765505964912e+02,4.496195160941084e+00
5.107265505964912e+02,4.496190065671670e+00
5.107765505964912e+02,4.496184970406252e+00
5.108265505964912e+02,4.496179875144835e+00
5.108765505964912e+02,4.496174779887429e+00
5.109265505964912e+02,4.496169684634015e+00
5.109765505964912e+02,4.496164589384581e+00
5.110265505964912e+02,4.496159494139149e+00
5.110765505964912e+02,4.496154398897746e+00
5.111265505964913e+02,4.496149303660355e+00
5.111765505964913e+02,4.496144208426935e+00
5.112265505964913e+02,4.496139113197518e+00
5.112765505964913e+02,4.496134017972131e+00
5.113265505964913e+02,4.496128922750731e+00
5.113765505964913e+02,4.496123827533324e+00
5.114265505964913e+02,4.496118732319943e+00
5.114765505964913e+02,4.496113637110549e+00
5.115265505964913e+02,4.496108541905125e+00
5.115765505964914e+02,4.496103446703674e+00
5.116265505964914e+02,4.496098351506201e+00
5.116765505964914e+02,4.496093256312738e+00
5.117265505964914e+02,4.496088161123291e+00
5.117765505964914e+02,4.496083065937856e+00
5.118265505964914e+02,4.496077970756391e+00
5.118765505964914e+02,4.496072875578889e+00
5.119265505964914e+02,4.496067780405388e+00
5.119765505964914e+02,4.496062685235870e+00
5.120265505964915e+02,4.496057590070314e+00
5.120765505964914e+02,4.496052494908738e+00
5.121265505964914e+02,4.496047399751141e+00
5.121765505964913e+02,4.496042304597537e+00
5.122265505964913e+02,4.496037209447935e+00
5.122765505964912e+02,4.496032114302320e+00
5.123265505964912e+02,4.496027019160677e+00
5.123765505964911e+02,4.496021924022999e+00
5.124265505964911e+02,4.496016828889277e+00
5.124765505964911e+02,4.496011733759540e+00
5.125265505964910e+02,4.496006638633808e+00
5.125765505964910e+02,4.496001543512031e+00
5.126265505964909e+02,4.495996448394226e+00
5.126765505964909e+02,4.495991353280429e+00
5.127265505964908e+02,4.495986258170581e+00
5.127765505964908e+02,4.495981163064676e+00
5.128265505964907e+02,4.495976067962771e+00
5.128765505964907e+02,4.495970972864833e+00
5.129265505964906e+02,4.495965877770836e+00
5.129765505964906e+02,4.495960782680818e+00
5.130265505964906e+02,4.495955687594786e+00
5.130765505964905e+02,4.495950592512726e+00
5.131265505964905e+02,4.495945497434622e+00
5.131765505964904e+02,4.495940402360440e+00
5.132265505964904e+02,4.495935307290199e+00
5.132765505964903e+02,4.495930212223951e+00
5.133265505964903e+02,4.495925117161661e+00
5.133765505964902e+02,4.495920022103340e+00
5.134265505964902e+02,4.495914927049013e+00
5.134765505964901e+02,4.495909831998631e+00
5.135265505964901e+02,4.495904736952159e+00
5.135765505964901e+02,4.495899641909636e+00
5.136265505964900e+02,4.495894546871100e+00
5.136765505964900e+02,4.495889451836514e+00
5.137265505964899e+02,4.495884356805884e+00
5.137765505964899e+02,4.495879261779240e+00
5.138265505964898e+02,4.495874166756538e+00
5.138765505964898e+02,4.495869071737748e+00
5.139265505964897e+02,4.495863976722900e+00
5.139765505964897e+02,4.495858881712017e+00
5.140265505964896e+02,4.495853786705077e+00
5.140765505964896e+02,4.495848691702077e+00
5.141265505964896e+02,4.495843596703017e+00
5.141765505964895e+02,4.495838501707917e+00
5.142265505964895e+02,4.495833406716787e+00
5.142765505964894e+02,4.495828311729583e+00
5.143265505964894e+02,4.495823216746321e+00
5.143765505964893e+02,4.495818121767031e+00
5.144265505964893e+02,4.495813026791653e+00
5.144765505964892e+02,4.495807931820172e+00
5.145265505964892e+02,4.495802836852648e+00
5.145765505964891e+02,4.495797741889073e+00
5.146265505964891e+02,4.495792646929432e+00
5.146765505964891e+02,4.495787551973740e+00
5.147265505964890e+02,4.495782457021967e+00
5.147765505964890e+02,4.495777362074128e+00
5.148265505964889e+02,4.495772267130232e+00
5.148765505964889e+02,4.495767172190254e+00
5.149265505964888e+02,4.495762077254232e+00
5.149765505964888e+02,4.495756982322147e+00
5.150265505964887e+02,4.495751887393951e+00
5.150765505964887e+02,4.495746792469689e+00
5.151265505964886e+02,4.495741697549375e+00
5.151765505964886e+02,4.495736602632995e+00
5.152265505964886e+02,4.495731507720548e+00
5.152765505964885e+02,4.495726412812016e+00
5.153265505964885e+02,4.495721317907379e+00
5.153765505964884e+02,4.495716223006641e+00
5.154265505964884e+02,4.495711128109844e+00
5.154765505964883e+02,4.495706033216995e+00
5.155265505964883e+02,4.495700938328079e+00
5.155765505964882e+02,4.495695843443091e+00
5.156265505964882e+02,4.495690748561993e+00
5.156765505964881e+02,4.495685653684791e+00
5.157265505964881e+02,4.495680558811523e+00
5.157765505964881e+02,4.495675463942190e+00
5.158265505964880e+02,4.495670369076769e+00
5.158765505964880e+02,4.495665274215266e+00
5.159265505964879e+02,4.495660179357675e+00
5.159765505964879e+02,4.495655084503997e+00
5.160265505964878e+02,4.495649989654222e+00
5.160765505964878e+02,4.495644894808345e+00
5.161265505964877e+02,4.495639799966394e+00
5.161765505964877e+02,4.495634705128376e+00
5.162265505964876e+02,4.495629610294264e+00
5.162765505964876e+02,4.495624515464034e+00
5.163265505964876e+02,4.495619420637714e+00
5.163765505964875e+02,4.495614325815308e+00
5.164265505964875e+02,4.495609230996774e+00
5.164765505964874e+02,4.495604136182146e+00
5.165265505964874e+02,4.495599041371459e+00
5.165765505964873e+02,4.495593946564669e+00
5.166265505964873e+02,4.495588851761777e+00
5.166765505964872e+02,4.495583756962789e+00
5.167265505964872e+02,4.495578662167691e+00
5.167765505964871e+02,4.495573567376515e+00
5.168265505964871e+02,4.495568472589225e+00
5.168765505964870e+02,4.495563377805800e+00
5.169265505964870e+02,4.495558283026309e+00
5.169765505964870e+02,4.495553188250724e+00
5.170265505964869e+02,4.495548093479020e+00
5.170765505964869e+02,4.495542998711220e+00
5.171265505964868e+02,4.495537903947302e+00
5.171765505964868e+02,4.495532809187266e+00
5.172265505964867e+02,4.495527714431134e+00
5.172765505964867e+02,4.495522619678906e+00
5.173265505964866e+02,4.495517524930570e+00
5.173765505964866e+02,4.495512430186119e+00
5.174265505964865e+02,4.495507335445543e+00
5.174765505964865e+02,4.495502240708835e+00
5.175265505964865e+02,4.495497145976032e+00
5.175765505964864e+02,4.495492051247117e+00
5.176265505964864e+02,4.495486956522056e+00
5.176765505964863e+02,4.495481861800882e+00
5.177265505964863e+02,4.495476767083634e+00
5.177765505964862e+02,4.495471672370276e+00
5.178265505964862e+02,4.495466577660770e+00
5.178765505964861e+02,4.495461482955170e+00
5.179265505964861e+02,4.495456388253494e+00
5.179765505964860e+02,4.495451293555649e+00
5.180265505964860e+02,4.495446198861626e+00
5.180765505964860e+02,4.495441104171514e+00
5.181265505964859e+02,4.495436009485321e+00
5.181765505964859e+02,4.495430914802995e+00
5.182265505964858e+02,4.495425820124530e+00
5.182765505964858e+02,4.495420725449954e+00
5.183265505964857e+02,4.495415630779243e+00
5.183765505964857e+02,4.495410536112368e+00
5.184265505964856e+02,4.495405441449368e+00
5.184765505964856e+02,4.495400346790274e+00
5.185265505964855e+02,4.495395252135060e+00
5.185765505964855e+02,4.495390157483707e+00
5.186265505964855e+02,4.495385062836212e+00
5.186765505964854e+02,4.495379968192615e+00
5.187265505964854e+02,4.495374873552876e+00
5.187765505964853e+02,4.495369778916952e+00
5.188265505964853e+02,4.495364684284917e+00
5.188765505964852e+02,4.495359589656787e+00
5.189265505964852e+02,4.495354495032514e+00
5.189765505964851e+02,4.495349400412088e+00
5.190265505964851e+02,4.495344305795529e+00
5.190765505964850e+02,4.495339211182821e+00
5.191265505964850e+02,4.495334116573964e+00
5.191765505964850e+02,4.495329021969011e+00
5.192265505964849e+02,4.495323927367910e+00
5.192765505964849e+02,4.495318832770631e+00
5.193265505964848e+02,4.495313738177226e+00
5.193765505964848e+02,4.495308643587695e+00
5.194265505964847e+02,4.495303549002010e+00
5.194765505964847e+02,4.495298454420161e+00
5.195265505964846e+02,4.495293359842186e+00
5.195765505964846e+02,4.495288265268093e+00
5.196265505964845e+02,4.495283170697853e+00
5.196765505964845e+02,4.495278076131455e+00
5.197265505964845e+02,4.495272981568902e+00
5.197765505964844e+02,4.495267887010202e+00
5.198265505964844e+02,4.495262792455330e+00
5.198765505964843e+02,4.495257697904296e+00
5.199265505964843e+02,4.495252603357144e+00
5.199765505964842e+02,4.495247508813850e+00
5.200265505964842e+02,4.495242414274376e+00
5.200765505964841e+02,4.495237319738756e+00
5.201265505964841e+02,4.495232225206997e+00
5.201765505964840e+02,4.495227130679088e+00
5.202265505964840e+02,4.495222036155037e+00
5.202765505964840e+02,4.495216941634795e+00
5.203265505964839e+02,4.495211847118361e+00
5.203765505964839e+02,4.495206752605807e+00
5.204265505964838e+02,4.495201658097140e+00
5.204765505964838e+02,4.495196563592297e+00
5.205265505964837e+02,4.495191469091267e+00
5.205765505964837e+02,4.495186374594089e+00
5.206265505964836e+02,4.495181280100751e+00
5.206765505964836e+02,4.495176185611232e+00
5.207265505964835e+02,4.495171091125537e+00
5.207765505964835e+02,4.495165996643685e+00
5.208265505964835e+02,4.495160902165715e+00
5.208765505964834e+02,4.495155807691588e+00
5.209265505964834e+02,4.495150713221255e+00
5.209765505964833e+02,4.495145618754750e+00
5.210265505964833e+02,4.495140524292088e+00
5.210765505964832e+02,4.495135429833249e+00
5.211265505964832e+02,4.495130335378247e+00
5.211765505964831e+02,4.495125240927090e+00
5.212265505964831e+02,4.495120146479754e+00
5.212765505964830e+02,4.495115052036232e+00
5.213265505964830e+02,4.495109957596535e+00
5.213765505964830e+02,4.495104863160678e+00
5.214265505964829e+02,4.495099768728673e+00
5.214765505964829e+02,4.495094674300477e+00
5.215265505964828e+02,4.495089579876081e+00
5.215765505964828e+02,4.495084485455535e+00
5.216265505964827e+02,4.495079391038841e+00
5.216765505964827e+02,4.495074296625947e+00
5.217265505964826e+02,4.495069202216866e+00
5.217765505964826e+02,4.495064107811622e+00
5.218265505964825e+02,4.495059013410179e+00
5.218765505964825e+02,4.495053919012536e+00
5.219265505964825e+02,4.495048824618735e+00
5.219765505964824e+02,4.495043730228762e+00
5.220265505964824e+02,4.495038635842612e+00
5.220765505964823e+02,4.495033541460272e+00
5.221265505964823e+02,4.495028447081729e+00
5.221765505964822e+02,4.495023352707030e+00
5.222265505964822e+02,4.495018258336145e+00
5.222765505964821e+02,4.495013163969076e+00
5.223265505964821e+02,4.495008069605813e+00
5.223765505964820e+02,4.495002975246333e+00
5.224265505964820e+02,4.494997880890699e+00
5.224765505964820e+02,4.494992786538901e+00
5.225265505964819e+02,4.494987692190889e+00
5.225765505964819e+02,4.494982597846675e+00
5.226265505964818e+02,4.494977503506289e+00
5.226765505964818e+02,4.494972409169710e+00
5.227265505964817e+02,4.494967314836924e+00
5.227765505964817e+02,4.494962220507946e+00
5.228265505964816e+02,4.494957126182787e+00
5.228765505964816e+02,4.494952031861430e+00
5.229265505964815e+02,4.494946937543878e+00
5.229765505964815e+02,4.494941843230141e+00
5.230265505964815e+02,4.494936748920166e+00
5.230765505964814e+02,4.494931654613991e+00
5.231265505964814e+02,4.494926560311658e+00
5.231765505964813e+02,4.494921466013132e+00
5.232265505964813e+02,4.494916371718398e+00
5.232765505964812e+02,4.494911277427487e+00
5.233265505964812e+02,4.494906183140362e+00
5.233765505964811e+02,4.494901088857013e+00
5.234265505964811e+02,4.494895994577475e+00
5.234765505964810e+02,4.494890900301726e+00
5.235265505964810e+02,4.494885806029767e+00
5.235765505964810e+02,4.494880711761629e+00
5.236265505964809e+02,4.494875617497306e+00
5.236765505964809e+02,4.494870523236769e+00
5.237265505964808e+02,4.494865428980007e+00
5.237765505964808e+02,4.494860334727043e+00
5.238265505964807e+02,4.494855240477887e+00
5.238765505964807e+02,4.494850146232516e+00
5.239265505964806e+02,4.494845051990930e+00
5.239765505964806e+02,4.494839957753149e+00
5.240265505964805e+02,4.494834863519147e+00
5.240765505964805e+02,4.494829769288920e+00
5.241265505964805e+02,4.494824675062493e+00
5.241765505964804e+02,4.494819580839851e+00
5.242265505964804e+02,4.494814486620984e+00
5.242765505964803e+02,4.494809392405915e+00
5.243265505964803e+02,4.494804298194656e+00
5.243765505964802e+02,4.494799203987165e+00
5.244265505964802e+02,4.494794109783452e+00
5.244765505964801e+02,4.494789015583525e+00
5.245265505964801e+02,4.494783921387387e+00
5.245765505964800e+02,4.494778827195056e+00
5.246265505964800e+02,4.494773733006501e+00
5.246765505964800e+02,4.494768638821703e+00
5.247265505964799e+02,4.494763544640674e+00
5.247765505964799e+02,4.494758450463436e+00
5.248265505964798e+02,4.494753356289982e+00
5.248765505964798e+02,4.494748262120313e+00
5.249265505964797e+02,4.494743167954420e+00
5.249765505964797e+02,4.494738073792289e+00
5.250265505964796e+02,4.494732979633957e+00
5.250765505964796e+02,4.494727885479425e+00
5.251265505964795e+02,4.494722791328646e+00
5.251765505964795e+02,4.494717697181637e+00
5.252265505964795e+02,4.494712603038407e+00
5.252765505964794e+02,4.494707508898937e+00
5.253265505964794e+02,4.494702414763236e+00
5.253765505964793e+02,4.494697320631327e+00
5.254265505964793e+02,4.494692226503211e+00
5.254765505964792e+02,4.494687132378834e+00
5.255265505964792e+02,4.494682038258189e+00
5.255765505964791e+02,4.494676944141335e+00
5.256265505964791e+02,4.494671850028289e+00
5.256765505964790e+02,4.494666755919026e+00
5.257265505964790e+02,4.494661661813510e+00
5.257765505964790e+02,4.494656567711734e+00
5.258265505964789e+02,4.494651473613736e+00
5.258765505964789e+02,4.494646379519521e+00
5.259265505964788e+02,4.494641285429083e+00
5.259765505964788e+02,4.494636191342384e+00
5.260265505964787e+02,4.494631097259432e+00
5.260765505964787e+02,4.494626003180265e+00
5.261265505964786e+02,4.494620909104866e+00
5.261765505964786e+02,4.494615815033231e+00
5.262265505964785e+02,4.494610720965357e+00
5.262765505964785e+02,4.494605626901238e+00
5.263265505964785e+02,4.494600532840870e+00
5.263765505964784e+02,4.494595438784258e+00
5.264265505964784e+02,4.494590344731408e+00
5.264765505964783e+02,4.494585250682329e+00
5.265265505964783e+02,4.494580156637010e+00
5.265765505964782e+02,4.494575062595454e+00
5.266265505964782e+02,4.494569968557652e+00
5.266765505964781e+02,4.494564874523604e+00
5.267265505964781e+02,4.494559780493305e+00
5.267765505964780e+02,4.494554686466744e+00
5.268265505964780e+02,4.494549592443946e+00
5.268765505964780e+02,4.494544498424908e+00
5.269265505964779e+02,4.494539404409632e+00
5.269765505964779e+02,4.494534310398111e+00
5.270265505964778e+02,4.494529216390312e+00
5.270765505964778e+02,4.494524122386240e+00
5.271265505964777e+02,4.494519028385929e+00
5.271765505964777e+02,4.494513934389410e+00
5.272265505964776e+02,4.494508840396669e+00
5.272765505964776e+02,4.494503746407665e+00
5.273265505964775e+02,4.494498652422380e+00
5.273765505964775e+02,4.494493558440825e+00
5.274265505964775e+02,4.494488464463034e+00
5.274765505964774e+02,4.494483370488996e+00
5.275265505964774e+02,4.494478276518691e+00
5.275765505964773e+02,4.494473182552138e+00
5.276265505964773e+02,4.494468088589342e+00
5.276765505964772e+02,4.494462994630263e+00
5.277265505964772e+02,4.494457900674921e+00
5.277765505964771e+02,4.494452806723342e+00
5.278265505964771e+02,4.494447712775503e+00
5.278765505964770e+02,4.494442618831395e+00
5.279265505964770e+02,4.494437524891034e+00
5.279765505964770e+02,4.494432430954429e+00
5.280265505964769e+02,4.494427337021547e+00
5.280765505964769e+02,4.494422243092396e+00
5.281265505964768e+02,4.494417149167008e+00
5.281765505964768e+02,4.494412055245344e+00
5.282265505964767e+02,4.494406961327391e+00
5.282765505964767e+02,4.494401867413191e+00
5.283265505964766e+02,4.494396773502760e+00
5.283765505964766e+02,4.494391679596069e+00
5.284265505964765e+02,4.494386585693071e+00
5.284765505964765e+02,4.494381491793805e+00
5.285265505964765e+02,4.494376397898323e+00
5.285765505964764e+02,4.494371304006552e+00
5.286265505964764e+02,4.494366210118478e+00
5.286765505964763e+02,4.494361116234140e+00
5.287265505964763e+02,4.494356022353541e+00
5.287765505964762e+02,4.494350928476666e+00
5.288265505964762e+02,4.494345834603531e+00
5.288765505964761e+02,4.494340740734144e+00
5.289265505964761e+02,4.494335646868459e+00
5.289765505964760e+02,4.494330553006505e+00
5.290265505964760e+02,4.494325459148283e+00
5.290765505964760e+02,4.494320365293785e+00
5.291265505964759e+02,4.494315271443042e+00
5.291765505964759e+02,4.494310177596022e+00
5.292265505964758e+02,4.494305083752715e+00
5.292765505964758e+02,4.494299989913108e+00
5.293265505964757e+02,4.494294896077215e+00
5.293765505964757e+02,4.494289802245064e+00
5.294265505964756e+02,4.494284708416652e+00
5.294765505964756e+02,4.494279614591973e+00
5.295265505964755e+02,4.494274520771011e+00
5.295765505964755e+02,4.494269426953764e+00
5.296265505964755e+02,4.494264333140228e+00
5.296765505964754e+02,4.494259239330408e+00
5.297265505964754e+02,4.494254145524313e+00
5.297765505964753e+02,4.494249051721933e+00
5.298265505964753e+02,4.494243957923264e+00
5.298765505964752e+02,4.494238864128305e+00
5.299265505964752e+02,4.494233770337084e+00
5.299765505964751e+02,4.494228676549579e+00
5.300265505964751e+02,4.494223582765771e+00
5.300765505964750e+02,4.494218488985688e+00
5.301265505964750e+02,4.494213395209342e+00
5.301765505964750e+02,4.494208301436713e+00
5.302265505964749e+02,4.494203207667786e+00
5.302765505964749e+02,4.494198113902575e+00
5.303265505964748e+02,4.494193020141060e+00
5.303765505964748e+02,4.494187926383262e+00
5.304265505964747e+02,4.494182832629204e+00
5.304765505964747e+02,4.494177738878831e+00
5.305265505964746e+02,4.494172645132154e+00
5.305765505964746e+02,4.494167551389185e+00
5.306265505964745e+02,4.494162457649934e+00
5.306765505964745e+02,4.494157363914421e+00
5.307265505964745e+02,4.494152270182605e+00
5.307765505964744e+02,4.494147176454473e+00
5.308265505964744e+02,4.494142082730060e+00
5.308765505964743e+02,4.494136989009348e+00
5.309265505964743e+02,4.494131895292346e+00
5.309765505964742e+02,4.494126801579066e+00
5.310265505964742e+02,4.494121707869474e+00
5.310765505964741e+02,4.494116614163565e+00
5.311265505964741e+02,4.494111520461385e+00
5.311765505964740e+02,4.494106426762923e+00
5.312265505964740e+02,4.494101333068155e+00
5.312765505964740e+02,4.494096239377096e+00
5.313265505964739e+02,4.494091145689716e+00
5.313765505964739e+02,4.494086052006029e+00
5.314265505964738e+02,4.494080958326045e+00
5.314765505964738e+02,4.494075864649750e+00
5.315265505964737e+02,4.494070770977169e+00
5.315765505964737e+02,4.494065677308298e+00
5.316265505964736e+02,4.494060583643130e+00
5.316765505964736e+02,4.494055489981672e+00
5.317265505964735e+02,4.494050396323907e+00
5.317765505964735e+02,4.494045302669822e+00
5.318265505964735e+02,4.494040209019417e+00
5.318765505964734e+02,4.494035115372706e+00
5.319265505964734e+02,4.494030021729719e+00
5.319765505964733e+02,4.494024928090433e+00
5.320265505964733e+02,4.494019834454812e+00
5.320765505964732e+02,4.494014740822886e+00
5.321265505964732e+02,4.494009647194662e+00
5.321765505964731e+02,4.494004553570117e+00
5.322265505964731e+02,4.493999459949283e+00
5.322765505964730e+02,4.493994366332156e+00
5.323265505964730e+02,4.493989272718691e+00
5.323765505964730e+02,4.493984179108917e+00
5.324265505964729e+02,4.493979085502831e+00
5.324765505964729e+02,4.493973991900431e+00
5.325265505964728e+02,4.493968898301731e+00
5.325765505964728e+02,4.493963804706703e+00
5.326265505964727e+02,4.493958711115369e+00
5.326765505964727e+02,4.493953617527739e+00
5.327265505964726e+02,4.493948523943781e+00
5.327765505964726e+02,4.493943430363510e+00
5.328265505964725e+02,4.493938336786940e+00
5.328765505964725e+02,4.493933243214050e+00
5.329265505964725e+02,4.493928149644831e+00
5.329765505964724e+02,4.493923056079300e+00
5.330265505964724e+02,4.493917962517433e+00
5.330765505964723e+02,4.493912868959251e+00
5.331265505964723e+02,4.493907775404780e+00
5.331765505964722e+02,4.493902681853982e+00
5.332265505964722e+02,4.493897588306878e+00
5.332765505964721e+02,4.493892494763467e+00
5.333265505964721e+02,4.493887401223705e+00
5.333765505964720e+02,4.493882307687602e+00
5.334265505964720e+02,4.493877214155199e+00
5.334765505964720e+02,4.493872120626498e+00
5.335265505964719e+02,4.493867027101460e+00
5.335765505964719e+02,4.493861933580082e+00
5.336265505964718e+02,4.493856840062376e+00
5.336765505964718e+02,4.493851746548350e+00
5.337265505964717e+02,4.493846653038024e+00
5.337765505964717e+02,4.493841559531406e+00
5.338265505964716e+02,4.493836466028433e+00
5.338765505964716e+02,4.493831372529100e+00
5.339265505964715e+02,4.493826279033456e+00
5.339765505964715e+02,4.493821185541491e+00
5.340265505964715e+02,4.493816092053210e+00
5.340765505964714e+02,4.493810998568610e+00
5.341265505964714e+02,4.493805905087652e+00
5.341765505964713e+02,4.493800811610360e+00
5.342265505964713e+02,4.493795718136746e+00
5.342765505964712e+02,4.493790624666795e+00
5.343265505964712e+02,4.493785531200548e+00
5.343765505964711e+02,4.493780437737972e+00
5.344265505964711e+02,4.493775344279039e+00
5.344765505964710e+02,4.493770250823778e+00
5.345265505964710e+02,4.493765157372196e+00
5.345765505964710e+02,4.493760063924287e+00
5.346265505964709e+02,4.493754970480025e+00
5.346765505964709e+02,4.493749877039443e+00
5.347265505964708e+02,4.493744783602535e+00
5.347765505964708e+02,4.493739690169261e+00
5.348265505964707e+02,4.493734596739665e+00
5.348765505964707e+02,4.493729503313739e+00
5.349265505964706e+02,4.493724409891458e+00
5.349765505964706e+02,4.493719316472855e+00
5.350265505964705e+02,4.493714223057924e+00
5.350765505964705e+02,4.493709129646644e+00
5.351265505964705e+02,4.493704036239043e+00
5.351765505964704e+02,4.493698942835106e+00
5.352265505964704e+02,4.493693849434810e+00
5.352765505964703e+02,4.493688756038171e+00
5.353265505964703e+02,4.493683662645211e+00
5.353765505964702e+02,4.493678569255924e+00
5.354265505964702e+02,4.493673475870264e+00
5.354765505964701e+02,4.493668382488239e+00
5.355265505964701e+02,4.493663289109892e+00
5.355765505964700e+02,4.493658195735232e+00
5.356265505964700e+02,4.493653102364216e+00
5.356765505964700e+02,4.493648008996826e+00
5.357265505964699e+02,4.493642915633099e+00
5.357765505964699e+02,4.493637822273052e+00
5.358265505964698e+02,4.493632728916684e+00
5.358765505964698e+02,4.493627635563952e+00
5.359265505964697e+02,4.493622542214839e+00
5.359765505964697e+02,4.493617448869414e+00
5.360265505964696e+02,4.493612355527659e+00
5.360765505964696e+02,4.493607262189531e+00
5.361265505964695e+02,4.493602168855046e+00
5.361765505964695e+02,4.493597075524201e+00
5.362265505964695e+02,4.493591982197009e+00
5.362765505964694e+02,4.493586888873510e+00
5.363265505964694e+02,4.493581795553674e+00
5.363765505964693e+02,4.493576702237443e+00
5.364265505964693e+02,4.493571608924856e+00
5.364765505964692e+02,4.493566515615946e+00
5.365265505964692e+02,4.493561422310686e+00
5.365765505964691e+02,4.493556329009066e+00
5.366265505964691e+02,4.493551235711089e+00
5.366765505964690e+02,4.493546142416749e+00
5.367265505964690e+02,4.493541049126063e+00
5.367765505964690e+02,4.493535955839021e+00
5.368265505964689e+02,4.493530862555613e+00
5.368765505964689e+02,4.493525769275847e+00
5.369265505964688e+02,4.493520675999723e+00
5.369765505964688e+02,4.493515582727269e+00
5.370265505964687e+02,4.493510489458473e+00
5.370765505964687e+02,4.493505396193297e+00
5.371265505964686e+02,4.493500302931755e+00
5.371765505964686e+02,4.493495209673863e+00
5.372265505964685e+02,4.493490116419619e+00
5.372765505964685e+02,4.493485023169018e+00
5.373265505964685e+02,4.493479929922060e+00
5.373765505964684e+02,4.493474836678749e+00
5.374265505964684e+02,4.493469743439074e+00
5.374765505964683e+02,4.493464650203028e+00
5.375265505964683e+02,4.493459556970608e+00
5.375765505964682e+02,4.493454463741842e+00
5.376265505964682e+02,4.493449370516744e+00
5.376765505964681e+02,4.493444277295255e+00
5.377265505964681e+02,4.493439184077380e+00
5.377765505964680e+02,4.493434090863159e+00
5.378265505964680e+02,4.493428997652597e+00
5.378765505964680e+02,4.493423904445670e+00
5.379265505964679e+02,4.493418811242369e+00
5.379765505964679e+02,4.493413718042701e+00
5.380265505964678e+02,4.493408624846669e+00
5.380765505964678e+02,4.493403531654250e+00
5.381265505964677e+02,4.493398438465451e+00
5.381765505964677e+02,4.493393345280314e+00
5.382265505964676e+02,4.493388252098844e+00
5.382765505964676e+02,4.493383158920984e+00
5.383265505964675e+02,4.493378065746730e+00
5.383765505964675e+02,4.493372972576109e+00
5.384265505964675e+02,4.493367879409131e+00
5.384765505964674e+02,4.493362786245786e+00
5.385265505964674e+02,4.493357693086083e+00
5.385765505964673e+02,4.493352599930008e+00
5.386265505964673e+02,4.493347506777536e+00
5.386765505964672e+02,4.493342413628701e+00
5.387265505964672e+02,4.493337320483509e+00
5.387765505964671e+02,4.493332227341948e+00
5.388265505964671e+02,4.493327134204029e+00
5.388765505964670e+02,4.493322041069731e+00
5.389265505964670e+02,4.493316947939052e+00
5.389765505964670e+02,4.493311854811999e+00
5.390265505964669e+02,4.493306761688544e+00
5.390765505964669e+02,4.493301668568702e+00
5.391265505964668e+02,4.493296575452508e+00
5.391765505964668e+02,4.493291482339968e+00
5.392265505964667e+02,4.493286389231051e+00
5.392765505964667e+02,4.493281296125724e+00
5.393265505964666e+02,4.493276203024023e+00
5.393765505964666e+02,4.493271109925964e+00
5.394265505964665e+02,4.493266016831540e+00
5.394765505964665e+02,4.493260923740728e+00
5.395265505964664e+02,4.493255830653521e+00
5.395765505964664e+02,4.493250737569930e+00
5.396265505964664e+02,4.493245644489960e+00
5.396765505964663e+02,4.493240551413612e+00
5.397265505964663e+02,4.493235458340888e+00
5.397765505964662e+02,4.493230365271800e+00
5.398265505964662e+02,4.493225272206324e+00
5.398765505964661e+02,4.493220179144451e+00
5.399265505964661e+02,4.493215086086185e+00
5.399765505964660e+02,4.493209993031543e+00
5.400265505964660e+02,4.493204899980558e+00
5.400765505964659e+02,4.493199806933172e+00
5.401265505964659e+02,4.493194713889377e+00
5.401765505964659e+02,4.493189620849206e+00
5.402265505964658e+02,4.493184527812655e+00
5.402765505964658e+02,4.493179434779738e+00
5.403265505964657e+02,4.493174341750426e+00
5.403765505964657e+02,4.493169248724702e+00
5.404265505964656e+02,4.493164155702600e+00
5.404765505964656e+02,4.493159062684124e+00
5.405265505964655e+02,4.493153969669281e+00
5.405765505964655e+02,4.493148876658045e+00
5.406265505964654e+02,4.493143783650398e+00
5.406765505964654e+02,4.493138690646362e+00
5.407265505964654e+02,4.493133597645931e+00
5.407765505964653e+02,4.493128504649113e+00
5.408265505964653e+02,4.493123411655928e+00
5.408765505964652e+02,4.493118318666370e+00
5.409265505964652e+02,4.493113225680387e+00
5.409765505964651e+02,4.493108132697979e+00
5.410265505964651e+02,4.493103039719220e+00
5.410765505964650e+02,4.493097946744094e+00
5.411265505964650e+02,4.493092853772559e+00
5.411765505964649e+02,4.493087760804636e+00
5.412265505964649e+02,4.493082667840326e+00
5.412765505964649e+02,4.493077574879603e+00
5.413265505964648e+02,4.493072481922479e+00
5.413765505964648e+02,4.493067388968973e+00
5.414265505964647e+02,4.493062296019086e+00
5.414765505964647e+02,4.493057203072781e+00
5.415265505964646e+02,4.493052110130051e+00
5.415765505964646e+02,4.493047017190956e+00
5.416265505964645e+02,4.493041924255510e+00
5.416765505964645e+02,4.493036831323639e+00
5.417265505964644e+02,4.493031738395334e+00
5.417765505964644e+02,4.493026645470649e+00
5.418265505964644e+02,4.493021552549561e+00
5.418765505964643e+02,4.493016459632070e+00
5.419265505964643e+02,4.493011366718191e+00
5.419765505964642e+02,4.493006273807902e+00
5.420265505964642e+02,4.493001180901226e+00
5.420765505964641e+02,4.492996087998167e+00
5.421265505964641e+02,4.492990995098691e+00
5.421765505964640e+02,4.492985902202812e+00
5.422265505964640e+02,4.492980809310560e+00
5.422765505964639e+02,4.492975716421906e+00
5.423265505964639e+02,4.492970623536841e+00
5.423765505964639e+02,4.492965530655380e+00
5.424265505964638e+02,4.492960437777515e+00
5.424765505964638e+02,4.492955344903232e+00
5.425265505964637e+02,4.492950252032531e+00
5.425765505964637e+02,4.492945159165435e+00
5.426265505964636e+02,4.492940066301922e+00
5.426765505964636e+02,4.492934973442005e+00
5.427265505964635e+02,4.492929880585705e+00
5.427765505964635e+02,4.492924787733005e+00
5.428265505964634e+02,4.492919694883917e+00
5.428765505964634e+02,4.492914602038411e+00
5.429265505964634e+02,4.492909509196472e+00
5.429765505964633e+02,4.492904416358122e+00
5.430265505964633e+02,4.492899323523369e+00
5.430765505964632e+02,4.492894230692228e+00
5.431265505964632e+02,4.492889137864677e+00
5.431765505964631e+02,4.492884045040705e+00
5.432265505964631e+02,4.492878952220325e+00
5.432765505964630e+02,4.492873859403534e+00
5.433265505964630e+02,4.492868766590341e+00
5.433765505964629e+02,4.492863673780731e+00
5.434265505964629e+02,4.492858580974708e+00
5.434765505964629e+02,4.492853488172290e+00
5.435265505964628e+02,4.492848395373460e+00
5.435765505964628e+02,4.492843302578207e+00
5.436265505964627e+02,4.492838209786543e+00
5.436765505964627e+02,4.492833116998468e+00
5.437265505964626e+02,4.492828024213969e+00
5.437765505964626e+02,4.492822931433065e+00
5.438265505964625e+02,4.492817838655758e+00
5.438765505964625e+02,4.492812745882048e+00
5.439265505964624e+02,4.492807653111922e+00
5.439765505964624e+02,4.492802560345354e+00
5.440265505964624e+02,4.492797467582391e+00
5.440765505964623e+02,4.492792374823016e+00
5.441265505964623e+02,4.492787282067194e+00
5.441765505964622e+02,4.492782189314962e+00
5.442265505964622e+02,4.492777096566334e+00
5.442765505964621e+02,4.492772003821297e+00
5.443265505964621e+02,4.492766911079825e+00
5.443765505964620e+02,4.492761818341919e+00
5.444265505964620e+02,4.492756725607612e+00
5.444765505964619e+02,4.492751632876899e+00
5.445265505964619e+02,4.492746540149763e+00
5.445765505964619e+02,4.492741447426187e+00
5.446265505964618e+02,4.492736354706185e+00
5.446765505964618e+02,4.492731261989782e+00
5.447265505964617e+02,4.492726169276973e+00
5.447765505964617e+02,4.492721076567745e+00
5.448265505964616e+02,4.492715983862087e+00
5.448765505964616e+02,4.492710891159988e+00
5.449265505964615e+02,4.492705798461470e+00
5.449765505964615e+02,4.492700705766541e+00
5.450265505964614e+02,4.492695613075187e+00
5.450765505964614e+02,4.492690520387415e+00
5.451265505964614e+02,4.492685427703218e+00
5.451765505964613e+02,4.492680335022580e+00
5.452265505964613e+02,4.492675242345516e+00
5.452765505964612e+02,4.492670149672043e+00
5.453265505964612e+02,4.492665057002151e+00
5.453765505964611e+02,4.492659964335840e+00
5.454265505964611e+02,4.492654871673113e+00
5.454765505964610e+02,4.492649779013960e+00
5.455265505964610e+02,4.492644686358358e+00
5.455765505964609e+02,4.492639593706324e+00
5.456265505964609e+02,4.492634501057871e+00
5.456765505964609e+02,4.492629408412972e+00
5.457265505964608e+02,4.492624315771653e+00
5.457765505964608e+02,4.492619223133945e+00
5.458265505964607e+02,4.492614130499805e+00
5.458765505964607e+02,4.492609037869210e+00
5.459265505964606e+02,4.492603945242192e+00
5.459765505964606e+02,4.492598852618738e+00
5.460265505964605e+02,4.492593759998844e+00
5.460765505964605e+02,4.492588667382524e+00
5.461265505964604e+02,4.492583574769766e+00
5.461765505964604e+02,4.492578482160601e+00
5.462265505964604e+02,4.492573389555035e+00
5.462765505964603e+02,4.492568296952983e+00
5.463265505964603e+02,4.492563204354469e+00
5.463765505964602e+02,4.492558111759566e+00
5.464265505964602e+02,4.492553019168254e+00
5.464765505964601e+02,4.492547926580500e+00
5.465265505964601e+02,4.492542833996321e+00
5.465765505964600e+02,4.492537741415695e+00
5.466265505964600e+02,4.492532648838612e+00
5.466765505964599e+02,4.492527556265095e+00
5.467265505964599e+02,4.492522463695146e+00
5.467765505964599e+02,4.492517371128772e+00
5.468265505964598e+02,4.492512278565979e+00
5.468765505964598e+02,4.492507186006756e+00
5.469265505964597e+02,4.492502093451082e+00
5.469765505964597e+02,4.492497000898961e+00
5.470265505964596e+02,4.492491908350392e+00
5.470765505964596e+02,4.492486815805391e+00
5.471265505964595e+02,4.492481723263978e+00
5.471765505964595e+02,4.492476630726141e+00
5.472265505964594e+02,4.492471538191840e+00
5.472765505964594e+02,4.492466445661090e+00
5.473265505964594e+02,4.492461353133915e+00
5.473765505964593e+02,4.492456260610292e+00
5.474265505964593e+02,4.492451168090213e+00
5.474765505964592e+02,4.492446075573702e+00
5.475265505964592e+02,4.492440983060765e+00
5.475765505964591e+02,4.492435890551374e+00
5.476265505964591e+02,4.492430798045556e+00
5.476765505964590e+02,4.492425705543320e+00
5.477265505964590e+02,4.492420613044621e+00
5.477765505964589e+02,4.492415520549467e+00
5.478265505964589e+02,4.492410428057872e+00
5.478765505964589e+02,4.492405335569853e+00
5.479265505964588e+02,4.492400243085370e+00
5.479765505964588e+02,4.492395150604424e+00
5.480265505964587e+02,4.492390058127073e+00
5.480765505964587e+02,4.492384965653291e+00
5.481265505964586e+02,4.492379873183038e+00
5.481765505964586e+02,4.492374780716331e+00
5.482265505964585e+02,4.492369688253174e+00
5.482765505964585e+02,4.492364595793592e+00
5.483265505964584e+02,4.492359503337577e+00
5.483765505964584e+02,4.492354410885094e+00
5.484265505964584e+02,4.492349318436184e+00
5.484765505964583e+02,4.492344225990847e+00
5.485265505964583e+02,4.492339133549024e+00
5.485765505964582e+02,4.492334041110732e+00
5.486265505964582e+02,4.492328948676006e+00
5.486765505964581e+02,4.492323856244862e+00
5.487265505964581e+02,4.492318763817265e+00
5.487765505964580e+02,4.492313671393196e+00
5.488265505964580e+02,4.492308578972681e+00
5.488765505964579e+02,4.492303486555699e+00
5.489265505964579e+02,4.492298394142279e+00
5.489765505964579e+02,4.492293301732432e+00
5.490265505964578e+02,4.492288209326136e+00
5.490765505964578e+02,4.492283116923387e+00
5.491265505964577e+02,4.492278024524190e+00
5.491765505964577e+02,4.492272932128544e+00
5.492265505964576e+02,4.492267839736426e+00
5.492765505964576e+02,4.492262747347841e+00
5.493265505964575e+02,4.492257654962799e+00
5.493765505964575e+02,4.492252562581301e+00
5.494265505964574e+02,4.492247470203369e+00
5.494765505964574e+02,4.492242377829015e+00
5.495265505964574e+02,4.492237285458210e+00
5.495765505964573e+02,4.492232193090935e+00
5.496265505964573e+02,4.492227100727167e+00
5.496765505964572e+02,4.492222008366951e+00
5.497265505964572e+02,4.492216916010317e+00
5.497765505964571e+02,4.492211823657228e+00
5.498265505964571e+02,4.492206731307676e+00
5.498765505964570e+02,4.492201638961676e+00
5.499265505964570e+02,4.492196546619208e+00
5.499765505964569e+02,4.492191454280260e+00
5.500265505964569e+02,4.492186361944863e+00
5.500765505964569e+02,4.492181269613011e+00
5.501265505964568e+02,4.492176177284704e+00
5.501765505964568e+02,4.492171084959963e+00
5.502265505964567e+02,4.492165992638766e+00
5.502765505964567e+02,4.492160900321091e+00
5.503265505964566e+02,4.492155808006940e+00
5.503765505964566e+02,4.492150715696327e+00
5.504265505964565e+02,4.492145623389286e+00
5.504765505964565e+02,4.492140531085797e+00
5.505265505964564e+02,4.492135438785838e+00
5.505765505964564e+02,4.492130346489423e+00
5.506265505964564e+02,4.492125254196530e+00
5.506765505964563e+02,4.492120161907160e+00
5.507265505964563e+02,4.492115069621334e+00
5.507765505964562e+02,4.492109977339067e+00
5.508265505964562e+02,4.492104885060329e+00
5.508765505964561e+02,4.492099792785108e+00
5.509265505964561e+02,4.492094700513439e+00
5.509765505964560e+02,4.492089608245307e+00
5.510265505964560e+02,4.492084515980709e+00
5.510765505964559e+02,4.492079423719657e+00
5.511265505964559e+02,4.492074331462121e+00
5.511765505964559e+02,4.492069239208128e+00
5.512265505964558e+02,4.492064146957687e+00
5.512765505964558e+02,4.492059054710791e+00
5.513265505964557e+02,4.492053962467438e+00
5.513765505964557e+02,4.492048870227608e+00
5.514265505964556e+02,4.492043777991324e+00
5.514765505964556e+02,4.492038685758547e+00
5.515265505964555e+02,4.492033593529277e+00
5.515765505964555e+02,4.492028501303564e+00
5.516265505964554e+02,4.492023409081419e+00
5.516765505964554e+02,4.492018316862803e+00
5.517265505964554e+02,4.492013224647658e+00
5.517765505964553e+02,4.492008132436064e+00
5.518265505964553e+02,4.492003040228044e+00
5.518765505964552e+02,4.491997948023517e+00
5.519265505964552e+02,4.491992855822504e+00
5.519765505964551e+02,4.491987763625058e+00
5.520265505964551e+02,4.491982671431174e+00
5.520765505964550e+02,4.491977579240803e+00
5.521265505964550e+02,4.491972487053931e+00
5.521765505964549e+02,4.491967394870594e+00
5.522265505964549e+02,4.491962302690818e+00
5.522765505964549e+02,4.491957210514552e+00
5.523265505964548e+02,4.491952118341783e+00
5.523765505964548e+02,4.491947026172558e+00
5.524265505964547e+02,4.491941934006871e+00
5.524765505964547e+02,4.491936841844720e+00
5.525265505964546e+02,4.491931749686124e+00
5.525765505964546e+02,4.491926657531048e+00
5.526265505964545e+02,4.491921565379471e+00
5.526765505964545e+02,4.491916473231400e+00
5.527265505964544e+02,4.491911381086860e+00
5.527765505964544e+02,4.491906288945866e+00
5.528265505964544e+02,4.491901196808398e+00
5.528765505964543e+02,4.491896104674477e+00
5.529265505964543e+02,4.491891012544098e+00
5.529765505964542e+02,4.491885920417205e+00
5.530265505964542e+02,4.491880828293808e+00
5.530765505964541e+02,4.491875736173959e+00
5.531265505964541e+02,4.491870644057632e+00
5.531765505964540e+02,4.491865551944804e+00
5.532265505964540e+02,4.491860459835543e+00
5.532765505964539e+02,4.491855367729843e+00
5.533265505964539e+02,4.491850275627635e+00
5.533765505964539e+02,4.491845183528919e+00
5.534265505964538e+02,4.491840091433738e+00
5.534765505964538e+02,4.491834999342094e+00
5.535265505964537e+02,4.491829907253953e+00
5.535765505964537e+02,4.491824815169318e+00
5.536265505964536e+02,4.491819723088206e+00
5.536765505964536e+02,4.491814631010628e+00
5.537265505964535e+02,4.491809538936579e+00
5.537765505964535e+02,4.491804446866046e+00
5.538265505964534e+02,4.491799354799044e+00
5.538765505964534e+02,4.491794262735562e+00
5.539265505964534e+02,4.491789170675580e+00
5.539765505964533e+02,4.491784078619099e+00
5.540265505964533e+02,4.491778986566162e+00
5.540765505964532e+02,4.491773894516769e+00
5.541265505964532e+02,4.491768802470883e+00
5.541765505964531e+02,4.491763710428518e+00
5.542265505964531e+02,4.491758618389683e+00
5.542765505964530e+02,4.491753526354348e+00
5.543265505964530e+02,4.491748434322490e+00
5.543765505964529e+02,4.491743342294154e+00
5.544265505964529e+02,4.491738250269385e+00
5.544765505964529e+02,4.491733158248138e+00
5.545265505964528e+02,4.491728066230383e+00
5.545765505964528e+02,4.491722974216136e+00
5.546265505964527e+02,4.491717882205402e+00
5.546765505964527e+02,4.491712790198176e+00
5.547265505964526e+02,4.491707698194465e+00
5.547765505964526e+02,4.491702606194274e+00
5.548265505964525e+02,4.491697514197607e+00
5.548765505964525e+02,4.491692422204475e+00
5.549265505964524e+02,4.491687330214867e+00
5.549765505964524e+02,4.491682238228758e+00
5.550265505964524e+02,4.491677146246142e+00
5.550765505964523e+02,4.491672054267024e+00
5.551265505964523e+02,4.491666962291429e+00
5.551765505964522e+02,4.491661870319363e+00
5.552265505964522e+02,4.491656778350802e+00
5.552765505964521e+02,4.491651686385752e+00
5.553265505964521e+02,4.491646594424198e+00
5.553765505964520e+02,4.491641502466153e+00
5.554265505964520e+02,4.491636410511653e+00
5.554765505964519e+02,4.491631318560652e+00
5.555265505964519e+02,4.491626226613128e+00
5.555765505964519e+02,4.491621134669141e+00
5.556265505964518e+02,4.491616042728682e+00
5.556765505964518e+02,4.491610950791724e+00
5.557265505964517e+02,4.491605858858265e+00
5.557765505964517e+02,4.491600766928298e+00
5.558265505964516e+02,4.491595675001870e+00
5.558765505964516e+02,4.491590583078976e+00
5.559265505964515e+02,4.491585491159569e+00
5.559765505964515e+02,4.491580399243652e+00
5.560265505964514e+02,4.491575307331250e+00
5.560765505964514e+02,4.491570215422364e+00
5.561265505964514e+02,4.491565123516983e+00
5.561765505964513e+02,4.491560031615098e+00
5.562265505964513e+02,4.491554939716702e+00
5.562765505964512e+02,4.491549847821835e+00
5.563265505964512e+02,4.491544755930477e+00
5.563765505964511e+02,4.491539664042616e+00
5.564265505964511e+02,4.491534572158278e+00
5.564765505964510e+02,4.491529480277424e+00
5.565265505964510e+02,4.491524388400093e+00
5.565765505964509e+02,4.491519296526277e+00
5.566265505964509e+02,4.491514204655945e+00
5.566765505964509e+02,4.491509112789127e+00
5.567265505964508e+02,4.491504020925801e+00
5.567765505964508e+02,4.491498929065989e+00
5.568265505964507e+02,4.491493837209693e+00
5.568765505964507e+02,4.491488745356881e+00
5.569265505964506e+02,4.491483653507561e+00
5.569765505964506e+02,4.491478561661733e+00
5.570265505964505e+02,4.491473469819443e+00
5.570765505964505e+02,4.491468377980675e+00
5.571265505964504e+02,4.491463286145390e+00
5.571765505964504e+02,4.491458194313592e+00
5.572265505964504e+02,4.491453102485268e+00
5.572765505964503e+02,4.491448010660466e+00
5.573265505964503e+02,4.491442918839182e+00
5.573765505964502e+02,4.491437827021396e+00
5.574265505964502e+02,4.491432735207115e+00
5.574765505964501e+02,4.491427643396336e+00
5.575265505964501e+02,4.491422551589062e+00
5.575765505964500e+02,4.491417459785267e+00
5.576265505964500e+02,4.491412367984956e+00
5.576765505964499e+02,4.491407276188174e+00
5.577265505964499e+02,4.491402184394906e+00
5.577765505964499e+02,4.491397092605101e+00
5.578265505964498e+02,4.491392000818787e+00
5.578765505964498e+02,4.491386909036011e+00
5.579265505964497e+02,4.491381817256721e+00
5.579765505964497e+02,4.491376725480909e+00
5.580265505964496e+02,4.491371633708614e+00
5.580765505964496e+02,4.491366541939820e+00
5.581265505964495e+02,4.491361450174511e+00
5.581765505964495e+02,4.491356358412711e+00
5.582265505964494e+02,4.491351266654393e+00
5.582765505964494e+02,4.491346174899561e+00
5.583265505964494e+02,4.491341083148235e+00
5.583765505964493e+02,4.491335991400402e+00
5.584265505964493e+02,4.491330899656085e+00
5.584765505964492e+02,4.491325807915280e+00
5.585265505964492e+02,4.491320716177937e+00
5.585765505964491e+02,4.491315624444095e+00
5.586265505964491e+02,4.491310532713767e+00
5.586765505964490e+02,4.491305440986903e+00
5.587265505964490e+02,4.491300349263522e+00
5.587765505964489e+02,4.491295257543661e+00
5.588265505964489e+02,4.491290165827279e+00
5.588765505964489e+02,4.491285074114367e+00
5.589265505964488e+02,4.491279982404990e+00
5.589765505964488e+02,4.491274890699106e+00
5.590265505964487e+02,4.491269798996692e+00
5.590765505964487e+02,4.491264707297792e+00
5.591265505964486e+02,4.491259615602370e+00
5.591765505964486e+02,4.491254523910425e+00
5.592265505964485e+02,4.491249432222001e+00
5.592765505964485e+02,4.491244340537070e+00
5.593265505964484e+02,4.491239248855599e+00
5.593765505964484e+02,4.491234157177622e+00
5.594265505964484e+02,4.491229065503160e+00
5.594765505964483e+02,4.491223973832211e+00
5.595265505964483e+02,4.491218882164739e+00
5.595765505964482e+02,4.491213790500731e+00
5.596265505964482e+02,4.491208698840221e+00
5.596765505964481e+02,4.491203607183217e+00
5.597265505964481e+02,4.491198515529707e+00
5.597765505964480e+02,4.491193423879658e+00
5.598265505964480e+02,4.491188332233073e+00
5.598765505964479e+02,4.491183240589992e+00
5.599265505964479e+02,4.491178148950413e+00
5.599765505964479e+02,4.491173057314311e+00
5.600265505964478e+02,4.491167965681686e+00
5.600765505964478e+02,4.491162874052558e+00
5.601265505964477e+02,4.491157782426934e+00
5.601765505964477e+02,4.491152690804793e+00
5.602265505964476e+02,4.491147599186148e+00
5.602765505964476e+02,4.491142507570997e+00
5.603265505964475e+02,4.491137415959309e+00
5.603765505964475e+02,4.491132324351083e+00
5.604265505964474e+02,4.491127232746357e+00
5.604765505964474e+02,4.491122141145144e+00
5.605265505964474e+02,4.491117049547408e+00
5.605765505964473e+02,4.491111957953136e+00
5.606265505964473e+02,4.491106866362370e+00
5.606765505964472e+02,4.491101774775102e+00
5.607265505964472e+02,4.491096683191304e+00
5.607765505964471e+02,4.491091591610984e+00
5.608265505964471e+02,4.491086500034149e+00
5.608765505964470e+02,4.491081408460819e+00
5.609265505964470e+02,4.491076316890971e+00
5.609765505964469e+02,4.491071225324573e+00
5.610265505964469e+02,4.491066133761676e+00
5.610765505964469e+02,4.491061042202257e+00
5.611265505964468e+02,4.491055950646298e+00
5.611765505964468e+02,4.491050859093837e+00
5.612265505964467e+02,4.491045767544862e+00
5.612765505964467e+02,4.491040675999373e+00
5.613265505964466e+02,4.491035584457389e+00
5.613765505964466e+02,4.491030492918899e+00
5.614265505964465e+02,4.491025401383864e+00
5.614765505964465e+02,4.491020309852268e+00
5.615265505964464e+02,4.491015218324157e+00
5.615765505964464e+02,4.491010126799543e+00
5.616265505964464e+02,4.491005035278423e+00
5.616765505964463e+02,4.490999943760782e+00
5.617265505964463e+02,4.490994852246615e+00
5.617765505964462e+02,4.490989760735941e+00
5.618265505964462e+02,4.490984669228745e+00
5.618765505964461e+02,4.490979577725039e+00
5.619265505964461e+02,4.490974486224804e+00
5.619765505964460e+02,4.490969394728015e+00
5.620265505964460e+02,4.490964303234727e+00
5.620765505964459e+02,4.490959211744924e+00
5.621265505964459e+02,4.490954120258580e+00
5.621765505964458e+02,4.490949028775737e+00
5.622265505964458e+02,4.490943937296379e+00
5.622765505964458e+02,4.490938845820474e+00
5.623265505964457e+02,4.490933754348019e+00
5.623765505964457e+02,4.490928662879051e+00
5.624265505964456e+02,4.490923571413589e+00
5.624765505964456e+02,4.490918479951592e+00
5.625265505964455e+02,4.490913388493090e+00
5.625765505964455e+02,4.490908297038072e+00
5.626265505964454e+02,4.490903205586508e+00
5.626765505964454e+02,4.490898114138399e+00
5.627265505964453e+02,4.490893022693773e+00
5.627765505964453e+02,4.490887931252658e+00
5.628265505964453e+02,4.490882839815024e+00
5.628765505964452e+02,4.490877748380814e+00
5.629265505964452e+02,4.490872656950052e+00
5.629765505964451e+02,4.490867565522806e+00
5.630265505964451e+02,4.490862474099056e+00
5.630765505964450e+02,4.490857382678771e+00
5.631265505964450e+02,4.490852291261932e+00
5.631765505964449e+02,4.490847199848585e+00
5.632265505964449e+02,4.490842108438732e+00
5.632765505964448e+02,4.490837017032324e+00
5.633265505964448e+02,4.490831925629394e+00
5.633765505964448e+02,4.490826834229926e+00
5.634265505964447e+02,4.490821742833904e+00
5.634765505964447e+02,4.490816651441389e+00
5.635265505964446e+02,4.490811560052368e+00
5.635765505964446e+02,4.490806468666808e+00
5.636265505964445e+02,4.490801377284737e+00
5.636765505964445e+02,4.490796285906117e+00
5.637265505964444e+02,4.490791194530936e+00
5.637765505964444e+02,4.490786103159246e+00
5.638265505964443e+02,4.490781011791033e+00
5.638765505964443e+02,4.490775920426270e+00
5.639265505964443e+02,4.490770829064983e+00
5.639765505964442e+02,4.490765737707210e+00
5.640265505964442e+02,4.490760646352897e+00
5.640765505964441e+02,4.490755555002024e+00
5.641265505964441e+02,4.490750463654630e+00
5.641765505964440e+02,4.490745372310705e+00
5.642265505964440e+02,4.490740280970242e+00
5.642765505964439e+02,4.490735189633262e+00
5.643265505964439e+02,4.490730098299760e+00
5.643765505964438e+02,4.490725006969699e+00
5.644265505964438e+02,4.490719915643068e+00
5.644765505964438e+02,4.490714824319930e+00
5.645265505964437e+02,4.490709733000321e+00
5.645765505964437e+02,4.490704641684174e+00
5.646265505964436e+02,4.490699550371446e+00
5.646765505964436e+02,4.490694459062189e+00
5.647265505964435e+02,4.490689367756413e+00
5.647765505964435e+02,4.490684276454084e+00
5.648265505964434e+02,4.490679185155217e+00
5.648765505964434e+02,4.490674093859836e+00
5.649265505964433e+02,4.490669002567924e+00
5.649765505964433e+02,4.490663911279475e+00
5.650265505964433e+02,4.490658819994485e+00
5.650765505964432e+02,4.490653728712982e+00
5.651265505964432e+02,4.490648637434933e+00
5.651765505964431e+02,4.490643546160310e+00
5.652265505964431e+02,4.490638454889170e+00
5.652765505964430e+02,4.490633363621499e+00
5.653265505964430e+02,4.490628272357283e+00
5.653765505964429e+02,4.490623181096560e+00
5.654265505964429e+02,4.490618089839313e+00
5.654765505964428e+02,4.490612998585521e+00
5.655265505964428e+02,4.490607907335170e+00
5.655765505964428e+02,4.490602816088273e+00
5.656265505964427e+02,4.490597724844847e+00
5.656765505964427e+02,4.490592633604886e+00
5.657265505964426e+02,4.490587542368390e+00
5.657765505964426e+02,4.490582451135348e+00
5.658265505964425e+02,4.490577359905789e+00
5.658765505964425e+02,4.490572268679702e+00
5.659265505964424e+02,4.490567177457056e+00
5.659765505964424e+02,4.490562086237861e+00
5.660265505964423e+02,4.490556995022152e+00
5.660765505964423e+02,4.490551903809897e+00
5.661265505964423e+02,4.490546812601075e+00
5.661765505964422e+02,4.490541721395729e+00
5.662265505964422e+02,4.490536630193853e+00
5.662765505964421e+02,4.490531538995456e+00
5.663265505964421e+02,4.490526447800513e+00
5.663765505964420e+02,4.490521356608999e+00
5.664265505964420e+02,4.490516265420977e+00
5.664765505964419e+02,4.490511174236398e+00
5.665265505964419e+02,4.490506083055243e+00
5.665765505964418e+02,4.490500991877565e+00
5.666265505964418e+02,4.490495900703349e+00
5.666765505964418e+02,4.490490809532607e+00
5.667265505964417e+02,4.490485718365352e+00
5.667765505964417e+02,4.490480627201556e+00
5.668265505964416e+02,4.490475536041190e+00
5.668765505964416e+02,4.490470444884251e+00
5.669265505964415e+02,4.490465353730769e+00
5.669765505964415e+02,4.490460262580766e+00
5.670265505964414e+02,4.490455171434248e+00
5.670765505964414e+02,4.490450080291176e+00
5.671265505964413e+02,4.490444989151579e+00
5.671765505964413e+02,4.490439898015438e+00
5.672265505964413e+02,4.490434806882699e+00
5.672765505964412e+02,4.490429715753421e+00
5.673265505964412e+02,4.490424624627634e+00
5.673765505964411e+02,4.490419533505303e+00
5.674265505964411e+02,4.490414442386427e+00
5.674765505964410e+02,4.490409351271006e+00
5.675265505964410e+02,4.490404260159002e+00
5.675765505964409e+02,4.490399169050445e+00
5.676265505964409e+02,4.490394077945401e+00
5.676765505964408e+02,4.490388986843834e+00
5.677265505964408e+02,4.490383895745693e+00
5.677765505964408e+02,4.490378804650991e+00
5.678265505964407e+02,4.490373713559723e+00
5.678765505964407e+02,4.490368622471914e+00
5.679265505964406e+02,4.490363531387592e+00
5.679765505964406e+02,4.490358440306723e+00
5.680265505964405e+02,4.490353349229294e+00
5.680765505964405e+02,4.490348258155303e+00
5.681265505964404e+02,4.490343167084755e+00
5.681765505964404e+02,4.490338076017659e+00
5.682265505964403e+02,4.490332984954071e+00
5.682765505964403e+02,4.490327893893938e+00
5.683265505964403e+02,4.490322802837214e+00
5.683765505964402e+02,4.490317711783945e+00
5.684265505964402e+02,4.490312620734137e+00
5.684765505964401e+02,4.490307529687800e+00
5.685265505964401e+02,4.490302438644902e+00
5.685765505964400e+02,4.490297347605420e+00
5.686265505964400e+02,4.490292256569422e+00
5.686765505964399e+02,4.490287165536894e+00
5.687265505964399e+02,4.490282074507778e+00
5.687765505964398e+02,4.490276983482115e+00
5.688265505964398e+02,4.490271892459929e+00
5.688765505964398e+02,4.490266801441186e+00
5.689265505964397e+02,4.490261710425870e+00
5.689765505964397e+02,4.490256619414010e+00
5.690265505964396e+02,4.490251528405612e+00
5.690765505964396e+02,4.490246437400661e+00
5.691265505964395e+02,4.490241346399158e+00
5.691765505964395e+02,4.490236255401117e+00
5.692265505964394e+02,4.490231164406517e+00
5.692765505964394e+02,4.490226073415362e+00
5.693265505964393e+02,4.490220982427669e+00
5.693765505964393e+02,4.490215891443415e+00
5.694265505964393e+02,4.490210800462602e+00
5.694765505964392e+02,4.490205709485220e+00
5.695265505964392e+02,4.490200618511293e+00
5.695765505964391e+02,4.490195527540851e+00
5.696265505964391e+02,4.490190436573862e+00
5.696765505964390e+02,4.490185345610300e+00
5.697265505964390e+02,4.490180254650162e+00
5.697765505964389e+02,4.490175163693484e+00
5.698265505964389e+02,4.490170072740277e+00
5.698765505964388e+02,4.490164981790503e+00
5.699265505964388e+02,4.490159890844176e+00
5.699765505964388e+02,4.490154799901297e+00
5.700265505964387e+02,4.490149708961834e+00
5.700765505964387e+02,4.490144618025818e+00
5.701265505964386e+02,4.490139527093270e+00
5.701765505964386e+02,4.490134436164155e+00
5.702265505964385e+02,4.490129345238486e+00
5.702765505964385e+02,4.490124254316297e+00
5.703265505964384e+02,4.490119163397523e+00
5.703765505964384e+02,4.490114072482183e+00
5.704265505964383e+02,4.490108981570340e+00
5.704765505964383e+02,4.490103890661929e+00
5.705265505964383e+02,4.490098799756928e+00
5.705765505964382e+02,4.490093708855385e+00
5.706265505964382e+02,4.490088617957278e+00
5.706765505964381e+02,4.490083527062604e+00
5.707265505964381e+02,4.490078436171377e+00
5.707765505964380e+02,4.490073345283613e+00
5.708265505964380e+02,4.490068254399280e+00
5.708765505964379e+02,4.490063163518395e+00
5.709265505964379e+02,4.490058072640971e+00
5.709765505964378e+02,4.490052981766958e+00
5.710265505964378e+02,4.490047890896376e+00
5.710765505964378e+02,4.490042800029263e+00
5.711265505964377e+02,4.490037709165597e+00
5.711765505964377e+02,4.490032618305372e+00
5.712265505964376e+02,4.490027527448601e+00
5.712765505964376e+02,4.490022436595268e+00
5.713265505964375e+02,4.490017345745360e+00
5.713765505964375e+02,4.490012254898907e+00
5.714265505964374e+02,4.490007164055909e+00
5.714765505964374e+02,4.490002073216329e+00
5.715265505964373e+02,4.489996982380165e+00
5.715765505964373e+02,4.489991891547434e+00
5.716265505964373e+02,4.489986800718165e+00
5.716765505964372e+02,4.489981709892365e+00
5.717265505964372e+02,4.489976619070013e+00
5.717765505964371e+02,4.489971528251099e+00
5.718265505964371e+02,4.489966437435596e+00
5.718765505964370e+02,4.489961346623510e+00
5.719265505964370e+02,4.489956255814899e+00
5.719765505964369e+02,4.489951165009759e+00
5.720265505964369e+02,4.489946074208036e+00
5.720765505964368e+02,4.489940983409737e+00
5.721265505964368e+02,4.489935892614887e+00
5.721765505964368e+02,4.489930801823466e+00
5.722265505964367e+02,4.489925711035465e+00
5.722765505964367e+02,4.489920620250873e+00
5.723265505964366e+02,4.489915529469751e+00
5.723765505964366e+02,4.489910438692106e+00
5.724265505964365e+02,4.489905347917870e+00
5.724765505964365e+02,4.489900257147066e+00
5.725265505964364e+02,4.489895166379702e+00
5.725765505964364e+02,4.489890075615784e+00
5.726265505964363e+02,4.489884984855320e+00
5.726765505964363e+02,4.489879894098287e+00
5.727265505964363e+02,4.489874803344688e+00
5.727765505964362e+02,4.489869712594522e+00
5.728265505964362e+02,4.489864621847779e+00
5.728765505964361e+02,4.489859531104448e+00
5.729265505964361e+02,4.489854440364562e+00
5.729765505964360e+02,4.489849349628159e+00
5.730265505964360e+02,4.489844258895198e+00
5.730765505964359e+02,4.489839168165654e+00
5.731265505964359e+02,4.489834077439556e+00
5.731765505964358e+02,4.489828986716892e+00
5.732265505964358e+02,4.489823895997637e+00
5.732765505964358e+02,4.489818805281800e+00
5.733265505964357e+02,4.489813714569409e+00
5.733765505964357e+02,4.489808623860478e+00
5.734265505964356e+02,4.489803533154988e+00
5.734765505964356e+02,4.489798442452924e+00
5.735265505964355e+02,4.489793351754276e+00
5.735765505964355e+02,4.489788261059073e+00
5.736265505964354e+02,4.489783170367327e+00
5.736765505964354e+02,4.489778079678977e+00
5.737265505964353e+02,4.489772988994043e+00
5.737765505964353e+02,4.489767898312577e+00
5.738265505964353e+02,4.489762807634538e+00
5.738765505964352e+02,4.489757716959922e+00
5.739265505964352e+02,4.489752626288774e+00
5.739765505964351e+02,4.489747535621062e+00
5.740265505964351e+02,4.489742444956748e+00
5.740765505964350e+02,4.489737354295862e+00
5.741265505964350e+02,4.489732263638392e+00
5.741765505964349e+02,4.489727172984347e+00
5.742265505964349e+02,4.489722082333778e+00
5.742765505964348e+02,4.489716991686654e+00
5.743265505964348e+02,4.489711901042928e+00
5.743765505964348e+02,4.489706810402625e+00
5.744265505964347e+02,4.489701719765763e+00
5.744765505964347e+02,4.489696629132339e+00
5.745265505964346e+02,4.489691538502362e+00
5.745765505964346e+02,4.489686447875840e+00
5.746265505964345e+02,4.489681357252745e+00
5.746765505964345e+02,4.489676266633034e+00
5.747265505964344e+02,4.489671176016741e+00
5.747765505964344e+02,4.489666085403910e+00
5.748265505964343e+02,4.489660994794534e+00
5.748765505964343e+02,4.489655904188544e+00
5.749265505964343e+02,4.489650813585964e+00
5.749765505964342e+02,4.489645722986855e+00
5.750265505964342e+02,4.489640632391177e+00
5.750765505964341e+02,4.489635541798932e+00
5.751265505964341e+02,4.489630451210139e+00
5.751765505964340e+02,4.489625360624743e+00
5.752265505964340e+02,4.489620270042740e+00
5.752765505964339e+02,4.489615179464192e+00
5.753265505964339e+02,4.489610088889076e+00
5.753765505964338e+02,4.489604998317378e+00
5.754265505964338e+02,4.489599907749129e+00
5.754765505964338e+02,4.489594817184324e+00
5.755265505964337e+02,4.489589726622929e+00
5.755765505964337e+02,4.489584636064958e+00
5.756265505964336e+02,4.489579545510442e+00
5.756765505964336e+02,4.489574454959328e+00
5.757265505964335e+02,4.489569364411618e+00
5.757765505964335e+02,4.489564273867354e+00
5.758265505964334e+02,4.489559183326530e+00
5.758765505964334e+02,4.489554092789130e+00
5.759265505964333e+02,4.489549002255155e+00
5.759765505964333e+02,4.489543911724597e+00
5.760265505964333e+02,4.489538821197440e+00
5.760765505964332e+02,4.489533730673716e+00
5.761265505964332e+02,4.489528640153455e+00
5.761765505964331e+02,4.489523549636639e+00
5.762265505964331e+02,4.489518459123233e+00
5.762765505964330e+02,4.489513368613215e+00
5.763265505964330e+02,4.489508278106628e+00
5.763765505964329e+02,4.489503187603482e+00
5.764265505964329e+02,4.489498097103761e+00
5.764765505964328e+02,4.489493006607494e+00
5.765265505964328e+02,4.489487916114636e+00
5.765765505964328e+02,4.489482825625187e+00
5.766265505964327e+02,4.489477735139171e+00
5.766765505964327e+02,4.489472644656580e+00
5.767265505964326e+02,4.489467554177421e+00
5.767765505964326e+02,4.489462463701649e+00
5.768265505964325e+02,4.489457373229301e+00
5.768765505964325e+02,4.489452282760400e+00
5.769265505964324e+02,4.489447192294930e+00
5.769765505964324e+02,4.489442101832887e+00
5.770265505964323e+02,4.489437011374252e+00
5.770765505964323e+02,4.489431920919056e+00
5.771265505964323e+02,4.489426830467286e+00
5.771765505964322e+02,4.489421740018926e+00
5.772265505964322e+02,4.489416649573982e+00
5.772765505964321e+02,4.489411559132462e+00
5.773265505964321e+02,4.489406468694374e+00
5.773765505964320e+02,4.489401378259719e+00
5.774265505964320e+02,4.489396287828491e+00
5.774765505964319e+02,4.489391197400672e+00
5.775265505964319e+02,4.489386106976261e+00
5.775765505964318e+02,4.489381016555273e+00
5.776265505964318e+02,4.489375926137718e+00
5.776765505964318e+02,4.489370835723596e+00
5.777265505964317e+02,4.489365745312899e+00
5.777765505964317e+02,4.489360654905596e+00
5.778265505964316e+02,4.489355564501688e+00
5.778765505964316e+02,4.489350474101235e+00
5.779265505964315e+02,4.489345383704244e+00
5.779765505964315e+02,4.489340293310646e+00
5.780265505964314e+02,4.489335202920435e+00
5.780765505964314e+02,4.489330112533656e+00
5.781265505964313e+02,4.489325022150309e+00
5.781765505964313e+02,4.489319931770367e+00
5.782265505964313e+02,4.489314841393848e+00
5.782765505964312e+02,4.489309751020762e+00
5.783265505964312e+02,4.489304660651092e+00
5.783765505964311e+02,4.489299570284847e+00
5.784265505964311e+02,4.489294479922004e+00
5.784765505964310e+02,4.489289389562577e+00
5.785265505964310e+02,4.489284299206567e+00
5.785765505964309e+02,4.489279208853975e+00
5.786265505964309e+02,4.489274118504845e+00
5.786765505964308e+02,4.489269028159135e+00
5.787265505964308e+02,4.489263937816816e+00
5.787765505964308e+02,4.489258847477936e+00
5.788265505964307e+02,4.489253757142468e+00
5.788765505964307e+02,4.489248666810399e+00
5.789265505964306e+02,4.489243576481765e+00
5.789765505964306e+02,4.489238486156547e+00
5.790265505964305e+02,4.489233395834731e+00
5.790765505964305e+02,4.489228305516347e+00
5.791265505964304e+02,4.489223215201395e+00
5.791765505964304e+02,4.489218124889824e+00
5.792265505964303e+02,4.489213034581662e+00
5.792765505964303e+02,4.489207944276932e+00
5.793265505964303e+02,4.489202853975612e+00
5.793765505964302e+02,4.489197763677709e+00
5.794265505964302e+02,4.489192673383244e+00
5.794765505964301e+02,4.489187583092227e+00
5.795265505964301e+02,4.489182492804611e+00
5.795765505964300e+02,4.489177402520406e+00
5.796265505964300e+02,4.489172312239624e+00
5.796765505964299e+02,4.489167221962226e+00
5.797265505964299e+02,4.489162131688249e+00
5.797765505964298e+02,4.489157041417727e+00
5.798265505964298e+02,4.489151951150586e+00
5.798765505964298e+02,4.489146860886831e+00
5.799265505964297e+02,4.489141770626506e+00
5.799765505964297e+02,4.489136680369592e+00
5.800265505964296e+02,4.489131590116099e+00
5.800765505964296e+02,4.489126499866027e+00
5.801265505964295e+02,4.489121409619386e+00
5.801765505964295e+02,4.489116319376179e+00
5.802265505964294e+02,4.489111229136381e+00
5.802765505964294e+02,4.489106138900000e+00
5.803265505964293e+02,4.489101048667004e+00
5.803765505964293e+02,4.489095958437414e+00
5.804265505964293e+02,4.489090868211262e+00
5.804765505964292e+02,4.489085777988532e+00
5.805265505964292e+02,4.489080687769193e+00
5.805765505964291e+02,4.489075597553249e+00
5.806265505964291e+02,4.489070507340751e+00
5.806765505964290e+02,4.489065417131670e+00
5.807265505964290e+02,4.489060326925975e+00
5.807765505964289e+02,4.489055236723697e+00
5.808265505964289e+02,4.489050146524844e+00
5.808765505964288e+02,4.489045056329385e+00
5.809265505964288e+02,4.489039966137353e+00
5.809765505964288e+02,4.489034875948766e+00
5.810265505964287e+02,4.489029785763574e+00
5.810765505964287e+02,4.489024695581783e+00
5.811265505964286e+02,4.489019605403425e+00
5.811765505964286e+02,4.489014515228477e+00
5.812265505964285e+02,4.489009425056909e+00
5.812765505964285e+02,4.489004334888751e+00
5.813265505964284e+02,4.488999244724024e+00
5.813765505964284e+02,4.488994154562690e+00
5.814265505964283e+02,4.488989064404766e+00
5.814765505964283e+02,4.488983974250277e+00
5.815265505964283e+02,4.488978884099196e+00
5.815765505964282e+02,4.488973793951511e+00
5.816265505964282e+02,4.488968703807249e+00
5.816765505964281e+02,4.488963613666413e+00
5.817265505964281e+02,4.488958523528971e+00
5.817765505964280e+02,4.488953433394944e+00
5.818265505964280e+02,4.488948343264313e+00
5.818765505964279e+02,4.488943253137085e+00
5.819265505964279e+02,4.488938163013287e+00
5.819765505964278e+02,4.488933072892894e+00
5.820265505964278e+02,4.488927982775909e+00
5.820765505964278e+02,4.488922892662343e+00
5.821265505964277e+02,4.488917802552200e+00
5.821765505964277e+02,4.488912712445465e+00
5.822265505964276e+02,4.488907622342119e+00
5.822765505964276e+02,4.488902532242175e+00
5.823265505964275e+02,4.488897442145646e+00
5.823765505964275e+02,4.488892352052543e+00
5.824265505964274e+02,4.488887261962835e+00
5.824765505964274e+02,4.488882171876529e+00
5.825265505964273e+02,4.488877081793650e+00
5.825765505964273e+02,4.488871991714177e+00
5.826265505964273e+02,4.488866901638122e+00
5.826765505964272e+02,4.488861811565465e+00
5.827265505964272e+02,4.488856721496177e+00
5.827765505964271e+02,4.488851631430304e+00
5.828265505964271e+02,4.488846541367863e+00
5.828765505964270e+02,4.488841451308843e+00
5.829265505964270e+02,4.488836361253225e+00
5.829765505964269e+02,4.488831271201014e+00
5.830265505964269e+02,4.488826181152234e+00
5.830765505964268e+02,4.488821091106836e+00
5.831265505964268e+02,4.488816001064817e+00
5.831765505964268e+02,4.488810911026217e+00
5.832265505964267e+02,4.488805820991047e+00
5.832765505964267e+02,4.488800730959282e+00
5.833265505964266e+02,4.488795640930879e+00
5.833765505964266e+02,4.488790550905923e+00
5.834265505964265e+02,4.488785460884392e+00
5.834765505964265e+02,4.488780370866232e+00
5.835265505964264e+02,4.488775280851498e+00
5.835765505964264e+02,4.488770190840165e+00
5.836265505964263e+02,4.488765100832211e+00
5.836765505964263e+02,4.488760010827698e+00
5.837265505964263e+02,4.488754920826597e+00
5.837765505964262e+02,4.488749830828873e+00
5.838265505964262e+02,4.488744740834588e+00
5.838765505964261e+02,4.488739650843728e+00
5.839265505964261e+02,4.488734560856254e+00
5.839765505964260e+02,4.488729470872154e+00
5.840265505964260e+02,4.488724380891449e+00
5.840765505964259e+02,4.488719290914183e+00
5.841265505964259e+02,4.488714200940310e+00
5.841765505964258e+02,4.488709110969796e+00
5.842265505964258e+02,4.488704021002706e+00
5.842765505964257e+02,4.488698931039064e+00
5.843265505964257e+02,4.488693841078830e+00
5.843765505964257e+02,4.488688751121991e+00
5.844265505964256e+02,4.488683661168541e+00
5.844765505964256e+02,4.488678571218478e+00
5.845265505964255e+02,4.488673481271815e+00
5.845765505964255e+02,4.488668391328583e+00
5.846265505964254e+02,4.488663301388762e+00
5.846765505964254e+02,4.488658211452314e+00
5.847265505964253e+02,4.488653121519270e+00
5.847765505964253e+02,4.488648031589647e+00
5.848265505964252e+02,4.488642941663440e+00
5.848765505964252e+02,4.488637851740638e+00
5.849265505964252e+02,4.488632761821223e+00
5.849765505964251e+02,4.488627671905211e+00
5.850265505964251e+02,4.488622581992606e+00
5.850765505964250e+02,4.488617492083406e+00
5.851265505964250e+02,4.488612402177628e+00
5.851765505964249e+02,4.488607312275245e+00
5.852265505964249e+02,4.488602222376213e+00
5.852765505964248e+02,4.488597132480574e+00
5.853265505964248e+02,4.488592042588391e+00
5.853765505964247e+02,4.488586952699630e+00
5.854265505964247e+02,4.488581862814243e+00
5.854765505964247e+02,4.488576772932251e+00
5.855265505964246e+02,4.488571683053662e+00
5.855765505964246e+02,4.488566593178467e+00
5.856265505964245e+02,4.488561503306673e+00
5.856765505964245e+02,4.488556413438267e+00
5.857265505964244e+02,4.488551323573286e+00
5.857765505964244e+02,4.488546233711736e+00
5.858265505964243e+02,4.488541143853553e+00
5.858765505964243e+02,4.488536053998738e+00
5.859265505964242e+02,4.488530964147355e+00
5.859765505964242e+02,4.488525874299406e+00
5.860265505964242e+02,4.488520784454844e+00
5.860765505964241e+02,4.488515694613655e+00
5.861265505964241e+02,4.488510604775860e+00
5.861765505964240e+02,4.488505514941491e+00
5.862265505964240e+02,4.488500425110517e+00
5.862765505964239e+02,4.488495335282935e+00
5.863265505964239e+02,4.488490245458762e+00
5.863765505964238e+02,4.488485155637979e+00
5.864265505964238e+02,4.488480065820596e+00
5.864765505964237e+02,4.488474976006616e+00
5.865265505964237e+02,4.488469886196030e+00
5.865765505964237e+02,4.488464796388840e+00
5.866265505964236e+02,4.488459706585060e+00
5.866765505964236e+02,4.488454616784672e+00
5.867265505964235e+02,4.488449526987695e+00
5.867765505964235e+02,4.488444437194133e+00
5.868265505964234e+02,4.488439347403917e+00
5.868765505964234e+02,4.488434257617101e+00
5.869265505964233e+02,4.488429167833723e+00
5.869765505964233e+02,4.488424078053728e+00
5.870265505964232e+02,4.488418988277156e+00
5.870765505964232e+02,4.488413898504009e+00
5.871265505964232e+02,4.488408808734224e+00
5.871765505964231e+02,4.488403718967805e+00
5.872265505964231e+02,4.488398629204768e+00
5.872765505964230e+02,4.488393539445133e+00
5.873265505964230e+02,4.488388449688923e+00
5.873765505964229e+02,4.488383359936142e+00
5.874265505964229e+02,4.488378270186753e+00
5.874765505964228e+02,4.488373180440718e+00
5.875265505964228e+02,4.488368090698072e+00
5.875765505964227e+02,4.488363000958849e+00
5.876265505964227e+02,4.488357911223058e+00
5.876765505964227e+02,4.488352821490666e+00
5.877265505964226e+02,4.488347731761619e+00
5.877765505964226e+02,4.488342642035945e+00
5.878265505964225e+02,4.488337552313693e+00
5.878765505964225e+02,4.488332462594858e+00
5.879265505964224e+02,4.488327372879413e+00
5.879765505964224e+02,4.488322283167361e+00
5.880265505964223e+02,4.488317193458719e+00
5.880765505964223e+02,4.488312103753462e+00
5.881265505964222e+02,4.488307014051601e+00
5.881765505964222e+02,4.488301924353135e+00
5.882265505964222e+02,4.488296834658057e+00
5.882765505964221e+02,4.488291744966380e+00
5.883265505964221e+02,4.488286655278092e+00
5.883765505964220e+02,4.488281565593203e+00
5.884265505964220e+02,4.488276475911733e+00
5.884765505964219e+02,4.488271386233643e+00
5.885265505964219e+02,4.488266296558924e+00
5.885765505964218e+02,4.488261206887607e+00
5.886265505964218e+02,4.488256117219693e+00
5.886765505964217e+02,4.488251027555165e+00
5.887265505964217e+02,4.488245937894056e+00
5.887765505964217e+02,4.488240848236361e+00
5.888265505964216e+02,4.488235758582054e+00
5.888765505964216e+02,4.488230668931121e+00
5.889265505964215e+02,4.488225579283559e+00
5.889765505964215e+02,4.488220489639406e+00
5.890265505964214e+02,4.488215399998650e+00
5.890765505964214e+02,4.488210310361271e+00
5.891265505964213e+02,4.488205220727295e+00
5.891765505964213e+02,4.488200131096700e+00
5.892265505964212e+02,4.488195041469513e+00
5.892765505964212e+02,4.488189951845780e+00
5.893265505964212e+02,4.488184862225441e+00
5.893765505964211e+02,4.488179772608431e+00
5.894265505964211e+02,4.488174682994794e+00
5.894765505964210e+02,4.488169593384589e+00
5.895265505964210e+02,4.488164503777776e+00
5.895765505964209e+02,4.488159414174323e+00
5.896265505964209e+02,4.488154324574270e+00
5.896765505964208e+02,4.488149234977649e+00
5.897265505964208e+02,4.488144145384425e+00
5.897765505964207e+02,4.488139055794565e+00
5.898265505964207e+02,4.488133966208074e+00
5.898765505964207e+02,4.488128876625002e+00
5.899265505964206e+02,4.488123787045341e+00
5.899765505964206e+02,4.488118697469035e+00
5.900265505964205e+02,4.488113607896125e+00
5.900765505964205e+02,4.488108518326630e+00
5.901265505964204e+02,4.488103428760525e+00
5.901765505964204e+02,4.488098339197813e+00
5.902265505964203e+02,4.488093249638496e+00
5.902765505964203e+02,4.488088160082554e+00
5.903265505964202e+02,4.488083070529989e+00
5.903765505964202e+02,4.488077980980833e+00
5.904265505964202e+02,4.488072891435086e+00
5.904765505964201e+02,4.488067801892712e+00
5.905265505964201e+02,4.488062712353710e+00
5.905765505964200e+02,4.488057622818102e+00
5.906265505964200e+02,4.488052533285876e+00
5.906765505964199e+02,4.488047443757065e+00
5.907265505964199e+02,4.488042354231673e+00
5.907765505964198e+02,4.488037264709622e+00
5.908265505964198e+02,4.488032175190957e+00
5.908765505964197e+02,4.488027085675725e+00
5.909265505964197e+02,4.488021996163879e+00
5.909765505964197e+02,4.488016906655428e+00
5.910265505964196e+02,4.488011817150365e+00
5.910765505964196e+02,4.488006727648658e+00
5.911265505964195e+02,4.488001638150340e+00
5.911765505964195e+02,4.487996548655425e+00
5.912265505964194e+02,4.487991459163904e+00
5.912765505964194e+02,4.487986369675776e+00
5.913265505964193e+02,4.487981280191026e+00
5.913765505964193e+02,4.487976190709666e+00
5.914265505964192e+02,4.487971101231702e+00
5.914765505964192e+02,4.487966011757130e+00
5.915265505964192e+02,4.487960922285959e+00
5.915765505964191e+02,4.487955832818176e+00
5.916265505964191e+02,4.487950743353765e+00
5.916765505964190e+02,4.487945653892727e+00
5.917265505964190e+02,4.487940564435076e+00
5.917765505964189e+02,4.487935474980834e+00
5.918265505964189e+02,4.487930385529987e+00
5.918765505964188e+02,4.487925296082512e+00
5.919265505964188e+02,4.487920206638450e+00
5.919765505964187e+02,4.487915117197764e+00
5.920265505964187e+02,4.487910027760428e+00
5.920765505964187e+02,4.487904938326500e+00
5.921265505964186e+02,4.487899848895990e+00
5.921765505964186e+02,4.487894759468884e+00
5.922265505964185e+02,4.487889670045136e+00
5.922765505964185e+02,4.487884580624754e+00
5.923265505964184e+02,4.487879491207777e+00
5.923765505964184e+02,4.487874401794200e+00
5.924265505964183e+02,4.487869312384022e+00
5.924765505964183e+02,4.487864222977215e+00
5.925265505964182e+02,4.487859133573773e+00
5.925765505964182e+02,4.487854044173718e+00
5.926265505964182e+02,4.487848954777074e+00
5.926765505964181e+02,4.487843865383817e+00
5.927265505964181e+02,4.487838775993922e+00
5.927765505964180e+02,4.487833686607422e+00
5.928265505964180e+02,4.487828597224318e+00
5.928765505964179e+02,4.487823507844594e+00
5.929265505964179e+02,4.487818418468263e+00
5.929765505964178e+02,4.487813329095312e+00
5.930265505964178e+02,4.487808239725755e+00
5.930765505964177e+02,4.487803150359594e+00
5.931265505964177e+02,4.487798060996804e+00
5.931765505964177e+02,4.487792971637409e+00
5.932265505964176e+02,4.487787882281387e+00
5.932765505964176e+02,4.487782792928729e+00
5.933265505964175e+02,4.487777703579481e+00
5.933765505964175e+02,4.487772614233643e+00
5.934265505964174e+02,4.487767524891183e+00
5.934765505964174e+02,4.487762435552097e+00
5.935265505964173e+02,4.487757346216388e+00
5.935765505964173e+02,4.487752256884061e+00
5.936265505964172e+02,4.487747167555113e+00
5.936765505964172e+02,4.487742078229567e+00
5.937265505964172e+02,4.487736988907431e+00
5.937765505964171e+02,4.487731899588681e+00
5.938265505964171e+02,4.487726810273288e+00
5.938765505964170e+02,4.487721720961246e+00
5.939265505964170e+02,4.487716631652599e+00
5.939765505964169e+02,4.487711542347353e+00
5.940265505964169e+02,4.487706453045501e+00
5.940765505964168e+02,4.487701363747044e+00
5.941265505964168e+02,4.487696274451955e+00
5.941765505964167e+02,4.487691185160250e+00
5.942265505964167e+02,4.487686095871940e+00
5.942765505964167e+02,4.487681006586994e+00
5.943265505964166e+02,4.487675917305429e+00
5.943765505964166e+02,4.487670828027279e+00
5.944265505964165e+02,4.487665738752530e+00
5.944765505964165e+02,4.487660649481125e+00
5.945265505964164e+02,4.487655560213078e+00
5.945765505964164e+02,4.487650470948433e+00
5.946265505964163e+02,4.487645381687188e+00
5.946765505964163e+02,4.487640292429333e+00
5.947265505964162e+02,4.487635203174849e+00
5.947765505964162e+02,4.487630113923738e+00
5.948265505964162e+02,4.487625024676015e+00
5.948765505964161e+02,4.487619935431684e+00
5.949265505964161e+02,4.487614846190739e+00
5.949765505964160e+02,4.487609756953176e+00
5.950265505964160e+02,4.487604667718992e+00
5.950765505964159e+02,4.487599578488197e+00
5.951265505964159e+02,4.487594489260780e+00
5.951765505964158e+02,4.487589400036734e+00
5.952265505964158e+02,4.487584310816054e+00
5.952765505964157e+02,4.487579221598769e+00
5.953265505964157e+02,4.487574132384901e+00
5.953765505964157e+02,4.487569043174411e+00
5.954265505964156e+02,4.487563953967301e+00
5.954765505964156e+02,4.487558864763564e+00
5.955265505964155e+02,4.487553775563176e+00
5.955765505964155e+02,4.487548686366160e+00
5.956265505964154e+02,4.487543597172548e+00
5.956765505964154e+02,4.487538507982316e+00
5.957265505964153e+02,4.487533418795468e+00
5.957765505964153e+02,4.487528329612044e+00
5.958265505964152e+02,4.487523240431988e+00
5.958765505964152e+02,4.487518151255273e+00
5.959265505964152e+02,4.487513062081966e+00
5.959765505964151e+02,4.487507972912076e+00
5.960265505964151e+02,4.487502883745530e+00
5.960765505964150e+02,4.487497794582318e+00
5.961265505964150e+02,4.487492705422516e+00
5.961765505964149e+02,4.487487616266125e+00
5.962265505964149e+02,4.487482527113096e+00
5.962765505964148e+02,4.487477437963456e+00
5.963265505964148e+02,4.487472348817186e+00
5.963765505964147e+02,4.487467259674268e+00
5.964265505964147e+02,4.487462170534758e+00
5.964765505964147e+02,4.487457081398637e+00
5.965265505964146e+02,4.487451992265872e+00
5.965765505964146e+02,4.487446903136509e+00
5.966265505964145e+02,4.487441814010547e+00
5.966765505964145e+02,4.487436724887951e+00
5.967265505964144e+02,4.487431635768712e+00
5.967765505964144e+02,4.487426546652859e+00
5.968265505964143e+02,4.487421457540395e+00
5.968765505964143e+02,4.487416368431323e+00
5.969265505964142e+02,4.487411279325641e+00
5.969765505964142e+02,4.487406190223298e+00
5.970265505964142e+02,4.487401101124322e+00
5.970765505964141e+02,4.487396012028734e+00
5.971265505964141e+02,4.487390922936532e+00
5.971765505964140e+02,4.487385833847724e+00
5.972265505964140e+02,4.487380744762288e+00
5.972765505964139e+02,4.487375655680225e+00
5.973265505964139e+02,4.487370566601534e+00
5.973765505964138e+02,4.487365477526230e+00
5.974265505964138e+02,4.487360388454341e+00
5.974765505964137e+02,4.487355299385812e+00
5.975265505964137e+02,4.487350210320616e+00
5.975765505964137e+02,4.487345121258825e+00
5.976265505964136e+02,4.487340032200440e+00
5.976765505964136e+02,4.487334943145413e+00
5.977265505964135e+02,4.487329854093751e+00
5.977765505964135e+02,4.487324765045485e+00
5.978265505964134e+02,4.487319676000589e+00
5.978765505964134e+02,4.487314586959074e+00
5.979265505964133e+02,4.487309497920960e+00
5.979765505964133e+02,4.487304408886212e+00
5.980265505964132e+02,4.487299319854812e+00
5.980765505964132e+02,4.487294230826795e+00
5.981265505964132e+02,4.487289141802147e+00
5.981765505964131e+02,4.487284052780895e+00
5.982265505964131e+02,4.487278963763043e+00
5.982765505964130e+02,4.487273874748549e+00
5.983265505964130e+02,4.487268785737435e+00
5.983765505964129e+02,4.487263696729687e+00
5.984265505964129e+02,4.487258607725287e+00
5.984765505964128e+02,4.487253518724282e+00
5.985265505964128e+02,4.487248429726679e+00
5.985765505964127e+02,4.487243340732470e+00
5.986265505964127e+02,4.487238251741635e+00
5.986765505964127e+02,4.487233162754155e+00
5.987265505964126e+02,4.487228073770041e+00
5.987765505964126e+02,4.487222984789298e+00
5.988265505964125e+02,4.487217895811921e+00
5.988765505964125e+02,4.487212806837953e+00
5.989265505964124e+02,4.487207717867410e+00
5.989765505964124e+02,4.487202628900193e+00
5.990265505964123e+02,4.487197539936320e+00
5.990765505964123e+02,4.487192450975838e+00
5.991265505964122e+02,4.487187362018731e+00
5.991765505964122e+02,4.487182273065012e+00
5.992265505964122e+02,4.487177184114680e+00
5.992765505964121e+02,4.487172095167726e+00
5.993265505964121e+02,4.487167006224143e+00
5.993765505964120e+02,4.487161917283927e+00
5.994265505964120e+02,4.487156828347076e+00
5.994765505964119e+02,4.487151739413596e+00
5.995265505964119e+02,4.487146650483510e+00
5.995765505964118e+02,4.487141561556789e+00
5.996265505964118e+02,4.487136472633433e+00
5.996765505964117e+02,4.487131383713479e+00
5.997265505964117e+02,4.487126294796919e+00
5.997765505964117e+02,4.487121205883739e+00
5.998265505964116e+02,4.487116116973916e+00
5.998765505964116e+02,4.487111028067435e+00
5.999265505964115e+02,4.487105939164326e+00
5.999765505964115e+02,4.487100850264598e+00
6.000265505964114e+02,4.487095761368227e+00
6.000765505964114e+02,4.487090672475259e+00
6.001265505964113e+02,4.487085583585705e+00
6.001765505964113e+02,4.487080494699510e+00
6.002265505964112e+02,4.487075405816658e+00
6.002765505964112e+02,4.487070316937176e+00
6.003265505964112e+02,4.487065228061082e+00
6.003765505964111e+02,4.487060139188361e+00
6.004265505964111e+02,4.487055050319003e+00
6.004765505964110e+02,4.487049961453025e+00
6.005265505964110e+02,4.487044872590435e+00
6.005765505964109e+02,4.487039783731219e+00
6.006265505964109e+02,4.487034694875373e+00
6.006765505964108e+02,4.487029606022912e+00
6.007265505964108e+02,4.487024517173818e+00
6.007765505964107e+02,4.487019428328059e+00
6.008265505964107e+02,4.487014339485687e+00
6.008765505964107e+02,4.487009250646731e+00
6.009265505964106e+02,4.487004161811139e+00
6.009765505964106e+02,4.486999072978903e+00
6.010265505964105e+02,4.486993984150035e+00
6.010765505964105e+02,4.486988895324517e+00
6.011265505964104e+02,4.486983806502384e+00
6.011765505964104e+02,4.486978717683654e+00
6.012265505964103e+02,4.486973628868273e+00
6.012765505964103e+02,4.486968540056278e+00
6.013265505964102e+02,4.486963451247695e+00
6.013765505964102e+02,4.486958362442445e+00
6.014265505964102e+02,4.486953273640546e+00
6.014765505964101e+02,4.486948184842039e+00
6.015265505964101e+02,4.486943096046899e+00
6.015765505964100e+02,4.486938007255125e+00
6.016265505964100e+02,4.486932918466729e+00
6.016765505964099e+02,4.486927829681706e+00
6.017265505964099e+02,4.486922740900061e+00
6.017765505964098e+02,4.486917652121797e+00
6.018265505964098e+02,4.486912563346896e+00
6.018765505964097e+02,4.486907474575346e+00
6.019265505964097e+02,4.486902385807167e+00
6.019765505964097e+02,4.486897297042377e+00
6.020265505964096e+02,4.486892208280959e+00
6.020765505964096e+02,4.486887119522918e+00
6.021265505964095e+02,4.486882030768243e+00
6.021765505964095e+02,4.486876942016932e+00
6.022265505964094e+02,4.486871853269017e+00
6.022765505964094e+02,4.486866764524481e+00
6.023265505964093e+02,4.486861675783302e+00
6.023765505964093e+02,4.486856587045494e+00
6.024265505964092e+02,4.486851498311052e+00
6.024765505964092e+02,4.486846409579959e+00
6.025265505964092e+02,4.486841320852269e+00
6.025765505964091e+02,4.486836232127959e+00
6.026265505964091e+02,4.486831143406984e+00
6.026765505964090e+02,4.486826054689379e+00
6.027265505964090e+02,4.486820965975163e+00
6.027765505964089e+02,4.486815877264311e+00
6.028265505964089e+02,4.486810788556823e+00
6.028765505964088e+02,4.486805699852736e+00
6.029265505964088e+02,4.486800611152008e+00
6.029765505964087e+02,4.486795522454606e+00
6.030265505964087e+02,4.486790433760591e+00
6.030765505964087e+02,4.486785345069981e+00
6.031265505964086e+02,4.486780256382748e+00
6.031765505964086e+02,4.486775167698859e+00
6.032265505964085e+02,4.486770079018318e+00
6.032765505964085e+02,4.486764990341157e+00
6.033265505964084e+02,4.486759901667382e+00
6.033765505964084e+02,4.486754812996995e+00
6.034265505964083e+02,4.486749724329967e+00
6.034765505964083e+02,4.486744635666295e+00
6.035265505964082e+02,4.486739547005979e+00
6.035765505964082e+02,4.486734458349035e+00
6.036265505964082e+02,4.486729369695503e+00
6.036765505964081e+02,4.486724281045340e+00
6.037265505964081e+02,4.486719192398521e+00
6.037765505964080e+02,4.486714103755061e+00
6.038265505964080e+02,4.486709015114956e+00
6.038765505964079e+02,4.486703926478223e+00
6.039265505964079e+02,4.486698837844893e+00
6.039765505964078e+02,4.486693749214956e+00
6.040265505964078e+02,4.486688660588355e+00
6.040765505964077e+02,4.486683571965095e+00
6.041265505964077e+02,4.486678483345244e+00
6.041765505964077e+02,4.486673394728781e+00
6.042265505964076e+02,4.486668306115647e+00
6.042765505964076e+02,4.486663217505854e+00
6.043265505964075e+02,4.486658128899446e+00
6.043765505964075e+02,4.486653040296419e+00
6.044265505964074e+02,4.486647951696757e+00
6.044765505964074e+02,4.486642863100468e+00
6.045265505964073e+02,4.486637774507552e+00
6.045765505964073e+02,4.486632685917998e+00
6.046265505964072e+02,4.486627597331818e+00
6.046765505964072e+02,4.486622508749015e+00
6.047265505964072e+02,4.486617420169577e+00
6.047765505964071e+02,4.486612331593484e+00
6.048265505964071e+02,4.486607243020747e+00
6.048765505964070e+02,4.486602154451402e+00
6.049265505964070e+02,4.486597065885433e+00
6.049765505964069e+02,4.486591977322827e+00
6.050265505964069e+02,4.486586888763623e+00
6.050765505964068e+02,4.486581800207783e+00
6.051265505964068e+02,4.486576711655271e+00
6.051765505964067e+02,4.486571623106116e+00
6.052265505964067e+02,4.486566534560341e+00
6.052765505964067e+02,4.486561446017946e+00
6.053265505964066e+02,4.486556357478914e+00
6.053765505964066e+02,4.486551268943249e+00
6.054265505964065e+02,4.486546180410953e+00
6.054765505964065e+02,4.486541091882023e+00
6.055265505964064e+02,4.486536003356443e+00
6.055765505964064e+02,4.486530914834220e+00
6.056265505964063e+02,4.486525826315376e+00
6.056765505964063e+02,4.486520737799920e+00
6.057265505964062e+02,4.486515649287843e+00
6.057765505964062e+02,4.486510560779132e+00
6.058265505964062e+02,4.486505472273769e+00
6.058765505964061e+02,4.486500383771749e+00
6.059265505964061e+02,4.486495295273116e+00
6.059765505964060e+02,4.486490206777862e+00
6.060265505964060e+02,4.486485118285938e+00
6.060765505964059e+02,4.486480029797390e+00
6.061265505964059e+02,4.486474941312236e+00
6.061765505964058e+02,4.486469852830435e+00
6.062265505964058e+02,4.486464764352005e+00
6.062765505964057e+02,4.486459675876955e+00
6.063265505964057e+02,4.486454587405269e+00
6.063765505964057e+02,4.486449498936947e+00
6.064265505964056e+02,4.486444410471969e+00
6.064765505964056e+02,4.486439322010352e+00
6.065265505964055e+02,4.486434233552118e+00
6.065765505964055e+02,4.486429145097226e+00
6.066265505964054e+02,4.486424056645690e+00
6.066765505964054e+02,4.486418968197548e+00
6.067265505964053e+02,4.486413879752780e+00
6.067765505964053e+02,4.486408791311367e+00
6.068265505964052e+02,4.486403702873327e+00
6.068765505964052e+02,4.486398614438645e+00
6.069265505964051e+02,4.486393526007334e+00
6.069765505964051e+02,4.486388437579397e+00
6.070265505964051e+02,4.486383349154816e+00
6.070765505964050e+02,4.486378260733599e+00
6.071265505964050e+02,4.486373172315739e+00
6.071765505964049e+02,4.486368083901222e+00
6.072265505964049e+02,4.486362995490069e+00
6.072765505964048e+02,4.486357907082303e+00
6.073265505964048e+02,4.486352818677918e+00
6.073765505964047e+02,4.486347730276896e+00
6.074265505964047e+02,4.486342641879225e+00
6.074765505964046e+02,4.486337553484916e+00
6.075265505964046e+02,4.486332465093975e+00
6.075765505964046e+02,4.486327376706414e+00
6.076265505964045e+02,4.486322288322215e+00
6.076765505964045e+02,4.486317199941351e+00
6.077265505964044e+02,4.486312111563874e+00
6.077765505964044e+02,4.486307023189783e+00
6.078265505964043e+02,4.486301934819029e+00
6.078765505964043e+02,4.486296846451626e+00
6.079265505964042e+02,4.486291758087608e+00
6.079765505964042e+02,4.486286669726955e+00
6.080265505964041e+02,4.486281581369651e+00
6.080765505964041e+02,4.486276493015720e+00
6.081265505964041e+02,4.486271404665153e+00
6.081765505964040e+02,4.486266316317952e+00
6.082265505964040e+02,4.486261227974105e+00
6.082765505964039e+02,4.486256139633616e+00
6.083265505964039e+02,4.486251051296524e+00
6.083765505964038e+02,4.486245962962802e+00
6.084265505964038e+02,4.486240874632394e+00
6.084765505964037e+02,4.486235786305356e+00
6.085265505964037e+02,4.486230697981721e+00
6.085765505964036e+02,4.486225609661422e+00
6.086265505964036e+02,4.486220521344478e+00
6.086765505964036e+02,4.486215433030909e+00
6.087265505964035e+02,4.486210344720686e+00
6.087765505964035e+02,4.486205256413855e+00
6.088265505964034e+02,4.486200168110399e+00
6.088765505964034e+02,4.486195079810286e+00
6.089265505964033e+02,4.486189991513530e+00
6.089765505964033e+02,4.486184903220132e+00
6.090265505964032e+02,4.486179814930122e+00
6.090765505964032e+02,4.486174726643477e+00
6.091265505964031e+02,4.486169638360149e+00
6.091765505964031e+02,4.486164550080194e+00
6.092265505964031e+02,4.486159461803627e+00
6.092765505964030e+02,4.486154373530431e+00
6.093265505964030e+02,4.486149285260579e+00
6.093765505964029e+02,4.486144196994077e+00
6.094265505964029e+02,4.486139108730959e+00
6.094765505964028e+02,4.486134020471192e+00
6.095265505964028e+02,4.486128932214767e+00
6.095765505964027e+02,4.486123843961707e+00
6.096265505964027e+02,4.486118755712013e+00
6.096765505964026e+02,4.486113667465705e+00
6.097265505964026e+02,4.486108579222752e+00
6.097765505964026e+02,4.486103490983142e+00
6.098265505964025e+02,4.486098402746915e+00
6.098765505964025e+02,4.486093314514051e+00
6.099265505964024e+02,4.486088226284564e+00
6.099765505964024e+02,4.486083138058458e+00
6.100265505964023e+02,4.486078049835702e+00
6.100765505964023e+02,4.486072961616282e+00
6.101265505964022e+02,4.486067873400195e+00
6.101765505964022e+02,4.486062785187488e+00
6.102265505964021e+02,4.486057696978147e+00
6.102765505964021e+02,4.486052608772149e+00
6.103265505964021e+02,4.486047520569521e+00
6.103765505964020e+02,4.486042432370271e+00
6.104265505964020e+02,4.486037344174394e+00
6.104765505964019e+02,4.486032255981868e+00
6.105265505964019e+02,4.486027167792691e+00
6.105765505964018e+02,4.486022079606894e+00
6.106265505964018e+02,4.486016991424468e+00
6.106765505964017e+02,4.486011903245385e+00
6.107265505964017e+02,4.486006815069637e+00
6.107765505964016e+02,4.486001726897246e+00
6.108265505964016e+02,4.485996638728257e+00
6.108765505964016e+02,4.485991550562647e+00
6.109265505964015e+02,4.485986462400365e+00
6.109765505964015e+02,4.485981374241440e+00
6.110265505964014e+02,4.485976286085879e+00
6.110765505964014e+02,4.485971197933663e+00
6.111265505964013e+02,4.485966109784786e+00
6.111765505964013e+02,4.485961021639289e+00
6.112265505964012e+02,4.485955933497173e+00
6.112765505964012e+02,4.485950845358405e+00
6.113265505964011e+02,4.485945757223030e+00
6.113765505964011e+02,4.485940669091008e+00
6.114265505964011e+02,4.485935580962296e+00
6.114765505964010e+02,4.485930492836980e+00
6.115265505964010e+02,4.485925404715045e+00
6.115765505964009e+02,4.485920316596427e+00
6.116265505964009e+02,4.485915228481181e+00
6.116765505964008e+02,4.485910140369337e+00
6.117265505964008e+02,4.485905052260822e+00
6.117765505964007e+02,4.485899964155628e+00
6.118265505964007e+02,4.485894876053825e+00
6.118765505964006e+02,4.485889787955412e+00
6.119265505964006e+02,4.485884699860341e+00
6.119765505964006e+02,4.485879611768617e+00
6.120265505964005e+02,4.485874523680244e+00
6.120765505964005e+02,4.485869435595229e+00
6.121265505964004e+02,4.485864347513578e+00
6.121765505964004e+02,4.485859259435284e+00
6.122265505964003e+02,4.485854171360361e+00
6.122765505964003e+02,4.485849083288818e+00
6.123265505964002e+02,4.485843995220633e+00
6.123765505964002e+02,4.485838907155782e+00
6.124265505964001e+02,4.485833819094291e+00
6.124765505964001e+02,4.485828731036163e+00
6.125265505964001e+02,4.485823642981368e+00
6.125765505964000e+02,4.485818554929947e+00
6.126265505964000e+02,4.485813466881906e+00
6.126765505963999e+02,4.485808378837214e+00
6.127265505963999e+02,4.485803290795884e+00
6.127765505963998e+02,4.485798202757920e+00
6.128265505963998e+02,4.485793114723307e+00
6.128765505963997e+02,4.485788026692028e+00
6.129265505963997e+02,4.485782938664115e+00
6.129765505963996e+02,4.485777850639587e+00
6.130265505963996e+02,4.485772762618423e+00
6.130765505963996e+02,4.485767674600602e+00
6.131265505963995e+02,4.485762586586124e+00
6.131765505963995e+02,4.485757498575011e+00
6.132265505963994e+02,4.485752410567275e+00
6.132765505963994e+02,4.485747322562899e+00
6.133265505963993e+02,4.485742234561850e+00
6.133765505963993e+02,4.485737146564172e+00
6.134265505963992e+02,4.485732058569881e+00
6.134765505963992e+02,4.485726970578917e+00
6.135265505963991e+02,4.485721882591290e+00
6.135765505963991e+02,4.485716794607025e+00
6.136265505963991e+02,4.485711706626133e+00
6.136765505963990e+02,4.485706618648620e+00
6.137265505963990e+02,4.485701530674465e+00
6.137765505963989e+02,4.485696442703652e+00
6.138265505963989e+02,4.485691354736204e+00
6.138765505963988e+02,4.485686266772120e+00
6.139265505963988e+02,4.485681178811385e+00
6.139765505963987e+02,4.485676090854008e+00
6.140265505963987e+02,4.485671002899979e+00
6.140765505963986e+02,4.485665914949295e+00
6.141265505963986e+02,4.485660827001976e+00
6.141765505963986e+02,4.485655739058028e+00
6.142265505963985e+02,4.485650651117429e+00
6.142765505963985e+02,4.485645563180201e+00
6.143265505963984e+02,4.485640475246331e+00
6.143765505963984e+02,4.485635387315789e+00
6.144265505963983e+02,4.485630299388633e+00
6.144765505963983e+02,4.485625211464836e+00
6.145265505963982e+02,4.485620123544375e+00
6.145765505963982e+02,4.485615035627305e+00
6.146265505963981e+02,4.485609947713592e+00
6.146765505963981e+02,4.485604859803201e+00
6.147265505963981e+02,4.485599771896158e+00
6.147765505963980e+02,4.485594683992479e+00
6.148265505963980e+02,4.485589596092151e+00
6.148765505963979e+02,4.485584508195195e+00
6.149265505963979e+02,4.485579420301625e+00
6.149765505963978e+02,4.485574332411399e+00
6.150265505963978e+02,4.485569244524499e+00
6.150765505963977e+02,4.485564156640971e+00
6.151265505963977e+02,4.485559068760816e+00
6.151765505963976e+02,4.485553980883996e+00
6.152265505963976e+02,4.485548893010518e+00
6.152765505963976e+02,4.485543805140417e+00
6.153265505963975e+02,4.485538717273683e+00
6.153765505963975e+02,4.485533629410269e+00
6.154265505963974e+02,4.485528541550228e+00
6.154765505963974e+02,4.485523453693571e+00
6.155265505963973e+02,4.485518365840250e+00
6.155765505963973e+02,4.485513277990280e+00
6.156265505963972e+02,4.485508190143673e+00
6.156765505963972e+02,4.485503102300410e+00
6.157265505963971e+02,4.485498014460503e+00
6.157765505963971e+02,4.485492926623968e+00
6.158265505963971e+02,4.485487838790776e+00
6.158765505963970e+02,4.485482750960918e+00
6.159265505963970e+02,4.485477663134438e+00
6.159765505963969e+02,4.485472575311323e+00
6.160265505963969e+02,4.485467487491542e+00
6.160765505963968e+02,4.485462399675150e+00
6.161265505963968e+02,4.485457311862124e+00
6.161765505963967e+02,4.485452224052431e+00
6.162265505963967e+02,4.485447136246086e+00
6.162765505963966e+02,4.485442048443092e+00
6.163265505963966e+02,4.485436960643455e+00
6.163765505963966e+02,4.485431872847175e+00
6.164265505963965e+02,4.485426785054268e+00
6.164765505963965e+02,4.485421697264705e+00
6.165265505963964e+02,4.485416609478476e+00
6.165765505963964e+02,4.485411521695624e+00
6.166265505963963e+02,4.485406433916115e+00
6.166765505963963e+02,4.485401346139941e+00
6.167265505963962e+02,4.485396258367160e+00
6.167765505963962e+02,4.485391170597738e+00
6.168265505963961e+02,4.485386082831651e+00
6.168765505963961e+02,4.485380995068928e+00
6.169265505963961e+02,4.485375907309547e+00
6.169765505963960e+02,4.485370819553523e+00
6.170265505963960e+02,4.485365731800886e+00
6.170765505963959e+02,4.485360644051607e+00
6.171265505963959e+02,4.485355556305640e+00
6.171765505963958e+02,4.485350468563001e+00
6.172265505963958e+02,4.485345380823755e+00
6.172765505963957e+02,4.485340293087888e+00
6.173265505963957e+02,4.485335205355335e+00
6.173765505963956e+02,4.485330117626139e+00
6.174265505963956e+02,4.485325029900329e+00
6.174765505963956e+02,4.485319942177869e+00
6.175265505963955e+02,4.485314854458758e+00
6.175765505963955e+02,4.485309766742990e+00
6.176265505963954e+02,4.485304679030572e+00
6.176765505963954e+02,4.485299591321511e+00
6.177265505963953e+02,4.485294503615815e+00
6.177765505963953e+02,4.485289415913489e+00
6.178265505963952e+02,4.485284328214506e+00
6.178765505963952e+02,4.485279240518851e+00
6.179265505963951e+02,4.485274152826561e+00
6.179765505963951e+02,4.485269065137643e+00
6.180265505963951e+02,4.485263977452045e+00
6.180765505963950e+02,4.485258889769788e+00
6.181265505963950e+02,4.485253802090925e+00
6.181765505963949e+02,4.485248714415421e+00
6.182265505963949e+02,4.485243626743258e+00
6.182765505963948e+02,4.485238539074451e+00
6.183265505963948e+02,4.485233451408989e+00
6.183765505963947e+02,4.485228363746889e+00
6.184265505963947e+02,4.485223276088163e+00
6.184765505963946e+02,4.485218188432763e+00
6.185265505963946e+02,4.485213100780684e+00
6.185765505963946e+02,4.485208013131976e+00
6.186265505963945e+02,4.485202925486648e+00
6.186765505963945e+02,4.485197837844662e+00
6.187265505963944e+02,4.485192750206033e+00
6.187765505963944e+02,4.485187662570768e+00
6.188265505963943e+02,4.485182574938831e+00
6.188765505963943e+02,4.485177487310243e+00
6.189265505963942e+02,4.485172399685051e+00
6.189765505963942e+02,4.485167312063207e+00
6.190265505963941e+02,4.485162224444670e+00
6.190765505963941e+02,4.485157136829488e+00
6.191265505963941e+02,4.485152049217694e+00
6.191765505963940e+02,4.485146961609250e+00
6.192265505963940e+02,4.485141874004146e+00
6.192765505963939e+02,4.485136786402402e+00
6.193265505963939e+02,4.485131698804006e+00
6.193765505963938e+02,4.485126611208966e+00
6.194265505963938e+02,4.485121523617292e+00
6.194765505963937e+02,4.485116436028953e+00
6.195265505963937e+02,4.485111348443956e+00
6.195765505963936e+02,4.485106260862324e+00
6.196265505963936e+02,4.485101173284057e+00
6.196765505963936e+02,4.485096085709145e+00
6.197265505963935e+02,4.485090998137561e+00
6.197765505963935e+02,4.485085910569297e+00
6.198265505963934e+02,4.485080823004392e+00
6.198765505963934e+02,4.485075735442865e+00
6.199265505963933e+02,4.485070647884696e+00
6.199765505963933e+02,4.485065560329883e+00
6.200265505963932e+02,4.485060472778419e+00
6.200765505963932e+02,4.485055385230290e+00
6.201265505963931e+02,4.485050297685535e+00
6.201765505963931e+02,4.485045210144142e+00
6.202265505963931e+02,4.485040122606099e+00
6.202765505963930e+02,4.485035035071408e+00
6.203265505963930e+02,4.485029947540059e+00
6.203765505963929e+02,4.485024860012071e+00
6.204265505963929e+02,4.485019772487421e+00
6.204765505963928e+02,4.485014684966097e+00
6.205265505963928e+02,4.485009597448144e+00
6.205765505963927e+02,4.485004509933542e+00
6.206265505963927e+02,4.484999422422282e+00
6.206765505963926e+02,4.484994334914393e+00
6.207265505963926e+02,4.484989247409854e+00
6.207765505963926e+02,4.484984159908657e+00
6.208265505963925e+02,4.484979072410827e+00
6.208765505963925e+02,4.484973984916360e+00
6.209265505963924e+02,4.484968897425237e+00
6.209765505963924e+02,4.484963809937455e+00
6.210265505963923e+02,4.484958722453015e+00
6.210765505963923e+02,4.484953634971931e+00
6.211265505963922e+02,4.484948547494219e+00
6.211765505963922e+02,4.484943460019835e+00
6.212265505963921e+02,4.484938372548786e+00
6.212765505963921e+02,4.484933285081103e+00
6.213265505963921e+02,4.484928197616783e+00
6.213765505963920e+02,4.484923110155819e+00
6.214265505963920e+02,4.484918022698198e+00
6.214765505963919e+02,4.484912935243936e+00
6.215265505963919e+02,4.484907847793029e+00
6.215765505963918e+02,4.484902760345459e+00
6.216265505963918e+02,4.484897672901228e+00
6.216765505963917e+02,4.484892585460354e+00
6.217265505963917e+02,4.484887498022831e+00
6.217765505963916e+02,4.484882410588650e+00
6.218265505963916e+02,4.484877323157827e+00
6.218765505963916e+02,4.484872235730369e+00
6.219265505963915e+02,4.484867148306274e+00
6.219765505963915e+02,4.484862060885515e+00
6.220265505963914e+02,4.484856973468083e+00
6.220765505963914e+02,4.484851886054009e+00
6.221265505963913e+02,4.484846798643289e+00
6.221765505963913e+02,4.484841711235934e+00
6.222265505963912e+02,4.484836623831929e+00
6.222765505963912e+02,4.484831536431253e+00
6.223265505963911e+02,4.484826449033919e+00
6.223765505963911e+02,4.484821361639948e+00
6.224265505963911e+02,4.484816274249336e+00
6.224765505963910e+02,4.484811186862074e+00
6.225265505963910e+02,4.484806099478175e+00
6.225765505963909e+02,4.484801012097633e+00
6.226265505963909e+02,4.484795924720426e+00
6.226765505963908e+02,4.484790837346548e+00
6.227265505963908e+02,4.484785749976024e+00
6.227765505963907e+02,4.484780662608874e+00
6.228265505963907e+02,4.484775575245072e+00
6.228765505963906e+02,4.484770487884599e+00
6.229265505963906e+02,4.484765400527460e+00
6.229765505963906e+02,4.484760313173686e+00
6.230265505963905e+02,4.484755225823282e+00
6.230765505963905e+02,4.484750138476244e+00
6.231265505963904e+02,4.484745051132557e+00
6.231765505963904e+02,4.484739963792197e+00
6.232265505963903e+02,4.484734876455149e+00
6.232765505963903e+02,4.484729789121465e+00
6.233265505963902e+02,4.484724701791176e+00
6.233765505963902e+02,4.484719614464222e+00
6.234265505963901e+02,4.484714527140595e+00
6.234765505963901e+02,4.484709439820318e+00
6.235265505963901e+02,4.484704352503388e+00
6.235765505963900e+02,4.484699265189808e+00
6.236265505963900e+02,4.484694177879600e+00
6.236765505963899e+02,4.484689090572736e+00
6.237265505963899e+02,4.484684003269170e+00
6.237765505963898e+02,4.484678915968983e+00
6.238265505963898e+02,4.484673828672175e+00
6.238765505963897e+02,4.484668741378695e+00
6.239265505963897e+02,4.484663654088580e+00
6.239765505963896e+02,4.484658566801812e+00
6.240265505963896e+02,4.484653479518379e+00
6.240765505963896e+02,4.484648392238284e+00
6.241265505963895e+02,4.484643304961530e+00
6.241765505963895e+02,4.484638217688153e+00
6.242265505963894e+02,4.484633130418141e+00
6.242765505963894e+02,4.484628043151464e+00
6.243265505963893e+02,4.484622955888117e+00
6.243765505963893e+02,4.484617868628104e+00
6.244265505963892e+02,4.484612781371453e+00
6.244765505963892e+02,4.484607694118183e+00
6.245265505963891e+02,4.484602606868269e+00
6.245765505963891e+02,4.484597519621691e+00
6.246265505963891e+02,4.484592432378434e+00
6.246765505963890e+02,4.484587345138516e+00
6.247265505963890e+02,4.484582257901963e+00
6.247765505963889e+02,4.484577170668762e+00
6.248265505963889e+02,4.484572083438932e+00
6.248765505963888e+02,4.484566996212459e+00
6.249265505963888e+02,4.484561908989292e+00
6.249765505963887e+02,4.484556821769458e+00
6.250265505963887e+02,4.484551734552997e+00
6.250765505963886e+02,4.484546647339894e+00
6.251265505963886e+02,4.484541560130132e+00
6.251765505963886e+02,4.484536472923717e+00
6.252265505963885e+02,4.484531385720655e+00
6.252765505963885e+02,4.484526298520921e+00
6.253265505963884e+02,4.484521211324543e+00
6.253765505963884e+02,4.484516124131535e+00
6.254265505963883e+02,4.484511036941856e+00
6.254765505963883e+02,4.484505949755518e+00
6.255265505963882e+02,4.484500862572546e+00
6.255765505963882e+02,4.484495775392924e+00
6.256265505963881e+02,4.484490688216650e+00
6.256765505963881e+02,4.484485601043716e+00
6.257265505963881e+02,4.484480513874121e+00
6.257765505963880e+02,4.484475426707875e+00
6.258265505963880e+02,4.484470339544987e+00
6.258765505963879e+02,4.484465252385446e+00
6.259265505963879e+02,4.484460165229253e+00
6.259765505963878e+02,4.484455078076413e+00
6.260265505963878e+02,4.484449990926916e+00
6.260765505963877e+02,4.484444903780766e+00
6.261265505963877e+02,4.484439816637976e+00
6.261765505963876e+02,4.484434729498513e+00
6.262265505963876e+02,4.484429642362367e+00
6.262765505963876e+02,4.484424555229594e+00
6.263265505963875e+02,4.484419468100192e+00
6.263765505963875e+02,4.484414380974126e+00
6.264265505963874e+02,4.484409293851410e+00
6.264765505963874e+02,4.484404206732044e+00
6.265265505963873e+02,4.484399119616004e+00
6.265765505963873e+02,4.484394032503315e+00
6.266265505963872e+02,4.484388945393975e+00
6.266765505963872e+02,4.484383858287985e+00
6.267265505963871e+02,4.484378771185358e+00
6.267765505963871e+02,4.484373684086066e+00
6.268265505963871e+02,4.484368596990110e+00
6.268765505963870e+02,4.484363509897516e+00
6.269265505963870e+02,4.484358422808290e+00
6.269765505963869e+02,4.484353335722382e+00
6.270265505963869e+02,4.484348248639800e+00
6.270765505963868e+02,4.484343161560568e+00
6.271265505963868e+02,4.484338074484673e+00
6.271765505963867e+02,4.484332987412157e+00
6.272265505963867e+02,4.484327900343020e+00
6.272765505963866e+02,4.484322813277210e+00
6.273265505963866e+02,4.484317726214728e+00
6.273765505963866e+02,4.484312639155601e+00
6.274265505963865e+02,4.484307552099832e+00
6.274765505963865e+02,4.484302465047384e+00
6.275265505963864e+02,4.484297377998293e+00
6.275765505963864e+02,4.484292290952574e+00
6.276265505963863e+02,4.484287203910159e+00
6.276765505963863e+02,4.484282116871086e+00
6.277265505963862e+02,4.484277029835394e+00
6.277765505963862e+02,4.484271942803035e+00
6.278265505963861e+02,4.484266855774018e+00
6.278765505963861e+02,4.484261768748345e+00
6.279265505963861e+02,4.484256681726020e+00
6.279765505963860e+02,4.484251594707052e+00
6.280265505963860e+02,4.484246507691406e+00
6.280765505963859e+02,4.484241420679107e+00
6.281265505963859e+02,4.484236333670188e+00
6.281765505963858e+02,4.484231246664619e+00
6.282265505963858e+02,4.484226159662377e+00
6.282765505963857e+02,4.484221072663455e+00
6.283265505963857e+02,4.484215985667883e+00
6.283765505963856e+02,4.484210898675690e+00
6.284265505963856e+02,4.484205811686849e+00
6.284765505963856e+02,4.484200724701339e+00
6.285265505963855e+02,4.484195637719165e+00
6.285765505963855e+02,4.484190550740334e+00
6.286265505963854e+02,4.484185463764867e+00
6.286765505963854e+02,4.484180376792765e+00
6.287265505963853e+02,4.484175289823989e+00
6.287765505963853e+02,4.484170202858519e+00
6.288265505963852e+02,4.484165115896413e+00
6.288765505963852e+02,4.484160028937687e+00
6.289265505963851e+02,4.484154941982296e+00
6.289765505963851e+02,4.484149855030245e+00
6.290265505963851e+02,4.484144768081530e+00
6.290765505963850e+02,4.484139681136149e+00
6.291265505963850e+02,4.484134594194125e+00
6.291765505963849e+02,4.484129507255452e+00
6.292265505963849e+02,4.484124420320136e+00
6.292765505963848e+02,4.484119333388161e+00
6.293265505963848e+02,4.484114246459507e+00
6.293765505963847e+02,4.484109159534195e+00
6.294265505963847e+02,4.484104072612249e+00
6.294765505963846e+02,4.484098985693666e+00
6.295265505963846e+02,4.484093898778424e+00
6.295765505963845e+02,4.484088811866489e+00
6.296265505963845e+02,4.484083724957880e+00
6.296765505963845e+02,4.484078638052652e+00
6.297265505963844e+02,4.484073551150787e+00
6.297765505963844e+02,4.484068464252270e+00
6.298265505963843e+02,4.484063377357081e+00
6.298765505963843e+02,4.484058290465222e+00
6.299265505963842e+02,4.484053203576726e+00
6.299765505963842e+02,4.484048116691580e+00
6.300265505963841e+02,4.484043029809769e+00
6.300765505963841e+02,4.484037942931299e+00
6.301265505963840e+02,4.484032856056179e+00
6.301765505963840e+02,4.484027769184400e+00
6.302265505963840e+02,4.484022682315958e+00
6.302765505963839e+02,4.484017595450872e+00
6.303265505963839e+02,4.484012508589150e+00
6.303765505963838e+02,4.484007421730762e+00
6.304265505963838e+02,4.484002334875703e+00
6.304765505963837e+02,4.483997248023992e+00
6.305265505963837e+02,4.483992161175640e+00
6.305765505963836e+02,4.483987074330637e+00
6.306265505963836e+02,4.483981987488984e+00
6.306765505963835e+02,4.483976900650671e+00
6.307265505963835e+02,4.483971813815687e+00
6.307765505963835e+02,4.483966726984038e+00
6.308265505963834e+02,4.483961640155738e+00
6.308765505963834e+02,4.483956553330795e+00
6.309265505963833e+02,4.483951466509215e+00
6.309765505963833e+02,4.483946379690980e+00
6.310265505963832e+02,4.483941292876064e+00
6.310765505963832e+02,4.483936206064481e+00
6.311265505963831e+02,4.483931119256234e+00
6.311765505963831e+02,4.483926032451322e+00
6.312265505963830e+02,4.483920945649774e+00
6.312765505963830e+02,4.483915858851598e+00
6.313265505963830e+02,4.483910772056755e+00
6.313765505963829e+02,4.483905685265234e+00
6.314265505963829e+02,4.483900598477071e+00
6.314765505963828e+02,4.483895511692266e+00
6.315265505963828e+02,4.483890424910776e+00
6.315765505963827e+02,4.483885338132630e+00
6.316265505963827e+02,4.483880251357852e+00
6.316765505963826e+02,4.483875164586430e+00
6.317265505963826e+02,4.483870077818340e+00
6.317765505963825e+02,4.483864991053577e+00
6.318265505963825e+02,4.483859904292157e+00
6.318765505963825e+02,4.483854817534082e+00
6.319265505963824e+02,4.483849730779361e+00
6.319765505963824e+02,4.483844644027959e+00
6.320265505963823e+02,4.483839557279901e+00
6.320765505963823e+02,4.483834470535230e+00
6.321265505963822e+02,4.483829383793879e+00
6.321765505963822e+02,4.483824297055853e+00
6.322265505963821e+02,4.483819210321216e+00
6.322765505963821e+02,4.483814123589942e+00
6.323265505963820e+02,4.483809036861968e+00
6.323765505963820e+02,4.483803950137297e+00
6.324265505963820e+02,4.483798863415997e+00
6.324765505963819e+02,4.483793776698078e+00
6.325265505963819e+02,4.483788689983501e+00
6.325765505963818e+02,4.483783603272237e+00
6.326265505963818e+02,4.483778516564315e+00
6.326765505963817e+02,4.483773429859764e+00
6.327265505963817e+02,4.483768343158533e+00
6.327765505963816e+02,4.483763256460622e+00
6.328265505963816e+02,4.483758169766082e+00
6.328765505963815e+02,4.483753083074900e+00
6.329265505963815e+02,4.483747996387041e+00
6.329765505963815e+02,4.483742909702504e+00
6.330265505963814e+02,4.483737823021333e+00
6.330765505963814e+02,4.483732736343534e+00
6.331265505963813e+02,4.483727649669056e+00
6.331765505963813e+02,4.483722562997890e+00
6.332265505963812e+02,4.483717476330087e+00
6.332765505963812e+02,4.483712389665642e+00
6.333265505963811e+02,4.483707303004554e+00
6.333765505963811e+02,4.483702216346801e+00
6.334265505963810e+02,4.483697129692354e+00
6.334765505963810e+02,4.483692043041276e+00
6.335265505963810e+02,4.483686956393580e+00
6.335765505963809e+02,4.483681869749189e+00
6.336265505963809e+02,4.483676783108094e+00
6.336765505963808e+02,4.483671696470348e+00
6.337265505963808e+02,4.483666609835968e+00
6.337765505963807e+02,4.483661523204959e+00
6.338265505963807e+02,4.483656436577315e+00
6.338765505963806e+02,4.483651349952990e+00
6.339265505963806e+02,4.483646263331987e+00
6.339765505963805e+02,4.483641176714326e+00
6.340265505963805e+02,4.483636090100021e+00
6.340765505963805e+02,4.483631003489067e+00
6.341265505963804e+02,4.483625916881432e+00
6.341765505963804e+02,4.483620830277137e+00
6.342265505963803e+02,4.483615743676184e+00
6.342765505963803e+02,4.483610657078575e+00
6.343265505963802e+02,4.483605570484323e+00
6.343765505963802e+02,4.483600483893390e+00
6.344265505963801e+02,4.483595397305800e+00
6.344765505963801e+02,4.483590310721582e+00
6.345265505963800e+02,4.483585224140715e+00
6.345765505963800e+02,4.483580137563172e+00
6.346265505963800e+02,4.483575050988957e+00
6.346765505963799e+02,4.483569964418101e+00
6.347265505963799e+02,4.483564877850586e+00
6.347765505963798e+02,4.483559791286399e+00
6.348265505963798e+02,4.483554704725575e+00
6.348765505963797e+02,4.483549618168109e+00
6.349265505963797e+02,4.483544531613963e+00
6.349765505963796e+02,4.483539445063151e+00
6.350265505963796e+02,4.483534358515709e+00
6.350765505963795e+02,4.483529271971613e+00
6.351265505963795e+02,4.483524185430813e+00
6.351765505963795e+02,4.483519098893348e+00
6.352265505963794e+02,4.483514012359255e+00
6.352765505963794e+02,4.483508925828518e+00
6.353265505963793e+02,4.483503839301110e+00
6.353765505963793e+02,4.483498752777020e+00
6.354265505963792e+02,4.483493666256296e+00
6.354765505963792e+02,4.483488579738920e+00
6.355265505963791e+02,4.483483493224857e+00
6.355765505963791e+02,4.483478406714159e+00
6.356265505963790e+02,4.483473320206831e+00
6.356765505963790e+02,4.483468233702824e+00
6.357265505963790e+02,4.483463147202137e+00
6.357765505963789e+02,4.483458060704787e+00
6.358265505963789e+02,4.483452974210776e+00
6.358765505963788e+02,4.483447887720116e+00
6.359265505963788e+02,4.483442801232821e+00
6.359765505963787e+02,4.483437714748881e+00
6.360265505963787e+02,4.483432628268247e+00
6.360765505963786e+02,4.483427541790925e+00
6.361265505963786e+02,4.483422455316954e+00
6.361765505963785e+02,4.483417368846352e+00
6.362265505963785e+02,4.483412282379123e+00
6.362765505963785e+02,4.483407195915223e+00
6.363265505963784e+02,4.483402109454635e+00
6.363765505963784e+02,4.483397022997373e+00
6.364265505963783e+02,4.483391936543470e+00
6.364765505963783e+02,4.483386850092937e+00
6.365265505963782e+02,4.483381763645746e+00
6.365765505963782e+02,4.483376677201867e+00
6.366265505963781e+02,4.483371590761301e+00
6.366765505963781e+02,4.483366504324095e+00
6.367265505963780e+02,4.483361417890258e+00
6.367765505963780e+02,4.483356331459763e+00
6.368265505963780e+02,4.483351245032595e+00
6.368765505963779e+02,4.483346158608769e+00
6.369265505963779e+02,4.483341072188287e+00
6.369765505963778e+02,4.483335985771139e+00
6.370265505963778e+02,4.483330899357340e+00
6.370765505963777e+02,4.483325812946877e+00
6.371265505963777e+02,4.483320726539762e+00
6.371765505963776e+02,4.483315640136006e+00
6.372265505963776e+02,4.483310553735554e+00
6.372765505963775e+02,4.483305467338438e+00
6.373265505963775e+02,4.483300380944699e+00
6.373765505963775e+02,4.483295294554288e+00
6.374265505963774e+02,4.483290208167205e+00
6.374765505963774e+02,4.483285121783472e+00
6.375265505963773e+02,4.483280035403070e+00
6.375765505963773e+02,4.483274949026013e+00
6.376265505963772e+02,4.483269862652313e+00
6.376765505963772e+02,4.483264776281956e+00
6.377265505963771e+02,4.483259689914918e+00
6.377765505963771e+02,4.483254603551213e+00
6.378265505963770e+02,4.483249517190858e+00
6.378765505963770e+02,4.483244430833867e+00
6.379265505963770e+02,4.483239344480197e+00
6.379765505963769e+02,4.483234258129849e+00
6.380265505963769e+02,4.483229171782869e+00
6.380765505963768e+02,4.483224085439234e+00
6.381265505963768e+02,4.483218999098932e+00
6.381765505963767e+02,4.483213912761965e+00
6.382265505963767e+02,4.483208826428325e+00
6.382765505963766e+02,4.483203740098057e+00
6.383265505963766e+02,4.483198653771140e+00
6.383765505963765e+02,4.483193567447526e+00
6.384265505963765e+02,4.483188481127264e+00
6.384765505963765e+02,4.483183394810358e+00
6.385265505963764e+02,4.483178308496785e+00
6.385765505963764e+02,4.483173222186540e+00
6.386265505963763e+02,4.483168135879610e+00
6.386765505963763e+02,4.483163049576020e+00
6.387265505963762e+02,4.483157963275809e+00
6.387765505963762e+02,4.483152876978949e+00
6.388265505963761e+02,4.483147790685406e+00
6.388765505963761e+02,4.483142704395207e+00
6.389265505963760e+02,4.483137618108358e+00
6.389765505963760e+02,4.483132531824844e+00
6.390265505963760e+02,4.483127445544650e+00
6.390765505963759e+02,4.483122359267782e+00
6.391265505963759e+02,4.483117272994280e+00
6.391765505963758e+02,4.483112186724125e+00
6.392265505963758e+02,4.483107100457291e+00
6.392765505963757e+02,4.483102014193813e+00
6.393265505963757e+02,4.483096927933701e+00
6.393765505963756e+02,4.483091841676917e+00
6.394265505963756e+02,4.483086755423459e+00
6.394765505963755e+02,4.483081669173337e+00
6.395265505963755e+02,4.483076582926548e+00
6.395765505963755e+02,4.483071496683116e+00
6.396265505963754e+02,4.483066410443026e+00
6.396765505963754e+02,4.483061324206258e+00
6.397265505963753e+02,4.483056237972836e+00
6.397765505963753e+02,4.483051151742758e+00
6.398265505963752e+02,4.483046065516016e+00
6.398765505963752e+02,4.483040979292608e+00
6.399265505963751e+02,4.483035893072520e+00
6.399765505963751e+02,4.483030806855788e+00
6.400265505963750e+02,4.483025720642421e+00
6.400765505963750e+02,4.483020634432387e+00
6.401265505963750e+02,4.483015548225690e+00
6.401765505963749e+02,4.483010462022311e+00
6.402265505963749e+02,4.483005375822261e+00
6.402765505963748e+02,4.483000289625567e+00
6.403265505963748e+02,4.482995203432223e+00
6.403765505963747e+02,4.482990117242228e+00
6.404265505963747e+02,4.482985031055576e+00
6.404765505963746e+02,4.482979944872236e+00
6.405265505963746e+02,4.482974858692238e+00
6.405765505963745e+02,4.482969772515596e+00
6.406265505963745e+02,4.482964686342268e+00
6.406765505963745e+02,4.482959600172283e+00
6.407265505963744e+02,4.482954514005676e+00
6.407765505963744e+02,4.482949427842389e+00
6.408265505963743e+02,4.482944341682407e+00
6.408765505963743e+02,4.482939255525810e+00
6.409265505963742e+02,4.482934169372579e+00
6.409765505963742e+02,4.482929083222639e+00
6.410265505963741e+02,4.482923997076024e+00
6.410765505963741e+02,4.482918910932753e+00
6.411265505963740e+02,4.482913824792822e+00
6.411765505963740e+02,4.482908738656263e+00
6.412265505963740e+02,4.482903652523041e+00
6.412765505963739e+02,4.482898566393137e+00
6.413265505963739e+02,4.482893480266585e+00
6.413765505963738e+02,4.482888394143359e+00
6.414265505963738e+02,4.482883308023450e+00
6.414765505963737e+02,4.482878221906895e+00
6.415265505963737e+02,4.482873135793690e+00
6.415765505963736e+02,4.482868049683838e+00
6.416265505963736e+02,4.482862963577345e+00
6.416765505963735e+02,4.482857877474156e+00
6.417265505963735e+02,4.482852791374280e+00
6.417765505963735e+02,4.482847705277773e+00
6.418265505963734e+02,4.482842619184619e+00
6.418765505963734e+02,4.482837533094784e+00
6.419265505963733e+02,4.482832447008292e+00
6.419765505963733e+02,4.482827360925141e+00
6.420265505963732e+02,4.482822274845319e+00
6.420765505963732e+02,4.482817188768830e+00
6.421265505963731e+02,4.482812102695698e+00
6.421765505963731e+02,4.482807016625909e+00
6.422265505963730e+02,4.482801930559425e+00
6.422765505963730e+02,4.482796844496282e+00
6.423265505963730e+02,4.482791758436511e+00
6.423765505963729e+02,4.482786672380088e+00
6.424265505963729e+02,4.482781586326995e+00
6.424765505963728e+02,4.482776500277229e+00
6.425265505963728e+02,4.482771414230825e+00
6.425765505963727e+02,4.482766328187744e+00
6.426265505963727e+02,4.482761242147952e+00
6.426765505963726e+02,4.482756156111524e+00
6.427265505963726e+02,4.482751070078460e+00
6.427765505963725e+02,4.482745984048717e+00
6.428265505963725e+02,4.482740898022316e+00
6.428765505963725e+02,4.482735811999257e+00
6.429265505963724e+02,4.482730725979533e+00
6.429765505963724e+02,4.482725639963156e+00
6.430265505963723e+02,4.482720553950085e+00
6.430765505963723e+02,4.482715467940342e+00
6.431265505963722e+02,4.482710381933995e+00
6.431765505963722e+02,4.482705295931002e+00
6.432265505963721e+02,4.482700209931322e+00
6.432765505963721e+02,4.482695123934954e+00
6.433265505963720e+02,4.482690037941929e+00
6.433765505963720e+02,4.482684951952270e+00
6.434265505963720e+02,4.482679865965921e+00
6.434765505963719e+02,4.482674779982879e+00
6.435265505963719e+02,4.482669694003208e+00
6.435765505963718e+02,4.482664608026893e+00
6.436265505963718e+02,4.482659522053912e+00
6.436765505963717e+02,4.482654436084289e+00
6.437265505963717e+02,4.482649350118001e+00
6.437765505963716e+02,4.482644264155026e+00
6.438265505963716e+02,4.482639178195371e+00
6.438765505963715e+02,4.482634092239057e+00
6.439265505963715e+02,4.482629006286108e+00
6.439765505963715e+02,4.482623920336509e+00
6.440265505963714e+02,4.482618834390230e+00
6.440765505963714e+02,4.482613748447284e+00
6.441265505963713e+02,4.482608662507687e+00
6.441765505963713e+02,4.482603576571419e+00
6.442265505963712e+02,4.482598490638495e+00
6.442765505963712e+02,4.482593404708918e+00
6.443265505963711e+02,4.482588318782647e+00
6.443765505963711e+02,4.482583232859702e+00
6.444265505963710e+02,4.482578146940121e+00
6.444765505963710e+02,4.482573061023868e+00
6.445265505963710e+02,4.482567975110951e+00
6.445765505963709e+02,4.482562889201367e+00
6.446265505963709e+02,4.482557803295119e+00
6.446765505963708e+02,4.482552717392234e+00
6.447265505963708e+02,4.482547631492682e+00
6.447765505963707e+02,4.482542545596465e+00
6.448265505963707e+02,4.482537459703616e+00
6.448765505963706e+02,4.482532373814085e+00
6.449265505963706e+02,4.482527287927880e+00
6.449765505963705e+02,4.482522202045048e+00
6.450265505963705e+02,4.482517116165529e+00
6.450765505963705e+02,4.482512030289322e+00
6.451265505963704e+02,4.482506944416443e+00
6.451765505963704e+02,4.482501858546899e+00
6.452265505963703e+02,4.482496772680740e+00
6.452765505963703e+02,4.482491686817908e+00
6.453265505963702e+02,4.482486600958390e+00
6.453765505963702e+02,4.482481515102251e+00
6.454265505963701e+02,4.482476429249431e+00
6.454765505963701e+02,4.482471343399925e+00
6.455265505963700e+02,4.482466257553789e+00
6.455765505963700e+02,4.482461171710971e+00
6.456265505963700e+02,4.482456085871463e+00
6.456765505963699e+02,4.482451000035302e+00
6.457265505963699e+02,4.482445914202505e+00
6.457765505963698e+02,4.482440828373056e+00
6.458265505963698e+02,4.482435742546920e+00
6.458765505963697e+02,4.482430656724120e+00
6.459265505963697e+02,4.482425570904680e+00
6.459765505963696e+02,4.482420485088550e+00
6.460265505963696e+02,4.482415399275732e+00
6.460765505963695e+02,4.482410313466277e+00
6.461265505963695e+02,4.482405227660186e+00
6.461765505963695e+02,4.482400141857430e+00
6.462265505963694e+02,4.482395056058010e+00
6.462765505963694e+02,4.482389970261909e+00
6.463265505963693e+02,4.482384884469145e+00
6.463765505963693e+02,4.482379798679728e+00
6.464265505963692e+02,4.482374712893648e+00
6.464765505963692e+02,4.482369627110916e+00
6.465265505963691e+02,4.482364541331517e+00
6.465765505963691e+02,4.482359455555440e+00
6.466265505963690e+02,4.482354369782683e+00
6.466765505963690e+02,4.482349284013252e+00
6.467265505963690e+02,4.482344198247187e+00
6.467765505963689e+02,4.482339112484476e+00
6.468265505963689e+02,4.482334026725081e+00
6.468765505963688e+02,4.482328940969004e+00
6.469265505963688e+02,4.482323855216306e+00
6.469765505963687e+02,4.482318769466972e+00
6.470265505963687e+02,4.482313683720938e+00
6.470765505963686e+02,4.482308597978220e+00
6.471265505963686e+02,4.482303512238841e+00
6.471765505963685e+02,4.482298426502779e+00
6.472265505963685e+02,4.482293340770066e+00
6.472765505963685e+02,4.482288255040717e+00
6.473265505963684e+02,4.482283169314712e+00
6.473765505963684e+02,4.482278083592036e+00
6.474265505963683e+02,4.482272997872692e+00
6.474765505963683e+02,4.482267912156662e+00
6.475265505963682e+02,4.482262826443969e+00
6.475765505963682e+02,4.482257740734654e+00
6.476265505963681e+02,4.482252655028679e+00
6.476765505963681e+02,4.482247569326011e+00
6.477265505963680e+02,4.482242483626646e+00
6.477765505963680e+02,4.482237397930657e+00
6.478265505963680e+02,4.482232312238020e+00
6.478765505963679e+02,4.482227226548687e+00
6.479265505963679e+02,4.482222140862721e+00
6.479765505963678e+02,4.482217055180105e+00
6.480265505963678e+02,4.482211969500755e+00
6.480765505963677e+02,4.482206883824732e+00
6.481265505963677e+02,4.482201798152126e+00
6.481765505963676e+02,4.482196712482870e+00
6.482265505963676e+02,4.482191626816904e+00
6.482765505963675e+02,4.482186541154266e+00
6.483265505963675e+02,4.482181455494961e+00
6.483765505963675e+02,4.482176369838982e+00
6.484265505963674e+02,4.482171284186347e+00
6.484765505963674e+02,4.482166198537049e+00
6.485265505963673e+02,4.482161112891126e+00
6.485765505963673e+02,4.482156027248539e+00
6.486265505963672e+02,4.482150941609228e+00
6.486765505963672e+02,4.482145855973266e+00
6.487265505963671e+02,4.482140770340656e+00
6.487765505963671e+02,4.482135684711383e+00
6.488265505963670e+02,4.482130599085470e+00
6.488765505963670e+02,4.482125513462907e+00
6.489265505963670e+02,4.482120427843671e+00
6.489765505963669e+02,4.482115342227738e+00
6.490265505963669e+02,4.482110256615163e+00
6.490765505963668e+02,4.482105171005924e+00
6.491265505963668e+02,4.482100085399967e+00
6.491765505963667e+02,4.482094999797388e+00
6.492265505963667e+02,4.482089914198196e+00
6.492765505963666e+02,4.482084828602273e+00
6.493265505963666e+02,4.482079743009662e+00
6.493765505963665e+02,4.482074657420415e+00
6.494265505963665e+02,4.482069571834497e+00
6.494765505963665e+02,4.482064486251927e+00
6.495265505963664e+02,4.482059400672721e+00
6.495765505963664e+02,4.482054315096857e+00
6.496265505963663e+02,4.482049229524312e+00
6.496765505963663e+02,4.482044143955080e+00
6.497265505963662e+02,4.482039058389199e+00
6.497765505963662e+02,4.482033972826676e+00
6.498265505963661e+02,4.482028887267462e+00
6.498765505963661e+02,4.482023801711568e+00
6.499265505963660e+02,4.482018716159017e+00
6.499765505963660e+02,4.482013630609824e+00
6.500265505963660e+02,4.482008545063973e+00
6.500765505963659e+02,4.482003459521420e+00
6.501265505963659e+02,4.481998373982186e+00
6.501765505963658e+02,4.481993288446315e+00
6.502265505963658e+02,4.481988202913824e+00
6.502765505963657e+02,4.481983117384666e+00
6.503265505963657e+02,4.481978031858809e+00
6.503765505963656e+02,4.481972946336301e+00
6.504265505963656e+02,4.481967860817150e+00
6.504765505963655e+02,4.481962775301302e+00
6.505265505963655e+02,4.481957689788752e+00
6.505765505963655e+02,4.481952604279546e+00
6.506265505963654e+02,4.481947518773702e+00
6.506765505963654e+02,4.481942433271199e+00
6.507265505963653e+02,4.481937347772049e+00
6.507765505963653e+02,4.481932262276231e+00
6.508265505963652e+02,4.481927176783713e+00
6.508765505963652e+02,4.481922091294543e+00
6.509265505963651e+02,4.481917005808739e+00
6.509765505963651e+02,4.481911920326239e+00
6.510265505963650e+02,4.481906834847073e+00
6.510765505963650e+02,4.481901749371255e+00
6.511265505963650e+02,4.481896663898774e+00
6.511765505963649e+02,4.481891578429650e+00
6.512265505963649e+02,4.481886492963852e+00
6.512765505963648e+02,4.481881407501366e+00
6.513265505963648e+02,4.481876322042217e+00
6.513765505963647e+02,4.481871236586402e+00
6.514265505963647e+02,4.481866151133922e+00
6.514765505963646e+02,4.481861065684769e+00
6.515265505963646e+02,4.481855980238934e+00
6.515765505963645e+02,4.481850894796478e+00
6.516265505963645e+02,4.481845809357382e+00
6.516765505963645e+02,4.481840723921582e+00
6.517265505963644e+02,4.481835638489117e+00
6.517765505963644e+02,4.481830553059972e+00
6.518265505963643e+02,4.481825467634173e+00
6.518765505963643e+02,4.481820382211756e+00
6.519265505963642e+02,4.481815296792651e+00
6.519765505963642e+02,4.481810211376852e+00
6.520265505963641e+02,4.481805125964401e+00
6.520765505963641e+02,4.481800040555285e+00
6.521265505963640e+02,4.481794955149498e+00
6.521765505963640e+02,4.481789869747058e+00
6.522265505963639e+02,4.481784784347955e+00
6.522765505963639e+02,4.481779698952178e+00
6.523265505963639e+02,4.481774613559736e+00
6.523765505963638e+02,4.481769528170645e+00
6.524265505963638e+02,4.481764442784884e+00
6.524765505963637e+02,4.481759357402448e+00
6.525265505963637e+02,4.481754272023331e+00
6.525765505963636e+02,4.481749186647538e+00
6.526265505963636e+02,4.481744101275108e+00
6.526765505963635e+02,4.481739015906023e+00
6.527265505963635e+02,4.481733930540251e+00
6.527765505963634e+02,4.481728845177814e+00
6.528265505963634e+02,4.481723759818703e+00
6.528765505963634e+02,4.481718674462936e+00
6.529265505963633e+02,4.481713589110532e+00
6.529765505963633e+02,4.481708503761460e+00
6.530265505963632e+02,4.481703418415712e+00
6.530765505963632e+02,4.481698333073298e+00
6.531265505963631e+02,4.481693247734213e+00
6.531765505963631e+02,4.481688162398452e+00
6.532265505963630e+02,4.481683077066033e+00
6.532765505963630e+02,4.481677991736950e+00
6.533265505963629e+02,4.481672906411217e+00
6.533765505963629e+02,4.481667821088830e+00
6.534265505963629e+02,4.481662735769765e+00
6.534765505963628e+02,4.481657650454007e+00
6.535265505963628e+02,4.481652565141581e+00
6.535765505963627e+02,4.481647479832511e+00
6.536265505963627e+02,4.481642394526763e+00
6.536765505963626e+02,4.481637309224350e+00
6.537265505963626e+02,4.481632223925300e+00
6.537765505963625e+02,4.481627138629570e+00
6.538265505963625e+02,4.481622053337161e+00
6.538765505963624e+02,4.481616968048085e+00
6.539265505963624e+02,4.481611882762359e+00
6.539765505963624e+02,4.481606797479989e+00
6.540265505963623e+02,4.481601712200917e+00
6.540765505963623e+02,4.481596626925180e+00
6.541265505963622e+02,4.481591541652807e+00
6.541765505963622e+02,4.481586456383748e+00
6.542265505963621e+02,4.481581371118031e+00
6.542765505963621e+02,4.481576285855676e+00
6.543265505963620e+02,4.481571200596642e+00
6.543765505963620e+02,4.481566115340905e+00
6.544265505963619e+02,4.481561030088496e+00
6.544765505963619e+02,4.481555944839446e+00
6.545265505963619e+02,4.481550859593736e+00
6.545765505963618e+02,4.481545774351338e+00
6.546265505963618e+02,4.481540689112260e+00
6.546765505963617e+02,4.481535603876546e+00
6.547265505963617e+02,4.481530518644198e+00
6.547765505963616e+02,4.481525433415168e+00
6.548265505963616e+02,4.481520348189451e+00
6.548765505963615e+02,4.481515262967062e+00
6.549265505963615e+02,4.481510177748008e+00
6.549765505963614e+02,4.481505092532294e+00
6.550265505963614e+02,4.481500007319922e+00
6.550765505963614e+02,4.481494922110900e+00
6.551265505963613e+02,4.481489836905221e+00
6.551765505963613e+02,4.481484751702847e+00
6.552265505963612e+02,4.481479666503787e+00
6.552765505963612e+02,4.481474581308072e+00
6.553265505963611e+02,4.481469496115711e+00
6.553765505963611e+02,4.481464410926691e+00
6.554265505963610e+02,4.481459325741011e+00
6.554765505963610e+02,4.481454240558651e+00
6.555265505963609e+02,4.481449155379612e+00
6.555765505963609e+02,4.481444070203922e+00
6.556265505963609e+02,4.481438985031560e+00
6.556765505963608e+02,4.481433899862527e+00
6.557265505963608e+02,4.481428814696848e+00
6.557765505963607e+02,4.481423729534467e+00
6.558265505963607e+02,4.481418644375391e+00
6.558765505963606e+02,4.481413559219701e+00
6.559265505963606e+02,4.481408474067369e+00
6.559765505963605e+02,4.481403388918356e+00
6.560265505963605e+02,4.481398303772671e+00
6.560765505963604e+02,4.481393218630299e+00
6.561265505963604e+02,4.481388133491268e+00
6.561765505963604e+02,4.481383048355616e+00
6.562265505963603e+02,4.481377963223292e+00
6.562765505963603e+02,4.481372878094264e+00
6.563265505963602e+02,4.481367792968543e+00
6.563765505963602e+02,4.481362707846155e+00
6.564265505963601e+02,4.481357622727130e+00
6.564765505963601e+02,4.481352537611465e+00
6.565265505963600e+02,4.481347452499149e+00
6.565765505963600e+02,4.481342367390114e+00
6.566265505963599e+02,4.481337282284372e+00
6.566765505963599e+02,4.481332197182016e+00
6.567265505963599e+02,4.481327112083037e+00
6.567765505963598e+02,4.481322026987356e+00
6.568265505963598e+02,4.481316941895003e+00
6.568765505963597e+02,4.481311856806014e+00
6.569265505963597e+02,4.481306771720323e+00
6.569765505963596e+02,4.481301686637952e+00
6.570265505963596e+02,4.481296601558951e+00
6.570765505963595e+02,4.481291516483287e+00
6.571265505963595e+02,4.481286431410927e+00
6.571765505963594e+02,4.481281346341902e+00
6.572265505963594e+02,4.481276261276218e+00
6.572765505963594e+02,4.481271176213875e+00
6.573265505963593e+02,4.481266091154860e+00
6.573765505963593e+02,4.481261006099143e+00
6.574265505963592e+02,4.481255921046777e+00
6.574765505963592e+02,4.481250835997797e+00
6.575265505963591e+02,4.481245750952151e+00
6.575765505963591e+02,4.481240665909803e+00
6.576265505963590e+02,4.481235580870796e+00
6.576765505963590e+02,4.481230495835126e+00
6.577265505963589e+02,4.481225410802752e+00
6.577765505963589e+02,4.481220325773728e+00
6.578265505963589e+02,4.481215240748059e+00
6.578765505963588e+02,4.481210155725712e+00
6.579265505963588e+02,4.481205070706699e+00
6.579765505963587e+02,4.481199985691034e+00
6.580265505963587e+02,4.481194900678689e+00
6.580765505963586e+02,4.481189815669666e+00
6.581265505963586e+02,4.481184730663984e+00
6.581765505963585e+02,4.481179645661630e+00
6.582265505963585e+02,4.481174560662632e+00
6.582765505963584e+02,4.481169475666976e+00
6.583265505963584e+02,4.481164390674609e+00
6.583765505963584e+02,4.481159305685587e+00
6.584265505963583e+02,4.481154220699906e+00
6.584765505963583e+02,4.481149135717534e+00
6.585265505963582e+02,4.481144050738505e+00
6.585765505963582e+02,4.481138965762829e+00
6.586265505963581e+02,4.481133880790487e+00
6.586765505963581e+02,4.481128795821476e+00
6.587265505963580e+02,4.481123710855818e+00
6.587765505963580e+02,4.481118625893501e+00
6.588265505963579e+02,4.481113540934511e+00
6.588765505963579e+02,4.481108455978841e+00
6.589265505963579e+02,4.481103371026476e+00
6.589765505963578e+02,4.481098286077424e+00
6.590265505963578e+02,4.481093201131736e+00
6.590765505963577e+02,4.481088116189427e+00
6.591265505963577e+02,4.481083031250439e+00
6.591765505963576e+02,4.481077946314747e+00
6.592265505963576e+02,4.481072861382375e+00
6.592765505963575e+02,4.481067776453346e+00
6.593265505963575e+02,4.481062691527658e+00
6.593765505963574e+02,4.481057606605269e+00
6.594265505963574e+02,4.481052521686243e+00
6.594765505963574e+02,4.481047436770604e+00
6.595265505963573e+02,4.481042351858253e+00
6.595765505963573e+02,4.481037266949230e+00
6.596265505963572e+02,4.481032182043558e+00
6.596765505963572e+02,4.481027097141213e+00
6.597265505963571e+02,4.481022012242218e+00
6.597765505963571e+02,4.481016927346543e+00
6.598265505963570e+02,4.481011842454156e+00
6.598765505963570e+02,4.481006757565112e+00
6.599265505963569e+02,4.481001672679469e+00
6.599765505963569e+02,4.480996587797147e+00
6.600265505963569e+02,4.480991502918084e+00
6.600765505963568e+02,4.480986418042386e+00
6.601265505963568e+02,4.480981333170061e+00
6.601765505963567e+02,4.480976248301038e+00
6.602265505963567e+02,4.480971163435351e+00
6.602765505963566e+02,4.480966078573014e+00
6.603265505963566e+02,4.480960993714005e+00
6.603765505963565e+02,4.480955908858308e+00
6.604265505963565e+02,4.480950824005931e+00
6.604765505963564e+02,4.480945739156903e+00
6.605265505963564e+02,4.480940654311231e+00
6.605765505963564e+02,4.480935569468880e+00
6.606265505963563e+02,4.480930484629826e+00
6.606765505963563e+02,4.480925399794114e+00
6.607265505963562e+02,4.480920314961760e+00
6.607765505963562e+02,4.480915230132739e+00
6.608265505963561e+02,4.480910145307044e+00
6.608765505963561e+02,4.480905060484678e+00
6.609265505963560e+02,4.480899975665661e+00
6.609765505963560e+02,4.480894890849972e+00
6.610265505963559e+02,4.480889806037579e+00
6.610765505963559e+02,4.480884721228524e+00
6.611265505963559e+02,4.480879636422817e+00
6.611765505963558e+02,4.480874551620458e+00
6.612265505963558e+02,4.480869466821428e+00
6.612765505963557e+02,4.480864382025710e+00
6.613265505963557e+02,4.480859297233356e+00
6.613765505963556e+02,4.480854212444351e+00
6.614265505963556e+02,4.480849127658658e+00
6.614765505963555e+02,4.480844042876285e+00
6.615265505963555e+02,4.480838958097204e+00
6.615765505963554e+02,4.480833873321469e+00
6.616265505963554e+02,4.480828788549130e+00
6.616765505963554e+02,4.480823703780097e+00
6.617265505963553e+02,4.480818619014390e+00
6.617765505963553e+02,4.480813534252039e+00
6.618265505963552e+02,4.480808449492966e+00
6.618765505963552e+02,4.480803364737210e+00
6.619265505963551e+02,4.480798279984857e+00
6.619765505963551e+02,4.480793195235854e+00
6.620265505963550e+02,4.480788110490148e+00
6.620765505963550e+02,4.480783025747738e+00
6.621265505963549e+02,4.480777941008672e+00
6.621765505963549e+02,4.480772856272975e+00
6.622265505963549e+02,4.480767771540585e+00
6.622765505963548e+02,4.480762686811500e+00
6.623265505963548e+02,4.480757602085787e+00
6.623765505963547e+02,4.480752517363424e+00
6.624265505963547e+02,4.480747432644373e+00
6.624765505963546e+02,4.480742347928626e+00
6.625265505963546e+02,4.480737263216214e+00
6.625765505963545e+02,4.480732178507179e+00
6.626265505963545e+02,4.480727093801488e+00
6.626765505963544e+02,4.480722009099104e+00
6.627265505963544e+02,4.480716924400038e+00
6.627765505963544e+02,4.480711839704292e+00
6.628265505963543e+02,4.480706755011895e+00
6.628765505963543e+02,4.480701670322848e+00
6.629265505963542e+02,4.480696585637112e+00
6.629765505963542e+02,4.480691500954681e+00
6.630265505963541e+02,4.480686416275578e+00
6.630765505963541e+02,4.480681331599840e+00
6.631265505963540e+02,4.480676246927463e+00
6.631765505963540e+02,4.480671162258417e+00
6.632265505963539e+02,4.480666077592648e+00
6.632765505963539e+02,4.480660992930220e+00
6.633265505963539e+02,4.480655908271191e+00
6.633765505963538e+02,4.480650823615475e+00
6.634265505963538e+02,4.480645738963055e+00
6.634765505963537e+02,4.480640654313971e+00
6.635265505963537e+02,4.480635569668209e+00
6.635765505963536e+02,4.480630485025801e+00
6.636265505963536e+02,4.480625400386744e+00
6.636765505963535e+02,4.480620315750970e+00
6.637265505963535e+02,4.480615231118537e+00
6.637765505963534e+02,4.480610146489469e+00
6.638265505963534e+02,4.480605061863720e+00
6.638765505963534e+02,4.480599977241306e+00
6.639265505963533e+02,4.480594892622219e+00
6.639765505963533e+02,4.480589808006459e+00
6.640265505963532e+02,4.480584723394027e+00
6.640765505963532e+02,4.480579638784906e+00
6.641265505963531e+02,4.480574554179135e+00
6.641765505963531e+02,4.480569469576729e+00
6.642265505963530e+02,4.480564384977649e+00
6.642765505963530e+02,4.480559300381874e+00
6.643265505963529e+02,4.480554215789421e+00
6.643765505963529e+02,4.480549131200333e+00
6.644265505963529e+02,4.480544046614592e+00
6.644765505963528e+02,4.480538962032163e+00
6.645265505963528e+02,4.480533877453048e+00
6.645765505963527e+02,4.480528792877267e+00
6.646265505963527e+02,4.480523708304835e+00
6.646765505963526e+02,4.480518623735701e+00
6.647265505963526e+02,4.480513539169893e+00
6.647765505963525e+02,4.480508454607452e+00
6.648265505963525e+02,4.480503370048343e+00
6.648765505963524e+02,4.480498285492584e+00
6.649265505963524e+02,4.480493200940145e+00
6.649765505963524e+02,4.480488116391026e+00
6.650265505963523e+02,4.480483031845264e+00
6.650765505963523e+02,4.480477947302807e+00
6.651265505963522e+02,4.480472862763633e+00
6.651765505963522e+02,4.480467778227829e+00
6.652265505963521e+02,4.480462693695398e+00
6.652765505963521e+02,4.480457609166272e+00
6.653265505963520e+02,4.480452524640480e+00
6.653765505963520e+02,4.480447440118017e+00
6.654265505963519e+02,4.480442355598873e+00
6.654765505963519e+02,4.480437271083077e+00
6.655265505963519e+02,4.480432186570602e+00
6.655765505963518e+02,4.480427102061448e+00
6.656265505963518e+02,4.480422017555640e+00
6.656765505963517e+02,4.480416933053170e+00
6.657265505963517e+02,4.480411848554011e+00
6.657765505963516e+02,4.480406764058180e+00
6.658265505963516e+02,4.480401679565697e+00
6.658765505963515e+02,4.480396595076557e+00
6.659265505963515e+02,4.480391510590750e+00
6.659765505963514e+02,4.480386426108265e+00
6.660265505963514e+02,4.480381341629091e+00
6.660765505963514e+02,4.480376257153261e+00
6.661265505963513e+02,4.480371172680787e+00
6.661765505963513e+02,4.480366088211647e+00
6.662265505963512e+02,4.480361003745826e+00
6.662765505963512e+02,4.480355919283325e+00
6.663265505963511e+02,4.480350834824145e+00
6.663765505963511e+02,4.480345750368313e+00
6.664265505963510e+02,4.480340665915810e+00
6.664765505963510e+02,4.480335581466612e+00
6.665265505963509e+02,4.480330497020756e+00
6.665765505963509e+02,4.480325412578254e+00
6.666265505963509e+02,4.480320328139094e+00
6.666765505963508e+02,4.480315243703272e+00
6.667265505963508e+02,4.480310159270777e+00
6.667765505963507e+02,4.480305074841593e+00
6.668265505963507e+02,4.480299990415759e+00
6.668765505963506e+02,4.480294905993254e+00
6.669265505963506e+02,4.480289821574043e+00
6.669765505963505e+02,4.480284737158176e+00
6.670265505963505e+02,4.480279652745657e+00
6.670765505963504e+02,4.480274568336475e+00
6.671265505963504e+02,4.480269483930603e+00
6.671765505963504e+02,4.480264399528052e+00
6.672265505963503e+02,4.480259315128857e+00
6.672765505963503e+02,4.480254230733006e+00
6.673265505963502e+02,4.480249146340465e+00
6.673765505963502e+02,4.480244061951237e+00
6.674265505963501e+02,4.480238977565353e+00
6.674765505963501e+02,4.480233893182810e+00
6.675265505963500e+02,4.480228808803585e+00
6.675765505963500e+02,4.480223724427725e+00
6.676265505963499e+02,4.480218640055214e+00
6.676765505963499e+02,4.480213555685973e+00
6.677265505963499e+02,4.480208471320052e+00
6.677765505963498e+02,4.480203386957502e+00
6.678265505963498e+02,4.480198302598278e+00
6.678765505963497e+02,4.480193218242380e+00
6.679265505963497e+02,4.480188133889811e+00
6.679765505963496e+02,4.480183049540575e+00
6.680265505963496e+02,4.480177965194704e+00
6.680765505963495e+02,4.480172880852170e+00
6.681265505963495e+02,4.480167796512939e+00
6.681765505963494e+02,4.480162712177045e+00
6.682265505963494e+02,4.480157627844476e+00
6.682765505963494e+02,4.480152543515219e+00
6.683265505963493e+02,4.480147459189290e+00
6.683765505963493e+02,4.480142374866697e+00
6.684265505963492e+02,4.480137290547465e+00
6.684765505963492e+02,4.480132206231564e+00
6.685265505963491e+02,4.480127121918942e+00
6.685765505963491e+02,4.480122037609686e+00
6.686265505963490e+02,4.480116953303808e+00
6.686765505963490e+02,4.480111869001215e+00
6.687265505963489e+02,4.480106784701918e+00
6.687765505963489e+02,4.480101700405979e+00
6.688265505963489e+02,4.480096616113389e+00
6.688765505963488e+02,4.480091531824135e+00
6.689265505963488e+02,4.480086447538184e+00
6.689765505963487e+02,4.480081363255552e+00
6.690265505963487e+02,4.480076278976292e+00
6.690765505963486e+02,4.480071194700391e+00
6.691265505963486e+02,4.480066110427801e+00
6.691765505963485e+02,4.480061026158494e+00
6.692265505963485e+02,4.480055941892492e+00
6.692765505963484e+02,4.480050857629846e+00
6.693265505963484e+02,4.480045773370571e+00
6.693765505963484e+02,4.480040689114624e+00
6.694265505963483e+02,4.480035604861983e+00
6.694765505963483e+02,4.480030520612684e+00
6.695265505963482e+02,4.480025436366712e+00
6.695765505963482e+02,4.480020352124066e+00
6.696265505963481e+02,4.480015267884784e+00
6.696765505963481e+02,4.480010183648816e+00
6.697265505963480e+02,4.480005099416153e+00
6.697765505963480e+02,4.480000015186839e+00
6.698265505963479e+02,4.479994930960865e+00
6.698765505963479e+02,4.479989846738234e+00
6.699265505963479e+02,4.479984762518908e+00
6.699765505963478e+02,4.479979678302896e+00
6.700265505963478e+02,4.479974594090255e+00
6.700765505963477e+02,4.479969509880942e+00
6.701265505963477e+02,4.479964425674933e+00
6.701765505963476e+02,4.479959341472282e+00
6.702265505963476e+02,4.479954257272944e+00
6.702765505963475e+02,4.479949173076901e+00
6.703265505963475e+02,4.479944088884222e+00
6.703765505963474e+02,4.479939004694901e+00
6.704265505963474e+02,4.479933920508901e+00
6.704765505963474e+02,4.479928836326197e+00
6.705265505963473e+02,4.479923752146844e+00
6.705765505963473e+02,4.479918667970860e+00
6.706265505963472e+02,4.479913583798181e+00
6.706765505963472e+02,4.479908499628823e+00
6.707265505963471e+02,4.479903415462807e+00
6.707765505963471e+02,4.479898331300098e+00
6.708265505963470e+02,4.479893247140700e+00
6.708765505963470e+02,4.479888162984650e+00
6.709265505963469e+02,4.479883078831958e+00
6.709765505963469e+02,4.479877994682608e+00
6.710265505963469e+02,4.479872910536579e+00
6.710765505963468e+02,4.479867826393883e+00
6.711265505963468e+02,4.479862742254498e+00
6.711765505963467e+02,4.479857658118419e+00
6.712265505963467e+02,4.479852573985691e+00
6.712765505963466e+02,4.479847489856282e+00
6.713265505963466e+02,4.479842405730193e+00
6.713765505963465e+02,4.479837321607461e+00
6.714265505963465e+02,4.479832237488077e+00
6.714765505963464e+02,4.479827153372036e+00
6.715265505963464e+02,4.479822069259308e+00
6.715765505963464e+02,4.479816985149868e+00
6.716265505963463e+02,4.479811901043778e+00
6.716765505963463e+02,4.479806816941045e+00
6.717265505963462e+02,4.479801732841625e+00
6.717765505963462e+02,4.479796648745533e+00
6.718265505963461e+02,4.479791564652785e+00
6.718765505963461e+02,4.479786480563369e+00
6.719265505963460e+02,4.479781396477287e+00
6.719765505963460e+02,4.479776312394526e+00
6.720265505963459e+02,4.479771228315076e+00
6.720765505963459e+02,4.479766144238977e+00
6.721265505963459e+02,4.479761060166225e+00
6.721765505963458e+02,4.479755976096796e+00
6.722265505963458e+02,4.479750892030679e+00
6.722765505963457e+02,4.479745807967896e+00
6.723265505963457e+02,4.479740723908447e+00
6.723765505963456e+02,4.479735639852315e+00
6.724265505963456e+02,4.479730555799529e+00
6.724765505963455e+02,4.479725471750070e+00
6.725265505963455e+02,4.479720387703929e+00
6.725765505963454e+02,4.479715303661144e+00
6.726265505963454e+02,4.479710219621702e+00
6.726765505963454e+02,4.479705135585566e+00
6.727265505963453e+02,4.479700051552750e+00
6.727765505963453e+02,4.479694967523276e+00
6.728265505963452e+02,4.479689883497127e+00
6.728765505963452e+02,4.479684799474286e+00
6.729265505963451e+02,4.479679715454786e+00
6.729765505963451e+02,4.479674631438657e+00
6.730265505963450e+02,4.479669547425862e+00
6.730765505963450e+02,4.479664463416372e+00
6.731265505963449e+02,4.479659379410204e+00
6.731765505963449e+02,4.479654295407355e+00
6.732265505963449e+02,4.479649211407819e+00
6.732765505963448e+02,4.479644127411638e+00
6.733265505963448e+02,4.479639043418814e+00
6.733765505963447e+02,4.479633959429302e+00
6.734265505963447e+02,4.479628875443125e+00
6.734765505963446e+02,4.479623791460276e+00
6.735265505963446e+02,4.479618707480738e+00
6.735765505963445e+02,4.479613623504529e+00
6.736265505963445e+02,4.479608539531662e+00
6.736765505963444e+02,4.479603455562159e+00
6.737265505963444e+02,4.479598371595976e+00
6.737765505963444e+02,4.479593287633105e+00
6.738265505963443e+02,4.479588203673560e+00
6.738765505963443e+02,4.479583119717365e+00
6.739265505963442e+02,4.479578035764505e+00
6.739765505963442e+02,4.479572951814950e+00
6.740265505963441e+02,4.479567867868736e+00
6.740765505963441e+02,4.479562783925838e+00
6.741265505963440e+02,4.479557699986247e+00
6.741765505963440e+02,4.479552616050001e+00
6.742265505963439e+02,4.479547532117095e+00
6.742765505963439e+02,4.479542448187548e+00
6.743265505963438e+02,4.479537364261335e+00
6.743765505963438e+02,4.479532280338429e+00
6.744265505963438e+02,4.479527196418847e+00
6.744765505963437e+02,4.479522112502609e+00
6.745265505963437e+02,4.479517028589690e+00
6.745765505963436e+02,4.479511944680083e+00
6.746265505963436e+02,4.479506860773804e+00
6.746765505963435e+02,4.479501776870872e+00
6.747265505963435e+02,4.479496692971307e+00
6.747765505963434e+02,4.479491609075084e+00
6.748265505963434e+02,4.479486525182158e+00
6.748765505963433e+02,4.479481441292545e+00
6.749265505963433e+02,4.479476357406265e+00
6.749765505963433e+02,4.479471273523322e+00
6.750265505963432e+02,4.479466189643714e+00
6.750765505963432e+02,4.479461105767423e+00
6.751265505963431e+02,4.479456021894453e+00
6.751765505963431e+02,4.479450938024802e+00
6.752265505963430e+02,4.479445854158508e+00
6.752765505963430e+02,4.479440770295557e+00
6.753265505963429e+02,4.479435686435894e+00
6.753765505963429e+02,4.479430602579566e+00
6.754265505963428e+02,4.479425518726595e+00
6.754765505963428e+02,4.479420434876968e+00
6.755265505963428e+02,4.479415351030660e+00
6.755765505963427e+02,4.479410267187657e+00
6.756265505963427e+02,4.479405183347997e+00
6.756765505963426e+02,4.479400099511685e+00
6.757265505963426e+02,4.479395015678692e+00
6.757765505963425e+02,4.479389931849034e+00
6.758265505963425e+02,4.479384848022710e+00
6.758765505963424e+02,4.479379764199685e+00
6.759265505963424e+02,4.479374680379986e+00
6.759765505963423e+02,4.479369596563645e+00
6.760265505963423e+02,4.479364512750639e+00
6.760765505963423e+02,4.479359428940946e+00
6.761265505963422e+02,4.479354345134572e+00
6.761765505963422e+02,4.479349261331569e+00
6.762265505963421e+02,4.479344177531913e+00
6.762765505963421e+02,4.479339093735543e+00
6.763265505963420e+02,4.479334009942477e+00
6.763765505963420e+02,4.479328926152760e+00
6.764265505963419e+02,4.479323842366380e+00
6.764765505963419e+02,4.479318758583319e+00
6.765265505963418e+02,4.479313674803599e+00
6.765765505963418e+02,4.479308591027229e+00
6.766265505963418e+02,4.479303507254184e+00
6.766765505963417e+02,4.479298423484453e+00
6.767265505963417e+02,4.479293339718040e+00
6.767765505963416e+02,4.479288255954964e+00
6.768265505963416e+02,4.479283172195215e+00
6.768765505963415e+02,4.479278088438807e+00
6.769265505963415e+02,4.479273004685759e+00
6.769765505963414e+02,4.479267920936013e+00
6.770265505963414e+02,4.479262837189580e+00
6.770765505963413e+02,4.479257753446496e+00
6.771265505963413e+02,4.479252669706746e+00
6.771765505963413e+02,4.479247585970294e+00
6.772265505963412e+02,4.479242502237164e+00
6.772765505963412e+02,4.479237418507395e+00
6.773265505963411e+02,4.479232334780969e+00
6.773765505963411e+02,4.479227251057863e+00
6.774265505963410e+02,4.479222167338086e+00
6.774765505963410e+02,4.479217083621656e+00
6.775265505963409e+02,4.479211999908546e+00
6.775765505963409e+02,4.479206916198711e+00
6.776265505963408e+02,4.479201832492211e+00
6.776765505963408e+02,4.479196748789106e+00
6.777265505963408e+02,4.479191665089314e+00
6.777765505963407e+02,4.479186581392796e+00
6.778265505963407e+02,4.479181497699633e+00
6.778765505963406e+02,4.479176414009858e+00
6.779265505963406e+02,4.479171330323412e+00
6.779765505963405e+02,4.479166246640240e+00
6.780265505963405e+02,4.479161162960396e+00
6.780765505963404e+02,4.479156079283907e+00
6.781265505963404e+02,4.479150995610740e+00
6.781765505963403e+02,4.479145911940898e+00
6.782265505963403e+02,4.479140828274391e+00
6.782765505963403e+02,4.479135744611204e+00
6.783265505963402e+02,4.479130660951351e+00
6.783765505963402e+02,4.479125577294834e+00
6.784265505963401e+02,4.479120493641638e+00
6.784765505963401e+02,4.479115409991781e+00
6.785265505963400e+02,4.479110326345245e+00
6.785765505963400e+02,4.479105242702015e+00
6.786265505963399e+02,4.479100159062139e+00
6.786765505963399e+02,4.479095075425608e+00
6.787265505963398e+02,4.479089991792410e+00
6.787765505963398e+02,4.479084908162562e+00
6.788265505963398e+02,4.479079824536019e+00
6.788765505963397e+02,4.479074740912766e+00
6.789265505963397e+02,4.479069657292840e+00
6.789765505963396e+02,4.479064573676284e+00
6.790265505963396e+02,4.479059490063065e+00
6.790765505963395e+02,4.479054406453151e+00
6.791265505963395e+02,4.479049322846579e+00
6.791765505963394e+02,4.479044239243340e+00
6.792265505963394e+02,4.479039155643436e+00
6.792765505963393e+02,4.479034072046853e+00
6.793265505963393e+02,4.479028988453584e+00
6.793765505963393e+02,4.479023904863647e+00
6.794265505963392e+02,4.479018821277037e+00
6.794765505963392e+02,4.479013737693763e+00
6.795265505963391e+02,4.479008654113824e+00
6.795765505963391e+02,4.479003570537217e+00
6.796265505963390e+02,4.478998486963945e+00
6.796765505963390e+02,4.478993403394009e+00
6.797265505963389e+02,4.478988319827401e+00
6.797765505963389e+02,4.478983236264104e+00
6.798265505963388e+02,4.478978152704133e+00
6.798765505963388e+02,4.478973069147497e+00
6.799265505963388e+02,4.478967985594183e+00
6.799765505963387e+02,4.478962902044196e+00
6.800265505963387e+02,4.478957818497548e+00
6.800765505963386e+02,4.478952734954230e+00
6.801265505963386e+02,4.478947651414238e+00
6.801765505963385e+02,4.478942567877573e+00
6.802265505963385e+02,4.478937484344235e+00
6.802765505963384e+02,4.478932400814233e+00
6.803265505963384e+02,4.478927317287550e+00
6.803765505963383e+02,4.478922233764217e+00
6.804265505963383e+02,4.478917150244247e+00
6.804765505963383e+02,4.478912066727583e+00
6.805265505963382e+02,4.478906983214200e+00
6.805765505963382e+02,4.478901899704169e+00
6.806265505963381e+02,4.478896816197485e+00
6.806765505963381e+02,4.478891732694079e+00
6.807265505963380e+02,4.478886649194027e+00
6.807765505963380e+02,4.478881565697370e+00
6.808265505963379e+02,4.478876482203995e+00
6.808765505963379e+02,4.478871398713934e+00
6.809265505963378e+02,4.478866315227229e+00
6.809765505963378e+02,4.478861231743845e+00
6.810265505963378e+02,4.478856148263795e+00
6.810765505963377e+02,4.478851064787071e+00
6.811265505963377e+02,4.478845981313659e+00
6.811765505963376e+02,4.478840897843575e+00
6.812265505963376e+02,4.478835814376834e+00
6.812765505963375e+02,4.478830730913413e+00
6.813265505963375e+02,4.478825647453296e+00
6.813765505963374e+02,4.478820563996528e+00
6.814265505963374e+02,4.478815480543108e+00
6.814765505963373e+02,4.478810397093016e+00
6.815265505963373e+02,4.478805313646275e+00
6.815765505963373e+02,4.478800230202853e+00
6.816265505963372e+02,4.478795146762722e+00
6.816765505963372e+02,4.478790063325918e+00
6.817265505963371e+02,4.478784979892454e+00
6.817765505963371e+02,4.478779896462341e+00
6.818265505963370e+02,4.478774813035562e+00
6.818765505963370e+02,4.478769729612087e+00
6.819265505963369e+02,4.478764646191943e+00
6.819765505963369e+02,4.478759562775154e+00
6.820265505963368e+02,4.478754479361699e+00
6.820765505963368e+02,4.478749395951549e+00
6.821265505963368e+02,4.478744312544721e+00
6.821765505963367e+02,4.478739229141224e+00
6.822265505963367e+02,4.478734145741048e+00
6.822765505963366e+02,4.478729062344198e+00
6.823265505963366e+02,4.478723978950685e+00
6.823765505963365e+02,4.478718895560527e+00
6.824265505963365e+02,4.478713812173727e+00
6.824765505963364e+02,4.478708728790216e+00
6.825265505963364e+02,4.478703645410002e+00
6.825765505963363e+02,4.478698562033147e+00
6.826265505963363e+02,4.478693478659633e+00
6.826765505963363e+02,4.478688395289431e+00
6.827265505963362e+02,4.478683311922557e+00
6.827765505963362e+02,4.478678228559025e+00
6.828265505963361e+02,4.478673145198822e+00
6.828765505963361e+02,4.478668061841935e+00
6.829265505963360e+02,4.478662978488400e+00
6.829765505963360e+02,4.478657895138198e+00
6.830265505963359e+02,4.478652811791294e+00
6.830765505963359e+02,4.478647728447703e+00
6.831265505963358e+02,4.478642645107445e+00
6.831765505963358e+02,4.478637561770538e+00
6.832265505963358e+02,4.478632478436979e+00
6.832765505963357e+02,4.478627395106728e+00
6.833265505963357e+02,4.478622311779795e+00
6.833765505963356e+02,4.478617228456210e+00
6.834265505963356e+02,4.478612145135954e+00
6.834765505963355e+02,4.478607061819017e+00
6.835265505963355e+02,4.478601978505401e+00
6.835765505963354e+02,4.478596895195110e+00
6.836265505963354e+02,4.478591811888138e+00
6.836765505963353e+02,4.478586728584518e+00
6.837265505963353e+02,4.478581645284256e+00
6.837765505963353e+02,4.478576561987313e+00
6.838265505963352e+02,4.478571478693681e+00
6.838765505963352e+02,4.478566395403362e+00
6.839265505963351e+02,4.478561312116383e+00
6.839765505963351e+02,4.478556228832739e+00
6.840265505963350e+02,4.478551145552408e+00
6.840765505963350e+02,4.478546062275419e+00
6.841265505963349e+02,4.478540979001797e+00
6.841765505963349e+02,4.478535895731508e+00
6.842265505963348e+02,4.478530812464507e+00
6.842765505963348e+02,4.478525729200818e+00
6.843265505963348e+02,4.478520645940474e+00
6.843765505963347e+02,4.478515562683469e+00
6.844265505963347e+02,4.478510479429794e+00
6.844765505963346e+02,4.478505396179436e+00
6.845265505963346e+02,4.478500312932401e+00
6.845765505963345e+02,4.478495229688678e+00
6.846265505963345e+02,4.478490146448296e+00
6.846765505963344e+02,4.478485063211264e+00
6.847265505963344e+02,4.478479979977559e+00
6.847765505963343e+02,4.478474896747180e+00
6.848265505963343e+02,4.478469813520121e+00
6.848765505963343e+02,4.478464730296375e+00
6.849265505963342e+02,4.478459647075973e+00
6.849765505963342e+02,4.478454563858932e+00
6.850265505963341e+02,4.478449480645204e+00
6.850765505963341e+02,4.478444397434773e+00
6.851265505963340e+02,4.478439314227685e+00
6.851765505963340e+02,4.478434231023939e+00
6.852265505963339e+02,4.478429147823513e+00
6.852765505963339e+02,4.478424064626407e+00
6.853265505963338e+02,4.478418981432635e+00
6.853765505963338e+02,4.478413898242197e+00
6.854265505963338e+02,4.478408815055116e+00
6.854765505963337e+02,4.478403731871356e+00
6.855265505963337e+02,4.478398648690870e+00
6.855765505963336e+02,4.478393565513739e+00
6.856265505963336e+02,4.478388482339984e+00
6.856765505963335e+02,4.478383399169526e+00
6.857265505963335e+02,4.478378316002381e+00
6.857765505963334e+02,4.478373232838575e+00
6.858265505963334e+02,4.478368149678082e+00
6.858765505963333e+02,4.478363066520924e+00
6.859265505963333e+02,4.478357983367122e+00
6.859765505963333e+02,4.478352900216634e+00
6.860265505963332e+02,4.478347817069436e+00
6.860765505963332e+02,4.478342733925571e+00
6.861265505963331e+02,4.478337650785077e+00
6.861765505963331e+02,4.478332567647914e+00
6.862265505963330e+02,4.478327484514045e+00
6.862765505963330e+02,4.478322401383497e+00
6.863265505963329e+02,4.478317318256305e+00
6.863765505963329e+02,4.478312235132485e+00
6.864265505963328e+02,4.478307152011979e+00
6.864765505963328e+02,4.478302068894763e+00
6.865265505963328e+02,4.478296985780880e+00
6.865765505963327e+02,4.478291902670339e+00
6.866265505963327e+02,4.478286819563133e+00
6.866765505963326e+02,4.478281736459246e+00
6.867265505963326e+02,4.478276653358666e+00
6.867765505963325e+02,4.478271570261411e+00
6.868265505963325e+02,4.478266487167507e+00
6.868765505963324e+02,4.478261404076952e+00
6.869265505963324e+02,4.478256320989725e+00
6.869765505963323e+02,4.478251237905793e+00
6.870265505963323e+02,4.478246154825175e+00
6.870765505963323e+02,4.478241071747916e+00
6.871265505963322e+02,4.478235988673989e+00
6.871765505963322e+02,4.478230905603366e+00
6.872265505963321e+02,4.478225822536093e+00
6.872765505963321e+02,4.478220739472178e+00
6.873265505963320e+02,4.478215656411575e+00
6.873765505963320e+02,4.478210573354269e+00
6.874265505963319e+02,4.478205490300290e+00
6.874765505963319e+02,4.478200407249670e+00
6.875265505963318e+02,4.478195324202368e+00
6.875765505963318e+02,4.478190241158371e+00
6.876265505963318e+02,4.478185158117730e+00
6.876765505963317e+02,4.478180075080433e+00
6.877265505963317e+02,4.478174992046433e+00
6.877765505963316e+02,4.478169909015759e+00
6.878265505963316e+02,4.478164825988428e+00
6.878765505963315e+02,4.478159742964423e+00
6.879265505963315e+02,4.478154659943754e+00
6.879765505963314e+02,4.478149576926412e+00
6.880265505963314e+02,4.478144493912397e+00
6.880765505963313e+02,4.478139410901715e+00
6.881265505963313e+02,4.478134327894353e+00
6.881765505963313e+02,4.478129244890305e+00
6.882265505963312e+02,4.478124161889585e+00
6.882765505963312e+02,4.478119078892198e+00
6.883265505963311e+02,4.478113995898152e+00
6.883765505963311e+02,4.478108912907442e+00
6.884265505963310e+02,4.478103829920054e+00
6.884765505963310e+02,4.478098746936006e+00
6.885265505963309e+02,4.478093663955285e+00
6.885765505963309e+02,4.478088580977854e+00
6.886265505963308e+02,4.478083498003754e+00
6.886765505963308e+02,4.478078415033015e+00
6.887265505963308e+02,4.478073332065595e+00
6.887765505963307e+02,4.478068249101494e+00
6.888265505963307e+02,4.478063166140723e+00
6.888765505963306e+02,4.478058083183292e+00
6.889265505963306e+02,4.478053000229188e+00
6.889765505963305e+02,4.478047917278391e+00
6.890265505963305e+02,4.478042834330919e+00
6.890765505963304e+02,4.478037751386782e+00
6.891265505963304e+02,4.478032668446008e+00
6.891765505963303e+02,4.478027585508570e+00
6.892265505963303e+02,4.478022502574431e+00
6.892765505963303e+02,4.478017419643631e+00
6.893265505963302e+02,4.478012336716160e+00
6.893765505963302e+02,4.478007253792009e+00
6.894265505963301e+02,4.478002170871191e+00
6.894765505963301e+02,4.477997087953686e+00
6.895265505963300e+02,4.477992005039503e+00
6.895765505963300e+02,4.477986922128667e+00
6.896265505963299e+02,4.477981839221172e+00
6.896765505963299e+02,4.477976756317005e+00
6.897265505963298e+02,4.477971673416159e+00
6.897765505963298e+02,4.477966590518649e+00
6.898265505963298e+02,4.477961507624463e+00
6.898765505963297e+02,4.477956424733568e+00
6.899265505963297e+02,4.477951341845992e+00
6.899765505963296e+02,4.477946258961774e+00
6.900265505963296e+02,4.477941176080918e+00
6.900765505963295e+02,4.477936093203384e+00
6.901265505963295e+02,4.477931010329127e+00
6.901765505963294e+02,4.477925927458218e+00
6.902265505963294e+02,4.477920844590680e+00
6.902765505963293e+02,4.477915761726432e+00
6.903265505963293e+02,4.477910678865497e+00
6.903765505963293e+02,4.477905596007917e+00
6.904265505963292e+02,4.477900513153682e+00
6.904765505963292e+02,4.477895430302767e+00
6.905265505963291e+02,4.477890347455147e+00
6.905765505963291e+02,4.477885264610871e+00
6.906265505963290e+02,4.477880181769958e+00
6.906765505963290e+02,4.477875098932342e+00
6.907265505963289e+02,4.477870016098024e+00
6.907765505963289e+02,4.477864933267063e+00
6.908265505963288e+02,4.477859850439451e+00
6.908765505963288e+02,4.477854767615151e+00
6.909265505963288e+02,4.477849684794148e+00
6.909765505963287e+02,4.477844601976474e+00
6.910265505963287e+02,4.477839519162164e+00
6.910765505963286e+02,4.477834436351196e+00
6.911265505963286e+02,4.477829353543539e+00
6.911765505963285e+02,4.477824270739210e+00
6.912265505963285e+02,4.477819187938214e+00
6.912765505963284e+02,4.477814105140540e+00
6.913265505963284e+02,4.477809022346185e+00
6.913765505963283e+02,4.477803939555151e+00
6.914265505963283e+02,4.477798856767442e+00
6.914765505963283e+02,4.477793773983078e+00
6.915265505963282e+02,4.477788691202055e+00
6.915765505963282e+02,4.477783608424367e+00
6.916265505963281e+02,4.477778525650011e+00
6.916765505963281e+02,4.477773442878970e+00
6.917265505963280e+02,4.477768360111225e+00
6.917765505963280e+02,4.477763277346828e+00
6.918265505963279e+02,4.477758194585782e+00
6.918765505963279e+02,4.477753111828034e+00
6.919265505963278e+02,4.477748029073605e+00
6.919765505963278e+02,4.477742946322532e+00
6.920265505963278e+02,4.477737863574802e+00
6.920765505963277e+02,4.477732780830379e+00
6.921265505963277e+02,4.477727698089259e+00
6.921765505963276e+02,4.477722615351482e+00
6.922265505963276e+02,4.477717532617061e+00
6.922765505963275e+02,4.477712449885967e+00
6.923265505963275e+02,4.477707367158185e+00
6.923765505963274e+02,4.477702284433724e+00
6.924265505963274e+02,4.477697201712582e+00
6.924765505963273e+02,4.477692118994781e+00
6.925265505963273e+02,4.477687036280315e+00
6.925765505963273e+02,4.477681953569149e+00
6.926265505963272e+02,4.477676870861322e+00
6.926765505963272e+02,4.477671788156869e+00
6.927265505963271e+02,4.477666705455726e+00
6.927765505963271e+02,4.477661622757910e+00
6.928265505963270e+02,4.477656540063422e+00
6.928765505963270e+02,4.477651457372234e+00
6.929265505963269e+02,4.477646374684378e+00
6.929765505963269e+02,4.477641291999849e+00
6.930265505963268e+02,4.477636209318642e+00
6.930765505963268e+02,4.477631126640782e+00
6.931265505963268e+02,4.477626043966264e+00
6.931765505963267e+02,4.477620961295059e+00
6.932265505963267e+02,4.477615878627160e+00
6.932765505963266e+02,4.477610795962581e+00
6.933265505963266e+02,4.477605713301350e+00
6.933765505963265e+02,4.477600630643484e+00
6.934265505963265e+02,4.477595547988958e+00
6.934765505963264e+02,4.477590465337738e+00
6.935265505963264e+02,4.477585382689809e+00
6.935765505963263e+02,4.477580300045214e+00
6.936265505963263e+02,4.477575217403977e+00
6.936765505963263e+02,4.477570134766045e+00
6.937265505963262e+02,4.477565052131438e+00
6.937765505963262e+02,4.477559969500190e+00
6.938265505963261e+02,4.477554886872231e+00
6.938765505963261e+02,4.477549804247599e+00
6.939265505963260e+02,4.477544721626337e+00
6.939765505963260e+02,4.477539639008374e+00
6.940265505963259e+02,4.477534556393724e+00
6.940765505963259e+02,4.477529473782417e+00
6.941265505963258e+02,4.477524391174449e+00
6.941765505963258e+02,4.477519308569827e+00
6.942265505963258e+02,4.477514225968507e+00
6.942765505963257e+02,4.477509143370516e+00
6.943265505963257e+02,4.477504060775850e+00
6.943765505963256e+02,4.477498978184505e+00
6.944265505963256e+02,4.477493895596503e+00
6.944765505963255e+02,4.477488813011841e+00
6.945265505963255e+02,4.477483730430500e+00
6.945765505963254e+02,4.477478647852463e+00
6.946265505963254e+02,4.477473565277762e+00
6.946765505963253e+02,4.477468482706403e+00
6.947265505963253e+02,4.477463400138362e+00
6.947765505963253e+02,4.477458317573648e+00
6.948265505963252e+02,4.477453235012270e+00
6.948765505963252e+02,4.477448152454211e+00
6.949265505963251e+02,4.477443069899471e+00
6.949765505963251e+02,4.477437987348075e+00
6.950265505963250e+02,4.477432904800043e+00
6.950765505963250e+02,4.477427822255324e+00
6.951265505963249e+02,4.477422739713893e+00
6.951765505963249e+02,4.477417657175790e+00
6.952265505963248e+02,4.477412574641028e+00
6.952765505963248e+02,4.477407492109593e+00
6.953265505963248e+02,4.477402409581495e+00
6.953765505963247e+02,4.477397327056745e+00
6.954265505963247e+02,4.477392244535301e+00
6.954765505963246e+02,4.477387162017169e+00
6.955265505963246e+02,4.477382079502364e+00
6.955765505963245e+02,4.477376996990886e+00
6.956265505963245e+02,4.477371914482742e+00
6.956765505963244e+02,4.477366831977941e+00
6.957265505963244e+02,4.477361749476495e+00
6.957765505963243e+02,4.477356666978378e+00
6.958265505963243e+02,4.477351584483551e+00
6.958765505963243e+02,4.477346501992027e+00
6.959265505963242e+02,4.477341419503862e+00
6.959765505963242e+02,4.477336337019038e+00
6.960265505963241e+02,4.477331254537505e+00
6.960765505963241e+02,4.477326172059308e+00
6.961265505963240e+02,4.477321089584472e+00
6.961765505963240e+02,4.477316007112949e+00
6.962265505963239e+02,4.477310924644744e+00
6.962765505963239e+02,4.477305842179884e+00
6.963265505963238e+02,4.477300759718345e+00
6.963765505963238e+02,4.477295677260130e+00
6.964265505963238e+02,4.477290594805252e+00
6.964765505963237e+02,4.477285512353677e+00
6.965265505963237e+02,4.477280429905408e+00
6.965765505963236e+02,4.477275347460502e+00
6.966265505963236e+02,4.477270265018968e+00
6.966765505963235e+02,4.477265182580740e+00
6.967265505963235e+02,4.477260100145815e+00
6.967765505963234e+02,4.477255017714235e+00
6.968265505963234e+02,4.477249935285974e+00
6.968765505963233e+02,4.477244852861010e+00
6.969265505963233e+02,4.477239770439395e+00
6.969765505963232e+02,4.477234688021129e+00
6.970265505963232e+02,4.477229605606174e+00
6.970765505963232e+02,4.477224523194557e+00
6.971265505963231e+02,4.477219440786250e+00
6.971765505963231e+02,4.477214358381257e+00
6.972265505963230e+02,4.477209275979620e+00
6.972765505963230e+02,4.477204193581326e+00
6.973265505963229e+02,4.477199111186328e+00
6.973765505963229e+02,4.477194028794657e+00
6.974265505963228e+02,4.477188946406343e+00
6.974765505963228e+02,4.477183864021335e+00
6.975265505963227e+02,4.477178781639640e+00
6.975765505963227e+02,4.477173699261315e+00
6.976265505963227e+02,4.477168616886325e+00
6.976765505963226e+02,4.477163534514612e+00
6.977265505963226e+02,4.477158452146216e+00
6.977765505963225e+02,4.477153369781171e+00
6.978265505963225e+02,4.477148287419467e+00
6.978765505963224e+02,4.477143205061106e+00
6.979265505963224e+02,4.477138122706057e+00
6.979765505963223e+02,4.477133040354320e+00
6.980265505963223e+02,4.477127958005916e+00
6.980765505963222e+02,4.477122875660848e+00
6.981265505963222e+02,4.477117793319101e+00
6.981765505963222e+02,4.477112710980680e+00
6.982265505963221e+02,4.477107628645608e+00
6.982765505963221e+02,4.477102546313849e+00
6.983265505963220e+02,4.477097463985388e+00
6.983765505963220e+02,4.477092381660283e+00
6.984265505963219e+02,4.477087299338535e+00
6.984765505963219e+02,4.477082217020085e+00
6.985265505963218e+02,4.477077134704948e+00
6.985765505963218e+02,4.477072052393162e+00
6.986265505963217e+02,4.477066970084684e+00
6.986765505963217e+02,4.477061887779519e+00
6.987265505963217e+02,4.477056805477712e+00
6.987765505963216e+02,4.477051723179248e+00
6.988265505963216e+02,4.477046640884103e+00
6.988765505963215e+02,4.477041558592290e+00
6.989265505963215e+02,4.477036476303807e+00
6.989765505963214e+02,4.477031394018621e+00
6.990265505963214e+02,4.477026311736763e+00
6.990765505963213e+02,4.477021229458254e+00
6.991265505963213e+02,4.477016147183058e+00
6.991765505963212e+02,4.477011064911204e+00
6.992265505963212e+02,4.477005982642675e+00
6.992765505963212e+02,4.477000900377436e+00
6.993265505963211e+02,4.476995818115540e+00
6.993765505963211e+02,4.476990735856987e+00
6.994265505963210e+02,4.476985653601774e+00
6.994765505963210e+02,4.476980571349904e+00
6.995265505963209e+02,4.476975489101347e+00
6.995765505963209e+02,4.476970406856109e+00
6.996265505963208e+02,4.476965324614198e+00
6.996765505963208e+02,4.476960242375615e+00
6.997265505963207e+02,4.476955160140350e+00
6.997765505963207e+02,4.476950077908401e+00
6.998265505963207e+02,4.476944995679792e+00
6.998765505963206e+02,4.476939913454538e+00
6.999265505963206e+02,4.476934831232590e+00
6.999765505963205e+02,4.476929749013955e+00
7.000265505963205e+02,4.476924666798685e+00
7.000765505963204e+02,4.476919584586733e+00
7.001265505963204e+02,4.476914502378087e+00
7.001765505963203e+02,4.476909420172782e+00
7.002265505963203e+02,4.476904337970799e+00
7.002765505963202e+02,4.476899255772128e+00
7.003265505963202e+02,4.476894173576812e+00
7.003765505963202e+02,4.476889091384860e+00
7.004265505963201e+02,4.476884009196206e+00
7.004765505963201e+02,4.476878927010834e+00
7.005265505963200e+02,4.476873844828799e+00
7.005765505963200e+02,4.476868762650104e+00
7.006265505963199e+02,4.476863680474739e+00
7.006765505963199e+02,4.476858598302713e+00
7.007265505963198e+02,4.476853516134038e+00
7.007765505963198e+02,4.476848433968674e+00
7.008265505963197e+02,4.476843351806616e+00
7.008765505963197e+02,4.476838269647884e+00
7.009265505963197e+02,4.476833187492488e+00
7.009765505963196e+02,4.476828105340434e+00
7.010265505963196e+02,4.476823023191707e+00
7.010765505963195e+02,4.476817941046291e+00
7.011265505963195e+02,4.476812858904203e+00
7.011765505963194e+02,4.476807776765456e+00
7.012265505963194e+02,4.476802694630030e+00
7.012765505963193e+02,4.476797612497909e+00
7.013265505963193e+02,4.476792530369130e+00
7.013765505963192e+02,4.476787448243686e+00
7.014265505963192e+02,4.476782366121560e+00
7.014765505963192e+02,4.476777284002784e+00
7.015265505963191e+02,4.476772201887342e+00
7.015765505963191e+02,4.476767119775206e+00
7.016265505963190e+02,4.476762037666399e+00
7.016765505963190e+02,4.476756955560924e+00
7.017265505963189e+02,4.476751873458755e+00
7.017765505963189e+02,4.476746791359913e+00
7.018265505963188e+02,4.476741709264422e+00
7.018765505963188e+02,4.476736627172257e+00
7.019265505963187e+02,4.476731545083424e+00
7.019765505963187e+02,4.476726462997926e+00
7.020265505963187e+02,4.476721380915743e+00
7.020765505963186e+02,4.476716298836894e+00
7.021265505963186e+02,4.476711216761357e+00
7.021765505963185e+02,4.476706134689117e+00
7.022265505963185e+02,4.476701052620220e+00
7.022765505963184e+02,4.476695970554665e+00
7.023265505963184e+02,4.476690888492448e+00
7.023765505963183e+02,4.476685806433555e+00
7.024265505963183e+02,4.476680724377989e+00
7.024765505963182e+02,4.476675642325763e+00
7.025265505963182e+02,4.476670560276851e+00
7.025765505963182e+02,4.476665478231251e+00
7.026265505963181e+02,4.476660396188993e+00
7.026765505963181e+02,4.476655314150091e+00
7.027265505963180e+02,4.476650232114509e+00
7.027765505963180e+02,4.476645150082233e+00
7.028265505963179e+02,4.476640068053261e+00
7.028765505963179e+02,4.476634986027626e+00
7.029265505963178e+02,4.476629904005339e+00
7.029765505963178e+02,4.476624821986363e+00
7.030265505963177e+02,4.476619739970737e+00
7.030765505963177e+02,4.476614657958460e+00
7.031265505963177e+02,4.476609575949474e+00
7.031765505963176e+02,4.476604493943801e+00
7.032265505963176e+02,4.476599411941461e+00
7.032765505963175e+02,4.476594329942463e+00
7.033265505963175e+02,4.476589247946815e+00
7.033765505963174e+02,4.476584165954479e+00
7.034265505963174e+02,4.476579083965434e+00
7.034765505963173e+02,4.476574001979723e+00
7.035265505963173e+02,4.476568919997368e+00
7.035765505963172e+02,4.476563838018326e+00
7.036265505963172e+02,4.476558756042605e+00
7.036765505963172e+02,4.476553674070241e+00
7.037265505963171e+02,4.476548592101209e+00
7.037765505963171e+02,4.476543510135490e+00
7.038265505963170e+02,4.476538428173099e+00
7.038765505963170e+02,4.476533346214035e+00
7.039265505963169e+02,4.476528264258285e+00
7.039765505963169e+02,4.476523182305867e+00
7.040265505963168e+02,4.476518100356776e+00
7.040765505963168e+02,4.476513018410984e+00
7.041265505963167e+02,4.476507936468534e+00
7.041765505963167e+02,4.476502854529448e+00
7.042265505963167e+02,4.476497772593690e+00
7.042765505963166e+02,4.476492690661234e+00
7.043265505963166e+02,4.476487608732092e+00
7.043765505963165e+02,4.476482526806293e+00
7.044265505963165e+02,4.476477444883836e+00
7.044765505963164e+02,4.476472362964704e+00
7.045265505963164e+02,4.476467281048902e+00
7.045765505963163e+02,4.476462199136418e+00
7.046265505963163e+02,4.476457117227254e+00
7.046765505963162e+02,4.476452035321417e+00
7.047265505963162e+02,4.476446953418900e+00
7.047765505963162e+02,4.476441871519717e+00
7.048265505963161e+02,4.476436789623885e+00
7.048765505963161e+02,4.476431707731365e+00
7.049265505963160e+02,4.476426625842164e+00
7.049765505963160e+02,4.476421543956305e+00
7.050265505963159e+02,4.476416462073765e+00
7.050765505963159e+02,4.476411380194547e+00
7.051265505963158e+02,4.476406298318669e+00
7.051765505963158e+02,4.476401216446125e+00
7.052265505963157e+02,4.476396134576897e+00
7.052765505963157e+02,4.476391052710984e+00
7.053265505963157e+02,4.476385970848400e+00
7.053765505963156e+02,4.476380888989159e+00
7.054265505963156e+02,4.476375807133246e+00
7.054765505963155e+02,4.476370725280622e+00
7.055265505963155e+02,4.476365643431339e+00
7.055765505963154e+02,4.476360561585443e+00
7.056265505963154e+02,4.476355479742865e+00
7.056765505963153e+02,4.476350397903565e+00
7.057265505963153e+02,4.476345316067606e+00
7.057765505963152e+02,4.476340234234990e+00
7.058265505963152e+02,4.476335152405672e+00
7.058765505963152e+02,4.476330070579694e+00
7.059265505963151e+02,4.476324988757050e+00
7.059765505963151e+02,4.476319906937720e+00
7.060265505963150e+02,4.476314825121724e+00
7.060765505963150e+02,4.476309743309071e+00
7.061265505963149e+02,4.476304661499744e+00
7.061765505963149e+02,4.476299579693722e+00
7.062265505963148e+02,4.476294497891027e+00
7.062765505963148e+02,4.476289416091682e+00
7.063265505963147e+02,4.476284334295665e+00
7.063765505963147e+02,4.476279252502945e+00
7.064265505963147e+02,4.476274170713559e+00
7.064765505963146e+02,4.476269088927522e+00
7.065265505963146e+02,4.476264007144806e+00
7.065765505963145e+02,4.476258925365425e+00
7.066265505963145e+02,4.476253843589371e+00
7.066765505963144e+02,4.476248761816635e+00
7.067265505963144e+02,4.476243680047219e+00
7.067765505963143e+02,4.476238598281130e+00
7.068265505963143e+02,4.476233516518384e+00
7.068765505963142e+02,4.476228434758950e+00
7.069265505963142e+02,4.476223353002827e+00
7.069765505963142e+02,4.476218271250046e+00
7.070265505963141e+02,4.476213189500603e+00
7.070765505963141e+02,4.476208107754493e+00
7.071265505963140e+02,4.476203026011724e+00
7.071765505963140e+02,4.476197944272268e+00
7.072265505963139e+02,4.476192862536109e+00
7.072765505963139e+02,4.476187780803300e+00
7.073265505963138e+02,4.476182699073818e+00
7.073765505963138e+02,4.476177617347620e+00
7.074265505963137e+02,4.476172535624784e+00
7.074765505963137e+02,4.476167453905319e+00
7.075265505963137e+02,4.476162372189154e+00
7.075765505963136e+02,4.476157290476285e+00
7.076265505963136e+02,4.476152208766759e+00
7.076765505963135e+02,4.476147127060596e+00
7.077265505963135e+02,4.476142045357761e+00
7.077765505963134e+02,4.476136963658224e+00
7.078265505963134e+02,4.476131881962008e+00
7.078765505963133e+02,4.476126800269109e+00
7.079265505963133e+02,4.476121718579538e+00
7.079765505963132e+02,4.476116636893332e+00
7.080265505963132e+02,4.476111555210467e+00
7.080765505963132e+02,4.476106473530900e+00
7.081265505963131e+02,4.476101391854616e+00
7.081765505963131e+02,4.476096310181652e+00
7.082265505963130e+02,4.476091228512066e+00
7.082765505963130e+02,4.476086146845838e+00
7.083265505963129e+02,4.476081065182914e+00
7.083765505963129e+02,4.476075983523302e+00
7.084265505963128e+02,4.476070901866989e+00
7.084765505963128e+02,4.476065820213995e+00
7.085265505963127e+02,4.476060738564379e+00
7.085765505963127e+02,4.476055656918090e+00
7.086265505963127e+02,4.476050575275107e+00
7.086765505963126e+02,4.476045493635490e+00
7.087265505963126e+02,4.476040411999204e+00
7.087765505963125e+02,4.476035330366202e+00
7.088265505963125e+02,4.476030248736508e+00
7.088765505963124e+02,4.476025167110152e+00
7.089265505963124e+02,4.476020085487161e+00
7.089765505963123e+02,4.476015003867506e+00
7.090265505963123e+02,4.476009922251161e+00
7.090765505963122e+02,4.476004840638123e+00
7.091265505963122e+02,4.475999759028396e+00
7.091765505963122e+02,4.475994677422034e+00
7.092265505963121e+02,4.475989595819000e+00
7.092765505963121e+02,4.475984514219255e+00
7.093265505963120e+02,4.475979432622853e+00
7.093765505963120e+02,4.475974351029786e+00
7.094265505963119e+02,4.475969269440037e+00
7.094765505963119e+02,4.475964187853624e+00
7.095265505963118e+02,4.475959106270544e+00
7.095765505963118e+02,4.475954024690806e+00
7.096265505963117e+02,4.475948943114375e+00
7.096765505963117e+02,4.475943861541239e+00
7.097265505963117e+02,4.475938779971469e+00
7.097765505963116e+02,4.475933698405056e+00
7.098265505963116e+02,4.475928616841931e+00
7.098765505963115e+02,4.475923535282128e+00
7.099265505963115e+02,4.475918453725674e+00
7.099765505963114e+02,4.475913372172537e+00
7.100265505963114e+02,4.475908290622731e+00
7.100765505963113e+02,4.475903209076258e+00
7.101265505963113e+02,4.475898127533113e+00
7.101765505963112e+02,4.475893045993280e+00
7.102265505963112e+02,4.475887964456773e+00
7.102765505963112e+02,4.475882882923594e+00
7.103265505963111e+02,4.475877801393726e+00
7.103765505963111e+02,4.475872719867200e+00
7.104265505963110e+02,4.475867638344003e+00
7.104765505963110e+02,4.475862556824126e+00
7.105265505963109e+02,4.475857475307597e+00
7.105765505963109e+02,4.475852393794398e+00
7.106265505963108e+02,4.475847312284500e+00
7.106765505963108e+02,4.475842230777932e+00
7.107265505963107e+02,4.475837149274712e+00
7.107765505963107e+02,4.475832067774803e+00
7.108265505963107e+02,4.475826986278202e+00
7.108765505963106e+02,4.475821904784947e+00
7.109265505963106e+02,4.475816823295043e+00
7.109765505963105e+02,4.475811741808445e+00
7.110265505963105e+02,4.475806660325159e+00
7.110765505963104e+02,4.475801578845228e+00
7.111265505963104e+02,4.475796497368619e+00
7.111765505963103e+02,4.475791415895329e+00
7.112265505963103e+02,4.475786334425396e+00
7.112765505963102e+02,4.475781252958767e+00
7.113265505963102e+02,4.475776171495423e+00
7.113765505963102e+02,4.475771090035434e+00
7.114265505963101e+02,4.475766008578810e+00
7.114765505963101e+02,4.475760927125495e+00
7.115265505963100e+02,4.475755845675487e+00
7.115765505963100e+02,4.475750764228815e+00
7.116265505963099e+02,4.475745682785494e+00
7.116765505963099e+02,4.475740601345484e+00
7.117265505963098e+02,4.475735519908784e+00
7.117765505963098e+02,4.475730438475413e+00
7.118265505963097e+02,4.475725357045362e+00
7.118765505963097e+02,4.475720275618658e+00
7.119265505963097e+02,4.475715194195289e+00
7.119765505963096e+02,4.475710112775227e+00
7.120265505963096e+02,4.475705031358498e+00
7.120765505963095e+02,4.475699949945104e+00
7.121265505963095e+02,4.475694868535030e+00
7.121765505963094e+02,4.475689787128275e+00
7.122265505963094e+02,4.475684705724862e+00
7.122765505963093e+02,4.475679624324785e+00
7.123265505963093e+02,4.475674542928020e+00
7.123765505963092e+02,4.475669461534595e+00
7.124265505963092e+02,4.475664380144508e+00
7.124765505963092e+02,4.475659298757739e+00
7.125265505963091e+02,4.475654217374282e+00
7.125765505963091e+02,4.475649135994137e+00
7.126265505963090e+02,4.475644054617335e+00
7.126765505963090e+02,4.475638973243875e+00
7.127265505963089e+02,4.475633891873713e+00
7.127765505963089e+02,4.475628810506862e+00
7.128265505963088e+02,4.475623729143377e+00
7.128765505963088e+02,4.475618647783212e+00
7.129265505963087e+02,4.475613566426349e+00
7.129765505963087e+02,4.475608485072844e+00
7.130265505963087e+02,4.475603403722689e+00
7.130765505963086e+02,4.475598322375846e+00
7.131265505963086e+02,4.475593241032309e+00
7.131765505963085e+02,4.475588159692097e+00
7.132265505963085e+02,4.475583078355233e+00
7.132765505963084e+02,4.475577997021692e+00
7.133265505963084e+02,4.475572915691464e+00
7.133765505963083e+02,4.475567834364554e+00
7.134265505963083e+02,4.475562753040963e+00
7.134765505963082e+02,4.475557671720743e+00
7.135265505963082e+02,4.475552590403861e+00
7.135765505963082e+02,4.475547509090261e+00
7.136265505963081e+02,4.475542427779995e+00
7.136765505963081e+02,4.475537346473072e+00
7.137265505963080e+02,4.475532265169459e+00
7.137765505963080e+02,4.475527183869166e+00
7.138265505963079e+02,4.475522102572215e+00
7.138765505963079e+02,4.475517021278614e+00
7.139265505963078e+02,4.475511939988327e+00
7.139765505963078e+02,4.475506858701351e+00
7.140265505963077e+02,4.475501777417716e+00
7.140765505963077e+02,4.475496696137395e+00
7.141265505963077e+02,4.475491614860386e+00
7.141765505963076e+02,4.475486533586733e+00
7.142265505963076e+02,4.475481452316414e+00
7.142765505963075e+02,4.475476371049387e+00
7.143265505963075e+02,4.475471289785672e+00
7.143765505963074e+02,4.475466208525312e+00
7.144265505963074e+02,4.475461127268310e+00
7.144765505963073e+02,4.475456046014607e+00
7.145265505963073e+02,4.475450964764205e+00
7.145765505963072e+02,4.475445883517162e+00
7.146265505963072e+02,4.475440802273454e+00
7.146765505963072e+02,4.475435721033072e+00
7.147265505963071e+02,4.475430639796033e+00
7.147765505963071e+02,4.475425558562299e+00
7.148265505963070e+02,4.475420477331884e+00
7.148765505963070e+02,4.475415396104819e+00
7.149265505963069e+02,4.475410314881045e+00
7.149765505963069e+02,4.475405233660584e+00
7.150265505963068e+02,4.475400152443471e+00
7.150765505963068e+02,4.475395071229691e+00
7.151265505963067e+02,4.475389990019262e+00
7.151765505963067e+02,4.475384908812154e+00
7.152265505963067e+02,4.475379827608364e+00
7.152765505963066e+02,4.475374746407914e+00
7.153265505963066e+02,4.475369665210772e+00
7.153765505963065e+02,4.475364584016934e+00
7.154265505963065e+02,4.475359502826445e+00
7.154765505963064e+02,4.475354421639305e+00
7.155265505963064e+02,4.475349340455486e+00
7.155765505963063e+02,4.475344259274981e+00
7.156265505963063e+02,4.475339178097800e+00
7.156765505963062e+02,4.475334096923940e+00
7.157265505963062e+02,4.475329015753392e+00
7.157765505963062e+02,4.475323934586187e+00
7.158265505963061e+02,4.475318853422346e+00
7.158765505963061e+02,4.475313772261830e+00
7.159265505963060e+02,4.475308691104599e+00
7.159765505963060e+02,4.475303609950688e+00
7.160265505963059e+02,4.475298528800134e+00
7.160765505963059e+02,4.475293447652912e+00
7.161265505963058e+02,4.475288366508996e+00
7.161765505963058e+02,4.475283285368401e+00
7.162265505963057e+02,4.475278204231169e+00
7.162765505963057e+02,4.475273123097288e+00
7.163265505963057e+02,4.475268041966696e+00
7.163765505963056e+02,4.475262960839402e+00
7.164265505963056e+02,4.475257879715449e+00
7.164765505963055e+02,4.475252798594822e+00
7.165265505963055e+02,4.475247717477516e+00
7.165765505963054e+02,4.475242636363545e+00
7.166265505963054e+02,4.475237555252908e+00
7.166765505963053e+02,4.475232474145606e+00
7.167265505963053e+02,4.475227393041648e+00
7.167765505963052e+02,4.475222311941007e+00
7.168265505963052e+02,4.475217230843648e+00
7.168765505963052e+02,4.475212149749639e+00
7.169265505963051e+02,4.475207068658989e+00
7.169765505963051e+02,4.475201987571629e+00
7.170265505963050e+02,4.475196906487579e+00
7.170765505963050e+02,4.475191825406871e+00
7.171265505963049e+02,4.475186744329524e+00
7.171765505963049e+02,4.475181663255515e+00
7.172265505963048e+02,4.475176582184811e+00
7.172765505963048e+02,4.475171501117414e+00
7.173265505963047e+02,4.475166420053351e+00
7.173765505963047e+02,4.475161338992622e+00
7.174265505963047e+02,4.475156257935199e+00
7.174765505963046e+02,4.475151176881094e+00
7.175265505963046e+02,4.475146095830332e+00
7.175765505963045e+02,4.475141014782904e+00
7.176265505963045e+02,4.475135933738811e+00
7.176765505963044e+02,4.475130852698046e+00
7.177265505963044e+02,4.475125771660585e+00
7.177765505963043e+02,4.475120690626464e+00
7.178265505963043e+02,4.475115609595716e+00
7.178765505963042e+02,4.475110528568282e+00
7.179265505963042e+02,4.475105447544137e+00
7.179765505963042e+02,4.475100366523319e+00
7.180265505963041e+02,4.475095285505822e+00
7.180765505963041e+02,4.475090204491650e+00
7.181265505963040e+02,4.475085123480820e+00
7.181765505963040e+02,4.475080042473302e+00
7.182265505963039e+02,4.475074961469121e+00
7.182765505963039e+02,4.475069880468296e+00
7.183265505963038e+02,4.475064799470784e+00
7.183765505963038e+02,4.475059718476575e+00
7.184265505963037e+02,4.475054637485716e+00
7.184765505963037e+02,4.475049556498192e+00
7.185265505963037e+02,4.475044475513959e+00
7.185765505963036e+02,4.475039394533053e+00
7.186265505963036e+02,4.475034313555502e+00
7.186765505963035e+02,4.475029232581264e+00
7.187265505963035e+02,4.475024151610360e+00
7.187765505963034e+02,4.475019070642800e+00
7.188265505963034e+02,4.475013989678559e+00
7.188765505963033e+02,4.475008908717652e+00
7.189265505963033e+02,4.475003827760052e+00
7.189765505963032e+02,4.474998746805753e+00
7.190265505963032e+02,4.474993665854808e+00
7.190765505963032e+02,4.474988584907210e+00
7.191265505963031e+02,4.474983503962932e+00
7.191765505963031e+02,4.474978423021967e+00
7.192265505963030e+02,4.474973342084304e+00
7.192765505963030e+02,4.474968261149977e+00
7.193265505963029e+02,4.474963180219000e+00
7.193765505963029e+02,4.474958099291357e+00
7.194265505963028e+02,4.474953018367072e+00
7.194765505963028e+02,4.474947937446093e+00
7.195265505963027e+02,4.474942856528380e+00
7.195765505963027e+02,4.474937775613989e+00
7.196265505963026e+02,4.474932694702944e+00
7.196765505963026e+02,4.474927613795264e+00
7.197265505963026e+02,4.474922532890942e+00
7.197765505963025e+02,4.474917451989917e+00
7.198265505963025e+02,4.474912371092183e+00
7.198765505963024e+02,4.474907290197781e+00
7.199265505963024e+02,4.474902209306707e+00
7.199765505963023e+02,4.474897128418961e+00
7.200265505963023e+02,4.474892326028019e+00
